<?xml version="1.0" encoding="UTF-8"?>
<gpx version="1.1" creator="Marando" xmlns="http://www.topografix.com/GPX/1/1">
<wpt lat="43.3355133" lon="5.7592483"><ele>663.05</ele><name>Départ</name></wpt>
<wpt lat="43.3355017" lon="5.7592417"><ele>676.58</ele><name>Falaise</name><desc>La falaise de la Sainte-Baume résulte d’une longue histoire tectonique et érosive. Les calcaires jurassiques se sont déposés dans une mer chaude, puis ont été plissés et redressés lors des déformations qui ont affecté la Provence. La Sainte-Baume correspond à un grand relief structural, dont les couches calcaires résistantes ont mieux supporté l’érosion que les terrains plus tendres environnants. Au fil du temps, l’érosion différentielle, favorisée par les fractures et les plans de stratification, a dégagé et fait reculer la paroi. </desc></wpt>
<wpt lat="43.33343" lon="5.758851699999999"><ele>675.13</ele><name>Pancarte</name><desc>La forêt domaniale de la Sainte-Baume occupe le versant nord du massif, au pied de la célèbre falaise calcaire. Son climat particulier, plus frais et humide que celui des plaines provençales, permet le développement d’une forêt remarquable, où se côtoient hêtres, chênes, érables, ifs et houx. Cette hêtraie constitue une véritable anomalie biogéographique en Provence méditerranéenne. Protégée depuis des siècles, notamment en raison du caractère sacré du massif, elle a échappé à de nombreuses coupes et conserve aujourd’hui une grande richesse écologique.</desc></wpt>
<wpt lat="43.3332917" lon="5.758828300000001"><ele>672.56</ele><name>Pancarte</name><desc>Le chemin du Canapé conduit à la grotte Sainte-Marie-Madeleine, nichée dans la falaise de la Sainte-Baume. Ce sentier ancien traverse la forêt avant de rejoindre progressivement le pied de la paroi calcaire. La grotte, vaste abri naturel aménagé en sanctuaire, est traditionnellement considérée comme le lieu où Marie-Madeleine aurait vécu en Provence après son arrivée en Gaule. Depuis le Moyen Âge, elle est devenue un important lieu de pèlerinage. L’itinéraire offre une approche spectaculaire de la falaise et permet de comprendre comment l’érosion a creusé les cavités dans le massif calcaire.</desc></wpt>
<wpt lat="43.332165" lon="5.7577333"><ele>685.85</ele><name>Calade</name><desc>Les calades du chemin du Canapé témoignent des anciens aménagements des chemins de la Sainte-Baume. Ces passages sont pavés de pierres calcaires posées de chant ou à plat, selon une technique traditionnelle destinée à stabiliser les sentiers sur les pentes. Leur surface irrégulière offrait autrefois un meilleur appui aux marcheurs, aux mulets et aux animaux de bât. Aujourd’hui encore, certaines portions conservent leur pavement d’origine. Entre les racines et les affleurements rocheux, ces calades rappellent que le chemin du Canapé fut longtemps un itinéraire fréquenté par les pèlerins.</desc></wpt>
<wpt lat="43.3314367" lon="5.7582667"><ele>696.56</ele><name>Calade 2</name><desc>Une calade est un chemin pavé de pierres, généralement calcaires, aménagé directement sur le terrain. Après avoir préparé et nivelé le sol, les bâtisseurs disposent les pierres serrées les unes contre les autres, souvent posées de chant pour mieux résister au passage et au ruissellement. Les interstices sont comblés avec des petits cailloux et du matériau fin. Sur une pente, la disposition des pierres et de petites bordures contribue à ralentir l’écoulement de l’eau et à empêcher le ravinement. Cette technique rustique, réalisée sans mortier, donne aux anciens chemins leur aspect irrégulier.</desc></wpt>
<wpt lat="43.33084" lon="5.758613299999999"><ele>704</ele><name>Tilleul à feuilles en coeur (Tilia cordata)</name><desc>Le tilleul à feuilles en cœur, Tilia cordata, se reconnaît à ses petites feuilles cordiformes, finement dentées, dont la face inférieure porte souvent des touffes de poils roux à l’aisselle des nervures. Ses fleurs jaune pâle, très parfumées, attirent abeilles et autres insectes butineurs. Jadis, le tilleul occupait une place familière dans les villages : on le plantait près des places et des chapelles, où son ombre devenait un lieu de rencontre. Ses fleurs séchées sont encore appréciées en infusion.</desc></wpt>
<wpt lat="43.3281383" lon="5.7629"><ele>783.84</ele><name>If commun (Taxus baccata)</name><desc>L’if commun, Taxus baccata, semble taillé pour défier le temps. Son feuillage persistant, d’un vert sombre, dissimule un bois rougeâtre d’une remarquable densité, jadis recherché pour fabriquer des arcs. Mais l’arbre joue avec les apparences : presque toutes ses parties sont toxiques, à l’exception de la chair rouge de l’arille, qui enveloppe une graine elle-même dangereuse. Sa longévité exceptionnelle en a fait un arbre associé aux cimetières et aux lieux sacrés. Certains vieux ifs pourraient dépasser largement le millénaire.</desc></wpt>
<wpt lat="43.3274133" lon="5.7625383"><ele>800.7399999999999</ele><name>Christ hissé en croix - Oratoire</name><desc>Au bord du chemin menant à la grotte Sainte-Marie-Madeleine, cet oratoire évoque l’une des scènes de la Passion : le Christ est représenté au moment où il est hissé sur la croix. Ces petits édicules jalonnent traditionnellement les itinéraires de pèlerinage et offraient aux marcheurs un lieu pour s’arrêter, prier ou méditer. Dans le silence de la forêt de la Sainte-Baume, la scène prend une dimension particulière : chaque station rythme l’ascension et transforme progressivement le chemin forestier en véritable parcours spirituel, jusqu’au sanctuaire aménagé dans la falaise.</desc></wpt>
<wpt lat="43.32751" lon="5.7630583"><ele>812.44</ele><name>Souche monumentale</name><desc>Cette imposante souche ressemble à une sculpture monumentale abandonnée au cœur de la forêt.  Les racines, désormais exposées, dessinent un étrange réseau de formes tortueuses. Le bois mort n’est pourtant pas une fin : champignons, insectes saproxyliques, mousses et micro-organismes vont progressivement le décomposer et restituer ses éléments minéraux au sol. Ainsi, cette « œuvre » naturelle devient peu à peu un véritable réservoir de biodiversi</desc></wpt>
<wpt lat="43.3282167" lon="5.765245"><ele>832.18</ele><name>Tombeau vide du Christ</name><desc>Ne vous épouvantez pas. Vous cherchez Jésus le Nazaréen.</desc></wpt>
<wpt lat="43.3273467" lon="5.764596700000001"><ele>872.4700000000001</ele><name>Escalier de la GrotteSainte Marie Madeleine</name><desc>L’escalier actuel menant à la grotte Sainte-Marie-Madeleine a été fait construire en 1913 par le père Marie-Étienne Vayssière, dominicain et gardien de la Sainte-Baume de 1900 à 1932. Il a été aménagé pour rendre l’accès au sanctuaire plus facile et moins dangereux.

Il comporte 150 marches, chiffre choisi symboliquement en référence aux 150 Ave Maria du Rosaire. Le projet était également conçu comme un chemin de croix, dont les dernières stations monumentales se trouvent près de l’entrée de la grotte.</desc></wpt>
<wpt lat="43.32706" lon="5.76464"><ele>873.4299999999998</ele><name>Benoîte des bois (Geum sylvaticum)</name><desc>La benoîte des bois, Geum sylvaticum, passe facilement inaperçue sous les grands arbres, où ses petites fleurs jaunes semblent chercher une trouée de lumière. Cette vivace de la famille des Rosacées possède des feuilles basales profondément découpées et des fruits munis de petits crochets, véritables « hameçons » végétaux qui s’accrochent aux pelages pour assurer leur dissémination. Son nom évoque les anciennes croyances médicinales attachées aux benoîtes, autrefois recherchées pour leurs racines aromatiques et leurs propriétés supposées.</desc></wpt>
<wpt lat="43.32689" lon="5.7643033"><ele>910.89</ele><name>Entrée de la Grottes Sainte Marie Madeleine</name><desc>La grotte Sainte-Marie-Madeleine abrite aujourd’hui un sanctuaire aménagé dans une vaste cavité naturelle de la falaise. On y découvre notamment un autel, des statues de Marie-Madeleine et de la Vierge, ainsi que de nombreux ex-voto déposés par les pèlerins. La tradition chrétienne en fait le lieu où Marie-Madeleine aurait vécu les dernières années de sa vie dans la solitude. Une source coule également dans la grotte : son eau, recueillie depuis des siècles, a contribué à la dimension sacrée du lieu.</desc></wpt>
<wpt lat="43.32699" lon="5.7643217"><ele>910.3299999999999</ele><name>Calvaire</name><desc>le calvaire prolonge le parcours spirituel qui accompagne l’ascension vers le sanctuaire. Les scènes de la Passion rappellent ici le chemin de croix traditionnel, tandis que la falaise forme un décor naturel saisissant. Dans ce lieu marqué depuis des siècles par le pèlerinage, chaque station invitait autrefois le marcheur à ralentir, prier et méditer. Le calvaire témoigne ainsi d’une époque où le sentier de montagne n’était pas seulement un itinéraire : il devenait progressivement un cheminement religieux, rythmé par des images, des haltes et des gestes de dévotion.</desc></wpt>
<wpt lat="43.3270667" lon="5.764336699999999"><ele>912.23</ele><name>Pariétaire de Judée (Parietaria judaica)</name><desc>La pariétaire de Judée, Parietaria judaica, aime les endroits que d’autres plantes délaissent : vieux murs, fissures de rochers, pieds de falaises et interstices des pierres. Ses tiges rougeâtres portent de petites feuilles ovales, souples, couvertes de poils minuscules qui retiennent poussières et grains de pollen. Son nom populaire évoque son affinité avec les murailles. Autrefois, ses feuilles étaient utilisées en herboristerie, notamment comme plante diurétique. Mais au printemps, son pollen peut provoquer de sérieuses allergies chez les personnes sensibles.</desc></wpt>
<wpt lat="43.3287933" lon="5.7674633"><ele>852.13</ele><name>Chapelle des Parisiens</name><desc>La chapelle des Parisiens, perchée sur le versant de la Sainte-Baume, rappelle l’ancien rayonnement du pèlerinage auprès des voyageurs venus de loin. Son nom ferait référence aux pèlerins originaires de Paris, qui fréquentaient le sanctuaire de Marie-Madeleine. Édifiée sur l’un des itinéraires conduisant à la grotte, elle constituait une halte propice au recueillement avant de poursuivre l’ascension. Dans ce paysage forestier, la petite construction paraît modeste, mais elle témoigne de l’intensité des déplacements religieux autrefois organisés vers la Sainte-Baume.</desc></wpt>
<wpt lat="43.3275817" lon="5.76952"><ele>931.23</ele><name>Cerfeuil sauvage (Anthriscus sylvestris)</name><desc>Le cerfeuil sauvage, Anthriscus sylvestris, donne aux lisières une allure de dentelle blanche au printemps. Ses ombelles composées, portées par de hautes tiges creuses, semblent flotter au-dessus du feuillage finement découpé. Mais derrière cette élégance se cache une famille à surveiller : les Apiacées comptent plusieurs espèces toxiques difficiles à distinguer pour un œil non averti. Une simple confusion avec une autre ombellifère peut avoir de lourdes conséquences. Ici, mieux vaut donc admirer le cerfeuil… sans le transformer en bouquet pour la cuisine.</desc></wpt>
<wpt lat="43.3276617" lon="5.770186699999999"><ele>945.6299999999999</ele><name>Falaise de la Sainte Baume</name><desc>La Sainte-Baume raconte près de 200 millions d’années d’histoire géologique. Les calcaires se déposent au Jurassique dans une mer chaude et peu profonde, puis sont profondément enfouis et lithifiés. Au Cénozoïque, les déformations tectoniques liées aux mouvements des plaques plissent et redressent ces couches, formant le grand anticlinal de la Sainte-Baume. L’érosion attaque ensuite préférentiellement les terrains les moins résistants, tandis que les calcaires jurassiques préservent les reliefs. Failles, diaclases, karstification et éboulements façonnent progressivement la spectaculaire falais</desc></wpt>
<wpt lat="43.3273083" lon="5.7688167"><ele>956.03</ele><name>Genévrier sabine (Juniperus sabina)</name><desc>Le genévrier sabine, Juniperus sabina, est un petit conifère au port souvent prostré, adapté aux rocailles et aux pentes calcaires de montagne. Ses rameaux portent des feuilles squamiformes et dégagent, lorsqu’on les froisse, une odeur résineuse très particulière. Cette plante discrète a pourtant une réputation ancienne : autrefois utilisée en médecine populaire, la sabine était recherchée pour ses propriétés, mais son huile essentielle est fortement toxique. Les anciens herboristes savaient donc qu’une plante médicinale pouvait aussi devenir un véritable poison.</desc></wpt>
<wpt lat="43.32728" lon="5.768629999999999"><ele>957.5300000000001</ele><name>Germandrée blanc grisâtre (Teucrium pollium)</name><desc>La germandrée blanc grisâtre, Teucrium polium, semble avoir été saupoudrée de farine : ses feuilles et ses tiges sont couvertes d’un feutrage de poils fins qui lui donne cette teinte argentée. Cette pilosité limite les pertes d’eau et réfléchit une partie du rayonnement solaire, adaptation précieuse sur les terrains secs et rocailleux. Ses petites fleurs, généralement rosées à blanchâtres, attirent les insectes butineurs. Autrefois, les germandrées étaient réputées pour leurs usages médicinaux ; certaines préparations traditionnelles ont toutefois révélé leur toxicité?</desc></wpt>
<wpt lat="43.3270583" lon="5.7676683"><ele>964.33</ele><name>Filaire à feuilles larges (Phyllirea latifolia)</name><desc>Le filaire à feuilles larges, Phyllirea latifolia, est un arbuste méditerranéen à feuillage persistant, capable de supporter les longues sécheresses estivales. Ses feuilles coriaces, opposées et luisantes évoquent celles d’un petit laurier, tandis que ses discrètes fleurs blanchâtres exhalent un parfum délicat au printemps. Ses fruits, de petites drupes bleu-noir, nourrissent les oiseaux qui participent à la dissémination des graines. Autrefois, son bois dense était apprécié pour les petits ouvrages et le tournage. Dans la garrigue, il constitue aussi un excellent refuge pour la faune.</desc></wpt>
<wpt lat="43.32696" lon="5.76668"><ele>970.33</ele><name>Erable de Montpellier (Acer monspessulanum)</name><desc>L’érable de Montpellier, Acer monspessulanum, semble avoir adopté une stratégie de discrétion : ses petites feuilles coriaces, généralement trilobées, résistent au soleil et à la sécheresse sans attirer l’attention. En automne, pourtant, il change de costume et embrase les sous-bois de teintes jaunes, orangées ou rougeâtres. Ses fruits doubles, les samares, tournent comme de minuscules hélices lorsqu’ils tombent. Cette architecture aérienne n’est pas qu’élégante : elle permet au vent d’emporter les graines loin de l’arbre mère, jusque dans les fissures des falaises et les éboulis.</desc></wpt>
<wpt lat="43.3271033" lon="5.7649683"><ele>987.9299999999998</ele><name>Statue de Sainte Marie Madeleine en pénitence</name><desc>La chapelle du Saint-Pilon, sur les crêtes de la Sainte-Baume, est liée à la légende de sainte Marie-Madeleine : sept fois par jour, des anges l'y élevaient pour écouter les chœurs célestes (le « pilon » désignant le pilier commémorant ce miracle).

Détruit à la Révolution, le site a été restauré et abrite une œuvre contemporaine de Jean-Joseph Chevalier représentant la sainte portée par les anges. Ce lieu de pèlerinage offre un panorama unique sur toute la Provence.</desc></wpt>
<wpt lat="43.32717" lon="5.7652317"><ele>993.43</ele><name>Vipérine commune (Echium vulgare)</name><desc>La vipérine commune, Echium vulgare, porte un nom qui intrigue autant que sa silhouette hérissée. Sa tige couverte de soies raides et ses inflorescences en épis évoquent vaguement la peau d’un serpent, mais c’est surtout la couleur des fleurs qui attire le regard : d’abord rosées, elles deviennent bleu violacé après l’anthèse. Cette métamorphose accompagne le changement de composition du nectar et guide les pollinisateurs. Très mellifère, la vipérine transforme ainsi les terrains secs et pierreux en véritables stations-service pour les abeilles et les bourdons.</desc></wpt>
<wpt lat="43.3269967" lon="5.76685"><ele>971.53</ele><name>Cerisier de Sainte Lucie (Prunus mahaleb)</name><desc>Le cerisier de Sainte-Lucie, Prunus mahaleb, est un petit arbre des lisières et des coteaux calcaires, reconnaissable à ses feuilles arrondies et surtout à son parfum d’amande amère. Au printemps, ses fleurs blanches en bouquets embaument les sous-bois, puis viennent de petites drupes noires, appréciées des oiseaux. Son bois, dense et fin, fut autrefois recherché en ébénisterie et pour fabriquer de petits objets. Quant à ses noyaux, ils ont longtemps servi à parfumer pâtisseries et liqueurs : un usage ancien qui explique le nom populaire de « bois de Sainte-Lucie ».</desc></wpt>
<wpt lat="43.3272867" lon="5.768595"><ele>957.2299999999999</ele><name>Crête de la Sainte Baume</name><desc>Le sentier de crête de la Sainte-Baume, jalonné par le GR9, longe la vertigineuse muraille calcaire du massif entre 900 et 1 000 mètres d'altitude. C'est un parcours aérien et spectaculaire qui relie la grotte de Marie-Madeleine à la chapelle du Saint-Pilon. Il offre un panorama grandiose à 360°, plongeant au sud vers la Méditerranée et dominant au nord les forêts de hêtres. Bien qu'exceptionnel, ce sentier demande de la vigilance en raison des falaises abruptes et des violentes rafales de mistral.</desc></wpt>
<wpt lat="43.3275167" lon="5.7700833"><ele>950.96</ele><name>Marie-Madeleine et la barque miraculeuse</name><desc>Selon une ancienne tradition provençale, après la mort du Christ, Marie-Madeleine aurait quitté la Terre sainte avec sa sœur Marthe, son frère Lazare et plusieurs compagnons. Chassés de Palestine, ils auraient été abandonnés en mer sur une barque sans voile ni gouvernail, condamnée à dériver. Mais, raconte la légende, une intervention miraculeuse les aurait conduits jusqu’aux rivages de Provence, à l’endroit appelé aujourd’hui les Saintes-Maries-de-la-Mer. Marie-Madeleine aurait ensuite gagné la Sainte-Baume, où elle aurait vécu en ermite dans la grotte.</desc></wpt>
<wpt lat="43.327505" lon="5.770061699999999"><ele>952.33</ele><name>Amélanchier à feuilles ovales (Amelanchier ovalis)</name></wpt>
<wpt lat="43.3276467" lon="5.7700733"><ele>944.9299999999998</ele><name>Falaise de la Sainte Baume</name><desc>Le massif de la Sainte-Baume regorge de sentiers exceptionnels entre forêts féeriques et crêtes vertigineuses. La randonnée classique relie l'Hostellerie au Saint-Pilon par la forêt relique et le chemin des Roys. Pour plus de sport, le circuit par le Pas de la Cabre offre une ascension plus sauvage. Comptez aussi sur le sentier marial qui relie les sanctuaires. Ces parcours exigent de bonnes chaussures et de la vigilance face aux à-pics et au mistral.</desc></wpt>
<wpt lat="43.3275767" lon="5.769855"><ele>946.03</ele><name>Feuille et bogue de hêtre (Fagus sylvatica)</name><desc>Le hêtre roi de la Sainte-Baume se distingue par ses feuilles ovales, au bord ondulé, d'un vert tendre devenant mordoré en automne. Ses fruits, les faînes, s'abritent dans une bogue ligneuse hérissée de doux picots qui s'ouvre à maturité en quatre valves pour les libérer. Symbole de la forêt fraîche et mystique du massif, ces bogues et feuillages tapissent le sol sous la canopée, nourrissant la faune sauvage et offrant un spectacle naturel enchanteur au fil des saisons.</desc></wpt>
<wpt lat="43.3282833" lon="5.769230000000001"><ele>897.74</ele><name>Baguenaudier arborescent (Colutea arborescens)</name><desc>Même privé de ses curieuses gousses gonflées, le baguenaudier arborescent, Colutea arborescens, reste identifiable. Cet arbuste caduc possède des feuilles composées, formées de nombreuses petites folioles ovales disposées par paires. Au printemps et au début de l’été, ses fleurs jaunes, parfois teintées d’orangé, rappellent celles des autres légumineuses. Ses rameaux souples et son port léger sont caractéristiques. Il affectionne les lisières, les coteaux secs et les terrains calcaires. En hiver, sans feuilles ni fruits, son identification devient en revanche beaucoup plus délicate.</desc></wpt>
<wpt lat="43.3286917" lon="5.7669383"><ele>845.4399999999999</ele><name>Fusain à feuilles larges (Euonymus latifolius)</name><desc>À l’automne, le fusain à feuilles larges, Euonymus latifolius, abandonne toute discrétion. Ses fruits prennent la forme de capsules à quatre lobes, d’un rose soutenu, qui s’ouvrent à maturité pour dévoiler des graines entourées d’un arille orange vif. Ce contraste spectaculaire attire l’œil bien avant que l’on remarque l’arbuste lui-même. Les oiseaux participent à la dissémination des graines, mais ces fruits ne sont pas comestibles pour l’homme et peuvent provoquer des intoxications. Ici, la nature semble avoir inventé des bijoux végétaux dont la beauté impose de garder les mains à distance.</desc></wpt>
<wpt lat="43.3274877" lon="5.7700966"><ele>0</ele><name>La source de Nans</name><desc>La source de Nans, au pied de la Sainte-Baume, illustre le fonctionnement du karst dans les puissants calcaires du massif. Les eaux de pluie s’infiltrent dans les fissures et les conduits souterrains, puis circulent dans la roche avant de réapparaître lorsque la structure géologique rencontre des niveaux moins perméables. Son débit peut varier fortement selon les précipitations : discrète après les périodes sèches, la source peut devenir beaucoup plus active après les épisodes pluvieux. Ces résurgences rappellent que, sous la forêt, une partie du paysage se construit dans l’obscurité.</desc></wpt>
<wpt lat="43.3274877" lon="5.7700966"><ele>0</ele><name>Chêne double</name><desc>La cépée ou le rejet de souche : Beaucoup de chênes anciens de la région ont été exploités autrefois pour le bois de chauffage ou le charbon de bois. Lorsqu'un arbre est coupé à la base, il réagit en émettant plusieurs rejets vigoureux depuis la souche. En grandissant, ces multiples rejets donnent l'illusion de plusieurs troncs distincts serrés ou soudés entre eux.</desc></wpt>
<wpt lat="43.3274877" lon="5.7700966"><ele>0</ele><name>Chêne siège</name><desc>Ce chêne semble être trois arbres réunis, mais il s’agit probablement d’un seul individu dont le tronc s’est divisé très tôt en plusieurs axes. Chez les chênes, une blessure ancienne, une coupe ou simplement une croissance particulière peut provoquer cette ramification basse. Avec le temps, les trois troncs grossissent séparément tout en restant reliés à une même souche et au même système racinaire. La base devient alors spectaculaire, donnant l’illusion d’une petite forêt concentrée sur quelques mètres carrés. Un bel exemple de la capacité des arbres à adapter leur architecture aux accidents </desc></wpt>
<wpt lat="43.3274877" lon="5.7700966"><ele>0</ele><name>Cornouiller mâle (Cornus mas)</name><desc>Le cornouiller mâle (Cornus mas) se reconnaît à sa floraison jaune d'or lumineuse dès février, bien avant l'apparition de ses feuilles ovales, opposées et aux nervures arquées. En été, il arbore de petits fruits rouges comestibles, les « cornouilles », riches en vitamine C. Côté anecdotes, son bois lourd et imputrescible était jadis prisé pour fabriquer des javelots et des manches d'outils. Selon la mythologie, le cheval de Troie aurait même été façonné dans du bois de cornouiller !</desc></wpt>
<wpt lat="43.3274877" lon="5.7700966"><ele>0</ele><name>Marie Madeleine embrassant les pieds du Christ</name><desc>Cet oratoire représente Marie-Madeleine aux pieds du Christ, dans une scène célèbre des Évangiles. Elle est traditionnellement identifiée à la femme qui, lors d’un repas chez Simon le Pharisien, verse un parfum précieux sur les pieds de Jésus, les lave de ses larmes puis les essuie avec ses cheveux. Sur le chemin de la Sainte-Baume, cette représentation prend une résonance particulière : selon la tradition provençale, Marie-Madeleine aurait ensuite gagné le massif pour y vivre en ermite. L’image associe ainsi le récit biblique à la mémoire légendaire du lieu.</desc></wpt>
<wpt lat="43.3273628" lon="5.7694529"><ele>0</ele><name>Pin noir (Pinus nigra)</name><desc>Le pin noir se reconnaît surtout à ses aiguilles longues, rigides et groupées par deux, généralement vert sombre, ainsi qu’à son écorce gris-brun profondément fissurée avec l’âge. Sa silhouette est souvent plus massive et moins irrégulière que celle du pin sylvestre. Pour le distinguer de ce dernier, observez le tronc : celui du pin sylvestre présente fréquemment une partie supérieure orangée, absente chez le pin noir. Ses cônes, ovoïdes et sessiles, sont également plus trapus. Attention  : « pin noir » regroupe plusieurs sous-espèces proches, parfois difficiles à séparer sur le terrain.</desc></wpt>
<wpt lat="43.3355067" lon="5.7591317"><ele>671.36</ele><name>Arrivée</name><desc> Grande randonnée
Heure de départ: 10:04 23 sept. 2026
Heure d'arrivée: 15:13 23 sept. 2026
Distance: 7,5km 
Temps déplacement: 02:42
Vitesse moyenne: 1,46 km/h
Vitesse en mouvement: 2,78 km/h
Vitesse Max.: 7,28 km/h
Altitude minimale: 669 m
Altitude maximale: 993 m
Vitesse de montée: 273,7 m/h
Vitesse de descente: 291,2 m/h
Dénivelé positif: 368 m
Dénivelé négatif: 372 m
Temps de montée: 01:20
Temps de descente: 01:16</desc></wpt>
<trk><name>2026-09-23_Sainte_Baume</name><trkseg>
<trkpt lat="43.3355133" lon="5.7592483"><ele>663.05</ele></trkpt>
<trkpt lat="43.3355117" lon="5.759239999999999"><ele>676.61</ele></trkpt>
<trkpt lat="43.335495" lon="5.7591917"><ele>671.43</ele></trkpt>
<trkpt lat="43.335485" lon="5.7591483"><ele>670.38</ele></trkpt>
<trkpt lat="43.3354817" lon="5.7591067"><ele>670.01</ele></trkpt>
<trkpt lat="43.3354783" lon="5.759065"><ele>669.61</ele></trkpt>
<trkpt lat="43.3354733" lon="5.759025"><ele>669.47</ele></trkpt>
<trkpt lat="43.3354633" lon="5.758989999999999"><ele>669.37</ele></trkpt>
<trkpt lat="43.33545" lon="5.75895"><ele>669.38</ele></trkpt>
<trkpt lat="43.3354333" lon="5.7589133"><ele>669.08</ele></trkpt>
<trkpt lat="43.335425" lon="5.758875000000001"><ele>669.59</ele></trkpt>
<trkpt lat="43.3354033" lon="5.75885"><ele>670</ele></trkpt>
<trkpt lat="43.33538" lon="5.758830000000001"><ele>669.68</ele></trkpt>
<trkpt lat="43.3353633" lon="5.7587917"><ele>669.73</ele></trkpt>
<trkpt lat="43.3353367" lon="5.75877"><ele>670.02</ele></trkpt>
<trkpt lat="43.3353133" lon="5.758749999999999"><ele>670.08</ele></trkpt>
<trkpt lat="43.335285" lon="5.758745"><ele>670.51</ele></trkpt>
<trkpt lat="43.3352567" lon="5.75873"><ele>670.69</ele></trkpt>
<trkpt lat="43.33523" lon="5.7587217"><ele>670.95</ele></trkpt>
<trkpt lat="43.3351833" lon="5.75869"><ele>671.69</ele></trkpt>
<trkpt lat="43.3351467" lon="5.75868"><ele>672.23</ele></trkpt>
<trkpt lat="43.335115" lon="5.7586817"><ele>672.23</ele></trkpt>
<trkpt lat="43.3350867" lon="5.75869"><ele>672.26</ele></trkpt>
<trkpt lat="43.335055" lon="5.7587017"><ele>672.12</ele></trkpt>
<trkpt lat="43.3350183" lon="5.7586967"><ele>671.44</ele></trkpt>
<trkpt lat="43.33498" lon="5.7587"><ele>671.35</ele></trkpt>
<trkpt lat="43.3349467" lon="5.758704999999999"><ele>671.43</ele></trkpt>
<trkpt lat="43.3349083" lon="5.7587117"><ele>671.47</ele></trkpt>
<trkpt lat="43.33488" lon="5.7587117"><ele>671.53</ele></trkpt>
<trkpt lat="43.3348517" lon="5.7587083"><ele>672.12</ele></trkpt>
<trkpt lat="43.3348133" lon="5.75871"><ele>672.13</ele></trkpt>
<trkpt lat="43.3347783" lon="5.75872"><ele>672.15</ele></trkpt>
<trkpt lat="43.3347433" lon="5.758725"><ele>672.16</ele></trkpt>
<trkpt lat="43.3347133" lon="5.7587317"><ele>672.33</ele></trkpt>
<trkpt lat="43.3346833" lon="5.7587317"><ele>672.55</ele></trkpt>
<trkpt lat="43.3346467" lon="5.7587317"><ele>672.76</ele></trkpt>
<trkpt lat="43.33462" lon="5.758738300000001"><ele>672.67</ele></trkpt>
<trkpt lat="43.3345883" lon="5.758745"><ele>672.67</ele></trkpt>
<trkpt lat="43.3345583" lon="5.758749999999999"><ele>672.67</ele></trkpt>
<trkpt lat="43.3345217" lon="5.7587567"><ele>672.85</ele></trkpt>
<trkpt lat="43.33449" lon="5.7587567"><ele>672.63</ele></trkpt>
<trkpt lat="43.3344567" lon="5.758763299999999"><ele>672.37</ele></trkpt>
<trkpt lat="43.3344283" lon="5.758763299999999"><ele>672.52</ele></trkpt>
<trkpt lat="43.3343983" lon="5.7587683"><ele>672.79</ele></trkpt>
<trkpt lat="43.33436" lon="5.7587683"><ele>672.78</ele></trkpt>
<trkpt lat="43.3343283" lon="5.7587733"><ele>672.82</ele></trkpt>
<trkpt lat="43.3343" lon="5.7587783"><ele>673.02</ele></trkpt>
<trkpt lat="43.33427" lon="5.75878"><ele>672.59</ele></trkpt>
<trkpt lat="43.334235" lon="5.758783300000001"><ele>671.46</ele></trkpt>
<trkpt lat="43.3342" lon="5.758785"><ele>670.65</ele></trkpt>
<trkpt lat="43.334165" lon="5.758785"><ele>670.55</ele></trkpt>
<trkpt lat="43.334135" lon="5.758785"><ele>670.65</ele></trkpt>
<trkpt lat="43.3341" lon="5.75879"><ele>671.13</ele></trkpt>
<trkpt lat="43.334065" lon="5.7587933"><ele>671.51</ele></trkpt>
<trkpt lat="43.3340317" lon="5.75879"><ele>671.99</ele></trkpt>
<trkpt lat="43.3340017" lon="5.7587933"><ele>672.48</ele></trkpt>
<trkpt lat="43.3339733" lon="5.7588017"><ele>672.81</ele></trkpt>
<trkpt lat="43.3339433" lon="5.758806699999999"><ele>673.37</ele></trkpt>
<trkpt lat="43.3339117" lon="5.758816700000001"><ele>673.9</ele></trkpt>
<trkpt lat="43.3338833" lon="5.758825"><ele>674.4</ele></trkpt>
<trkpt lat="43.333855" lon="5.7588333"><ele>674.71</ele></trkpt>
<trkpt lat="43.3338267" lon="5.758835"><ele>675.01</ele></trkpt>
<trkpt lat="43.3337917" lon="5.758840000000001"><ele>675.06</ele></trkpt>
<trkpt lat="43.3337583" lon="5.758841699999999"><ele>674.83</ele></trkpt>
<trkpt lat="43.333725" lon="5.758853299999999"><ele>674.95</ele></trkpt>
<trkpt lat="43.3336917" lon="5.7588583"><ele>674.96</ele></trkpt>
<trkpt lat="43.3336583" lon="5.758854999999999"><ele>674.63</ele></trkpt>
<trkpt lat="43.3336283" lon="5.7588567"><ele>674.46</ele></trkpt>
<trkpt lat="43.3336" lon="5.7588567"><ele>674.3</ele></trkpt>
<trkpt lat="43.33357" lon="5.7588567"><ele>673.93</ele></trkpt>
<trkpt lat="43.3335383" lon="5.7588583"><ele>673.67</ele></trkpt>
<trkpt lat="43.3335067" lon="5.7588617"><ele>673.91</ele></trkpt>
<trkpt lat="43.333475" lon="5.7588617"><ele>674.22</ele></trkpt>
<trkpt lat="43.3334467" lon="5.7588633"><ele>674.39</ele></trkpt>
<trkpt lat="43.3334083" lon="5.7588383"><ele>673.34</ele></trkpt>
<trkpt lat="43.3333833" lon="5.75882"><ele>672.07</ele></trkpt>
<trkpt lat="43.3333533" lon="5.7588133"><ele>672.03</ele></trkpt>
<trkpt lat="43.3333167" lon="5.758815"><ele>671.51</ele></trkpt>
<trkpt lat="43.333295" lon="5.7588383"><ele>671.33</ele></trkpt>
<trkpt lat="43.3332833" lon="5.758795000000001"><ele>677.18</ele></trkpt>
<trkpt lat="43.33328" lon="5.7587483"><ele>679.3</ele></trkpt>
<trkpt lat="43.33328" lon="5.7587033"><ele>678.98</ele></trkpt>
<trkpt lat="43.3332783" lon="5.758655"><ele>678.7</ele></trkpt>
<trkpt lat="43.3332617" lon="5.7586233"><ele>677.81</ele></trkpt>
<trkpt lat="43.3332533" lon="5.758586700000001"><ele>677.35</ele></trkpt>
<trkpt lat="43.3332417" lon="5.7585383"><ele>676.94</ele></trkpt>
<trkpt lat="43.3332317" lon="5.7584933"><ele>676.63</ele></trkpt>
<trkpt lat="43.333215" lon="5.758455000000001"><ele>676.2</ele></trkpt>
<trkpt lat="43.3332117" lon="5.7584117"><ele>675.83</ele></trkpt>
<trkpt lat="43.3332" lon="5.758374999999999"><ele>675.2</ele></trkpt>
<trkpt lat="43.3331917" lon="5.7583333"><ele>675.07</ele></trkpt>
<trkpt lat="43.3331817" lon="5.7582883"><ele>674.99</ele></trkpt>
<trkpt lat="43.333175" lon="5.758239999999999"><ele>674.7</ele></trkpt>
<trkpt lat="43.3331683" lon="5.758194999999999"><ele>674.43</ele></trkpt>
<trkpt lat="43.3331633" lon="5.7581533"><ele>674.11</ele></trkpt>
<trkpt lat="43.3331567" lon="5.7581083"><ele>673.99</ele></trkpt>
<trkpt lat="43.3331517" lon="5.758066700000001"><ele>673.6</ele></trkpt>
<trkpt lat="43.3331433" lon="5.758025"><ele>673.27</ele></trkpt>
<trkpt lat="43.3331317" lon="5.757988300000001"><ele>673.35</ele></trkpt>
<trkpt lat="43.3331267" lon="5.7579517"><ele>673.29</ele></trkpt>
<trkpt lat="43.33312" lon="5.7579033"><ele>673.23</ele></trkpt>
<trkpt lat="43.333115" lon="5.757863299999999"><ele>673.09</ele></trkpt>
<trkpt lat="43.3331133" lon="5.7578217"><ele>672.51</ele></trkpt>
<trkpt lat="43.33311" lon="5.7577783"><ele>672.01</ele></trkpt>
<trkpt lat="43.3331017" lon="5.7577317"><ele>671.86</ele></trkpt>
<trkpt lat="43.3331017" lon="5.757685"><ele>671.76</ele></trkpt>
<trkpt lat="43.3331033" lon="5.7576383"><ele>671.41</ele></trkpt>
<trkpt lat="43.3331033" lon="5.757600000000001"><ele>671.2</ele></trkpt>
<trkpt lat="43.3330917" lon="5.7575533"><ele>671.11</ele></trkpt>
<trkpt lat="43.3330783" lon="5.757506700000001"><ele>671.99</ele></trkpt>
<trkpt lat="43.3330783" lon="5.7574567"><ele>672.18</ele></trkpt>
<trkpt lat="43.3330767" lon="5.757415"><ele>671.95</ele></trkpt>
<trkpt lat="43.3330683" lon="5.7573767"><ele>671.7</ele></trkpt>
<trkpt lat="43.3330633" lon="5.757328299999999"><ele>671.09</ele></trkpt>
<trkpt lat="43.3330567" lon="5.7572917"><ele>671.06</ele></trkpt>
<trkpt lat="43.333045" lon="5.757255"><ele>671.19</ele></trkpt>
<trkpt lat="43.3330333" lon="5.75722"><ele>671.06</ele></trkpt>
<trkpt lat="43.3330167" lon="5.75719"><ele>669.9</ele></trkpt>
<trkpt lat="43.3329833" lon="5.75719"><ele>669.38</ele></trkpt>
<trkpt lat="43.3329517" lon="5.7571917"><ele>669.23</ele></trkpt>
<trkpt lat="43.332925" lon="5.7572067"><ele>669.54</ele></trkpt>
<trkpt lat="43.3329" lon="5.7572233"><ele>669.65</ele></trkpt>
<trkpt lat="43.3328717" lon="5.75723"><ele>670.34</ele></trkpt>
<trkpt lat="43.33287" lon="5.7572683"><ele>671.52</ele></trkpt>
<trkpt lat="43.3328417" lon="5.7572933"><ele>671.99</ele></trkpt>
<trkpt lat="43.3328133" lon="5.757315000000001"><ele>672.31</ele></trkpt>
<trkpt lat="43.3327867" lon="5.757328299999999"><ele>672.45</ele></trkpt>
<trkpt lat="43.332765" lon="5.757361699999999"><ele>672.55</ele></trkpt>
<trkpt lat="43.3327483" lon="5.757408300000001"><ele>673.01</ele></trkpt>
<trkpt lat="43.3327167" lon="5.757433299999999"><ele>673.21</ele></trkpt>
<trkpt lat="43.3326883" lon="5.757451700000001"><ele>673.34</ele></trkpt>
<trkpt lat="43.3326583" lon="5.75746"><ele>674.08</ele></trkpt>
<trkpt lat="43.3326267" lon="5.757474999999999"><ele>674.43</ele></trkpt>
<trkpt lat="43.3326017" lon="5.75749"><ele>674.53</ele></trkpt>
<trkpt lat="43.3325767" lon="5.75752"><ele>674.92</ele></trkpt>
<trkpt lat="43.3325517" lon="5.757535"><ele>675.89</ele></trkpt>
<trkpt lat="43.332525" lon="5.7575567"><ele>676.31</ele></trkpt>
<trkpt lat="43.3324917" lon="5.7575633"><ele>677.37</ele></trkpt>
<trkpt lat="43.3324667" lon="5.7575783"><ele>678.25</ele></trkpt>
<trkpt lat="43.33245" lon="5.7576083"><ele>678.95</ele></trkpt>
<trkpt lat="43.3324233" lon="5.7576333"><ele>679.87</ele></trkpt>
<trkpt lat="43.3324017" lon="5.7576633"><ele>680.58</ele></trkpt>
<trkpt lat="43.3323683" lon="5.7576733"><ele>681.57</ele></trkpt>
<trkpt lat="43.3323333" lon="5.7576833"><ele>681.55</ele></trkpt>
<trkpt lat="43.3323" lon="5.757695"><ele>681.84</ele></trkpt>
<trkpt lat="43.33227" lon="5.7576983"><ele>682.34</ele></trkpt>
<trkpt lat="43.33224" lon="5.757701699999999"><ele>683.2</ele></trkpt>
<trkpt lat="43.3322117" lon="5.7577167"><ele>683.79</ele></trkpt>
<trkpt lat="43.3321817" lon="5.757735000000001"><ele>684.47</ele></trkpt>
<trkpt lat="43.3321417" lon="5.757791700000001"><ele>687.39</ele></trkpt>
<trkpt lat="43.332105" lon="5.7578333"><ele>688.19</ele></trkpt>
<trkpt lat="43.3320917" lon="5.75788"><ele>688.26</ele></trkpt>
<trkpt lat="43.332075" lon="5.757909999999999"><ele>687.33</ele></trkpt>
<trkpt lat="43.3320517" lon="5.7579333"><ele>687.18</ele></trkpt>
<trkpt lat="43.3320183" lon="5.75795"><ele>687.33</ele></trkpt>
<trkpt lat="43.3319867" lon="5.757965"><ele>687.79</ele></trkpt>
<trkpt lat="43.3319583" lon="5.75797"><ele>688.41</ele></trkpt>
<trkpt lat="43.331925" lon="5.7579633"><ele>688.58</ele></trkpt>
<trkpt lat="43.3318933" lon="5.7579767"><ele>688.74</ele></trkpt>
<trkpt lat="43.3318667" lon="5.7580067"><ele>688.89</ele></trkpt>
<trkpt lat="43.3318383" lon="5.7580383"><ele>689.37</ele></trkpt>
<trkpt lat="43.3318083" lon="5.7580617"><ele>689.64</ele></trkpt>
<trkpt lat="43.3317817" lon="5.7580883"><ele>689.58</ele></trkpt>
<trkpt lat="43.331755" lon="5.7581067"><ele>689.38</ele></trkpt>
<trkpt lat="43.3317183" lon="5.7580883"><ele>689.58</ele></trkpt>
<trkpt lat="43.3316917" lon="5.758103299999999"><ele>690.53</ele></trkpt>
<trkpt lat="43.3316567" lon="5.758093299999999"><ele>691.56</ele></trkpt>
<trkpt lat="43.3316317" lon="5.75807"><ele>691.65</ele></trkpt>
<trkpt lat="43.3316067" lon="5.7580433"><ele>691.57</ele></trkpt>
<trkpt lat="43.3315867" lon="5.758010000000001"><ele>691.62</ele></trkpt>
<trkpt lat="43.3315617" lon="5.758025"><ele>692.14</ele></trkpt>
<trkpt lat="43.3315483" lon="5.75807"><ele>692.32</ele></trkpt>
<trkpt lat="43.33155" lon="5.758111700000001"><ele>692.87</ele></trkpt>
<trkpt lat="43.3315267" lon="5.75814"><ele>693.48</ele></trkpt>
<trkpt lat="43.3314967" lon="5.758156700000001"><ele>693.74</ele></trkpt>
<trkpt lat="43.3314683" lon="5.758175"><ele>694.1</ele></trkpt>
<trkpt lat="43.3314467" lon="5.7582"><ele>694.36</ele></trkpt>
<trkpt lat="43.3314283" lon="5.758235"><ele>694.9</ele></trkpt>
<trkpt lat="43.33137" lon="5.7583017"><ele>697.02</ele></trkpt>
<trkpt lat="43.3313183" lon="5.75832"><ele>697.26</ele></trkpt>
<trkpt lat="43.3312967" lon="5.758345"><ele>697.68</ele></trkpt>
<trkpt lat="43.3312667" lon="5.7583467"><ele>697.93</ele></trkpt>
<trkpt lat="43.3312467" lon="5.7583833"><ele>698.1099999999999</ele></trkpt>
<trkpt lat="43.3312183" lon="5.7584167"><ele>698.34</ele></trkpt>
<trkpt lat="43.3311933" lon="5.7584383"><ele>698.44</ele></trkpt>
<trkpt lat="43.33116" lon="5.7584567"><ele>698.84</ele></trkpt>
<trkpt lat="43.3311317" lon="5.7584617"><ele>699.71</ele></trkpt>
<trkpt lat="43.331105" lon="5.75847"><ele>700.11</ele></trkpt>
<trkpt lat="43.3310733" lon="5.7584733"><ele>700.25</ele></trkpt>
<trkpt lat="43.3310417" lon="5.7584917"><ele>700.15</ele></trkpt>
<trkpt lat="43.33101" lon="5.758500000000001"><ele>700.06</ele></trkpt>
<trkpt lat="43.330985" lon="5.7585167"><ele>700.01</ele></trkpt>
<trkpt lat="43.330955" lon="5.758545000000001"><ele>700.34</ele></trkpt>
<trkpt lat="43.3309233" lon="5.7585633"><ele>700.62</ele></trkpt>
<trkpt lat="43.330895" lon="5.7585617"><ele>700.56</ele></trkpt>
<trkpt lat="43.3308617" lon="5.758566699999999"><ele>700.61</ele></trkpt>
<trkpt lat="43.3308383" lon="5.758590000000001"><ele>701.05</ele></trkpt>
<trkpt lat="43.330815" lon="5.75862"><ele>711.74</ele></trkpt>
<trkpt lat="43.33079" lon="5.7586417"><ele>710.62</ele></trkpt>
<trkpt lat="43.33076" lon="5.7586583"><ele>710.17</ele></trkpt>
<trkpt lat="43.3307267" lon="5.7586833"><ele>709.89</ele></trkpt>
<trkpt lat="43.3307117" lon="5.7587283"><ele>709.39</ele></trkpt>
<trkpt lat="43.330685" lon="5.758765"><ele>709.18</ele></trkpt>
<trkpt lat="43.3306583" lon="5.758806699999999"><ele>708.8</ele></trkpt>
<trkpt lat="43.3306417" lon="5.75885"><ele>708.94</ele></trkpt>
<trkpt lat="43.3306267" lon="5.7588817"><ele>708.75</ele></trkpt>
<trkpt lat="43.3305983" lon="5.7588933"><ele>708.51</ele></trkpt>
<trkpt lat="43.33057" lon="5.7589017"><ele>707.72</ele></trkpt>
<trkpt lat="43.3305483" lon="5.758930000000001"><ele>707.29</ele></trkpt>
<trkpt lat="43.3305383" lon="5.75897"><ele>707.32</ele></trkpt>
<trkpt lat="43.330515" lon="5.7589983"><ele>707.06</ele></trkpt>
<trkpt lat="43.3304883" lon="5.7590117"><ele>706.79</ele></trkpt>
<trkpt lat="43.3304033" lon="5.75903"><ele>707.2</ele></trkpt>
<trkpt lat="43.3303983" lon="5.7590783"><ele>709.06</ele></trkpt>
<trkpt lat="43.3303867" lon="5.759115"><ele>709.97</ele></trkpt>
<trkpt lat="43.3303683" lon="5.7591467"><ele>709.76</ele></trkpt>
<trkpt lat="43.3303433" lon="5.7591683"><ele>709.91</ele></trkpt>
<trkpt lat="43.330315" lon="5.7592"><ele>710.21</ele></trkpt>
<trkpt lat="43.3302967" lon="5.759235"><ele>710.32</ele></trkpt>
<trkpt lat="43.3302733" lon="5.7592767"><ele>710.6</ele></trkpt>
<trkpt lat="43.33025" lon="5.759306700000001"><ele>710.83</ele></trkpt>
<trkpt lat="43.3302283" lon="5.759331699999999"><ele>710.94</ele></trkpt>
<trkpt lat="43.3302117" lon="5.7593683"><ele>711.14</ele></trkpt>
<trkpt lat="43.330185" lon="5.7593867"><ele>711.1499999999999</ele></trkpt>
<trkpt lat="43.330155" lon="5.7594"><ele>711.4099999999999</ele></trkpt>
<trkpt lat="43.3301333" lon="5.759423299999999"><ele>711.35</ele></trkpt>
<trkpt lat="43.3301067" lon="5.759435"><ele>711.42</ele></trkpt>
<trkpt lat="43.330075" lon="5.7594483"><ele>711.52</ele></trkpt>
<trkpt lat="43.3300633" lon="5.7594867"><ele>711.74</ele></trkpt>
<trkpt lat="43.3300483" lon="5.7595283"><ele>711.75</ele></trkpt>
<trkpt lat="43.3300283" lon="5.759559999999999"><ele>711.91</ele></trkpt>
<trkpt lat="43.329975" lon="5.759595"><ele>713.99</ele></trkpt>
<trkpt lat="43.32998" lon="5.7596333"><ele>714.46</ele></trkpt>
<trkpt lat="43.3299833" lon="5.75968"><ele>714.52</ele></trkpt>
<trkpt lat="43.3299767" lon="5.759725"><ele>714.61</ele></trkpt>
<trkpt lat="43.329935" lon="5.759763299999999"><ele>715.5</ele></trkpt>
<trkpt lat="43.3299267" lon="5.7598"><ele>716.05</ele></trkpt>
<trkpt lat="43.3299117" lon="5.7598333"><ele>716.02</ele></trkpt>
<trkpt lat="43.3298983" lon="5.759875000000001"><ele>716.5</ele></trkpt>
<trkpt lat="43.32988" lon="5.7599083"><ele>717</ele></trkpt>
<trkpt lat="43.3298533" lon="5.7599183"><ele>717.62</ele></trkpt>
<trkpt lat="43.3297683" lon="5.7599817"><ele>719.11</ele></trkpt>
<trkpt lat="43.32974" lon="5.759993299999999"><ele>721.96</ele></trkpt>
<trkpt lat="43.3296983" lon="5.760005"><ele>724.45</ele></trkpt>
<trkpt lat="43.329675" lon="5.7599817"><ele>725.29</ele></trkpt>
<trkpt lat="43.3296517" lon="5.7600083"><ele>725.63</ele></trkpt>
<trkpt lat="43.3296283" lon="5.760035000000001"><ele>726.4</ele></trkpt>
<trkpt lat="43.3296033" lon="5.7600183"><ele>727.2</ele></trkpt>
<trkpt lat="43.329565" lon="5.76002"><ele>727.22</ele></trkpt>
<trkpt lat="43.3295333" lon="5.76001"><ele>727.61</ele></trkpt>
<trkpt lat="43.3295067" lon="5.7600283"><ele>728.06</ele></trkpt>
<trkpt lat="43.3294933" lon="5.760083300000001"><ele>728.46</ele></trkpt>
<trkpt lat="43.32949" lon="5.7601233"><ele>728.91</ele></trkpt>
<trkpt lat="43.3294917" lon="5.7601617"><ele>728.82</ele></trkpt>
<trkpt lat="43.32948" lon="5.760215"><ele>728.56</ele></trkpt>
<trkpt lat="43.3294633" lon="5.7602517"><ele>728.58</ele></trkpt>
<trkpt lat="43.3294433" lon="5.7602967"><ele>728.68</ele></trkpt>
<trkpt lat="43.329425" lon="5.760331699999999"><ele>729.1</ele></trkpt>
<trkpt lat="43.3294033" lon="5.76036"><ele>729.23</ele></trkpt>
<trkpt lat="43.32938" lon="5.760385"><ele>729.17</ele></trkpt>
<trkpt lat="43.3293633" lon="5.7604267"><ele>729.33</ele></trkpt>
<trkpt lat="43.32934" lon="5.76046"><ele>729.18</ele></trkpt>
<trkpt lat="43.32931" lon="5.7604767"><ele>728.62</ele></trkpt>
<trkpt lat="43.3292783" lon="5.760495"><ele>728.03</ele></trkpt>
<trkpt lat="43.3292583" lon="5.76052"><ele>727.64</ele></trkpt>
<trkpt lat="43.3292417" lon="5.7605667"><ele>727.98</ele></trkpt>
<trkpt lat="43.3292167" lon="5.760595"><ele>729.26</ele></trkpt>
<trkpt lat="43.3292" lon="5.7606283"><ele>730.39</ele></trkpt>
<trkpt lat="43.3291717" lon="5.76064"><ele>730.73</ele></trkpt>
<trkpt lat="43.32913" lon="5.7606467"><ele>733.28</ele></trkpt>
<trkpt lat="43.3291183" lon="5.76069"><ele>734.03</ele></trkpt>
<trkpt lat="43.3290933" lon="5.7607233"><ele>733.74</ele></trkpt>
<trkpt lat="43.3290817" lon="5.7607583"><ele>734.07</ele></trkpt>
<trkpt lat="43.329075" lon="5.760798300000001"><ele>734.24</ele></trkpt>
<trkpt lat="43.3290667" lon="5.760835"><ele>734.61</ele></trkpt>
<trkpt lat="43.32905" lon="5.760865"><ele>735.45</ele></trkpt>
<trkpt lat="43.3290367" lon="5.7609083"><ele>735.61</ele></trkpt>
<trkpt lat="43.329045" lon="5.760948299999999"><ele>736.46</ele></trkpt>
<trkpt lat="43.3290483" lon="5.7609883"><ele>738.03</ele></trkpt>
<trkpt lat="43.3290633" lon="5.7610233"><ele>738.04</ele></trkpt>
<trkpt lat="43.3290733" lon="5.7610583"><ele>738.43</ele></trkpt>
<trkpt lat="43.3290717" lon="5.7611"><ele>738.51</ele></trkpt>
<trkpt lat="43.3290833" lon="5.761141699999999"><ele>738.86</ele></trkpt>
<trkpt lat="43.3291017" lon="5.761175000000001"><ele>739.18</ele></trkpt>
<trkpt lat="43.32911" lon="5.7612133"><ele>739.15</ele></trkpt>
<trkpt lat="43.3291233" lon="5.7612467"><ele>739.87</ele></trkpt>
<trkpt lat="43.3291283" lon="5.761288299999999"><ele>740.2</ele></trkpt>
<trkpt lat="43.3291383" lon="5.76133"><ele>740.5</ele></trkpt>
<trkpt lat="43.3291517" lon="5.761379999999999"><ele>740.89</ele></trkpt>
<trkpt lat="43.3291667" lon="5.7614217"><ele>741.11</ele></trkpt>
<trkpt lat="43.3291767" lon="5.76146"><ele>741.47</ele></trkpt>
<trkpt lat="43.3291817" lon="5.7615"><ele>742.33</ele></trkpt>
<trkpt lat="43.32918" lon="5.761546700000001"><ele>742.5699999999999</ele></trkpt>
<trkpt lat="43.3291767" lon="5.761593300000001"><ele>742.12</ele></trkpt>
<trkpt lat="43.3291733" lon="5.761636700000001"><ele>741.69</ele></trkpt>
<trkpt lat="43.329175" lon="5.761674999999999"><ele>741.29</ele></trkpt>
<trkpt lat="43.32917" lon="5.7617183"><ele>740.22</ele></trkpt>
<trkpt lat="43.3291617" lon="5.7617617"><ele>739.55</ele></trkpt>
<trkpt lat="43.329155" lon="5.76181"><ele>738.8</ele></trkpt>
<trkpt lat="43.32915" lon="5.761858299999999"><ele>738.29</ele></trkpt>
<trkpt lat="43.32915" lon="5.7619"><ele>737.98</ele></trkpt>
<trkpt lat="43.3291483" lon="5.761946699999999"><ele>737.58</ele></trkpt>
<trkpt lat="43.3291433" lon="5.761991699999999"><ele>737.02</ele></trkpt>
<trkpt lat="43.3291317" lon="5.762026700000001"><ele>736.71</ele></trkpt>
<trkpt lat="43.3291067" lon="5.7620583"><ele>736.21</ele></trkpt>
<trkpt lat="43.3291" lon="5.762098299999999"><ele>735.85</ele></trkpt>
<trkpt lat="43.3290917" lon="5.76214"><ele>735.84</ele></trkpt>
<trkpt lat="43.32907" lon="5.7621767"><ele>735.91</ele></trkpt>
<trkpt lat="43.3290417" lon="5.7622133"><ele>736.21</ele></trkpt>
<trkpt lat="43.3290183" lon="5.7622383"><ele>736.4</ele></trkpt>
<trkpt lat="43.3289983" lon="5.762279999999999"><ele>737</ele></trkpt>
<trkpt lat="43.32898" lon="5.76232"><ele>737.42</ele></trkpt>
<trkpt lat="43.3289583" lon="5.7623467"><ele>737.8</ele></trkpt>
<trkpt lat="43.3289533" lon="5.7623883"><ele>738.27</ele></trkpt>
<trkpt lat="43.328935" lon="5.76242"><ele>738.54</ele></trkpt>
<trkpt lat="43.328905" lon="5.7624233"><ele>739.54</ele></trkpt>
<trkpt lat="43.32888" lon="5.762448300000001"><ele>740.19</ele></trkpt>
<trkpt lat="43.3288683" lon="5.7624933"><ele>741.27</ele></trkpt>
<trkpt lat="43.3288933" lon="5.7625217"><ele>743.23</ele></trkpt>
<trkpt lat="43.3288633" lon="5.7625483"><ele>744.06</ele></trkpt>
<trkpt lat="43.3288567" lon="5.7625917"><ele>745.82</ele></trkpt>
<trkpt lat="43.3288767" lon="5.762623299999999"><ele>746.34</ele></trkpt>
<trkpt lat="43.3289" lon="5.762645"><ele>746.41</ele></trkpt>
<trkpt lat="43.3288883" lon="5.76269"><ele>746.97</ele></trkpt>
<trkpt lat="43.3288717" lon="5.7627267"><ele>747.08</ele></trkpt>
<trkpt lat="43.32886" lon="5.76277"><ele>746.87</ele></trkpt>
<trkpt lat="43.32888" lon="5.762795"><ele>747.04</ele></trkpt>
<trkpt lat="43.3288967" lon="5.762825"><ele>747.89</ele></trkpt>
<trkpt lat="43.3289233" lon="5.762845000000001"><ele>750.17</ele></trkpt>
<trkpt lat="43.3289183" lon="5.7628817"><ele>750.99</ele></trkpt>
<trkpt lat="43.3288967" lon="5.7629067"><ele>751.16</ele></trkpt>
<trkpt lat="43.3289267" lon="5.7629683"><ele>751.9</ele></trkpt>
<trkpt lat="43.328945" lon="5.7630067"><ele>752.76</ele></trkpt>
<trkpt lat="43.3289683" lon="5.7630333"><ele>753.36</ele></trkpt>
<trkpt lat="43.3289917" lon="5.7630683"><ele>753.96</ele></trkpt>
<trkpt lat="43.3290083" lon="5.763098299999999"><ele>754.67</ele></trkpt>
<trkpt lat="43.3290333" lon="5.763116700000001"><ele>755.28</ele></trkpt>
<trkpt lat="43.329065" lon="5.763135"><ele>755.83</ele></trkpt>
<trkpt lat="43.3290733" lon="5.7631733"><ele>756.56</ele></trkpt>
<trkpt lat="43.3290717" lon="5.7632133"><ele>757.4</ele></trkpt>
<trkpt lat="43.3290933" lon="5.7632467"><ele>758.27</ele></trkpt>
<trkpt lat="43.3291117" lon="5.7632817"><ele>758.89</ele></trkpt>
<trkpt lat="43.3290533" lon="5.763324999999999"><ele>761.88</ele></trkpt>
<trkpt lat="43.3290867" lon="5.76331"><ele>762.93</ele></trkpt>
<trkpt lat="43.32908" lon="5.76335"><ele>761.71</ele></trkpt>
<trkpt lat="43.3290767" lon="5.7633933"><ele>761.32</ele></trkpt>
<trkpt lat="43.3290783" lon="5.7634317"><ele>761.5</ele></trkpt>
<trkpt lat="43.3290567" lon="5.763460000000001"><ele>761.77</ele></trkpt>
<trkpt lat="43.3290283" lon="5.763473299999999"><ele>762.08</ele></trkpt>
<trkpt lat="43.3289983" lon="5.7634767"><ele>762.49</ele></trkpt>
<trkpt lat="43.3289733" lon="5.763505000000001"><ele>763.24</ele></trkpt>
<trkpt lat="43.328955" lon="5.763533299999999"><ele>762.86</ele></trkpt>
<trkpt lat="43.3289383" lon="5.763564999999999"><ele>762.68</ele></trkpt>
<trkpt lat="43.3289017" lon="5.763564999999999"><ele>762.7399999999999</ele></trkpt>
<trkpt lat="43.3288767" lon="5.763545"><ele>762.25</ele></trkpt>
<trkpt lat="43.328855" lon="5.763518300000001"><ele>762.91</ele></trkpt>
<trkpt lat="43.328825" lon="5.763516699999999"><ele>762.94</ele></trkpt>
<trkpt lat="43.3287983" lon="5.7635367"><ele>762.57</ele></trkpt>
<trkpt lat="43.32877" lon="5.7635233"><ele>761.9</ele></trkpt>
<trkpt lat="43.32875" lon="5.7634983"><ele>761.42</ele></trkpt>
<trkpt lat="43.3286633" lon="5.7634067"><ele>762.34</ele></trkpt>
<trkpt lat="43.3286567" lon="5.7633667"><ele>764.35</ele></trkpt>
<trkpt lat="43.3286267" lon="5.763345"><ele>766.07</ele></trkpt>
<trkpt lat="43.3285983" lon="5.7633233"><ele>766.75</ele></trkpt>
<trkpt lat="43.32859" lon="5.7632717"><ele>767.45</ele></trkpt>
<trkpt lat="43.3285883" lon="5.76323"><ele>769.23</ele></trkpt>
<trkpt lat="43.32857" lon="5.763189999999999"><ele>771.09</ele></trkpt>
<trkpt lat="43.3285433" lon="5.763161700000001"><ele>771.57</ele></trkpt>
<trkpt lat="43.3285133" lon="5.763154999999999"><ele>771.94</ele></trkpt>
<trkpt lat="43.328495" lon="5.7631917"><ele>777.21</ele></trkpt>
<trkpt lat="43.3285117" lon="5.7631533"><ele>778.45</ele></trkpt>
<trkpt lat="43.3285267" lon="5.76311"><ele>777.63</ele></trkpt>
<trkpt lat="43.3285217" lon="5.7630683"><ele>776.8399999999999</ele></trkpt>
<trkpt lat="43.3285067" lon="5.7630367"><ele>776.59</ele></trkpt>
<trkpt lat="43.3284733" lon="5.7630133"><ele>775.91</ele></trkpt>
<trkpt lat="43.3284533" lon="5.7629883"><ele>775.34</ele></trkpt>
<trkpt lat="43.3284233" lon="5.762965"><ele>774.44</ele></trkpt>
<trkpt lat="43.328395" lon="5.76296"><ele>774.34</ele></trkpt>
<trkpt lat="43.3283717" lon="5.762935"><ele>774.52</ele></trkpt>
<trkpt lat="43.3283567" lon="5.7629017"><ele>774.29</ele></trkpt>
<trkpt lat="43.3283267" lon="5.7628667"><ele>774.34</ele></trkpt>
<trkpt lat="43.3282917" lon="5.762848300000001"><ele>774.03</ele></trkpt>
<trkpt lat="43.32826" lon="5.762835000000001"><ele>774.3</ele></trkpt>
<trkpt lat="43.3282817" lon="5.762865"><ele>775.46</ele></trkpt>
<trkpt lat="43.328235" lon="5.7629433"><ele>779.32</ele></trkpt>
<trkpt lat="43.3281617" lon="5.7629467"><ele>782.51</ele></trkpt>
<trkpt lat="43.3281383" lon="5.7629267"><ele>783.3999999999999</ele></trkpt>
<trkpt lat="43.32811" lon="5.7628883"><ele>782.5799999999999</ele></trkpt>
<trkpt lat="43.3280883" lon="5.7628617"><ele>782.3799999999999</ele></trkpt>
<trkpt lat="43.3280583" lon="5.762835000000001"><ele>783.1499999999999</ele></trkpt>
<trkpt lat="43.3280383" lon="5.7627983"><ele>783.73</ele></trkpt>
<trkpt lat="43.3280167" lon="5.762766699999999"><ele>784.16</ele></trkpt>
<trkpt lat="43.327995" lon="5.762731700000001"><ele>784.6199999999999</ele></trkpt>
<trkpt lat="43.3279767" lon="5.7626933"><ele>785.1899999999999</ele></trkpt>
<trkpt lat="43.32795" lon="5.76268"><ele>785.65</ele></trkpt>
<trkpt lat="43.32792" lon="5.7626633"><ele>787.46</ele></trkpt>
<trkpt lat="43.3279" lon="5.7626383"><ele>788.05</ele></trkpt>
<trkpt lat="43.32788" lon="5.762606699999999"><ele>788.3</ele></trkpt>
<trkpt lat="43.3278683" lon="5.76257"><ele>788.93</ele></trkpt>
<trkpt lat="43.327835" lon="5.7625783"><ele>789.1599999999999</ele></trkpt>
<trkpt lat="43.32783" lon="5.76254"><ele>790.32</ele></trkpt>
<trkpt lat="43.3278117" lon="5.7625067"><ele>790.91</ele></trkpt>
<trkpt lat="43.3277817" lon="5.76248"><ele>791.43</ele></trkpt>
<trkpt lat="43.3277567" lon="5.762465"><ele>791.9499999999999</ele></trkpt>
<trkpt lat="43.3277283" lon="5.762455"><ele>792.07</ele></trkpt>
<trkpt lat="43.3277117" lon="5.7624233"><ele>792.43</ele></trkpt>
<trkpt lat="43.3276883" lon="5.762400000000001"><ele>793.5600000000001</ele></trkpt>
<trkpt lat="43.3276633" lon="5.7623767"><ele>794.09</ele></trkpt>
<trkpt lat="43.327645" lon="5.762345"><ele>795.2</ele></trkpt>
<trkpt lat="43.3275783" lon="5.7623417"><ele>796.1000000000001</ele></trkpt>
<trkpt lat="43.32755" lon="5.7623317"><ele>797.17</ele></trkpt>
<trkpt lat="43.3275233" lon="5.762321699999999"><ele>796.96</ele></trkpt>
<trkpt lat="43.327495" lon="5.7623017"><ele>796.9399999999999</ele></trkpt>
<trkpt lat="43.3274683" lon="5.762279999999999"><ele>797.0599999999998</ele></trkpt>
<trkpt lat="43.3274917" lon="5.76225"><ele>797.52</ele></trkpt>
<trkpt lat="43.3274633" lon="5.7622417"><ele>799.2</ele></trkpt>
<trkpt lat="43.327445" lon="5.76227"><ele>799.56</ele></trkpt>
<trkpt lat="43.3274167" lon="5.762278300000001"><ele>800.5599999999998</ele></trkpt>
<trkpt lat="43.3274767" lon="5.7622883"><ele>803.44</ele></trkpt>
<trkpt lat="43.3275417" lon="5.76221"><ele>804.7899999999998</ele></trkpt>
<trkpt lat="43.3275067" lon="5.762276699999999"><ele>806.68</ele></trkpt>
<trkpt lat="43.3275883" lon="5.762235"><ele>808.23</ele></trkpt>
<trkpt lat="43.3275583" lon="5.762255000000001"><ele>808.16</ele></trkpt>
<trkpt lat="43.3275283" lon="5.7622617"><ele>808.23</ele></trkpt>
<trkpt lat="43.3274917" lon="5.762278300000001"><ele>808.08</ele></trkpt>
<trkpt lat="43.3274667" lon="5.762295"><ele>807.6999999999999</ele></trkpt>
<trkpt lat="43.3274983" lon="5.7623"><ele>808.1199999999999</ele></trkpt>
<trkpt lat="43.3274967" lon="5.762255000000001"><ele>810.9199999999998</ele></trkpt>
<trkpt lat="43.3275417" lon="5.7622633"><ele>812.0199999999999</ele></trkpt>
<trkpt lat="43.3275217" lon="5.7622917"><ele>817.02</ele></trkpt>
<trkpt lat="43.3275533" lon="5.762255000000001"><ele>818.42</ele></trkpt>
<trkpt lat="43.3275833" lon="5.7622483"><ele>816.2700000000001</ele></trkpt>
<trkpt lat="43.3276167" lon="5.762276699999999"><ele>814.3299999999999</ele></trkpt>
<trkpt lat="43.3275867" lon="5.7622833"><ele>807.91</ele></trkpt>
<trkpt lat="43.327495" lon="5.7623033"><ele>798.7100000000002</ele></trkpt>
<trkpt lat="43.3274683" lon="5.762310000000001"><ele>799.32</ele></trkpt>
<trkpt lat="43.3275383" lon="5.7623183"><ele>802.41</ele></trkpt>
<trkpt lat="43.3275117" lon="5.762311700000001"><ele>803.76</ele></trkpt>
<trkpt lat="43.3274717" lon="5.762305"><ele>803.98</ele></trkpt>
<trkpt lat="43.3275017" lon="5.7623283"><ele>803.8</ele></trkpt>
<trkpt lat="43.3275333" lon="5.7623417"><ele>802.5499999999998</ele></trkpt>
<trkpt lat="43.3275667" lon="5.762345"><ele>801.57</ele></trkpt>
<trkpt lat="43.327565" lon="5.76241"><ele>800.53</ele></trkpt>
<trkpt lat="43.32754" lon="5.7624317"><ele>800.24</ele></trkpt>
<trkpt lat="43.3275083" lon="5.7624633"><ele>800.05</ele></trkpt>
<trkpt lat="43.3274917" lon="5.7625017"><ele>799.84</ele></trkpt>
<trkpt lat="43.32747" lon="5.7625283"><ele>800.4899999999999</ele></trkpt>
<trkpt lat="43.3274383" lon="5.7625367"><ele>801.03</ele></trkpt>
<trkpt lat="43.3274433" lon="5.7625783"><ele>803.81</ele></trkpt>
<trkpt lat="43.3274717" lon="5.762608300000001"><ele>803.84</ele></trkpt>
<trkpt lat="43.32748" lon="5.762651700000001"><ele>804.0699999999999</ele></trkpt>
<trkpt lat="43.3274567" lon="5.7626833"><ele>803.93</ele></trkpt>
<trkpt lat="43.3274667" lon="5.7627217"><ele>803.68</ele></trkpt>
<trkpt lat="43.32746" lon="5.762765"><ele>803.47</ele></trkpt>
<trkpt lat="43.3274833" lon="5.762790000000001"><ele>803.9499999999999</ele></trkpt>
<trkpt lat="43.3275083" lon="5.76282"><ele>804.2699999999999</ele></trkpt>
<trkpt lat="43.3274983" lon="5.762856699999999"><ele>805.12</ele></trkpt>
<trkpt lat="43.327505" lon="5.7628967"><ele>806.27</ele></trkpt>
<trkpt lat="43.327505" lon="5.7629417"><ele>807.55</ele></trkpt>
<trkpt lat="43.3275067" lon="5.762981700000001"><ele>808.9399999999999</ele></trkpt>
<trkpt lat="43.327525" lon="5.7630133"><ele>810.1799999999998</ele></trkpt>
<trkpt lat="43.3275183" lon="5.763055"><ele>811.98</ele></trkpt>
<trkpt lat="43.3275717" lon="5.7631533"><ele>811.88</ele></trkpt>
<trkpt lat="43.327575" lon="5.763195"><ele>811.53</ele></trkpt>
<trkpt lat="43.327565" lon="5.763234999999999"><ele>812.28</ele></trkpt>
<trkpt lat="43.327555" lon="5.76327"><ele>813.0400000000001</ele></trkpt>
<trkpt lat="43.3275767" lon="5.763293299999999"><ele>813.77</ele></trkpt>
<trkpt lat="43.327605" lon="5.7633017"><ele>814.7100000000002</ele></trkpt>
<trkpt lat="43.3276417" lon="5.76331"><ele>815.54</ele></trkpt>
<trkpt lat="43.3276783" lon="5.7633333"><ele>816.05</ele></trkpt>
<trkpt lat="43.327705" lon="5.7633517"><ele>816.2199999999999</ele></trkpt>
<trkpt lat="43.3277367" lon="5.763383299999999"><ele>816.6200000000001</ele></trkpt>
<trkpt lat="43.32774" lon="5.7634233"><ele>816.8</ele></trkpt>
<trkpt lat="43.3277233" lon="5.7634583"><ele>817.1</ele></trkpt>
<trkpt lat="43.3277283" lon="5.763495000000001"><ele>817.91</ele></trkpt>
<trkpt lat="43.3277367" lon="5.7635367"><ele>818.1099999999999</ele></trkpt>
<trkpt lat="43.3277217" lon="5.7635683"><ele>818.3999999999999</ele></trkpt>
<trkpt lat="43.32774" lon="5.7636133"><ele>818.57</ele></trkpt>
<trkpt lat="43.32774" lon="5.763655000000001"><ele>818.9199999999998</ele></trkpt>
<trkpt lat="43.327755" lon="5.7636917"><ele>819.2699999999999</ele></trkpt>
<trkpt lat="43.3277817" lon="5.763711699999999"><ele>819.5999999999999</ele></trkpt>
<trkpt lat="43.327785" lon="5.763755"><ele>820.98</ele></trkpt>
<trkpt lat="43.3277983" lon="5.7637883"><ele>821.5299999999999</ele></trkpt>
<trkpt lat="43.3278083" lon="5.7638233"><ele>821.6899999999999</ele></trkpt>
<trkpt lat="43.3278133" lon="5.763863299999999"><ele>822.04</ele></trkpt>
<trkpt lat="43.3278117" lon="5.763904999999999"><ele>822.2</ele></trkpt>
<trkpt lat="43.327825" lon="5.7639433"><ele>822.82</ele></trkpt>
<trkpt lat="43.3278317" lon="5.763981700000001"><ele>823.56</ele></trkpt>
<trkpt lat="43.3278183" lon="5.764015"><ele>823.81</ele></trkpt>
<trkpt lat="43.3278383" lon="5.76404"><ele>824.35</ele></trkpt>
<trkpt lat="43.3278683" lon="5.7640583"><ele>824.92</ele></trkpt>
<trkpt lat="43.327895" lon="5.764085"><ele>825.45</ele></trkpt>
<trkpt lat="43.3279183" lon="5.764110000000001"><ele>826.1800000000001</ele></trkpt>
<trkpt lat="43.3279167" lon="5.7641517"><ele>826.3999999999999</ele></trkpt>
<trkpt lat="43.3279017" lon="5.764189999999999"><ele>826.4600000000002</ele></trkpt>
<trkpt lat="43.3279167" lon="5.76424"><ele>826.17</ele></trkpt>
<trkpt lat="43.3279433" lon="5.764265"><ele>826.14</ele></trkpt>
<trkpt lat="43.3279717" lon="5.764294999999999"><ele>826.1800000000001</ele></trkpt>
<trkpt lat="43.3279917" lon="5.7643333"><ele>826.3299999999999</ele></trkpt>
<trkpt lat="43.3280117" lon="5.7643617"><ele>826.43</ele></trkpt>
<trkpt lat="43.3280133" lon="5.7644"><ele>826.5300000000001</ele></trkpt>
<trkpt lat="43.32801" lon="5.7644533"><ele>826.7</ele></trkpt>
<trkpt lat="43.328025" lon="5.76449"><ele>827.06</ele></trkpt>
<trkpt lat="43.3280383" lon="5.7645267"><ele>827.48</ele></trkpt>
<trkpt lat="43.3280483" lon="5.7645733"><ele>828.1199999999999</ele></trkpt>
<trkpt lat="43.3280667" lon="5.764615"><ele>828.8099999999998</ele></trkpt>
<trkpt lat="43.3280833" lon="5.7646467"><ele>829.1799999999998</ele></trkpt>
<trkpt lat="43.3281033" lon="5.7646733"><ele>829.23</ele></trkpt>
<trkpt lat="43.3281233" lon="5.7647067"><ele>829.6600000000001</ele></trkpt>
<trkpt lat="43.328125" lon="5.7647517"><ele>829.9299999999998</ele></trkpt>
<trkpt lat="43.32812" lon="5.7647883"><ele>830.2</ele></trkpt>
<trkpt lat="43.3281333" lon="5.7648233"><ele>830.66</ele></trkpt>
<trkpt lat="43.3281533" lon="5.7648567"><ele>831.19</ele></trkpt>
<trkpt lat="43.3281683" lon="5.7649"><ele>830.96</ele></trkpt>
<trkpt lat="43.3281667" lon="5.764940000000001"><ele>830.4799999999999</ele></trkpt>
<trkpt lat="43.3281717" lon="5.7649767"><ele>830.4799999999999</ele></trkpt>
<trkpt lat="43.3281917" lon="5.765015"><ele>831.38</ele></trkpt>
<trkpt lat="43.3281967" lon="5.76506"><ele>832</ele></trkpt>
<trkpt lat="43.328195" lon="5.7651067"><ele>831.94</ele></trkpt>
<trkpt lat="43.3282083" lon="5.765145"><ele>831.7899999999998</ele></trkpt>
<trkpt lat="43.3282233" lon="5.7651767"><ele>831.55</ele></trkpt>
<trkpt lat="43.3282433" lon="5.7652067"><ele>831.6699999999998</ele></trkpt>
<trkpt lat="43.3282333" lon="5.7652433"><ele>832.0699999999999</ele></trkpt>
<trkpt lat="43.3282117" lon="5.7652017"><ele>833.7799999999999</ele></trkpt>
<trkpt lat="43.3281883" lon="5.7651617"><ele>833.67</ele></trkpt>
<trkpt lat="43.3281717" lon="5.7651283"><ele>833.62</ele></trkpt>
<trkpt lat="43.328155" lon="5.7650917"><ele>834.2</ele></trkpt>
<trkpt lat="43.3281317" lon="5.765025"><ele>835.5399999999998</ele></trkpt>
<trkpt lat="43.3281" lon="5.765015"><ele>836.05</ele></trkpt>
<trkpt lat="43.3280417" lon="5.7649933"><ele>836.95</ele></trkpt>
<trkpt lat="43.3280483" lon="5.7649567"><ele>837.7</ele></trkpt>
<trkpt lat="43.328075" lon="5.76497"><ele>836.9099999999999</ele></trkpt>
<trkpt lat="43.3280233" lon="5.7649817"><ele>837.9299999999998</ele></trkpt>
<trkpt lat="43.3279967" lon="5.76497"><ele>838.79</ele></trkpt>
<trkpt lat="43.3279667" lon="5.7649567"><ele>839.61</ele></trkpt>
<trkpt lat="43.3279417" lon="5.764930000000001"><ele>839.4699999999999</ele></trkpt>
<trkpt lat="43.327925" lon="5.7648867"><ele>839.26</ele></trkpt>
<trkpt lat="43.3279133" lon="5.7648433"><ele>838.94</ele></trkpt>
<trkpt lat="43.3278817" lon="5.7648233"><ele>839.39</ele></trkpt>
<trkpt lat="43.3278617" lon="5.7647983"><ele>839.69</ele></trkpt>
<trkpt lat="43.327835" lon="5.76477"><ele>839.0199999999999</ele></trkpt>
<trkpt lat="43.3278083" lon="5.7647633"><ele>838.78</ele></trkpt>
<trkpt lat="43.32778" lon="5.76474"><ele>838.64</ele></trkpt>
<trkpt lat="43.3277533" lon="5.7647167"><ele>838.8999999999999</ele></trkpt>
<trkpt lat="43.32774" lon="5.76468"><ele>839.3300000000002</ele></trkpt>
<trkpt lat="43.3277217" lon="5.764641700000001"><ele>839.99</ele></trkpt>
<trkpt lat="43.3277017" lon="5.764615"><ele>840.4899999999999</ele></trkpt>
<trkpt lat="43.3276717" lon="5.764595"><ele>840.9899999999999</ele></trkpt>
<trkpt lat="43.32764" lon="5.764586700000001"><ele>841.38</ele></trkpt>
<trkpt lat="43.32762" lon="5.76456"><ele>842.47</ele></trkpt>
<trkpt lat="43.3276" lon="5.764525"><ele>843.3300000000002</ele></trkpt>
<trkpt lat="43.3275833" lon="5.7644933"><ele>844.3099999999998</ele></trkpt>
<trkpt lat="43.3275583" lon="5.7644683"><ele>846.6300000000001</ele></trkpt>
<trkpt lat="43.3275417" lon="5.7644367"><ele>848.45</ele></trkpt>
<trkpt lat="43.3275067" lon="5.7644117"><ele>849.5099999999999</ele></trkpt>
<trkpt lat="43.3274767" lon="5.7644"><ele>850.4999999999999</ele></trkpt>
<trkpt lat="43.327445" lon="5.76439"><ele>850.99</ele></trkpt>
<trkpt lat="43.3274167" lon="5.764371699999999"><ele>851.7199999999999</ele></trkpt>
<trkpt lat="43.3273917" lon="5.764336699999999"><ele>852.65</ele></trkpt>
<trkpt lat="43.3273617" lon="5.7643217"><ele>853.0899999999999</ele></trkpt>
<trkpt lat="43.3273367" lon="5.7643067"><ele>854.1100000000001</ele></trkpt>
<trkpt lat="43.3273083" lon="5.764293299999999"><ele>854.88</ele></trkpt>
<trkpt lat="43.3272767" lon="5.764279999999999"><ele>855.85</ele></trkpt>
<trkpt lat="43.32724" lon="5.7642717"><ele>856.42</ele></trkpt>
<trkpt lat="43.3272117" lon="5.764270000000001"><ele>856.6</ele></trkpt>
<trkpt lat="43.327185" lon="5.7642583"><ele>856.98</ele></trkpt>
<trkpt lat="43.3271583" lon="5.764246699999999"><ele>856.8</ele></trkpt>
<trkpt lat="43.3271383" lon="5.764215"><ele>856.5699999999999</ele></trkpt>
<trkpt lat="43.3271133" lon="5.764195"><ele>856.5599999999998</ele></trkpt>
<trkpt lat="43.3270767" lon="5.764211700000001"><ele>856.61</ele></trkpt>
<trkpt lat="43.3271917" lon="5.764189999999999"><ele>864.5699999999999</ele></trkpt>
<trkpt lat="43.3272633" lon="5.76416"><ele>868.7</ele></trkpt>
<trkpt lat="43.32717" lon="5.764176700000001"><ele>870.29</ele></trkpt>
<trkpt lat="43.327195" lon="5.764193299999999"><ele>872.05</ele></trkpt>
<trkpt lat="43.3272133" lon="5.764221700000001"><ele>872.46</ele></trkpt>
<trkpt lat="43.3272317" lon="5.7642583"><ele>872.08</ele></trkpt>
<trkpt lat="43.3272533" lon="5.7642867"><ele>871.58</ele></trkpt>
<trkpt lat="43.32727" lon="5.7643233"><ele>870.9199999999998</ele></trkpt>
<trkpt lat="43.3272883" lon="5.7643533"><ele>870.41</ele></trkpt>
<trkpt lat="43.32731" lon="5.76438"><ele>869.91</ele></trkpt>
<trkpt lat="43.327325" lon="5.7644117"><ele>869.74</ele></trkpt>
<trkpt lat="43.3273417" lon="5.764455"><ele>869.81</ele></trkpt>
<trkpt lat="43.3273417" lon="5.764498300000001"><ele>869.9300000000001</ele></trkpt>
<trkpt lat="43.3273717" lon="5.7645117"><ele>869.64</ele></trkpt>
<trkpt lat="43.3274017" lon="5.7645367"><ele>869.54</ele></trkpt>
<trkpt lat="43.3274283" lon="5.7645617"><ele>869.27</ele></trkpt>
<trkpt lat="43.3274483" lon="5.764596700000001"><ele>868.7399999999999</ele></trkpt>
<trkpt lat="43.3274317" lon="5.764631700000001"><ele>868.71</ele></trkpt>
<trkpt lat="43.3274067" lon="5.76466"><ele>869.1099999999999</ele></trkpt>
<trkpt lat="43.32738" lon="5.7646717"><ele>870.3800000000001</ele></trkpt>
<trkpt lat="43.3273617" lon="5.764641700000001"><ele>871.19</ele></trkpt>
<trkpt lat="43.3273467" lon="5.764596700000001"><ele>872.4700000000001</ele></trkpt>
<trkpt lat="43.3272317" lon="5.764564999999999"><ele>874.04</ele></trkpt>
<trkpt lat="43.32721" lon="5.76454"><ele>873.6799999999998</ele></trkpt>
<trkpt lat="43.3271833" lon="5.7645283"><ele>872.97</ele></trkpt>
<trkpt lat="43.3271317" lon="5.7645433"><ele>872.5099999999999</ele></trkpt>
<trkpt lat="43.327105" lon="5.7645283"><ele>871.9500000000002</ele></trkpt>
<trkpt lat="43.3270833" lon="5.7645033"><ele>871.69</ele></trkpt>
<trkpt lat="43.327045" lon="5.7644933"><ele>871.34</ele></trkpt>
<trkpt lat="43.32707" lon="5.764515"><ele>871.6000000000001</ele></trkpt>
<trkpt lat="43.3270817" lon="5.76455"><ele>872.19</ele></trkpt>
<trkpt lat="43.3270817" lon="5.7645883"><ele>872.72</ele></trkpt>
<trkpt lat="43.3270733" lon="5.76463"><ele>872.8599999999999</ele></trkpt>
<trkpt lat="43.327095" lon="5.7646617"><ele>873.67</ele></trkpt>
<trkpt lat="43.3270617" lon="5.764564999999999"><ele>878.31</ele></trkpt>
<trkpt lat="43.3270367" lon="5.7645383"><ele>881.41</ele></trkpt>
<trkpt lat="43.32701" lon="5.76451"><ele>881.7</ele></trkpt>
<trkpt lat="43.3269983" lon="5.76447"><ele>881.7299999999999</ele></trkpt>
<trkpt lat="43.3269767" lon="5.764568299999999"><ele>883.18</ele></trkpt>
<trkpt lat="43.3269567" lon="5.764600000000001"><ele>884.03</ele></trkpt>
<trkpt lat="43.326935" lon="5.7645733"><ele>883.8699999999999</ele></trkpt>
<trkpt lat="43.32695" lon="5.7645383"><ele>884.7599999999999</ele></trkpt>
<trkpt lat="43.3269533" lon="5.7644917"><ele>886.1499999999999</ele></trkpt>
<trkpt lat="43.32694" lon="5.7644583"><ele>886.3999999999999</ele></trkpt>
<trkpt lat="43.3269217" lon="5.764418300000001"><ele>886.27</ele></trkpt>
<trkpt lat="43.326895" lon="5.7643983"><ele>886.04</ele></trkpt>
<trkpt lat="43.32687" lon="5.7643767"><ele>885.54</ele></trkpt>
<trkpt lat="43.3268467" lon="5.7643567"><ele>885.4299999999998</ele></trkpt>
<trkpt lat="43.32685" lon="5.7642633"><ele>899.6199999999999</ele></trkpt>
<trkpt lat="43.32682" lon="5.764255"><ele>899.9899999999999</ele></trkpt>
<trkpt lat="43.32679" lon="5.764275"><ele>901.7999999999998</ele></trkpt>
<trkpt lat="43.3267667" lon="5.7643033"><ele>903.15</ele></trkpt>
<trkpt lat="43.3267867" lon="5.76433"><ele>903.92</ele></trkpt>
<trkpt lat="43.326825" lon="5.76432"><ele>904.46</ele></trkpt>
<trkpt lat="43.326905" lon="5.76433"><ele>908.03</ele></trkpt>
<trkpt lat="43.3268983" lon="5.764291699999999"><ele>910.14</ele></trkpt>
<trkpt lat="43.3268933" lon="5.7642267"><ele>912.3599999999999</ele></trkpt>
<trkpt lat="43.3269233" lon="5.7641883"><ele>913.67</ele></trkpt>
<trkpt lat="43.3269217" lon="5.7641467"><ele>914.63</ele></trkpt>
<trkpt lat="43.32695" lon="5.764144999999999"><ele>916.29</ele></trkpt>
<trkpt lat="43.32694" lon="5.764213300000001"><ele>915.8399999999999</ele></trkpt>
<trkpt lat="43.326965" lon="5.7642283"><ele>915.9</ele></trkpt>
<trkpt lat="43.3269567" lon="5.764178300000001"><ele>915.23</ele></trkpt>
<trkpt lat="43.326915" lon="5.764248299999999"><ele>914.89</ele></trkpt>
<trkpt lat="43.32684" lon="5.7642333"><ele>915.4</ele></trkpt>
<trkpt lat="43.3268183" lon="5.7642067"><ele>915.7</ele></trkpt>
<trkpt lat="43.326825" lon="5.764168300000001"><ele>915.59</ele></trkpt>
<trkpt lat="43.3268483" lon="5.764131699999999"><ele>915.2899999999998</ele></trkpt>
<trkpt lat="43.3268783" lon="5.7641167"><ele>915.1700000000001</ele></trkpt>
<trkpt lat="43.3269033" lon="5.7641017"><ele>915.1399999999999</ele></trkpt>
<trkpt lat="43.3269333" lon="5.764086699999999"><ele>915.42</ele></trkpt>
<trkpt lat="43.3269617" lon="5.764099999999999"><ele>917.77</ele></trkpt>
<trkpt lat="43.3269833" lon="5.764125"><ele>918.18</ele></trkpt>
<trkpt lat="43.327025" lon="5.7641533"><ele>919.76</ele></trkpt>
<trkpt lat="43.3270133" lon="5.764095"><ele>920.8400000000001</ele></trkpt>
<trkpt lat="43.327045" lon="5.76409"><ele>920.55</ele></trkpt>
<trkpt lat="43.3270717" lon="5.7640833"><ele>921.25</ele></trkpt>
<trkpt lat="43.3270383" lon="5.764088300000001"><ele>922.01</ele></trkpt>
<trkpt lat="43.32695" lon="5.76406"><ele>915.76</ele></trkpt>
<trkpt lat="43.326865" lon="5.7641433"><ele>908.1</ele></trkpt>
<trkpt lat="43.3268683" lon="5.7641867"><ele>908.1899999999999</ele></trkpt>
<trkpt lat="43.3269017" lon="5.7642067"><ele>908.85</ele></trkpt>
<trkpt lat="43.32693" lon="5.764211700000001"><ele>909.2799999999999</ele></trkpt>
<trkpt lat="43.3269217" lon="5.764248299999999"><ele>909.64</ele></trkpt>
<trkpt lat="43.3268817" lon="5.76431"><ele>910.43</ele></trkpt>
<trkpt lat="43.3269067" lon="5.76429"><ele>911.34</ele></trkpt>
<trkpt lat="43.3269367" lon="5.76429"><ele>911.76</ele></trkpt>
<trkpt lat="43.3269667" lon="5.764293299999999"><ele>910.98</ele></trkpt>
<trkpt lat="43.3269867" lon="5.76432"><ele>910.47</ele></trkpt>
<trkpt lat="43.3270183" lon="5.7643317"><ele>911.2899999999998</ele></trkpt>
<trkpt lat="43.3270333" lon="5.764365"><ele>911.7899999999998</ele></trkpt>
<trkpt lat="43.3270533" lon="5.76441"><ele>911.9</ele></trkpt>
<trkpt lat="43.32707" lon="5.7644483"><ele>912.1399999999999</ele></trkpt>
<trkpt lat="43.3270917" lon="5.7644717"><ele>911.9699999999999</ele></trkpt>
<trkpt lat="43.3270617" lon="5.7644817"><ele>911.7399999999999</ele></trkpt>
<trkpt lat="43.3270783" lon="5.7644333"><ele>911.73</ele></trkpt>
<trkpt lat="43.327055" lon="5.7643983"><ele>911.73</ele></trkpt>
<trkpt lat="43.3270567" lon="5.7643583"><ele>911.5399999999998</ele></trkpt>
<trkpt lat="43.3271017" lon="5.7643583"><ele>911.3899999999999</ele></trkpt>
<trkpt lat="43.3270967" lon="5.7643167"><ele>910.68</ele></trkpt>
<trkpt lat="43.3271067" lon="5.764281699999999"><ele>910.6199999999999</ele></trkpt>
<trkpt lat="43.3271117" lon="5.764325000000001"><ele>906.06</ele></trkpt>
<trkpt lat="43.3270983" lon="5.7643583"><ele>905.0900000000001</ele></trkpt>
<trkpt lat="43.3271133" lon="5.7643983"><ele>904.58</ele></trkpt>
<trkpt lat="43.3271383" lon="5.764450000000001"><ele>898.27</ele></trkpt>
<trkpt lat="43.3271417" lon="5.7644067"><ele>897.51</ele></trkpt>
<trkpt lat="43.3271217" lon="5.76435"><ele>897.8799999999999</ele></trkpt>
<trkpt lat="43.3271183" lon="5.76431"><ele>898.28</ele></trkpt>
<trkpt lat="43.327135" lon="5.7643417"><ele>893.94</ele></trkpt>
<trkpt lat="43.3271733" lon="5.76435"><ele>893.15</ele></trkpt>
<trkpt lat="43.3272033" lon="5.7643617"><ele>892.54</ele></trkpt>
<trkpt lat="43.32723" lon="5.764371699999999"><ele>891.8899999999999</ele></trkpt>
<trkpt lat="43.3272383" lon="5.76441"><ele>889.8999999999999</ele></trkpt>
<trkpt lat="43.32726" lon="5.76444"><ele>888.02</ele></trkpt>
<trkpt lat="43.327285" lon="5.7644667"><ele>885.35</ele></trkpt>
<trkpt lat="43.32731" lon="5.7644967"><ele>882.49</ele></trkpt>
<trkpt lat="43.32733" lon="5.764525"><ele>881.31</ele></trkpt>
<trkpt lat="43.3273567" lon="5.764541700000001"><ele>880.13</ele></trkpt>
<trkpt lat="43.327385" lon="5.764555000000001"><ele>878.97</ele></trkpt>
<trkpt lat="43.327415" lon="5.764566699999999"><ele>877.99</ele></trkpt>
<trkpt lat="43.327445" lon="5.764553300000001"><ele>875.84</ele></trkpt>
<trkpt lat="43.3274167" lon="5.7645283"><ele>872.6899999999999</ele></trkpt>
<trkpt lat="43.3273917" lon="5.7645117"><ele>872.03</ele></trkpt>
<trkpt lat="43.3273633" lon="5.7644967"><ele>870.86</ele></trkpt>
<trkpt lat="43.32734" lon="5.7644717"><ele>870.24</ele></trkpt>
<trkpt lat="43.3273083" lon="5.7644533"><ele>868.9599999999999</ele></trkpt>
<trkpt lat="43.32728" lon="5.7644417"><ele>867.86</ele></trkpt>
<trkpt lat="43.32725" lon="5.7644"><ele>867.63</ele></trkpt>
<trkpt lat="43.32724" lon="5.7643617"><ele>866.72</ele></trkpt>
<trkpt lat="43.3272183" lon="5.764328299999999"><ele>866.09</ele></trkpt>
<trkpt lat="43.327205" lon="5.764293299999999"><ele>865.37</ele></trkpt>
<trkpt lat="43.3271917" lon="5.7642533"><ele>864.18</ele></trkpt>
<trkpt lat="43.327155" lon="5.7642417"><ele>863.5199999999999</ele></trkpt>
<trkpt lat="43.3271367" lon="5.7642067"><ele>862.9199999999998</ele></trkpt>
<trkpt lat="43.32711" lon="5.7641867"><ele>862.4799999999999</ele></trkpt>
<trkpt lat="43.3271333" lon="5.764155"><ele>862.74</ele></trkpt>
<trkpt lat="43.3271717" lon="5.764155"><ele>863.23</ele></trkpt>
<trkpt lat="43.32721" lon="5.7641617"><ele>863.0999999999999</ele></trkpt>
<trkpt lat="43.32724" lon="5.7641833"><ele>862.6499999999999</ele></trkpt>
<trkpt lat="43.32726" lon="5.764211700000001"><ele>862.45</ele></trkpt>
<trkpt lat="43.3272867" lon="5.7642283"><ele>862.3299999999999</ele></trkpt>
<trkpt lat="43.3273133" lon="5.7642183"><ele>861.67</ele></trkpt>
<trkpt lat="43.3273433" lon="5.7642183"><ele>861.54</ele></trkpt>
<trkpt lat="43.3273717" lon="5.7642317"><ele>861.04</ele></trkpt>
<trkpt lat="43.3274033" lon="5.764234999999999"><ele>860.25</ele></trkpt>
<trkpt lat="43.3274367" lon="5.7642317"><ele>859.81</ele></trkpt>
<trkpt lat="43.3274633" lon="5.764248299999999"><ele>859.4499999999999</ele></trkpt>
<trkpt lat="43.3274917" lon="5.764266700000001"><ele>858.9199999999998</ele></trkpt>
<trkpt lat="43.3275083" lon="5.7643067"><ele>858.02</ele></trkpt>
<trkpt lat="43.3275317" lon="5.7643317"><ele>857.59</ele></trkpt>
<trkpt lat="43.3275583" lon="5.76435"><ele>856.98</ele></trkpt>
<trkpt lat="43.3275833" lon="5.764375"><ele>856.5699999999999</ele></trkpt>
<trkpt lat="43.3276067" lon="5.7643967"><ele>856.53</ele></trkpt>
<trkpt lat="43.3276283" lon="5.7644267"><ele>856.4700000000001</ele></trkpt>
<trkpt lat="43.3276483" lon="5.7644533"><ele>856.2399999999999</ele></trkpt>
<trkpt lat="43.327675" lon="5.7644683"><ele>856.2399999999999</ele></trkpt>
<trkpt lat="43.3277033" lon="5.764474999999999"><ele>856.2399999999999</ele></trkpt>
<trkpt lat="43.32773" lon="5.76449"><ele>856.2399999999999</ele></trkpt>
<trkpt lat="43.327755" lon="5.764508300000001"><ele>856.0699999999999</ele></trkpt>
<trkpt lat="43.3277767" lon="5.764533299999999"><ele>855.68</ele></trkpt>
<trkpt lat="43.3277967" lon="5.76456"><ele>854.97</ele></trkpt>
<trkpt lat="43.3278167" lon="5.7645917"><ele>854.8299999999999</ele></trkpt>
<trkpt lat="43.3278367" lon="5.7646167"><ele>854.6499999999999</ele></trkpt>
<trkpt lat="43.3278517" lon="5.76466"><ele>854.29</ele></trkpt>
<trkpt lat="43.3278717" lon="5.764690000000001"><ele>853.4100000000001</ele></trkpt>
<trkpt lat="43.3278967" lon="5.764713299999999"><ele>852.4899999999999</ele></trkpt>
<trkpt lat="43.32792" lon="5.7647367"><ele>851.66</ele></trkpt>
<trkpt lat="43.3279517" lon="5.764748300000001"><ele>851.38</ele></trkpt>
<trkpt lat="43.3279783" lon="5.7647767"><ele>850.72</ele></trkpt>
<trkpt lat="43.3279883" lon="5.764816699999999"><ele>849.08</ele></trkpt>
<trkpt lat="43.3279833" lon="5.76486"><ele>848.88</ele></trkpt>
<trkpt lat="43.32801" lon="5.7648733"><ele>848.51</ele></trkpt>
<trkpt lat="43.3280417" lon="5.764875"><ele>847.5199999999999</ele></trkpt>
<trkpt lat="43.3280717" lon="5.764895000000001"><ele>846.16</ele></trkpt>
<trkpt lat="43.3281" lon="5.7649183"><ele>844.9</ele></trkpt>
<trkpt lat="43.328125" lon="5.764951699999999"><ele>843.48</ele></trkpt>
<trkpt lat="43.3281517" lon="5.7649633"><ele>843.1500000000001</ele></trkpt>
<trkpt lat="43.328185" lon="5.7649767"><ele>842.35</ele></trkpt>
<trkpt lat="43.3282067" lon="5.7650017"><ele>841.91</ele></trkpt>
<trkpt lat="43.3282217" lon="5.7650367"><ele>841.56</ele></trkpt>
<trkpt lat="43.3282433" lon="5.7650717"><ele>841.1799999999998</ele></trkpt>
<trkpt lat="43.3282683" lon="5.765088300000001"><ele>840.63</ele></trkpt>
<trkpt lat="43.3282933" lon="5.76511"><ele>839.73</ele></trkpt>
<trkpt lat="43.3283083" lon="5.7651433"><ele>838.44</ele></trkpt>
<trkpt lat="43.3282967" lon="5.765185"><ele>836.9</ele></trkpt>
<trkpt lat="43.3283133" lon="5.765215"><ele>836.5699999999999</ele></trkpt>
<trkpt lat="43.3282983" lon="5.7653317"><ele>835.76</ele></trkpt>
<trkpt lat="43.3283083" lon="5.7653817"><ele>835.14</ele></trkpt>
<trkpt lat="43.3283117" lon="5.765419999999999"><ele>835.21</ele></trkpt>
<trkpt lat="43.32832" lon="5.76546"><ele>835.13</ele></trkpt>
<trkpt lat="43.3283383" lon="5.7655017"><ele>835.5000000000001</ele></trkpt>
<trkpt lat="43.3283383" lon="5.765545"><ele>835.8</ele></trkpt>
<trkpt lat="43.3283317" lon="5.7655867"><ele>836.19</ele></trkpt>
<trkpt lat="43.3283433" lon="5.7656283"><ele>836.6899999999999</ele></trkpt>
<trkpt lat="43.3283417" lon="5.7656683"><ele>836.83</ele></trkpt>
<trkpt lat="43.3283383" lon="5.765714999999999"><ele>836.8399999999999</ele></trkpt>
<trkpt lat="43.328345" lon="5.765761699999999"><ele>837.1099999999999</ele></trkpt>
<trkpt lat="43.3283567" lon="5.7657967"><ele>837.2400000000001</ele></trkpt>
<trkpt lat="43.3283683" lon="5.765835"><ele>837.17</ele></trkpt>
<trkpt lat="43.3283717" lon="5.7658767"><ele>837.1400000000001</ele></trkpt>
<trkpt lat="43.32838" lon="5.7659183"><ele>837.2099999999999</ele></trkpt>
<trkpt lat="43.3283933" lon="5.7659583"><ele>837.17</ele></trkpt>
<trkpt lat="43.3284083" lon="5.7659983"><ele>837.2099999999999</ele></trkpt>
<trkpt lat="43.3284217" lon="5.766031700000001"><ele>837.2400000000001</ele></trkpt>
<trkpt lat="43.3284433" lon="5.766055"><ele>837.2400000000001</ele></trkpt>
<trkpt lat="43.328455" lon="5.766095"><ele>836.75</ele></trkpt>
<trkpt lat="43.3284767" lon="5.76613"><ele>836.83</ele></trkpt>
<trkpt lat="43.328485" lon="5.766175"><ele>836.8399999999999</ele></trkpt>
<trkpt lat="43.328495" lon="5.76621"><ele>836.6399999999999</ele></trkpt>
<trkpt lat="43.3285067" lon="5.7662467"><ele>836.73</ele></trkpt>
<trkpt lat="43.3285" lon="5.7662867"><ele>837.2</ele></trkpt>
<trkpt lat="43.32849" lon="5.7663267"><ele>837.57</ele></trkpt>
<trkpt lat="43.3284933" lon="5.7663717"><ele>838</ele></trkpt>
<trkpt lat="43.328505" lon="5.7664117"><ele>838.59</ele></trkpt>
<trkpt lat="43.3285317" lon="5.7664367"><ele>838.9999999999999</ele></trkpt>
<trkpt lat="43.3285483" lon="5.766466699999999"><ele>839.1999999999999</ele></trkpt>
<trkpt lat="43.3285617" lon="5.7665033"><ele>839.5000000000001</ele></trkpt>
<trkpt lat="43.328555" lon="5.766545000000001"><ele>839.81</ele></trkpt>
<trkpt lat="43.3285433" lon="5.7665867"><ele>839.91</ele></trkpt>
<trkpt lat="43.3285483" lon="5.766624999999999"><ele>840.0399999999998</ele></trkpt>
<trkpt lat="43.3285667" lon="5.7666583"><ele>840.5699999999999</ele></trkpt>
<trkpt lat="43.3285883" lon="5.766691700000001"><ele>841.55</ele></trkpt>
<trkpt lat="43.3286067" lon="5.7667233"><ele>842.54</ele></trkpt>
<trkpt lat="43.3286133" lon="5.766761699999999"><ele>842.91</ele></trkpt>
<trkpt lat="43.3286283" lon="5.7667933"><ele>843.1999999999999</ele></trkpt>
<trkpt lat="43.3286533" lon="5.766819999999999"><ele>843.59</ele></trkpt>
<trkpt lat="43.3286783" lon="5.7668367"><ele>844.16</ele></trkpt>
<trkpt lat="43.3287033" lon="5.76687"><ele>844.97</ele></trkpt>
<trkpt lat="43.3287217" lon="5.7669067"><ele>845.4</ele></trkpt>
<trkpt lat="43.3287383" lon="5.766941700000001"><ele>845.5299999999999</ele></trkpt>
<trkpt lat="43.3287583" lon="5.7669667"><ele>845.7099999999999</ele></trkpt>
<trkpt lat="43.3287567" lon="5.7670083"><ele>845.84</ele></trkpt>
<trkpt lat="43.3287567" lon="5.767046699999999"><ele>846.1</ele></trkpt>
<trkpt lat="43.32875" lon="5.7670833"><ele>846.3999999999999</ele></trkpt>
<trkpt lat="43.328755" lon="5.7671267"><ele>846.99</ele></trkpt>
<trkpt lat="43.3287717" lon="5.7671583"><ele>847.0500000000001</ele></trkpt>
<trkpt lat="43.3287633" lon="5.7672"><ele>847.1999999999999</ele></trkpt>
<trkpt lat="43.3287817" lon="5.7672317"><ele>847.53</ele></trkpt>
<trkpt lat="43.3287883" lon="5.76727"><ele>848.1</ele></trkpt>
<trkpt lat="43.32879" lon="5.76731"><ele>849.85</ele></trkpt>
<trkpt lat="43.3288117" lon="5.767335"><ele>850.2999999999998</ele></trkpt>
<trkpt lat="43.3288317" lon="5.767375000000001"><ele>850.27</ele></trkpt>
<trkpt lat="43.3288283" lon="5.7674133"><ele>850.41</ele></trkpt>
<trkpt lat="43.328825" lon="5.7674567"><ele>850.86</ele></trkpt>
<trkpt lat="43.3287967" lon="5.7674633"><ele>852</ele></trkpt>
<trkpt lat="43.3287733" lon="5.7675017"><ele>855.0800000000002</ele></trkpt>
<trkpt lat="43.3287467" lon="5.76752"><ele>856.67</ele></trkpt>
<trkpt lat="43.3287617" lon="5.767555"><ele>857.94</ele></trkpt>
<trkpt lat="43.328795" lon="5.7675533"><ele>857.9599999999999</ele></trkpt>
<trkpt lat="43.328825" lon="5.7675417"><ele>857.62</ele></trkpt>
<trkpt lat="43.3288533" lon="5.7675367"><ele>857.22</ele></trkpt>
<trkpt lat="43.3288633" lon="5.7675767"><ele>857.7</ele></trkpt>
<trkpt lat="43.3288767" lon="5.767616699999999"><ele>857.84</ele></trkpt>
<trkpt lat="43.3288917" lon="5.7676583"><ele>857.84</ele></trkpt>
<trkpt lat="43.3289017" lon="5.767693300000001"><ele>857.91</ele></trkpt>
<trkpt lat="43.3289117" lon="5.7677283"><ele>857.92</ele></trkpt>
<trkpt lat="43.3289133" lon="5.7677667"><ele>858.01</ele></trkpt>
<trkpt lat="43.3289267" lon="5.767808300000001"><ele>858.49</ele></trkpt>
<trkpt lat="43.3289283" lon="5.7678467"><ele>858.7300000000001</ele></trkpt>
<trkpt lat="43.328925" lon="5.767895"><ele>859.01</ele></trkpt>
<trkpt lat="43.328915" lon="5.767935"><ele>859.3699999999999</ele></trkpt>
<trkpt lat="43.3288867" lon="5.7679633"><ele>859.63</ele></trkpt>
<trkpt lat="43.3288633" lon="5.7679867"><ele>859.48</ele></trkpt>
<trkpt lat="43.3288533" lon="5.768025000000001"><ele>859.38</ele></trkpt>
<trkpt lat="43.3288433" lon="5.7680633"><ele>859.2499999999999</ele></trkpt>
<trkpt lat="43.3288383" lon="5.7681067"><ele>859.13</ele></trkpt>
<trkpt lat="43.328835" lon="5.7681483"><ele>859.21</ele></trkpt>
<trkpt lat="43.3288467" lon="5.7681833"><ele>859.66</ele></trkpt>
<trkpt lat="43.3288417" lon="5.76822"><ele>859.58</ele></trkpt>
<trkpt lat="43.3288233" lon="5.7682517"><ele>859.53</ele></trkpt>
<trkpt lat="43.3288133" lon="5.768288299999999"><ele>859.61</ele></trkpt>
<trkpt lat="43.3287983" lon="5.7683283"><ele>859.18</ele></trkpt>
<trkpt lat="43.32879" lon="5.768365000000001"><ele>859.01</ele></trkpt>
<trkpt lat="43.3287867" lon="5.768405"><ele>859.23</ele></trkpt>
<trkpt lat="43.3287867" lon="5.768445"><ele>859.5699999999999</ele></trkpt>
<trkpt lat="43.328765" lon="5.7684783"><ele>859.8</ele></trkpt>
<trkpt lat="43.3287367" lon="5.768503300000001"><ele>860.1</ele></trkpt>
<trkpt lat="43.3287417" lon="5.7685417"><ele>860.61</ele></trkpt>
<trkpt lat="43.3287417" lon="5.76858"><ele>860.9</ele></trkpt>
<trkpt lat="43.3287267" lon="5.768618299999999"><ele>861.23</ele></trkpt>
<trkpt lat="43.3287017" lon="5.7686467"><ele>861.6900000000002</ele></trkpt>
<trkpt lat="43.3286983" lon="5.7686867"><ele>862.6499999999999</ele></trkpt>
<trkpt lat="43.3287083" lon="5.7687267"><ele>863.3499999999999</ele></trkpt>
<trkpt lat="43.3286967" lon="5.768766699999999"><ele>864.5599999999998</ele></trkpt>
<trkpt lat="43.3286683" lon="5.768795"><ele>865.75</ele></trkpt>
<trkpt lat="43.328655" lon="5.768833300000001"><ele>866.78</ele></trkpt>
<trkpt lat="43.3286633" lon="5.76888"><ele>867.6199999999999</ele></trkpt>
<trkpt lat="43.3286817" lon="5.7689167"><ele>869.52</ele></trkpt>
<trkpt lat="43.3286933" lon="5.768956699999999"><ele>870.8499999999999</ele></trkpt>
<trkpt lat="43.3287083" lon="5.768993300000001"><ele>871.76</ele></trkpt>
<trkpt lat="43.3286917" lon="5.76903"><ele>872.52</ele></trkpt>
<trkpt lat="43.3286933" lon="5.769070000000001"><ele>873.79</ele></trkpt>
<trkpt lat="43.3286933" lon="5.769108299999999"><ele>874.27</ele></trkpt>
<trkpt lat="43.328685" lon="5.7691483"><ele>874.69</ele></trkpt>
<trkpt lat="43.3286767" lon="5.7691917"><ele>875.19</ele></trkpt>
<trkpt lat="43.3286583" lon="5.7692267"><ele>875.95</ele></trkpt>
<trkpt lat="43.3286333" lon="5.7692083"><ele>877.5299999999999</ele></trkpt>
<trkpt lat="43.3286083" lon="5.7692283"><ele>877.54</ele></trkpt>
<trkpt lat="43.3285817" lon="5.769243299999999"><ele>878.19</ele></trkpt>
<trkpt lat="43.32856" lon="5.769220000000001"><ele>878.41</ele></trkpt>
<trkpt lat="43.3285533" lon="5.76918"><ele>878.53</ele></trkpt>
<trkpt lat="43.3285267" lon="5.7691483"><ele>878.9999999999999</ele></trkpt>
<trkpt lat="43.3284967" lon="5.7691483"><ele>879.21</ele></trkpt>
<trkpt lat="43.3284667" lon="5.769130000000001"><ele>879.66</ele></trkpt>
<trkpt lat="43.3284417" lon="5.7691067"><ele>880.6899999999999</ele></trkpt>
<trkpt lat="43.3284033" lon="5.7690483"><ele>881.69</ele></trkpt>
<trkpt lat="43.3283817" lon="5.7690167"><ele>883.0999999999999</ele></trkpt>
<trkpt lat="43.3283517" lon="5.7690167"><ele>883.94</ele></trkpt>
<trkpt lat="43.3283517" lon="5.7689683"><ele>886.8300000000002</ele></trkpt>
<trkpt lat="43.3283283" lon="5.768935000000001"><ele>887.4200000000001</ele></trkpt>
<trkpt lat="43.3282983" lon="5.76894"><ele>887.8899999999999</ele></trkpt>
<trkpt lat="43.3282817" lon="5.7689717"><ele>888.6</ele></trkpt>
<trkpt lat="43.3282783" lon="5.76901"><ele>888.35</ele></trkpt>
<trkpt lat="43.3282767" lon="5.7690483"><ele>888.3399999999999</ele></trkpt>
<trkpt lat="43.328265" lon="5.769083300000001"><ele>888.67</ele></trkpt>
<trkpt lat="43.3282783" lon="5.769118300000001"><ele>889.3599999999999</ele></trkpt>
<trkpt lat="43.3282717" lon="5.7691583"><ele>889.92</ele></trkpt>
<trkpt lat="43.3282767" lon="5.7692017"><ele>890.39</ele></trkpt>
<trkpt lat="43.328275" lon="5.7692483"><ele>890.79</ele></trkpt>
<trkpt lat="43.328295" lon="5.7692833"><ele>891.4499999999999</ele></trkpt>
<trkpt lat="43.3283133" lon="5.769323300000001"><ele>892.54</ele></trkpt>
<trkpt lat="43.3283167" lon="5.76937"><ele>893.66</ele></trkpt>
<trkpt lat="43.328325" lon="5.7694083"><ele>895.25</ele></trkpt>
<trkpt lat="43.3283" lon="5.7694333"><ele>895.8</ele></trkpt>
<trkpt lat="43.3283067" lon="5.769473299999999"><ele>896.5599999999998</ele></trkpt>
<trkpt lat="43.3283267" lon="5.769505000000001"><ele>897.45</ele></trkpt>
<trkpt lat="43.3283317" lon="5.769545"><ele>898.89</ele></trkpt>
<trkpt lat="43.3283267" lon="5.7695817"><ele>899.16</ele></trkpt>
<trkpt lat="43.3283117" lon="5.769619999999999"><ele>899.43</ele></trkpt>
<trkpt lat="43.3282817" lon="5.769629999999999"><ele>899.73</ele></trkpt>
<trkpt lat="43.3282517" lon="5.769616699999999"><ele>899.83</ele></trkpt>
<trkpt lat="43.3282317" lon="5.769588299999999"><ele>899.58</ele></trkpt>
<trkpt lat="43.32824" lon="5.769633299999999"><ele>897.75</ele></trkpt>
<trkpt lat="43.32823" lon="5.769709999999999"><ele>899.01</ele></trkpt>
<trkpt lat="43.32824" lon="5.769745"><ele>899.98</ele></trkpt>
<trkpt lat="43.3282483" lon="5.769786700000001"><ele>900.5599999999998</ele></trkpt>
<trkpt lat="43.3282533" lon="5.76983"><ele>901.6499999999999</ele></trkpt>
<trkpt lat="43.3282567" lon="5.769869999999999"><ele>902.22</ele></trkpt>
<trkpt lat="43.32826" lon="5.76991"><ele>903.5199999999999</ele></trkpt>
<trkpt lat="43.32827" lon="5.769945"><ele>904.55</ele></trkpt>
<trkpt lat="43.328265" lon="5.7699883"><ele>905.12</ele></trkpt>
<trkpt lat="43.328255" lon="5.7700233"><ele>905.5799999999999</ele></trkpt>
<trkpt lat="43.3282433" lon="5.7700583"><ele>906.09</ele></trkpt>
<trkpt lat="43.3282167" lon="5.7700683"><ele>906.37</ele></trkpt>
<trkpt lat="43.328185" lon="5.7700567"><ele>906.6999999999999</ele></trkpt>
<trkpt lat="43.3281617" lon="5.770026700000001"><ele>906.61</ele></trkpt>
<trkpt lat="43.3281383" lon="5.770004999999999"><ele>906.8</ele></trkpt>
<trkpt lat="43.3281183" lon="5.769975"><ele>907.3899999999999</ele></trkpt>
<trkpt lat="43.328095" lon="5.769955"><ele>908</ele></trkpt>
<trkpt lat="43.3280733" lon="5.769925000000001"><ele>908.5899999999999</ele></trkpt>
<trkpt lat="43.3280533" lon="5.7698967"><ele>908.89</ele></trkpt>
<trkpt lat="43.328025" lon="5.7698867"><ele>909.4299999999998</ele></trkpt>
<trkpt lat="43.328" lon="5.769869999999999"><ele>909.72</ele></trkpt>
<trkpt lat="43.3279817" lon="5.7698383"><ele>910.19</ele></trkpt>
<trkpt lat="43.3279583" lon="5.769813299999999"><ele>910.6699999999998</ele></trkpt>
<trkpt lat="43.3279283" lon="5.76981"><ele>911.09</ele></trkpt>
<trkpt lat="43.3279" lon="5.769800000000001"><ele>911.69</ele></trkpt>
<trkpt lat="43.3278783" lon="5.769775"><ele>912.95</ele></trkpt>
<trkpt lat="43.327855" lon="5.7697533"><ele>914.55</ele></trkpt>
<trkpt lat="43.3278317" lon="5.7697333"><ele>915.65</ele></trkpt>
<trkpt lat="43.3278" lon="5.769721699999999"><ele>916.85</ele></trkpt>
<trkpt lat="43.3277717" lon="5.769706700000001"><ele>919.69</ele></trkpt>
<trkpt lat="43.3277717" lon="5.7696683"><ele>920.1899999999999</ele></trkpt>
<trkpt lat="43.3277433" lon="5.7696483"><ele>920.5899999999999</ele></trkpt>
<trkpt lat="43.3277167" lon="5.769635"><ele>921.45</ele></trkpt>
<trkpt lat="43.3277033" lon="5.7695983"><ele>922.4199999999998</ele></trkpt>
<trkpt lat="43.3276567" lon="5.7695833"><ele>922.63</ele></trkpt>
<trkpt lat="43.3276417" lon="5.7695483"><ele>922.82</ele></trkpt>
<trkpt lat="43.327625" lon="5.769518300000001"><ele>923.0199999999999</ele></trkpt>
<trkpt lat="43.3275967" lon="5.769495"><ele>923.1999999999999</ele></trkpt>
<trkpt lat="43.3275883" lon="5.7694517"><ele>923.69</ele></trkpt>
<trkpt lat="43.32761" lon="5.7694283"><ele>924.6899999999999</ele></trkpt>
<trkpt lat="43.3275967" lon="5.769501700000001"><ele>927.9099999999999</ele></trkpt>
<trkpt lat="43.3276017" lon="5.7695417"><ele>930.14</ele></trkpt>
<trkpt lat="43.327635" lon="5.7695483"><ele>940.72</ele></trkpt>
<trkpt lat="43.3276683" lon="5.7695"><ele>941.81</ele></trkpt>
<trkpt lat="43.3276283" lon="5.769481699999999"><ele>941.54</ele></trkpt>
<trkpt lat="43.327595" lon="5.7694883"><ele>940.6899999999999</ele></trkpt>
<trkpt lat="43.3275617" lon="5.7694883"><ele>940.38</ele></trkpt>
<trkpt lat="43.327605" lon="5.769516699999999"><ele>939.23</ele></trkpt>
<trkpt lat="43.3276017" lon="5.7695667"><ele>938.91</ele></trkpt>
<trkpt lat="43.327605" lon="5.76961"><ele>938.84</ele></trkpt>
<trkpt lat="43.327625" lon="5.7696417"><ele>939.36</ele></trkpt>
<trkpt lat="43.3276133" lon="5.7696767"><ele>939.53</ele></trkpt>
<trkpt lat="43.3276067" lon="5.7697167"><ele>939.46</ele></trkpt>
<trkpt lat="43.3276117" lon="5.76976"><ele>939.51</ele></trkpt>
<trkpt lat="43.3276017" lon="5.7697967"><ele>940.0899999999999</ele></trkpt>
<trkpt lat="43.3276083" lon="5.76985"><ele>941.26</ele></trkpt>
<trkpt lat="43.3276217" lon="5.769893300000001"><ele>941.7999999999998</ele></trkpt>
<trkpt lat="43.3276317" lon="5.7699317"><ele>942.02</ele></trkpt>
<trkpt lat="43.3276283" lon="5.7699733"><ele>942.22</ele></trkpt>
<trkpt lat="43.3276467" lon="5.770004999999999"><ele>942.24</ele></trkpt>
<trkpt lat="43.327655" lon="5.7700467"><ele>942.59</ele></trkpt>
<trkpt lat="43.3276583" lon="5.770085000000001"><ele>943.26</ele></trkpt>
<trkpt lat="43.3276767" lon="5.770125"><ele>944.1899999999999</ele></trkpt>
<trkpt lat="43.3276967" lon="5.7701517"><ele>944.92</ele></trkpt>
<trkpt lat="43.3276817" lon="5.7701833"><ele>945.1299999999999</ele></trkpt>
<trkpt lat="43.3276533" lon="5.77019"><ele>945.17</ele></trkpt>
<trkpt lat="43.3276317" lon="5.770161700000001"><ele>948</ele></trkpt>
<trkpt lat="43.327605" lon="5.770154999999999"><ele>947.36</ele></trkpt>
<trkpt lat="43.3275933" lon="5.77012"><ele>947.53</ele></trkpt>
<trkpt lat="43.3275383" lon="5.770105"><ele>947.8099999999998</ele></trkpt>
<trkpt lat="43.3275183" lon="5.77008"><ele>947.88</ele></trkpt>
<trkpt lat="43.3274917" lon="5.77009"><ele>947.8199999999999</ele></trkpt>
<trkpt lat="43.3274483" lon="5.770098299999999"><ele>947.41</ele></trkpt>
<trkpt lat="43.3274633" lon="5.770065"><ele>947.33</ele></trkpt>
<trkpt lat="43.3274433" lon="5.7700333"><ele>948.3</ele></trkpt>
<trkpt lat="43.3274183" lon="5.7699717"><ele>949.62</ele></trkpt>
<trkpt lat="43.3274117" lon="5.769925000000001"><ele>950.58</ele></trkpt>
<trkpt lat="43.3274067" lon="5.769885"><ele>950.8899999999999</ele></trkpt>
<trkpt lat="43.3274083" lon="5.7698467"><ele>951.28</ele></trkpt>
<trkpt lat="43.3274183" lon="5.769805"><ele>951.8899999999999</ele></trkpt>
<trkpt lat="43.3274217" lon="5.7697633"><ele>952.13</ele></trkpt>
<trkpt lat="43.3274183" lon="5.7697183"><ele>952.23</ele></trkpt>
<trkpt lat="43.3274317" lon="5.769678299999999"><ele>952.3100000000001</ele></trkpt>
<trkpt lat="43.3274333" lon="5.769629999999999"><ele>952.37</ele></trkpt>
<trkpt lat="43.3274217" lon="5.769595000000001"><ele>952.6899999999999</ele></trkpt>
<trkpt lat="43.327425" lon="5.7695533"><ele>953.19</ele></trkpt>
<trkpt lat="43.327435" lon="5.7695067"><ele>953.6</ele></trkpt>
<trkpt lat="43.3274317" lon="5.76946"><ele>953.71</ele></trkpt>
<trkpt lat="43.3274283" lon="5.7694167"><ele>953.9199999999998</ele></trkpt>
<trkpt lat="43.3274217" lon="5.769379999999999"><ele>954.12</ele></trkpt>
<trkpt lat="43.3274117" lon="5.769345"><ele>954.06</ele></trkpt>
<trkpt lat="43.327405" lon="5.7693017"><ele>953.68</ele></trkpt>
<trkpt lat="43.3273817" lon="5.769261700000001"><ele>953.14</ele></trkpt>
<trkpt lat="43.3273617" lon="5.7692183"><ele>952.87</ele></trkpt>
<trkpt lat="43.32734" lon="5.7691783"><ele>952.83</ele></trkpt>
<trkpt lat="43.32733" lon="5.769130000000001"><ele>953</ele></trkpt>
<trkpt lat="43.3273317" lon="5.7690883"><ele>953.0299999999999</ele></trkpt>
<trkpt lat="43.3273167" lon="5.7690517"><ele>953.12</ele></trkpt>
<trkpt lat="43.3272967" lon="5.7690233"><ele>953.49</ele></trkpt>
<trkpt lat="43.3272867" lon="5.7689833"><ele>953.99</ele></trkpt>
<trkpt lat="43.327285" lon="5.7689433"><ele>954.29</ele></trkpt>
<trkpt lat="43.3272983" lon="5.7688983"><ele>954.69</ele></trkpt>
<trkpt lat="43.3273017" lon="5.7688533"><ele>955.15</ele></trkpt>
<trkpt lat="43.3273083" lon="5.7688167"><ele>955.52</ele></trkpt>
<trkpt lat="43.3272867" lon="5.7687483"><ele>957.0799999999999</ele></trkpt>
<trkpt lat="43.3272767" lon="5.7687133"><ele>957.59</ele></trkpt>
<trkpt lat="43.3272817" lon="5.768665"><ele>957.89</ele></trkpt>
<trkpt lat="43.3272833" lon="5.7686067"><ele>957.32</ele></trkpt>
<trkpt lat="43.3272783" lon="5.76857"><ele>957.47</ele></trkpt>
<trkpt lat="43.32727" lon="5.76853"><ele>957.62</ele></trkpt>
<trkpt lat="43.3272617" lon="5.7684867"><ele>957.4999999999999</ele></trkpt>
<trkpt lat="43.3272433" lon="5.76845"><ele>957.7</ele></trkpt>
<trkpt lat="43.3272233" lon="5.768421699999999"><ele>957.96</ele></trkpt>
<trkpt lat="43.3272183" lon="5.768379999999999"><ele>958.5199999999999</ele></trkpt>
<trkpt lat="43.3272017" lon="5.7683433"><ele>958.5999999999999</ele></trkpt>
<trkpt lat="43.3271733" lon="5.768320000000001"><ele>958.44</ele></trkpt>
<trkpt lat="43.32716" lon="5.7682783"><ele>957.6699999999998</ele></trkpt>
<trkpt lat="43.32714" lon="5.7682283"><ele>957.7</ele></trkpt>
<trkpt lat="43.3271317" lon="5.768184999999999"><ele>957.96</ele></trkpt>
<trkpt lat="43.3271217" lon="5.7681417"><ele>958.55</ele></trkpt>
<trkpt lat="43.3271133" lon="5.768104999999999"><ele>958.8199999999999</ele></trkpt>
<trkpt lat="43.3270967" lon="5.7680667"><ele>959.16</ele></trkpt>
<trkpt lat="43.327085" lon="5.7680317"><ele>959.52</ele></trkpt>
<trkpt lat="43.32707" lon="5.767990000000001"><ele>960.1799999999998</ele></trkpt>
<trkpt lat="43.3270617" lon="5.7679433"><ele>960.42</ele></trkpt>
<trkpt lat="43.3270717" lon="5.7678983"><ele>960.99</ele></trkpt>
<trkpt lat="43.3270783" lon="5.7678567"><ele>961.45</ele></trkpt>
<trkpt lat="43.327085" lon="5.76782"><ele>962.41</ele></trkpt>
<trkpt lat="43.327085" lon="5.7677767"><ele>963.25</ele></trkpt>
<trkpt lat="43.327075" lon="5.7677417"><ele>963.7900000000001</ele></trkpt>
<trkpt lat="43.3270633" lon="5.767706699999999"><ele>964.29</ele></trkpt>
<trkpt lat="43.3270583" lon="5.76767"><ele>964.54</ele></trkpt>
<trkpt lat="43.32706" lon="5.767629999999999"><ele>963.8199999999999</ele></trkpt>
<trkpt lat="43.3270633" lon="5.767585"><ele>964</ele></trkpt>
<trkpt lat="43.3270533" lon="5.76755"><ele>963.96</ele></trkpt>
<trkpt lat="43.3270483" lon="5.767511700000001"><ele>964.03</ele></trkpt>
<trkpt lat="43.3270433" lon="5.7674717"><ele>964.75</ele></trkpt>
<trkpt lat="43.3270467" lon="5.76743"><ele>965.7499999999999</ele></trkpt>
<trkpt lat="43.32704" lon="5.7673933"><ele>966.4699999999999</ele></trkpt>
<trkpt lat="43.3270217" lon="5.7673583"><ele>966.66</ele></trkpt>
<trkpt lat="43.3270067" lon="5.767325"><ele>966.63</ele></trkpt>
<trkpt lat="43.3270017" lon="5.76728"><ele>966.56</ele></trkpt>
<trkpt lat="43.327005" lon="5.7672367"><ele>966.19</ele></trkpt>
<trkpt lat="43.3270067" lon="5.7671917"><ele>965.97</ele></trkpt>
<trkpt lat="43.3270017" lon="5.767155"><ele>965.7499999999999</ele></trkpt>
<trkpt lat="43.3270017" lon="5.767115"><ele>965.99</ele></trkpt>
<trkpt lat="43.3270067" lon="5.7670767"><ele>966.5199999999999</ele></trkpt>
<trkpt lat="43.3270117" lon="5.7670383"><ele>967.35</ele></trkpt>
<trkpt lat="43.3270067" lon="5.767001699999999"><ele>967.62</ele></trkpt>
<trkpt lat="43.3269983" lon="5.7669617"><ele>967.63</ele></trkpt>
<trkpt lat="43.3269933" lon="5.7669183"><ele>967.6</ele></trkpt>
<trkpt lat="43.3269817" lon="5.76688"><ele>968.2799999999999</ele></trkpt>
<trkpt lat="43.3269667" lon="5.766841700000001"><ele>968.9299999999998</ele></trkpt>
<trkpt lat="43.3269717" lon="5.7668"><ele>969.0499999999998</ele></trkpt>
<trkpt lat="43.32697" lon="5.76676"><ele>969.31</ele></trkpt>
<trkpt lat="43.3269667" lon="5.7667217"><ele>969.76</ele></trkpt>
<trkpt lat="43.3269617" lon="5.766685"><ele>970.36</ele></trkpt>
<trkpt lat="43.32696" lon="5.76664"><ele>970.9899999999999</ele></trkpt>
<trkpt lat="43.3269667" lon="5.766601700000001"><ele>971.2899999999998</ele></trkpt>
<trkpt lat="43.326965" lon="5.7665517"><ele>972.7299999999999</ele></trkpt>
<trkpt lat="43.32695" lon="5.766513300000001"><ele>972.7299999999999</ele></trkpt>
<trkpt lat="43.3269417" lon="5.766476699999999"><ele>972.89</ele></trkpt>
<trkpt lat="43.3269433" lon="5.766435"><ele>972.9</ele></trkpt>
<trkpt lat="43.3269517" lon="5.7663917"><ele>973.17</ele></trkpt>
<trkpt lat="43.3269417" lon="5.7663533"><ele>974.06</ele></trkpt>
<trkpt lat="43.3269383" lon="5.7663133"><ele>974.69</ele></trkpt>
<trkpt lat="43.3269167" lon="5.766284999999999"><ele>975.26</ele></trkpt>
<trkpt lat="43.3269117" lon="5.7662467"><ele>975.8</ele></trkpt>
<trkpt lat="43.3269083" lon="5.7662017"><ele>976.4599999999999</ele></trkpt>
<trkpt lat="43.3269033" lon="5.7661583"><ele>977.17</ele></trkpt>
<trkpt lat="43.326895" lon="5.76612"><ele>977.78</ele></trkpt>
<trkpt lat="43.3268883" lon="5.7660833"><ele>976.55</ele></trkpt>
<trkpt lat="43.3268817" lon="5.7660467"><ele>976.7</ele></trkpt>
<trkpt lat="43.326875" lon="5.766005"><ele>976.4599999999999</ele></trkpt>
<trkpt lat="43.3268767" lon="5.76596"><ele>976.67</ele></trkpt>
<trkpt lat="43.32688" lon="5.7659217"><ele>975.98</ele></trkpt>
<trkpt lat="43.326865" lon="5.76588"><ele>975.8</ele></trkpt>
<trkpt lat="43.32686" lon="5.765836700000001"><ele>976.1</ele></trkpt>
<trkpt lat="43.3268517" lon="5.7658"><ele>976.6799999999998</ele></trkpt>
<trkpt lat="43.3268517" lon="5.7657567"><ele>977.17</ele></trkpt>
<trkpt lat="43.326855" lon="5.765716699999999"><ele>977.32</ele></trkpt>
<trkpt lat="43.326845" lon="5.765669999999999"><ele>977.3299999999999</ele></trkpt>
<trkpt lat="43.3268417" lon="5.765624999999999"><ele>977.52</ele></trkpt>
<trkpt lat="43.3268367" lon="5.765585"><ele>977.79</ele></trkpt>
<trkpt lat="43.3268383" lon="5.765541700000001"><ele>977.84</ele></trkpt>
<trkpt lat="43.3268367" lon="5.76549"><ele>978.1199999999999</ele></trkpt>
<trkpt lat="43.3268317" lon="5.7654467"><ele>978.14</ele></trkpt>
<trkpt lat="43.32682" lon="5.7654033"><ele>978.39</ele></trkpt>
<trkpt lat="43.32681" lon="5.765360000000001"><ele>978.68</ele></trkpt>
<trkpt lat="43.32682" lon="5.765316700000001"><ele>979.09</ele></trkpt>
<trkpt lat="43.32683" lon="5.765275"><ele>979.46</ele></trkpt>
<trkpt lat="43.3268333" lon="5.765235"><ele>979.98</ele></trkpt>
<trkpt lat="43.3268433" lon="5.7651983"><ele>980.3</ele></trkpt>
<trkpt lat="43.3268483" lon="5.765145"><ele>980.7799999999999</ele></trkpt>
<trkpt lat="43.3268667" lon="5.7651067"><ele>981.2100000000002</ele></trkpt>
<trkpt lat="43.32688" lon="5.76506"><ele>981.54</ele></trkpt>
<trkpt lat="43.3268917" lon="5.765025"><ele>982.4499999999999</ele></trkpt>
<trkpt lat="43.3269233" lon="5.765005"><ele>983.61</ele></trkpt>
<trkpt lat="43.32695" lon="5.7650217"><ele>984.27</ele></trkpt>
<trkpt lat="43.3269717" lon="5.76505"><ele>985.04</ele></trkpt>
<trkpt lat="43.3269967" lon="5.7650717"><ele>985.5499999999998</ele></trkpt>
<trkpt lat="43.3270283" lon="5.7650733"><ele>986.4199999999998</ele></trkpt>
<trkpt lat="43.3270567" lon="5.7650683"><ele>986.98</ele></trkpt>
<trkpt lat="43.3270717" lon="5.7650183"><ele>987.9599999999999</ele></trkpt>
<trkpt lat="43.3270983" lon="5.7649733"><ele>987.8599999999999</ele></trkpt>
<trkpt lat="43.3271167" lon="5.7650017"><ele>990.3699999999999</ele></trkpt>
<trkpt lat="43.3270683" lon="5.764965"><ele>989.98</ele></trkpt>
<trkpt lat="43.3270567" lon="5.764930000000001"><ele>989.9199999999998</ele></trkpt>
<trkpt lat="43.3270867" lon="5.7649633"><ele>989.39</ele></trkpt>
<trkpt lat="43.327105" lon="5.7649917"><ele>988.94</ele></trkpt>
<trkpt lat="43.3270733" lon="5.7649567"><ele>988.59</ele></trkpt>
<trkpt lat="43.327045" lon="5.7650017"><ele>988.4299999999998</ele></trkpt>
<trkpt lat="43.327085" lon="5.765015"><ele>988.13</ele></trkpt>
<trkpt lat="43.3271133" lon="5.7650083"><ele>987.8200000000002</ele></trkpt>
<trkpt lat="43.3271433" lon="5.765031700000001"><ele>987.5</ele></trkpt>
<trkpt lat="43.327195" lon="5.7649667"><ele>991.08</ele></trkpt>
<trkpt lat="43.3271867" lon="5.765009999999999"><ele>989.89</ele></trkpt>
<trkpt lat="43.3271633" lon="5.765041699999999"><ele>990.24</ele></trkpt>
<trkpt lat="43.32717" lon="5.765085"><ele>990.33</ele></trkpt>
<trkpt lat="43.3271783" lon="5.765125"><ele>990.34</ele></trkpt>
<trkpt lat="43.32719" lon="5.7651617"><ele>990.69</ele></trkpt>
<trkpt lat="43.327205" lon="5.7652033"><ele>991.61</ele></trkpt>
<trkpt lat="43.3272083" lon="5.7652533"><ele>991.8</ele></trkpt>
<trkpt lat="43.3272167" lon="5.765294999999999"><ele>992.1799999999998</ele></trkpt>
<trkpt lat="43.32723" lon="5.765345"><ele>992.6299999999999</ele></trkpt>
<trkpt lat="43.32724" lon="5.7653933"><ele>993.44</ele></trkpt>
<trkpt lat="43.327245" lon="5.765431699999999"><ele>993.9199999999998</ele></trkpt>
<trkpt lat="43.3272667" lon="5.76546"><ele>993.84</ele></trkpt>
<trkpt lat="43.327295" lon="5.7654483"><ele>993.84</ele></trkpt>
<trkpt lat="43.3272817" lon="5.765415"><ele>994.4699999999999</ele></trkpt>
<trkpt lat="43.3272633" lon="5.7653833"><ele>994.6199999999999</ele></trkpt>
<trkpt lat="43.32724" lon="5.765355"><ele>995.19</ele></trkpt>
<trkpt lat="43.327225" lon="5.765318300000001"><ele>995.2899999999998</ele></trkpt>
<trkpt lat="43.3272133" lon="5.7652767"><ele>994.68</ele></trkpt>
<trkpt lat="43.32719" lon="5.765256700000001"><ele>993.98</ele></trkpt>
<trkpt lat="43.32717" lon="5.7652317"><ele>993.47</ele></trkpt>
<trkpt lat="43.3271433" lon="5.765238299999999"><ele>990.2499999999999</ele></trkpt>
<trkpt lat="43.3271267" lon="5.7652067"><ele>991.61</ele></trkpt>
<trkpt lat="43.3271033" lon="5.7651767"><ele>991.5699999999999</ele></trkpt>
<trkpt lat="43.32708" lon="5.7651517"><ele>991.28</ele></trkpt>
<trkpt lat="43.3270567" lon="5.765125"><ele>990.98</ele></trkpt>
<trkpt lat="43.32704" lon="5.765095"><ele>990.41</ele></trkpt>
<trkpt lat="43.3270117" lon="5.765085"><ele>989.5799999999999</ele></trkpt>
<trkpt lat="43.3269817" lon="5.7650683"><ele>988.82</ele></trkpt>
<trkpt lat="43.32696" lon="5.76504"><ele>987.8900000000001</ele></trkpt>
<trkpt lat="43.32693" lon="5.7650633"><ele>987.01</ele></trkpt>
<trkpt lat="43.3269033" lon="5.76507"><ele>986.1999999999999</ele></trkpt>
<trkpt lat="43.3268833" lon="5.765115"><ele>984.62</ele></trkpt>
<trkpt lat="43.3268767" lon="5.7651583"><ele>984.27</ele></trkpt>
<trkpt lat="43.3268817" lon="5.765195"><ele>983.08</ele></trkpt>
<trkpt lat="43.3268633" lon="5.76523"><ele>982.8</ele></trkpt>
<trkpt lat="43.3268517" lon="5.7652683"><ele>982.32</ele></trkpt>
<trkpt lat="43.326835" lon="5.7652983"><ele>981.72</ele></trkpt>
<trkpt lat="43.3268367" lon="5.7653417"><ele>980.91</ele></trkpt>
<trkpt lat="43.32684" lon="5.76539"><ele>980.32</ele></trkpt>
<trkpt lat="43.3268483" lon="5.7654283"><ele>979.71</ele></trkpt>
<trkpt lat="43.3268617" lon="5.765465000000001"><ele>979.4699999999999</ele></trkpt>
<trkpt lat="43.32687" lon="5.765505"><ele>979.16</ele></trkpt>
<trkpt lat="43.3268633" lon="5.7655433"><ele>978.69</ele></trkpt>
<trkpt lat="43.3268517" lon="5.7655783"><ele>978.21</ele></trkpt>
<trkpt lat="43.3268567" lon="5.7656267"><ele>977.79</ele></trkpt>
<trkpt lat="43.3268617" lon="5.7656783"><ele>977.3799999999999</ele></trkpt>
<trkpt lat="43.326875" lon="5.765714999999999"><ele>977.26</ele></trkpt>
<trkpt lat="43.3268767" lon="5.7657583"><ele>977.46</ele></trkpt>
<trkpt lat="43.3268667" lon="5.7658"><ele>977.01</ele></trkpt>
<trkpt lat="43.32688" lon="5.765835"><ele>976.2799999999999</ele></trkpt>
<trkpt lat="43.3268883" lon="5.7658717"><ele>976.2400000000001</ele></trkpt>
<trkpt lat="43.32689" lon="5.765909999999999"><ele>975.98</ele></trkpt>
<trkpt lat="43.3269033" lon="5.7659517"><ele>975.1199999999999</ele></trkpt>
<trkpt lat="43.3268983" lon="5.76599"><ele>975.0399999999998</ele></trkpt>
<trkpt lat="43.3269" lon="5.766031700000001"><ele>975.03</ele></trkpt>
<trkpt lat="43.3269117" lon="5.766075"><ele>974.8699999999999</ele></trkpt>
<trkpt lat="43.326915" lon="5.766123300000001"><ele>974.93</ele></trkpt>
<trkpt lat="43.3269233" lon="5.7661683"><ele>975.09</ele></trkpt>
<trkpt lat="43.3269367" lon="5.7662067"><ele>975.2199999999999</ele></trkpt>
<trkpt lat="43.32694" lon="5.7662517"><ele>975.0200000000001</ele></trkpt>
<trkpt lat="43.3269467" lon="5.7662933"><ele>975.1</ele></trkpt>
<trkpt lat="43.3269267" lon="5.766318300000001"><ele>975</ele></trkpt>
<trkpt lat="43.3269433" lon="5.7663517"><ele>974.5399999999998</ele></trkpt>
<trkpt lat="43.32696" lon="5.7663933"><ele>974.41</ele></trkpt>
<trkpt lat="43.32697" lon="5.7664383"><ele>974.36</ele></trkpt>
<trkpt lat="43.32698" lon="5.766478299999999"><ele>974.4199999999998</ele></trkpt>
<trkpt lat="43.32698" lon="5.7665167"><ele>974.55</ele></trkpt>
<trkpt lat="43.3269817" lon="5.766558300000001"><ele>974.33</ele></trkpt>
<trkpt lat="43.3269933" lon="5.766595"><ele>974.16</ele></trkpt>
<trkpt lat="43.3269867" lon="5.7666317"><ele>973.2299999999999</ele></trkpt>
<trkpt lat="43.3269917" lon="5.7666683"><ele>972.83</ele></trkpt>
<trkpt lat="43.3269883" lon="5.7667083"><ele>972.6</ele></trkpt>
<trkpt lat="43.3269967" lon="5.7667467"><ele>971.9899999999999</ele></trkpt>
<trkpt lat="43.3270033" lon="5.7667833"><ele>972</ele></trkpt>
<trkpt lat="43.3269883" lon="5.7668183"><ele>972.0599999999998</ele></trkpt>
<trkpt lat="43.3269817" lon="5.766868299999999"><ele>971.11</ele></trkpt>
<trkpt lat="43.3269967" lon="5.7669067"><ele>968.3599999999999</ele></trkpt>
<trkpt lat="43.327" lon="5.766944999999999"><ele>967.25</ele></trkpt>
<trkpt lat="43.327" lon="5.766988300000001"><ele>967.61</ele></trkpt>
<trkpt lat="43.327005" lon="5.767025"><ele>967.0599999999998</ele></trkpt>
<trkpt lat="43.32701" lon="5.767065"><ele>967.1399999999999</ele></trkpt>
<trkpt lat="43.3270167" lon="5.7671083"><ele>967.35</ele></trkpt>
<trkpt lat="43.3270133" lon="5.7671467"><ele>967.3099999999998</ele></trkpt>
<trkpt lat="43.3270217" lon="5.767184999999999"><ele>967.11</ele></trkpt>
<trkpt lat="43.32702" lon="5.767228300000001"><ele>967.3099999999998</ele></trkpt>
<trkpt lat="43.3270217" lon="5.76727"><ele>966.7699999999999</ele></trkpt>
<trkpt lat="43.3270283" lon="5.7673083"><ele>966.43</ele></trkpt>
<trkpt lat="43.3270417" lon="5.767344999999999"><ele>965.89</ele></trkpt>
<trkpt lat="43.3270483" lon="5.7673833"><ele>966.11</ele></trkpt>
<trkpt lat="43.32706" lon="5.767434999999999"><ele>966.32</ele></trkpt>
<trkpt lat="43.32706" lon="5.7674783"><ele>966.78</ele></trkpt>
<trkpt lat="43.327065" lon="5.7675183"><ele>966.7699999999999</ele></trkpt>
<trkpt lat="43.327085" lon="5.7675617"><ele>966.2499999999999</ele></trkpt>
<trkpt lat="43.32709" lon="5.7675983"><ele>965.54</ele></trkpt>
<trkpt lat="43.3270817" lon="5.7676417"><ele>965.2099999999999</ele></trkpt>
<trkpt lat="43.3270817" lon="5.767685"><ele>965.47</ele></trkpt>
<trkpt lat="43.327095" lon="5.7677267"><ele>965.1800000000001</ele></trkpt>
<trkpt lat="43.3271033" lon="5.76777"><ele>965.1100000000001</ele></trkpt>
<trkpt lat="43.3271033" lon="5.767809999999999"><ele>965.0499999999998</ele></trkpt>
<trkpt lat="43.3270983" lon="5.7678517"><ele>965.0299999999999</ele></trkpt>
<trkpt lat="43.3270867" lon="5.767888300000001"><ele>964.35</ele></trkpt>
<trkpt lat="43.3270967" lon="5.7679283"><ele>963.27</ele></trkpt>
<trkpt lat="43.3270883" lon="5.767965"><ele>963.16</ele></trkpt>
<trkpt lat="43.32709" lon="5.7680083"><ele>962.2699999999999</ele></trkpt>
<trkpt lat="43.3271167" lon="5.76804"><ele>962.07</ele></trkpt>
<trkpt lat="43.32712" lon="5.768081700000001"><ele>961.87</ele></trkpt>
<trkpt lat="43.3271433" lon="5.7681167"><ele>961.4799999999999</ele></trkpt>
<trkpt lat="43.3271533" lon="5.7681567"><ele>960.9799999999999</ele></trkpt>
<trkpt lat="43.327165" lon="5.7682017"><ele>960.58</ele></trkpt>
<trkpt lat="43.327175" lon="5.7682483"><ele>959.95</ele></trkpt>
<trkpt lat="43.32719" lon="5.7682833"><ele>959.48</ele></trkpt>
<trkpt lat="43.3272067" lon="5.7683133"><ele>959.0399999999998</ele></trkpt>
<trkpt lat="43.327215" lon="5.7683517"><ele>958.7699999999999</ele></trkpt>
<trkpt lat="43.327235" lon="5.7683817"><ele>958.4499999999999</ele></trkpt>
<trkpt lat="43.3272517" lon="5.768415"><ele>958.0799999999999</ele></trkpt>
<trkpt lat="43.3272533" lon="5.768456700000001"><ele>957.77</ele></trkpt>
<trkpt lat="43.327275" lon="5.768479999999999"><ele>957.37</ele></trkpt>
<trkpt lat="43.3272883" lon="5.7685167"><ele>957.0499999999998</ele></trkpt>
<trkpt lat="43.3272967" lon="5.768555"><ele>956.9299999999998</ele></trkpt>
<trkpt lat="43.3272867" lon="5.76859"><ele>957.3299999999999</ele></trkpt>
<trkpt lat="43.3273" lon="5.7686433"><ele>957.87</ele></trkpt>
<trkpt lat="43.3273017" lon="5.7686867"><ele>957.43</ele></trkpt>
<trkpt lat="43.327305" lon="5.7687267"><ele>957.43</ele></trkpt>
<trkpt lat="43.327315" lon="5.768764999999999"><ele>957.34</ele></trkpt>
<trkpt lat="43.3273233" lon="5.768811699999999"><ele>957.24</ele></trkpt>
<trkpt lat="43.3273217" lon="5.768854999999999"><ele>957.07</ele></trkpt>
<trkpt lat="43.3273167" lon="5.7688933"><ele>956.87</ele></trkpt>
<trkpt lat="43.3273067" lon="5.7689283"><ele>956.58</ele></trkpt>
<trkpt lat="43.327315" lon="5.7689667"><ele>956.2799999999999</ele></trkpt>
<trkpt lat="43.327335" lon="5.7690117"><ele>956.1400000000001</ele></trkpt>
<trkpt lat="43.327345" lon="5.7690467"><ele>955.61</ele></trkpt>
<trkpt lat="43.327365" lon="5.769075"><ele>954.86</ele></trkpt>
<trkpt lat="43.3273567" lon="5.769126700000001"><ele>954.4499999999999</ele></trkpt>
<trkpt lat="43.3273717" lon="5.7691683"><ele>953.9199999999998</ele></trkpt>
<trkpt lat="43.3273967" lon="5.7692083"><ele>953.32</ele></trkpt>
<trkpt lat="43.32741" lon="5.7692467"><ele>952.95</ele></trkpt>
<trkpt lat="43.3274217" lon="5.769286699999999"><ele>953.07</ele></trkpt>
<trkpt lat="43.3274367" lon="5.7693283"><ele>953.1299999999999</ele></trkpt>
<trkpt lat="43.327445" lon="5.769366700000001"><ele>953.27</ele></trkpt>
<trkpt lat="43.3274533" lon="5.769405"><ele>953.69</ele></trkpt>
<trkpt lat="43.3274533" lon="5.7694467"><ele>953.96</ele></trkpt>
<trkpt lat="43.3274517" lon="5.7694933"><ele>954.48</ele></trkpt>
<trkpt lat="43.327455" lon="5.7695333"><ele>954.69</ele></trkpt>
<trkpt lat="43.3274533" lon="5.769571699999999"><ele>954.8</ele></trkpt>
<trkpt lat="43.3274567" lon="5.7696117"><ele>955</ele></trkpt>
<trkpt lat="43.3274633" lon="5.7696483"><ele>955.06</ele></trkpt>
<trkpt lat="43.3274567" lon="5.7696917"><ele>954.7699999999999</ele></trkpt>
<trkpt lat="43.3274483" lon="5.7697317"><ele>954.48</ele></trkpt>
<trkpt lat="43.3274433" lon="5.769768299999999"><ele>953.9199999999998</ele></trkpt>
<trkpt lat="43.3274417" lon="5.769811699999999"><ele>952.5900000000001</ele></trkpt>
<trkpt lat="43.3274333" lon="5.7698483"><ele>952.37</ele></trkpt>
<trkpt lat="43.3274333" lon="5.769891700000001"><ele>952.15</ele></trkpt>
<trkpt lat="43.327435" lon="5.7699333"><ele>951.9399999999999</ele></trkpt>
<trkpt lat="43.32745" lon="5.7699717"><ele>951.77</ele></trkpt>
<trkpt lat="43.3274517" lon="5.770015"><ele>951.6599999999999</ele></trkpt>
<trkpt lat="43.3274733" lon="5.770040000000001"><ele>951.45</ele></trkpt>
<trkpt lat="43.3275" lon="5.7700483"><ele>951.34</ele></trkpt>
<trkpt lat="43.3275217" lon="5.770071700000001"><ele>951.2199999999999</ele></trkpt>
<trkpt lat="43.3275067" lon="5.770116700000001"><ele>951.21</ele></trkpt>
<trkpt lat="43.3274783" lon="5.7701517"><ele>951.9899999999999</ele></trkpt>
<trkpt lat="43.327485" lon="5.7701117"><ele>953.06</ele></trkpt>
<trkpt lat="43.327485" lon="5.7700733"><ele>953.0299999999999</ele></trkpt>
<trkpt lat="43.327555" lon="5.770081700000001"><ele>948.74</ele></trkpt>
<trkpt lat="43.3275867" lon="5.7701033"><ele>947.61</ele></trkpt>
<trkpt lat="43.32761" lon="5.770125"><ele>947.19</ele></trkpt>
<trkpt lat="43.327635" lon="5.770143299999999"><ele>946.9699999999999</ele></trkpt>
<trkpt lat="43.3276567" lon="5.7701667"><ele>946.56</ele></trkpt>
<trkpt lat="43.3276833" lon="5.770154999999999"><ele>945.34</ele></trkpt>
<trkpt lat="43.32766" lon="5.770135"><ele>944.9400000000002</ele></trkpt>
<trkpt lat="43.327645" lon="5.7701017"><ele>944.84</ele></trkpt>
<trkpt lat="43.3276483" lon="5.7700567"><ele>945</ele></trkpt>
<trkpt lat="43.3276267" lon="5.770026700000001"><ele>945.37</ele></trkpt>
<trkpt lat="43.3276167" lon="5.7699883"><ele>945.5300000000001</ele></trkpt>
<trkpt lat="43.3276183" lon="5.769949999999999"><ele>946.0999999999999</ele></trkpt>
<trkpt lat="43.3275817" lon="5.7698667"><ele>946.03</ele></trkpt>
<trkpt lat="43.3275783" lon="5.769824999999999"><ele>943</ele></trkpt>
<trkpt lat="43.3275683" lon="5.769785"><ele>942.94</ele></trkpt>
<trkpt lat="43.3275517" lon="5.769745"><ele>942.66</ele></trkpt>
<trkpt lat="43.3275383" lon="5.7697117"><ele>942.4499999999999</ele></trkpt>
<trkpt lat="43.32753" lon="5.769674999999999"><ele>941.9799999999999</ele></trkpt>
<trkpt lat="43.3275433" lon="5.769635"><ele>941.22</ele></trkpt>
<trkpt lat="43.3275433" lon="5.769595000000001"><ele>940.32</ele></trkpt>
<trkpt lat="43.3275433" lon="5.7695567"><ele>939.71</ele></trkpt>
<trkpt lat="43.327565" lon="5.769529999999999"><ele>939.38</ele></trkpt>
<trkpt lat="43.3275733" lon="5.76949"><ele>938.61</ele></trkpt>
<trkpt lat="43.3275867" lon="5.7694533"><ele>938.11</ele></trkpt>
<trkpt lat="43.3276117" lon="5.769424999999999"><ele>937.5799999999999</ele></trkpt>
<trkpt lat="43.32764" lon="5.7694283"><ele>936.17</ele></trkpt>
<trkpt lat="43.3276583" lon="5.7694"><ele>934.9199999999998</ele></trkpt>
<trkpt lat="43.327685" lon="5.7694183"><ele>934.93</ele></trkpt>
<trkpt lat="43.3277167" lon="5.7694883"><ele>934.68</ele></trkpt>
<trkpt lat="43.3277433" lon="5.769550000000001"><ele>932.87</ele></trkpt>
<trkpt lat="43.3277583" lon="5.7695833"><ele>931.67</ele></trkpt>
<trkpt lat="43.3277767" lon="5.769618300000001"><ele>930.99</ele></trkpt>
<trkpt lat="43.3278017" lon="5.769633299999999"><ele>930.41</ele></trkpt>
<trkpt lat="43.3278267" lon="5.7696767"><ele>928.25</ele></trkpt>
<trkpt lat="43.3278633" lon="5.769663300000001"><ele>926.71</ele></trkpt>
<trkpt lat="43.3279" lon="5.769696700000001"><ele>925.99</ele></trkpt>
<trkpt lat="43.3279267" lon="5.7697167"><ele>925.86</ele></trkpt>
<trkpt lat="43.3279517" lon="5.76974"><ele>925.1099999999999</ele></trkpt>
<trkpt lat="43.327975" lon="5.7697617"><ele>924.5099999999999</ele></trkpt>
<trkpt lat="43.3279983" lon="5.7697817"><ele>923.53</ele></trkpt>
<trkpt lat="43.3280183" lon="5.7698083"><ele>922.4199999999998</ele></trkpt>
<trkpt lat="43.3280417" lon="5.7698417"><ele>921.1900000000002</ele></trkpt>
<trkpt lat="43.3280633" lon="5.769865"><ele>920.1899999999999</ele></trkpt>
<trkpt lat="43.3280933" lon="5.769885"><ele>919.35</ele></trkpt>
<trkpt lat="43.3281133" lon="5.76991"><ele>918.32</ele></trkpt>
<trkpt lat="43.328135" lon="5.76994"><ele>917.2799999999999</ele></trkpt>
<trkpt lat="43.3281683" lon="5.769948300000001"><ele>916.18</ele></trkpt>
<trkpt lat="43.3281933" lon="5.769980000000001"><ele>915.59</ele></trkpt>
<trkpt lat="43.328215" lon="5.7700133"><ele>915.34</ele></trkpt>
<trkpt lat="43.3282333" lon="5.7700433"><ele>914.96</ele></trkpt>
<trkpt lat="43.32826" lon="5.770035"><ele>913.87</ele></trkpt>
<trkpt lat="43.328255" lon="5.769994999999999"><ele>913.67</ele></trkpt>
<trkpt lat="43.32823" lon="5.7699717"><ele>913.3799999999999</ele></trkpt>
<trkpt lat="43.3282083" lon="5.769945"><ele>913.17</ele></trkpt>
<trkpt lat="43.328205" lon="5.7699"><ele>912.2599999999999</ele></trkpt>
<trkpt lat="43.3282" lon="5.7698633"><ele>912.0699999999999</ele></trkpt>
<trkpt lat="43.3282033" lon="5.7698217"><ele>911.8700000000001</ele></trkpt>
<trkpt lat="43.3282167" lon="5.7697833"><ele>911.38</ele></trkpt>
<trkpt lat="43.328205" lon="5.7697467"><ele>910.78</ele></trkpt>
<trkpt lat="43.3282017" lon="5.7697033"><ele>910.18</ele></trkpt>
<trkpt lat="43.3282117" lon="5.7696583"><ele>910.0499999999998</ele></trkpt>
<trkpt lat="43.3282033" lon="5.769616699999999"><ele>909.6100000000001</ele></trkpt>
<trkpt lat="43.328195" lon="5.7695767"><ele>909.1799999999998</ele></trkpt>
<trkpt lat="43.3282067" lon="5.7695417"><ele>908.03</ele></trkpt>
<trkpt lat="43.3282283" lon="5.7695067"><ele>907.28</ele></trkpt>
<trkpt lat="43.328255" lon="5.7695483"><ele>905.5299999999999</ele></trkpt>
<trkpt lat="43.3282717" lon="5.7695833"><ele>905.33</ele></trkpt>
<trkpt lat="43.3282917" lon="5.7696117"><ele>905.22</ele></trkpt>
<trkpt lat="43.3282717" lon="5.7695667"><ele>905.02</ele></trkpt>
<trkpt lat="43.328245" lon="5.7695583"><ele>905.76</ele></trkpt>
<trkpt lat="43.3282933" lon="5.7695033"><ele>903.0399999999998</ele></trkpt>
<trkpt lat="43.3282833" lon="5.769465"><ele>901.6</ele></trkpt>
<trkpt lat="43.3282717" lon="5.7694217"><ele>901.15</ele></trkpt>
<trkpt lat="43.328275" lon="5.7693817"><ele>900.6099999999999</ele></trkpt>
<trkpt lat="43.3282733" lon="5.7693367"><ele>899.7399999999999</ele></trkpt>
<trkpt lat="43.3282633" lon="5.769299999999999"><ele>898.7499999999999</ele></trkpt>
<trkpt lat="43.3282417" lon="5.7693583"><ele>898.22</ele></trkpt>
<trkpt lat="43.3282317" lon="5.7693133"><ele>898.16</ele></trkpt>
<trkpt lat="43.3282267" lon="5.7692667"><ele>898.0499999999998</ele></trkpt>
<trkpt lat="43.32824" lon="5.7692267"><ele>898.1300000000001</ele></trkpt>
<trkpt lat="43.3282683" lon="5.7692217"><ele>898.16</ele></trkpt>
<trkpt lat="43.3282783" lon="5.76918"><ele>895.88</ele></trkpt>
<trkpt lat="43.3282833" lon="5.769139999999999"><ele>895.83</ele></trkpt>
<trkpt lat="43.3282883" lon="5.769098299999999"><ele>896.2</ele></trkpt>
<trkpt lat="43.3283" lon="5.7690617"><ele>896.58</ele></trkpt>
<trkpt lat="43.328305" lon="5.769015"><ele>896.83</ele></trkpt>
<trkpt lat="43.3283" lon="5.768975"><ele>896.6799999999998</ele></trkpt>
<trkpt lat="43.328285" lon="5.7689267"><ele>896.5700000000002</ele></trkpt>
<trkpt lat="43.3283067" lon="5.7688933"><ele>896.28</ele></trkpt>
<trkpt lat="43.32833" lon="5.7688733"><ele>895.9099999999999</ele></trkpt>
<trkpt lat="43.328345" lon="5.7689067"><ele>894.86</ele></trkpt>
<trkpt lat="43.32837" lon="5.768946699999999"><ele>892.62</ele></trkpt>
<trkpt lat="43.3283867" lon="5.7689883"><ele>892.01</ele></trkpt>
<trkpt lat="43.328405" lon="5.76903"><ele>891.4699999999999</ele></trkpt>
<trkpt lat="43.3284317" lon="5.7690517"><ele>891.1699999999998</ele></trkpt>
<trkpt lat="43.3284567" lon="5.7690667"><ele>890.7699999999999</ele></trkpt>
<trkpt lat="43.3284917" lon="5.769085"><ele>890.0499999999998</ele></trkpt>
<trkpt lat="43.3285167" lon="5.76911"><ele>889.94</ele></trkpt>
<trkpt lat="43.3285433" lon="5.769128300000001"><ele>889.97</ele></trkpt>
<trkpt lat="43.328575" lon="5.7691483"><ele>888.9099999999999</ele></trkpt>
<trkpt lat="43.3285967" lon="5.7691783"><ele>887.65</ele></trkpt>
<trkpt lat="43.328615" lon="5.7692133"><ele>886.6999999999999</ele></trkpt>
<trkpt lat="43.328645" lon="5.769244999999999"><ele>885.79</ele></trkpt>
<trkpt lat="43.3286717" lon="5.7692517"><ele>884.38</ele></trkpt>
<trkpt lat="43.3286983" lon="5.7692383"><ele>883.4200000000001</ele></trkpt>
<trkpt lat="43.3286867" lon="5.7691933"><ele>882.19</ele></trkpt>
<trkpt lat="43.32866" lon="5.7691683"><ele>881.62</ele></trkpt>
<trkpt lat="43.3286317" lon="5.7691483"><ele>880.79</ele></trkpt>
<trkpt lat="43.3286167" lon="5.7691117"><ele>879.8899999999999</ele></trkpt>
<trkpt lat="43.32864" lon="5.769081700000001"><ele>879.51</ele></trkpt>
<trkpt lat="43.32865" lon="5.769035"><ele>878.8000000000001</ele></trkpt>
<trkpt lat="43.3286617" lon="5.768993300000001"><ele>878.19</ele></trkpt>
<trkpt lat="43.3286717" lon="5.7689517"><ele>877.58</ele></trkpt>
<trkpt lat="43.328665" lon="5.76891"><ele>876.6899999999999</ele></trkpt>
<trkpt lat="43.3286333" lon="5.768911699999999"><ele>875.16</ele></trkpt>
<trkpt lat="43.3286383" lon="5.768865"><ele>874.07</ele></trkpt>
<trkpt lat="43.32865" lon="5.76883"><ele>874.0499999999998</ele></trkpt>
<trkpt lat="43.3286783" lon="5.768811699999999"><ele>873.8799999999999</ele></trkpt>
<trkpt lat="43.3286667" lon="5.7687483"><ele>876.38</ele></trkpt>
<trkpt lat="43.328675" lon="5.768705"><ele>877.4299999999998</ele></trkpt>
<trkpt lat="43.3286833" lon="5.768661699999999"><ele>877.07</ele></trkpt>
<trkpt lat="43.3286983" lon="5.768625"><ele>876.46</ele></trkpt>
<trkpt lat="43.328695" lon="5.7685833"><ele>876.8599999999999</ele></trkpt>
<trkpt lat="43.3286983" lon="5.768545"><ele>877.23</ele></trkpt>
<trkpt lat="43.32871" lon="5.768505"><ele>877.08</ele></trkpt>
<trkpt lat="43.32872" lon="5.768469999999999"><ele>876.88</ele></trkpt>
<trkpt lat="43.3287267" lon="5.7684317"><ele>876.9</ele></trkpt>
<trkpt lat="43.3287483" lon="5.7684033"><ele>876.38</ele></trkpt>
<trkpt lat="43.328755" lon="5.7683567"><ele>875.88</ele></trkpt>
<trkpt lat="43.3287633" lon="5.7683167"><ele>875.2699999999999</ele></trkpt>
<trkpt lat="43.3287633" lon="5.76827"><ele>874.74</ele></trkpt>
<trkpt lat="43.3287667" lon="5.7682267"><ele>874.2299999999999</ele></trkpt>
<trkpt lat="43.3287833" lon="5.768195"><ele>873.82</ele></trkpt>
<trkpt lat="43.3288033" lon="5.76816"><ele>872.8</ele></trkpt>
<trkpt lat="43.3288133" lon="5.7681183"><ele>871.21</ele></trkpt>
<trkpt lat="43.3288267" lon="5.768083300000001"><ele>870.2499999999999</ele></trkpt>
<trkpt lat="43.3288417" lon="5.768048299999999"><ele>869.0899999999999</ele></trkpt>
<trkpt lat="43.3288583" lon="5.76801"><ele>867.73</ele></trkpt>
<trkpt lat="43.3288817" lon="5.767975"><ele>865.7299999999999</ele></trkpt>
<trkpt lat="43.3288833" lon="5.767935"><ele>864.27</ele></trkpt>
<trkpt lat="43.3288817" lon="5.767895"><ele>862.98</ele></trkpt>
<trkpt lat="43.3288867" lon="5.7678583"><ele>862.12</ele></trkpt>
<trkpt lat="43.3288783" lon="5.7678067"><ele>860.65</ele></trkpt>
<trkpt lat="43.328875" lon="5.76776"><ele>858.99</ele></trkpt>
<trkpt lat="43.3288717" lon="5.7677217"><ele>857.29</ele></trkpt>
<trkpt lat="43.3288617" lon="5.7676833"><ele>855.7199999999999</ele></trkpt>
<trkpt lat="43.3288467" lon="5.76764"><ele>854.71</ele></trkpt>
<trkpt lat="43.3288267" lon="5.767603300000001"><ele>853.67</ele></trkpt>
<trkpt lat="43.3288067" lon="5.7675667"><ele>852.77</ele></trkpt>
<trkpt lat="43.32879" lon="5.76753"><ele>851.9</ele></trkpt>
<trkpt lat="43.3287633" lon="5.7674917"><ele>849.8799999999999</ele></trkpt>
<trkpt lat="43.328785" lon="5.7674183"><ele>848.8099999999998</ele></trkpt>
<trkpt lat="43.3287283" lon="5.767351700000001"><ele>851.8199999999999</ele></trkpt>
<trkpt lat="43.3287217" lon="5.76731"><ele>853.56</ele></trkpt>
<trkpt lat="43.3287317" lon="5.76727"><ele>853.9</ele></trkpt>
<trkpt lat="43.3287283" lon="5.7672317"><ele>853.75</ele></trkpt>
<trkpt lat="43.3287383" lon="5.7671967"><ele>853.3799999999999</ele></trkpt>
<trkpt lat="43.3287267" lon="5.767160000000001"><ele>853.04</ele></trkpt>
<trkpt lat="43.32874" lon="5.7671183"><ele>852.97</ele></trkpt>
<trkpt lat="43.3287367" lon="5.7670767"><ele>852.71</ele></trkpt>
<trkpt lat="43.328725" lon="5.7670383"><ele>852.09</ele></trkpt>
<trkpt lat="43.32872" lon="5.766999999999999"><ele>851.6199999999999</ele></trkpt>
<trkpt lat="43.328705" lon="5.766956699999999"><ele>850.8999999999999</ele></trkpt>
<trkpt lat="43.328675" lon="5.766941700000001"><ele>847.94</ele></trkpt>
<trkpt lat="43.3286483" lon="5.766913299999999"><ele>847.8699999999999</ele></trkpt>
<trkpt lat="43.3286283" lon="5.766875000000001"><ele>847.51</ele></trkpt>
<trkpt lat="43.3286133" lon="5.7668333"><ele>846.6699999999998</ele></trkpt>
<trkpt lat="43.3285983" lon="5.7667967"><ele>845.81</ele></trkpt>
<trkpt lat="43.3285783" lon="5.7667533"><ele>845.05</ele></trkpt>
<trkpt lat="43.32855" lon="5.766716699999999"><ele>843.86</ele></trkpt>
<trkpt lat="43.3285433" lon="5.766659999999999"><ele>843.74</ele></trkpt>
<trkpt lat="43.3285333" lon="5.766624999999999"><ele>843.49</ele></trkpt>
<trkpt lat="43.32852" lon="5.7665883"><ele>843.12</ele></trkpt>
<trkpt lat="43.3285083" lon="5.7665483"><ele>842.7</ele></trkpt>
<trkpt lat="43.328495" lon="5.766510000000001"><ele>842.57</ele></trkpt>
<trkpt lat="43.32848" lon="5.76647"><ele>842.29</ele></trkpt>
<trkpt lat="43.3284733" lon="5.7664283"><ele>841.94</ele></trkpt>
<trkpt lat="43.3284617" lon="5.76638"><ele>841.58</ele></trkpt>
<trkpt lat="43.3284433" lon="5.76634"><ele>841.0899999999999</ele></trkpt>
<trkpt lat="43.3284367" lon="5.7662967"><ele>839.8500000000001</ele></trkpt>
<trkpt lat="43.3284367" lon="5.7662517"><ele>838.97</ele></trkpt>
<trkpt lat="43.328435" lon="5.7662133"><ele>838.44</ele></trkpt>
<trkpt lat="43.3284233" lon="5.7661767"><ele>837.27</ele></trkpt>
<trkpt lat="43.3284067" lon="5.76613"><ele>836.46</ele></trkpt>
<trkpt lat="43.3283833" lon="5.766089999999999"><ele>835.66</ele></trkpt>
<trkpt lat="43.3283717" lon="5.7660467"><ele>834.86</ele></trkpt>
<trkpt lat="43.3283667" lon="5.76601"><ele>834.1299999999999</ele></trkpt>
<trkpt lat="43.328355" lon="5.76596"><ele>833.6899999999999</ele></trkpt>
<trkpt lat="43.328345" lon="5.7659183"><ele>832.96</ele></trkpt>
<trkpt lat="43.328335" lon="5.7658717"><ele>832.3199999999999</ele></trkpt>
<trkpt lat="43.3283267" lon="5.7658333"><ele>831.9</ele></trkpt>
<trkpt lat="43.3283183" lon="5.7657967"><ele>831.4499999999999</ele></trkpt>
<trkpt lat="43.3283083" lon="5.7657583"><ele>831.03</ele></trkpt>
<trkpt lat="43.3283" lon="5.7657083"><ele>830.12</ele></trkpt>
<trkpt lat="43.3282933" lon="5.765659999999999"><ele>829.3599999999999</ele></trkpt>
<trkpt lat="43.3282933" lon="5.765613300000001"><ele>828.33</ele></trkpt>
<trkpt lat="43.3282833" lon="5.7655733"><ele>827.99</ele></trkpt>
<trkpt lat="43.32827" lon="5.7655267"><ele>827.9200000000001</ele></trkpt>
<trkpt lat="43.32826" lon="5.7654817"><ele>828.01</ele></trkpt>
<trkpt lat="43.32826" lon="5.76544"><ele>828.01</ele></trkpt>
<trkpt lat="43.32825" lon="5.7653917"><ele>827.9699999999999</ele></trkpt>
<trkpt lat="43.32825" lon="5.7653383"><ele>827.65</ele></trkpt>
<trkpt lat="43.32827" lon="5.7652967"><ele>827.19</ele></trkpt>
<trkpt lat="43.3282917" lon="5.7652733"><ele>827.0999999999999</ele></trkpt>
<trkpt lat="43.328325" lon="5.7652733"><ele>827.4999999999999</ele></trkpt>
<trkpt lat="43.3283417" lon="5.7653117"><ele>828.3</ele></trkpt>
<trkpt lat="43.3283417" lon="5.765355"><ele>828.53</ele></trkpt>
<trkpt lat="43.3283367" lon="5.765416700000001"><ele>828</ele></trkpt>
<trkpt lat="43.3283567" lon="5.765465000000001"><ele>827.7500000000001</ele></trkpt>
<trkpt lat="43.3283667" lon="5.7655"><ele>827.58</ele></trkpt>
<trkpt lat="43.3283783" lon="5.7655433"><ele>827.19</ele></trkpt>
<trkpt lat="43.328395" lon="5.7655833"><ele>826.96</ele></trkpt>
<trkpt lat="43.32841" lon="5.765615"><ele>826.5799999999999</ele></trkpt>
<trkpt lat="43.3284283" lon="5.7656467"><ele>826.07</ele></trkpt>
<trkpt lat="43.32843" lon="5.765695"><ele>826.6299999999999</ele></trkpt>
<trkpt lat="43.3284383" lon="5.7657317"><ele>826.96</ele></trkpt>
<trkpt lat="43.3284667" lon="5.765765"><ele>827.32</ele></trkpt>
<trkpt lat="43.32851" lon="5.7657983"><ele>827.69</ele></trkpt>
<trkpt lat="43.3285417" lon="5.765816699999999"><ele>827.58</ele></trkpt>
<trkpt lat="43.3285667" lon="5.7658417"><ele>827.09</ele></trkpt>
<trkpt lat="43.3285867" lon="5.76587"><ele>826.8499999999999</ele></trkpt>
<trkpt lat="43.3286117" lon="5.765909999999999"><ele>826.72</ele></trkpt>
<trkpt lat="43.3286483" lon="5.7659333"><ele>827.07</ele></trkpt>
<trkpt lat="43.328675" lon="5.7659633"><ele>826.5300000000001</ele></trkpt>
<trkpt lat="43.3287017" lon="5.765986700000001"><ele>825.83</ele></trkpt>
<trkpt lat="43.328745" lon="5.7660033"><ele>825.13</ele></trkpt>
<trkpt lat="43.32877" lon="5.7660283"><ele>824.3699999999999</ele></trkpt>
<trkpt lat="43.3287967" lon="5.766044999999999"><ele>823.9200000000001</ele></trkpt>
<trkpt lat="43.3288383" lon="5.766076700000001"><ele>823.88</ele></trkpt>
<trkpt lat="43.3288067" lon="5.766066700000001"><ele>823.2699999999999</ele></trkpt>
<trkpt lat="43.3288717" lon="5.766145"><ele>824.75</ele></trkpt>
<trkpt lat="43.3289083" lon="5.766138299999999"><ele>825.65</ele></trkpt>
<trkpt lat="43.3289417" lon="5.766148299999999"><ele>824.44</ele></trkpt>
<trkpt lat="43.328965" lon="5.7661683"><ele>823.61</ele></trkpt>
<trkpt lat="43.328995" lon="5.7661867"><ele>822.84</ele></trkpt>
<trkpt lat="43.3290317" lon="5.7662133"><ele>822.2299999999999</ele></trkpt>
<trkpt lat="43.3290633" lon="5.76622"><ele>821.72</ele></trkpt>
<trkpt lat="43.329095" lon="5.7662167"><ele>821.4900000000001</ele></trkpt>
<trkpt lat="43.3291067" lon="5.7662517"><ele>820.2700000000001</ele></trkpt>
<trkpt lat="43.3291333" lon="5.766284999999999"><ele>819.16</ele></trkpt>
<trkpt lat="43.3291617" lon="5.766295"><ele>818.66</ele></trkpt>
<trkpt lat="43.3291833" lon="5.7663217"><ele>817.4900000000001</ele></trkpt>
<trkpt lat="43.3292217" lon="5.7663383"><ele>816.38</ele></trkpt>
<trkpt lat="43.3292517" lon="5.76637"><ele>815.73</ele></trkpt>
<trkpt lat="43.3292717" lon="5.7664167"><ele>814.5799999999999</ele></trkpt>
<trkpt lat="43.329295" lon="5.766451700000001"><ele>813.7599999999999</ele></trkpt>
<trkpt lat="43.32932" lon="5.766476699999999"><ele>812.9899999999999</ele></trkpt>
<trkpt lat="43.3293467" lon="5.7664983"><ele>812.26</ele></trkpt>
<trkpt lat="43.3293717" lon="5.766515"><ele>811.14</ele></trkpt>
<trkpt lat="43.329395" lon="5.76654"><ele>810.34</ele></trkpt>
<trkpt lat="43.3294133" lon="5.766568300000001"><ele>809.27</ele></trkpt>
<trkpt lat="43.3294233" lon="5.766613300000001"><ele>808.0699999999999</ele></trkpt>
<trkpt lat="43.3294467" lon="5.7666517"><ele>807.03</ele></trkpt>
<trkpt lat="43.3294683" lon="5.7666783"><ele>806.2600000000001</ele></trkpt>
<trkpt lat="43.3295" lon="5.7667217"><ele>805.5899999999999</ele></trkpt>
<trkpt lat="43.329515" lon="5.766755"><ele>805.13</ele></trkpt>
<trkpt lat="43.3295367" lon="5.7667967"><ele>804.53</ele></trkpt>
<trkpt lat="43.3295517" lon="5.766841700000001"><ele>803.93</ele></trkpt>
<trkpt lat="43.32957" lon="5.766885000000001"><ele>803.3299999999999</ele></trkpt>
<trkpt lat="43.329605" lon="5.7669017"><ele>802.34</ele></trkpt>
<trkpt lat="43.3296383" lon="5.7669083"><ele>801.54</ele></trkpt>
<trkpt lat="43.3296267" lon="5.766868299999999"><ele>799.32</ele></trkpt>
<trkpt lat="43.329575" lon="5.76677"><ele>797.98</ele></trkpt>
<trkpt lat="43.3295533" lon="5.7667417"><ele>797.1899999999999</ele></trkpt>
<trkpt lat="43.329535" lon="5.7666983"><ele>796.7399999999999</ele></trkpt>
<trkpt lat="43.329525" lon="5.7666533"><ele>796.85</ele></trkpt>
<trkpt lat="43.32952" lon="5.7666067"><ele>796.48</ele></trkpt>
<trkpt lat="43.3295117" lon="5.766568300000001"><ele>796.11</ele></trkpt>
<trkpt lat="43.3294917" lon="5.7665333"><ele>795.47</ele></trkpt>
<trkpt lat="43.3294783" lon="5.7664867"><ele>795.11</ele></trkpt>
<trkpt lat="43.3294683" lon="5.7664433"><ele>794.5299999999999</ele></trkpt>
<trkpt lat="43.3294667" lon="5.7664033"><ele>793.95</ele></trkpt>
<trkpt lat="43.3294517" lon="5.7663583"><ele>793.7799999999999</ele></trkpt>
<trkpt lat="43.32944" lon="5.7663067"><ele>793.03</ele></trkpt>
<trkpt lat="43.3294283" lon="5.766265"><ele>792.5399999999998</ele></trkpt>
<trkpt lat="43.3294183" lon="5.766228300000001"><ele>791.4199999999998</ele></trkpt>
<trkpt lat="43.3294167" lon="5.76619"><ele>790.69</ele></trkpt>
<trkpt lat="43.3294517" lon="5.7661583"><ele>790.34</ele></trkpt>
<trkpt lat="43.32948" lon="5.766136699999999"><ele>790.3599999999999</ele></trkpt>
<trkpt lat="43.329505" lon="5.766165"><ele>789.4299999999998</ele></trkpt>
<trkpt lat="43.3295167" lon="5.7662017"><ele>788.8899999999999</ele></trkpt>
<trkpt lat="43.3295383" lon="5.76623"><ele>788.4200000000001</ele></trkpt>
<trkpt lat="43.3295667" lon="5.766249999999999"><ele>787.9</ele></trkpt>
<trkpt lat="43.3295933" lon="5.7662767"><ele>787.68</ele></trkpt>
<trkpt lat="43.3296167" lon="5.7663067"><ele>787.36</ele></trkpt>
<trkpt lat="43.32964" lon="5.76634"><ele>787.2499999999999</ele></trkpt>
<trkpt lat="43.32965" lon="5.7663767"><ele>786.79</ele></trkpt>
<trkpt lat="43.32967" lon="5.7664033"><ele>786.4799999999999</ele></trkpt>
<trkpt lat="43.3296917" lon="5.76643"><ele>786.37</ele></trkpt>
<trkpt lat="43.3297117" lon="5.7664617"><ele>785.9100000000001</ele></trkpt>
<trkpt lat="43.32973" lon="5.7664917"><ele>785.4899999999999</ele></trkpt>
<trkpt lat="43.3297467" lon="5.766523299999999"><ele>784.73</ele></trkpt>
<trkpt lat="43.3297683" lon="5.76656"><ele>784.0199999999999</ele></trkpt>
<trkpt lat="43.3297933" lon="5.7665917"><ele>783.4999999999999</ele></trkpt>
<trkpt lat="43.3298167" lon="5.7666333"><ele>782.72</ele></trkpt>
<trkpt lat="43.3298417" lon="5.7666633"><ele>781.9299999999998</ele></trkpt>
<trkpt lat="43.3298633" lon="5.7666867"><ele>781.4</ele></trkpt>
<trkpt lat="43.3298967" lon="5.7667067"><ele>781.35</ele></trkpt>
<trkpt lat="43.3299083" lon="5.766745"><ele>780.73</ele></trkpt>
<trkpt lat="43.3299367" lon="5.7667683"><ele>780.38</ele></trkpt>
<trkpt lat="43.3299767" lon="5.7667983"><ele>779.93</ele></trkpt>
<trkpt lat="43.3300133" lon="5.7668217"><ele>779.68</ele></trkpt>
<trkpt lat="43.3300433" lon="5.7668467"><ele>779.38</ele></trkpt>
<trkpt lat="43.330065" lon="5.766875000000001"><ele>778.9600000000002</ele></trkpt>
<trkpt lat="43.3300933" lon="5.76689"><ele>778.7799999999999</ele></trkpt>
<trkpt lat="43.3301133" lon="5.7669217"><ele>778.41</ele></trkpt>
<trkpt lat="43.330135" lon="5.7669533"><ele>777.89</ele></trkpt>
<trkpt lat="43.3301583" lon="5.7669917"><ele>777.2</ele></trkpt>
<trkpt lat="43.3301867" lon="5.767013299999999"><ele>776.86</ele></trkpt>
<trkpt lat="43.3302067" lon="5.7670433"><ele>776.4</ele></trkpt>
<trkpt lat="43.3302233" lon="5.7670733"><ele>775.7</ele></trkpt>
<trkpt lat="43.33025" lon="5.767091699999999"><ele>775.65</ele></trkpt>
<trkpt lat="43.330245" lon="5.76713"><ele>774.9099999999999</ele></trkpt>
<trkpt lat="43.3301917" lon="5.767091699999999"><ele>775.03</ele></trkpt>
<trkpt lat="43.3302517" lon="5.767125000000001"><ele>774.93</ele></trkpt>
<trkpt lat="43.3302767" lon="5.767149999999999"><ele>774.69</ele></trkpt>
<trkpt lat="43.330305" lon="5.767175"><ele>774.39</ele></trkpt>
<trkpt lat="43.3303333" lon="5.7672083"><ele>773.84</ele></trkpt>
<trkpt lat="43.33036" lon="5.767235"><ele>773.49</ele></trkpt>
<trkpt lat="43.3303867" lon="5.76725"><ele>773.4499999999999</ele></trkpt>
<trkpt lat="43.33042" lon="5.767275000000001"><ele>773.1899999999999</ele></trkpt>
<trkpt lat="43.330445" lon="5.7673017"><ele>772.79</ele></trkpt>
<trkpt lat="43.33047" lon="5.7673267"><ele>772.1</ele></trkpt>
<trkpt lat="43.3304983" lon="5.7673583"><ele>771.69</ele></trkpt>
<trkpt lat="43.3305233" lon="5.767375000000001"><ele>771.58</ele></trkpt>
<trkpt lat="43.3305517" lon="5.767396700000001"><ele>771.29</ele></trkpt>
<trkpt lat="43.3305733" lon="5.767431699999999"><ele>771.08</ele></trkpt>
<trkpt lat="43.3305933" lon="5.7674733"><ele>770.86</ele></trkpt>
<trkpt lat="43.3306133" lon="5.76751"><ele>770.59</ele></trkpt>
<trkpt lat="43.3306333" lon="5.7675367"><ele>770.1</ele></trkpt>
<trkpt lat="43.3306533" lon="5.7675667"><ele>769.23</ele></trkpt>
<trkpt lat="43.3306633" lon="5.767605000000001"><ele>768.6</ele></trkpt>
<trkpt lat="43.3306817" lon="5.76764"><ele>768.45</ele></trkpt>
<trkpt lat="43.3307033" lon="5.767673299999999"><ele>768.51</ele></trkpt>
<trkpt lat="43.3307267" lon="5.767695000000001"><ele>768.45</ele></trkpt>
<trkpt lat="43.3307533" lon="5.7676883"><ele>768.25</ele></trkpt>
<trkpt lat="43.3307583" lon="5.767646700000001"><ele>768.22</ele></trkpt>
<trkpt lat="43.3307583" lon="5.7676067"><ele>767.89</ele></trkpt>
<trkpt lat="43.3307833" lon="5.767585"><ele>764.53</ele></trkpt>
<trkpt lat="43.33077" lon="5.767548300000001"><ele>765.3</ele></trkpt>
<trkpt lat="43.33076" lon="5.767513300000001"><ele>766.2</ele></trkpt>
<trkpt lat="43.3307733" lon="5.767479999999999"><ele>769.39</ele></trkpt>
<trkpt lat="43.3307717" lon="5.76744"><ele>769</ele></trkpt>
<trkpt lat="43.330765" lon="5.7674033"><ele>768.46</ele></trkpt>
<trkpt lat="43.3307633" lon="5.7673583"><ele>768.35</ele></trkpt>
<trkpt lat="43.330785" lon="5.767335"><ele>767.17</ele></trkpt>
<trkpt lat="43.33079" lon="5.767295"><ele>765.7</ele></trkpt>
<trkpt lat="43.3307817" lon="5.7672467"><ele>764.66</ele></trkpt>
<trkpt lat="43.33079" lon="5.7672"><ele>763.93</ele></trkpt>
<trkpt lat="43.3308" lon="5.767145"><ele>763.16</ele></trkpt>
<trkpt lat="43.3308017" lon="5.7671033"><ele>762.71</ele></trkpt>
<trkpt lat="43.3308083" lon="5.767056699999999"><ele>762.1299999999999</ele></trkpt>
<trkpt lat="43.3308317" lon="5.7670267"><ele>761.6099999999999</ele></trkpt>
<trkpt lat="43.3308467" lon="5.7669933"><ele>760.93</ele></trkpt>
<trkpt lat="43.330855" lon="5.7669467"><ele>760.58</ele></trkpt>
<trkpt lat="43.3308683" lon="5.7669117"><ele>759.37</ele></trkpt>
<trkpt lat="43.3308917" lon="5.766886700000001"><ele>757.62</ele></trkpt>
<trkpt lat="43.3309183" lon="5.7668733"><ele>755.95</ele></trkpt>
<trkpt lat="43.3309467" lon="5.766851699999999"><ele>753.91</ele></trkpt>
<trkpt lat="43.3309733" lon="5.766841700000001"><ele>753.16</ele></trkpt>
<trkpt lat="43.33097" lon="5.7668033"><ele>751.7</ele></trkpt>
<trkpt lat="43.33097" lon="5.76676"><ele>750.67</ele></trkpt>
<trkpt lat="43.3309617" lon="5.7667217"><ele>750.28</ele></trkpt>
<trkpt lat="43.3309733" lon="5.76668"><ele>749.98</ele></trkpt>
<trkpt lat="43.3309833" lon="5.7666367"><ele>749.5</ele></trkpt>
<trkpt lat="43.330995" lon="5.766601700000001"><ele>748.64</ele></trkpt>
<trkpt lat="43.3310067" lon="5.7665617"><ele>748.19</ele></trkpt>
<trkpt lat="43.3310217" lon="5.766523299999999"><ele>747.44</ele></trkpt>
<trkpt lat="43.3310367" lon="5.7664817"><ele>745.94</ele></trkpt>
<trkpt lat="43.331055" lon="5.766451700000001"><ele>745.52</ele></trkpt>
<trkpt lat="43.3310733" lon="5.7664"><ele>745.15</ele></trkpt>
<trkpt lat="43.3310683" lon="5.7663567"><ele>744.22</ele></trkpt>
<trkpt lat="43.331095" lon="5.76637"><ele>748.09</ele></trkpt>
<trkpt lat="43.3311233" lon="5.7663717"><ele>747.46</ele></trkpt>
<trkpt lat="43.3311433" lon="5.766345"><ele>746.92</ele></trkpt>
<trkpt lat="43.33118" lon="5.766325"><ele>746.59</ele></trkpt>
<trkpt lat="43.33121" lon="5.76631"><ele>745.91</ele></trkpt>
<trkpt lat="43.33124" lon="5.766295"><ele>745.78</ele></trkpt>
<trkpt lat="43.3312567" lon="5.766265"><ele>745.26</ele></trkpt>
<trkpt lat="43.3312683" lon="5.7662233"><ele>744.58</ele></trkpt>
<trkpt lat="43.3312767" lon="5.7661867"><ele>743.81</ele></trkpt>
<trkpt lat="43.3312817" lon="5.766138299999999"><ele>743.43</ele></trkpt>
<trkpt lat="43.3313017" lon="5.766111700000001"><ele>742.96</ele></trkpt>
<trkpt lat="43.3313333" lon="5.7660883"><ele>742.08</ele></trkpt>
<trkpt lat="43.3313667" lon="5.766068300000001"><ele>741.04</ele></trkpt>
<trkpt lat="43.331395" lon="5.7660433"><ele>740.5</ele></trkpt>
<trkpt lat="43.3314183" lon="5.7660217"><ele>740.09</ele></trkpt>
<trkpt lat="43.3314433" lon="5.765995"><ele>739.6</ele></trkpt>
<trkpt lat="43.331475" lon="5.7659717"><ele>739.1</ele></trkpt>
<trkpt lat="43.3314917" lon="5.765925"><ele>738.51</ele></trkpt>
<trkpt lat="43.331505" lon="5.76589"><ele>738.27</ele></trkpt>
<trkpt lat="43.3315267" lon="5.765855"><ele>737.99</ele></trkpt>
<trkpt lat="43.33155" lon="5.76582"><ele>737.95</ele></trkpt>
<trkpt lat="43.3315783" lon="5.765785"><ele>737.78</ele></trkpt>
<trkpt lat="43.3316033" lon="5.765750000000001"><ele>737.73</ele></trkpt>
<trkpt lat="43.3316283" lon="5.7657217"><ele>737.68</ele></trkpt>
<trkpt lat="43.3316583" lon="5.7657133"><ele>737.47</ele></trkpt>
<trkpt lat="43.3316833" lon="5.7656883"><ele>737.28</ele></trkpt>
<trkpt lat="43.3317083" lon="5.765665"><ele>737.02</ele></trkpt>
<trkpt lat="43.3317367" lon="5.7656467"><ele>736.72</ele></trkpt>
<trkpt lat="43.3317633" lon="5.7656267"><ele>736.4</ele></trkpt>
<trkpt lat="43.3317883" lon="5.765611699999999"><ele>736.03</ele></trkpt>
<trkpt lat="43.3318117" lon="5.7655867"><ele>735.34</ele></trkpt>
<trkpt lat="43.331835" lon="5.7655517"><ele>734.63</ele></trkpt>
<trkpt lat="43.3318567" lon="5.765521699999999"><ele>734.2</ele></trkpt>
<trkpt lat="43.3318583" lon="5.7654733"><ele>734.06</ele></trkpt>
<trkpt lat="43.3318683" lon="5.7654383"><ele>733.7</ele></trkpt>
<trkpt lat="43.3319" lon="5.7654233"><ele>733.3</ele></trkpt>
<trkpt lat="43.3319283" lon="5.765398299999999"><ele>732.92</ele></trkpt>
<trkpt lat="43.3319433" lon="5.765365"><ele>732.43</ele></trkpt>
<trkpt lat="43.33197" lon="5.7653417"><ele>731.93</ele></trkpt>
<trkpt lat="43.3319867" lon="5.7653117"><ele>731.24</ele></trkpt>
<trkpt lat="43.332005" lon="5.765281699999999"><ele>730.08</ele></trkpt>
<trkpt lat="43.33202" lon="5.76525"><ele>729.51</ele></trkpt>
<trkpt lat="43.332045" lon="5.7652183"><ele>728.9</ele></trkpt>
<trkpt lat="43.33207" lon="5.765193299999999"><ele>728.5</ele></trkpt>
<trkpt lat="43.3320983" lon="5.765168300000001"><ele>728.1</ele></trkpt>
<trkpt lat="43.33213" lon="5.765146699999999"><ele>727.53</ele></trkpt>
<trkpt lat="43.3321517" lon="5.765113299999999"><ele>727.03</ele></trkpt>
<trkpt lat="43.33217" lon="5.7650833"><ele>726.34</ele></trkpt>
<trkpt lat="43.3322" lon="5.7650567"><ele>725.67</ele></trkpt>
<trkpt lat="43.3322283" lon="5.7650267"><ele>724.87</ele></trkpt>
<trkpt lat="43.3322567" lon="5.7650117"><ele>724.23</ele></trkpt>
<trkpt lat="43.332285" lon="5.76499"><ele>723.27</ele></trkpt>
<trkpt lat="43.332315" lon="5.764975000000001"><ele>722.7299999999999</ele></trkpt>
<trkpt lat="43.33235" lon="5.7649617"><ele>722.74</ele></trkpt>
<trkpt lat="43.33238" lon="5.76495"><ele>722.71</ele></trkpt>
<trkpt lat="43.3324067" lon="5.764943300000001"><ele>722.19</ele></trkpt>
<trkpt lat="43.3324383" lon="5.7649233"><ele>721.82</ele></trkpt>
<trkpt lat="43.332465" lon="5.764915"><ele>721.5999999999999</ele></trkpt>
<trkpt lat="43.3324917" lon="5.7649"><ele>721.3</ele></trkpt>
<trkpt lat="43.33252" lon="5.76487"><ele>720.99</ele></trkpt>
<trkpt lat="43.33255" lon="5.7648517"><ele>720.79</ele></trkpt>
<trkpt lat="43.3325783" lon="5.7648483"><ele>720.68</ele></trkpt>
<trkpt lat="43.3326117" lon="5.7648483"><ele>720.2099999999999</ele></trkpt>
<trkpt lat="43.33264" lon="5.764849999999999"><ele>720.24</ele></trkpt>
<trkpt lat="43.3326683" lon="5.7648533"><ele>720.25</ele></trkpt>
<trkpt lat="43.3327" lon="5.7648567"><ele>720.16</ele></trkpt>
<trkpt lat="43.3327317" lon="5.7648683"><ele>719.96</ele></trkpt>
<trkpt lat="43.3327667" lon="5.7648733"><ele>719.71</ele></trkpt>
<trkpt lat="43.3328" lon="5.764883300000001"><ele>720.11</ele></trkpt>
<trkpt lat="43.332835" lon="5.7649"><ele>720.18</ele></trkpt>
<trkpt lat="43.332865" lon="5.7649233"><ele>719.8</ele></trkpt>
<trkpt lat="43.3328917" lon="5.7649367"><ele>719.5999999999999</ele></trkpt>
<trkpt lat="43.332925" lon="5.7649483"><ele>719.4</ele></trkpt>
<trkpt lat="43.3329583" lon="5.7649667"><ele>719.33</ele></trkpt>
<trkpt lat="43.3329817" lon="5.7649917"><ele>719.16</ele></trkpt>
<trkpt lat="43.33301" lon="5.7650083"><ele>718.92</ele></trkpt>
<trkpt lat="43.3330283" lon="5.7650383"><ele>718.6</ele></trkpt>
<trkpt lat="43.3330633" lon="5.7650633"><ele>718.29</ele></trkpt>
<trkpt lat="43.3330883" lon="5.76508"><ele>718.24</ele></trkpt>
<trkpt lat="43.333115" lon="5.765101699999999"><ele>718.18</ele></trkpt>
<trkpt lat="43.3331383" lon="5.7651267"><ele>717.8</ele></trkpt>
<trkpt lat="43.3331383" lon="5.765166700000001"><ele>717.14</ele></trkpt>
<trkpt lat="43.33315" lon="5.7652033"><ele>716.53</ele></trkpt>
<trkpt lat="43.33317" lon="5.76523"><ele>715.93</ele></trkpt>
<trkpt lat="43.3332033" lon="5.76526"><ele>715.12</ele></trkpt>
<trkpt lat="43.333225" lon="5.7652917"><ele>714.73</ele></trkpt>
<trkpt lat="43.33324" lon="5.7653233"><ele>714.31</ele></trkpt>
<trkpt lat="43.33327" lon="5.7653533"><ele>713.71</ele></trkpt>
<trkpt lat="43.3332917" lon="5.765386699999999"><ele>713.47</ele></trkpt>
<trkpt lat="43.3333117" lon="5.765418300000001"><ele>713.1</ele></trkpt>
<trkpt lat="43.3333333" lon="5.765455"><ele>712.86</ele></trkpt>
<trkpt lat="43.33337" lon="5.76548"><ele>712.05</ele></trkpt>
<trkpt lat="43.3333983" lon="5.7654933"><ele>711.96</ele></trkpt>
<trkpt lat="43.3334317" lon="5.7655117"><ele>712.02</ele></trkpt>
<trkpt lat="43.3334567" lon="5.765535"><ele>712.12</ele></trkpt>
<trkpt lat="43.33348" lon="5.765555000000001"><ele>712.08</ele></trkpt>
<trkpt lat="43.3335133" lon="5.7655833"><ele>711.96</ele></trkpt>
<trkpt lat="43.3335483" lon="5.7655817"><ele>711.79</ele></trkpt>
<trkpt lat="43.3335883" lon="5.765579999999999"><ele>711.49</ele></trkpt>
<trkpt lat="43.3336317" lon="5.7655867"><ele>711.43</ele></trkpt>
<trkpt lat="43.3336633" lon="5.7655967"><ele>711.45</ele></trkpt>
<trkpt lat="43.33369" lon="5.7656083"><ele>711.36</ele></trkpt>
<trkpt lat="43.333685" lon="5.76565"><ele>711.64</ele></trkpt>
<trkpt lat="43.3337517" lon="5.7656367"><ele>711.12</ele></trkpt>
<trkpt lat="43.3337733" lon="5.7656083"><ele>710.99</ele></trkpt>
<trkpt lat="43.3338017" lon="5.765600000000001"><ele>710.8199999999999</ele></trkpt>
<trkpt lat="43.3338367" lon="5.7655867"><ele>710.24</ele></trkpt>
<trkpt lat="43.333865" lon="5.76557"><ele>709.53</ele></trkpt>
<trkpt lat="43.3338967" lon="5.7655617"><ele>708.78</ele></trkpt>
<trkpt lat="43.3339217" lon="5.7655367"><ele>707.68</ele></trkpt>
<trkpt lat="43.333945" lon="5.765506700000001"><ele>706.94</ele></trkpt>
<trkpt lat="43.3339617" lon="5.76547"><ele>705.99</ele></trkpt>
<trkpt lat="43.33399" lon="5.7654483"><ele>704.52</ele></trkpt>
<trkpt lat="43.3340233" lon="5.765433299999999"><ele>703.48</ele></trkpt>
<trkpt lat="43.33405" lon="5.765416700000001"><ele>702.58</ele></trkpt>
<trkpt lat="43.3340733" lon="5.76538"><ele>702.12</ele></trkpt>
<trkpt lat="43.3341033" lon="5.7653583"><ele>701.73</ele></trkpt>
<trkpt lat="43.3341333" lon="5.765374999999999"><ele>701.28</ele></trkpt>
<trkpt lat="43.334145" lon="5.7654117"><ele>701.1</ele></trkpt>
<trkpt lat="43.334145" lon="5.765361700000001"><ele>700.2</ele></trkpt>
<trkpt lat="43.334165" lon="5.765325"><ele>699.92</ele></trkpt>
<trkpt lat="43.3341933" lon="5.7653033"><ele>699.44</ele></trkpt>
<trkpt lat="43.334225" lon="5.765285"><ele>698.92</ele></trkpt>
<trkpt lat="43.3342533" lon="5.7652867"><ele>698.77</ele></trkpt>
<trkpt lat="43.3342867" lon="5.765281699999999"><ele>698.26</ele></trkpt>
<trkpt lat="43.3343017" lon="5.7652433"><ele>698.23</ele></trkpt>
<trkpt lat="43.3343333" lon="5.7652283"><ele>698.35</ele></trkpt>
<trkpt lat="43.334365" lon="5.7652267"><ele>698.3699999999999</ele></trkpt>
<trkpt lat="43.33437" lon="5.7652633"><ele>697.92</ele></trkpt>
<trkpt lat="43.334365" lon="5.76531"><ele>696.8</ele></trkpt>
<trkpt lat="43.3343317" lon="5.765281699999999"><ele>696.78</ele></trkpt>
<trkpt lat="43.334335" lon="5.7652417"><ele>697.11</ele></trkpt>
<trkpt lat="43.3343217" lon="5.765275"><ele>695.98</ele></trkpt>
<trkpt lat="43.3344083" lon="5.7653067"><ele>695.65</ele></trkpt>
<trkpt lat="43.3344167" lon="5.765343299999999"><ele>696.03</ele></trkpt>
<trkpt lat="43.3343683" lon="5.7652967"><ele>696.06</ele></trkpt>
<trkpt lat="43.3343417" lon="5.765275"><ele>696.58</ele></trkpt>
<trkpt lat="43.3343733" lon="5.7652717"><ele>697.27</ele></trkpt>
<trkpt lat="43.3344033" lon="5.765294999999999"><ele>696.91</ele></trkpt>
<trkpt lat="43.3344317" lon="5.7653217"><ele>696.7</ele></trkpt>
<trkpt lat="43.3344583" lon="5.76535"><ele>696.57</ele></trkpt>
<trkpt lat="43.3344933" lon="5.7653833"><ele>696.63</ele></trkpt>
<trkpt lat="43.3345267" lon="5.765405000000001"><ele>696.68</ele></trkpt>
<trkpt lat="43.3345567" lon="5.7654483"><ele>696.3</ele></trkpt>
<trkpt lat="43.3345833" lon="5.7654717"><ele>696.19</ele></trkpt>
<trkpt lat="43.3346017" lon="5.7655"><ele>695.83</ele></trkpt>
<trkpt lat="43.334625" lon="5.765535"><ele>695.12</ele></trkpt>
<trkpt lat="43.3346533" lon="5.7655633"><ele>694.56</ele></trkpt>
<trkpt lat="43.3346767" lon="5.7655883"><ele>694.31</ele></trkpt>
<trkpt lat="43.33471" lon="5.7656067"><ele>693.74</ele></trkpt>
<trkpt lat="43.334685" lon="5.765579999999999"><ele>692.83</ele></trkpt>
<trkpt lat="43.3347133" lon="5.7655867"><ele>688.93</ele></trkpt>
<trkpt lat="43.334745" lon="5.7655983"><ele>688.32</ele></trkpt>
<trkpt lat="43.33478" lon="5.765611699999999"><ele>687.85</ele></trkpt>
<trkpt lat="43.334815" lon="5.7656167"><ele>687.24</ele></trkpt>
<trkpt lat="43.3348433" lon="5.7655983"><ele>686.54</ele></trkpt>
<trkpt lat="43.33486" lon="5.765568299999999"><ele>685.34</ele></trkpt>
<trkpt lat="43.3348633" lon="5.7655283"><ele>684.61</ele></trkpt>
<trkpt lat="43.3348633" lon="5.765488299999999"><ele>684.09</ele></trkpt>
<trkpt lat="43.3348967" lon="5.7654567"><ele>684.35</ele></trkpt>
<trkpt lat="43.3348867" lon="5.765415"><ele>684.22</ele></trkpt>
<trkpt lat="43.33487" lon="5.765363300000001"><ele>683.97</ele></trkpt>
<trkpt lat="43.3348533" lon="5.7653117"><ele>683.77</ele></trkpt>
<trkpt lat="43.334845" lon="5.7652683"><ele>683.6599999999999</ele></trkpt>
<trkpt lat="43.3348417" lon="5.7652233"><ele>683.57</ele></trkpt>
<trkpt lat="43.3348267" lon="5.765185"><ele>683.31</ele></trkpt>
<trkpt lat="43.3348217" lon="5.765148299999999"><ele>682.83</ele></trkpt>
<trkpt lat="43.33482" lon="5.765103299999999"><ele>682.18</ele></trkpt>
<trkpt lat="43.3348217" lon="5.765054999999999"><ele>681.36</ele></trkpt>
<trkpt lat="43.334855" lon="5.7650533"><ele>680.37</ele></trkpt>
<trkpt lat="43.3348817" lon="5.7650383"><ele>680.08</ele></trkpt>
<trkpt lat="43.33491" lon="5.7650367"><ele>679.05</ele></trkpt>
<trkpt lat="43.3348733" lon="5.765035"><ele>677.87</ele></trkpt>
<trkpt lat="43.334835" lon="5.765025"><ele>678.26</ele></trkpt>
<trkpt lat="43.3348133" lon="5.764995"><ele>678.01</ele></trkpt>
<trkpt lat="43.3347967" lon="5.764954999999999"><ele>677.69</ele></trkpt>
<trkpt lat="43.3347833" lon="5.764908299999999"><ele>678.28</ele></trkpt>
<trkpt lat="43.33477" lon="5.7648667"><ele>679.05</ele></trkpt>
<trkpt lat="43.3347583" lon="5.764816699999999"><ele>680.17</ele></trkpt>
<trkpt lat="43.334735" lon="5.76477"><ele>681.38</ele></trkpt>
<trkpt lat="43.3347217" lon="5.764713299999999"><ele>681.87</ele></trkpt>
<trkpt lat="43.3347067" lon="5.764666699999999"><ele>681.7</ele></trkpt>
<trkpt lat="43.3347033" lon="5.7646167"><ele>681.46</ele></trkpt>
<trkpt lat="43.3347033" lon="5.764564999999999"><ele>681.2</ele></trkpt>
<trkpt lat="43.334695" lon="5.764525"><ele>681.14</ele></trkpt>
<trkpt lat="43.33469" lon="5.764488299999999"><ele>681.09</ele></trkpt>
<trkpt lat="43.3346817" lon="5.7644433"><ele>680.71</ele></trkpt>
<trkpt lat="43.3346717" lon="5.7644067"><ele>680.43</ele></trkpt>
<trkpt lat="43.3346583" lon="5.7643667"><ele>680.22</ele></trkpt>
<trkpt lat="43.3346467" lon="5.7643317"><ele>680.32</ele></trkpt>
<trkpt lat="43.334635" lon="5.76429"><ele>680.09</ele></trkpt>
<trkpt lat="43.3346183" lon="5.764246699999999"><ele>679.58</ele></trkpt>
<trkpt lat="43.334605" lon="5.7641983"><ele>679.3</ele></trkpt>
<trkpt lat="43.334585" lon="5.764155"><ele>678.75</ele></trkpt>
<trkpt lat="43.3345683" lon="5.764123300000001"><ele>678.41</ele></trkpt>
<trkpt lat="43.3345567" lon="5.76408"><ele>678.36</ele></trkpt>
<trkpt lat="43.3345433" lon="5.764043299999999"><ele>677.96</ele></trkpt>
<trkpt lat="43.3345217" lon="5.7640117"><ele>677.7</ele></trkpt>
<trkpt lat="43.3345067" lon="5.7639767"><ele>677.59</ele></trkpt>
<trkpt lat="43.33449" lon="5.763945"><ele>677.39</ele></trkpt>
<trkpt lat="43.3344683" lon="5.7639"><ele>677.36</ele></trkpt>
<trkpt lat="43.3344517" lon="5.763865"><ele>677.03</ele></trkpt>
<trkpt lat="43.3344383" lon="5.7638233"><ele>676.51</ele></trkpt>
<trkpt lat="43.33443" lon="5.7637833"><ele>676.07</ele></trkpt>
<trkpt lat="43.33442" lon="5.7637417"><ele>675.66</ele></trkpt>
<trkpt lat="43.3344083" lon="5.7637017"><ele>675.3</ele></trkpt>
<trkpt lat="43.3343917" lon="5.763668299999999"><ele>675.17</ele></trkpt>
<trkpt lat="43.3343817" lon="5.7636283"><ele>674.77</ele></trkpt>
<trkpt lat="43.33436" lon="5.7635833"><ele>674.21</ele></trkpt>
<trkpt lat="43.33434" lon="5.7635383"><ele>673.97</ele></trkpt>
<trkpt lat="43.3343217" lon="5.763505000000001"><ele>673.86</ele></trkpt>
<trkpt lat="43.3342967" lon="5.763463300000001"><ele>673.67</ele></trkpt>
<trkpt lat="43.3342817" lon="5.7634217"><ele>674.02</ele></trkpt>
<trkpt lat="43.3342733" lon="5.7633783"><ele>673.49</ele></trkpt>
<trkpt lat="43.3342683" lon="5.76333"><ele>673.36</ele></trkpt>
<trkpt lat="43.3342517" lon="5.763285"><ele>673.36</ele></trkpt>
<trkpt lat="43.3342367" lon="5.7632467"><ele>673.45</ele></trkpt>
<trkpt lat="43.3342217" lon="5.763210000000001"><ele>673.39</ele></trkpt>
<trkpt lat="43.3342117" lon="5.76317"><ele>673.45</ele></trkpt>
<trkpt lat="43.3341983" lon="5.763125"><ele>673.74</ele></trkpt>
<trkpt lat="43.334185" lon="5.76308"><ele>673.74</ele></trkpt>
<trkpt lat="43.3341867" lon="5.7630333"><ele>673.59</ele></trkpt>
<trkpt lat="43.3341767" lon="5.7629967"><ele>673.37</ele></trkpt>
<trkpt lat="43.3341667" lon="5.762955"><ele>673.48</ele></trkpt>
<trkpt lat="43.3341583" lon="5.762904999999999"><ele>673.11</ele></trkpt>
<trkpt lat="43.3341383" lon="5.762859999999999"><ele>672.99</ele></trkpt>
<trkpt lat="43.3341167" lon="5.7628233"><ele>672.77</ele></trkpt>
<trkpt lat="43.334105" lon="5.762788300000001"><ele>672.69</ele></trkpt>
<trkpt lat="43.3340917" lon="5.7627483"><ele>672.57</ele></trkpt>
<trkpt lat="43.3340917" lon="5.762700000000001"><ele>672.33</ele></trkpt>
<trkpt lat="43.33409" lon="5.7626617"><ele>672.08</ele></trkpt>
<trkpt lat="43.334075" lon="5.7626217"><ele>672.06</ele></trkpt>
<trkpt lat="43.3340517" lon="5.7625917"><ele>671.64</ele></trkpt>
<trkpt lat="43.3340317" lon="5.7625533"><ele>670.95</ele></trkpt>
<trkpt lat="43.3340167" lon="5.76252"><ele>670.54</ele></trkpt>
<trkpt lat="43.334" lon="5.7624883"><ele>670.37</ele></trkpt>
<trkpt lat="43.333985" lon="5.762455"><ele>670.04</ele></trkpt>
<trkpt lat="43.3339767" lon="5.7624067"><ele>669.63</ele></trkpt>
<trkpt lat="43.3339717" lon="5.762369999999999"><ele>669.4</ele></trkpt>
<trkpt lat="43.3339617" lon="5.76232"><ele>669.29</ele></trkpt>
<trkpt lat="43.33395" lon="5.762285"><ele>669.33</ele></trkpt>
<trkpt lat="43.333935" lon="5.76223"><ele>669.26</ele></trkpt>
<trkpt lat="43.333925" lon="5.762185"><ele>669.17</ele></trkpt>
<trkpt lat="43.3339183" lon="5.7621483"><ele>669</ele></trkpt>
<trkpt lat="43.3339067" lon="5.7621"><ele>668.86</ele></trkpt>
<trkpt lat="43.3338867" lon="5.76207"><ele>669.02</ele></trkpt>
<trkpt lat="43.3338583" lon="5.7620617"><ele>669.14</ele></trkpt>
<trkpt lat="43.3338317" lon="5.762038300000001"><ele>669.25</ele></trkpt>
<trkpt lat="43.3338117" lon="5.762008299999999"><ele>669.02</ele></trkpt>
<trkpt lat="43.3337867" lon="5.761980000000001"><ele>668.87</ele></trkpt>
<trkpt lat="43.333765" lon="5.7619517"><ele>668.93</ele></trkpt>
<trkpt lat="43.3337467" lon="5.7619167"><ele>669.18</ele></trkpt>
<trkpt lat="43.3337333" lon="5.7618833"><ele>669.12</ele></trkpt>
<trkpt lat="43.3337183" lon="5.7618433"><ele>669.32</ele></trkpt>
<trkpt lat="43.3337133" lon="5.7618033"><ele>669.46</ele></trkpt>
<trkpt lat="43.33371" lon="5.7617583"><ele>670.06</ele></trkpt>
<trkpt lat="43.3336933" lon="5.7617217"><ele>670.34</ele></trkpt>
<trkpt lat="43.3336833" lon="5.7616733"><ele>670.52</ele></trkpt>
<trkpt lat="43.3336683" lon="5.761625"><ele>670.9</ele></trkpt>
<trkpt lat="43.3336633" lon="5.7615867"><ele>671.27</ele></trkpt>
<trkpt lat="43.3336483" lon="5.761545"><ele>671.9</ele></trkpt>
<trkpt lat="43.3336417" lon="5.7615067"><ele>672.67</ele></trkpt>
<trkpt lat="43.3336283" lon="5.7614633"><ele>673.64</ele></trkpt>
<trkpt lat="43.3336183" lon="5.7614233"><ele>674.5</ele></trkpt>
<trkpt lat="43.3336067" lon="5.7613833"><ele>675.15</ele></trkpt>
<trkpt lat="43.333595" lon="5.7613383"><ele>675.73</ele></trkpt>
<trkpt lat="43.333595" lon="5.7613"><ele>676.65</ele></trkpt>
<trkpt lat="43.3336033" lon="5.761255"><ele>677.49</ele></trkpt>
<trkpt lat="43.33361" lon="5.761206700000001"><ele>677.11</ele></trkpt>
<trkpt lat="43.3336117" lon="5.761153299999999"><ele>676.74</ele></trkpt>
<trkpt lat="43.33361" lon="5.7611117"><ele>676.34</ele></trkpt>
<trkpt lat="43.3336033" lon="5.7610683"><ele>675.55</ele></trkpt>
<trkpt lat="43.3335917" lon="5.7610317"><ele>675.05</ele></trkpt>
<trkpt lat="43.333585" lon="5.760993299999999"><ele>674.57</ele></trkpt>
<trkpt lat="43.3335783" lon="5.760956699999999"><ele>674.21</ele></trkpt>
<trkpt lat="43.3335683" lon="5.760911699999999"><ele>674.17</ele></trkpt>
<trkpt lat="43.3335683" lon="5.76086"><ele>673.38</ele></trkpt>
<trkpt lat="43.333565" lon="5.7608167"><ele>673.36</ele></trkpt>
<trkpt lat="43.3335567" lon="5.760764999999999"><ele>672.74</ele></trkpt>
<trkpt lat="43.3335517" lon="5.7607183"><ele>671.98</ele></trkpt>
<trkpt lat="43.3335333" lon="5.7606717"><ele>671.15</ele></trkpt>
<trkpt lat="43.3335183" lon="5.7606217"><ele>670.84</ele></trkpt>
<trkpt lat="43.3335067" lon="5.76057"><ele>670.93</ele></trkpt>
<trkpt lat="43.333505" lon="5.76052"><ele>671.05</ele></trkpt>
<trkpt lat="43.333495" lon="5.7604733"><ele>671.31</ele></trkpt>
<trkpt lat="43.33349" lon="5.76042"><ele>671.29</ele></trkpt>
<trkpt lat="43.3334883" lon="5.760379999999999"><ele>670.96</ele></trkpt>
<trkpt lat="43.3334917" lon="5.760325"><ele>669.94</ele></trkpt>
<trkpt lat="43.3334983" lon="5.7602717"><ele>668.99</ele></trkpt>
<trkpt lat="43.3334917" lon="5.7602283"><ele>668.57</ele></trkpt>
<trkpt lat="43.333485" lon="5.7601867"><ele>668.07</ele></trkpt>
<trkpt lat="43.3334633" lon="5.760218300000001"><ele>672.87</ele></trkpt>
<trkpt lat="43.333455" lon="5.7601183"><ele>676.07</ele></trkpt>
<trkpt lat="43.333455" lon="5.760080000000001"><ele>675.57</ele></trkpt>
<trkpt lat="43.3334583" lon="5.760038299999999"><ele>674.95</ele></trkpt>
<trkpt lat="43.3334517" lon="5.759991699999999"><ele>674.5</ele></trkpt>
<trkpt lat="43.333445" lon="5.7599417"><ele>674.3</ele></trkpt>
<trkpt lat="43.3334333" lon="5.75989"><ele>674.07</ele></trkpt>
<trkpt lat="43.333425" lon="5.7598333"><ele>673.8</ele></trkpt>
<trkpt lat="43.33342" lon="5.759796699999999"><ele>673.6</ele></trkpt>
<trkpt lat="43.3334117" lon="5.7597583"><ele>673.04</ele></trkpt>
<trkpt lat="43.3334083" lon="5.7597133"><ele>672.71</ele></trkpt>
<trkpt lat="43.3334017" lon="5.759673299999999"><ele>672.49</ele></trkpt>
<trkpt lat="43.3333883" lon="5.75963"><ele>672.01</ele></trkpt>
<trkpt lat="43.33338" lon="5.759591700000001"><ele>671.6</ele></trkpt>
<trkpt lat="43.33337" lon="5.7595517"><ele>671.3</ele></trkpt>
<trkpt lat="43.3333667" lon="5.75951"><ele>671.25</ele></trkpt>
<trkpt lat="43.3333667" lon="5.75947"><ele>670.93</ele></trkpt>
<trkpt lat="43.33336" lon="5.759423299999999"><ele>670.53</ele></trkpt>
<trkpt lat="43.33335" lon="5.7593817"><ele>670.29</ele></trkpt>
<trkpt lat="43.3333467" lon="5.759335"><ele>669.83</ele></trkpt>
<trkpt lat="43.333345" lon="5.75929"><ele>669.5</ele></trkpt>
<trkpt lat="43.3333417" lon="5.759239999999999"><ele>669.21</ele></trkpt>
<trkpt lat="43.33334" lon="5.75919"><ele>669.07</ele></trkpt>
<trkpt lat="43.3333367" lon="5.7591433"><ele>668.89</ele></trkpt>
<trkpt lat="43.3333217" lon="5.7591067"><ele>668.77</ele></trkpt>
<trkpt lat="43.333315" lon="5.759066700000001"><ele>668.76</ele></trkpt>
<trkpt lat="43.333305" lon="5.759025"><ele>668.83</ele></trkpt>
<trkpt lat="43.333295" lon="5.7589833"><ele>668.86</ele></trkpt>
<trkpt lat="43.3332883" lon="5.758944999999999"><ele>668.93</ele></trkpt>
<trkpt lat="43.3332867" lon="5.758905"><ele>669.02</ele></trkpt>
<trkpt lat="43.3332933" lon="5.7588567"><ele>669.1</ele></trkpt>
<trkpt lat="43.3333067" lon="5.7588217"><ele>669.32</ele></trkpt>
<trkpt lat="43.3333417" lon="5.7588117"><ele>669.26</ele></trkpt>
<trkpt lat="43.3333783" lon="5.758805"><ele>669.58</ele></trkpt>
<trkpt lat="43.3334183" lon="5.7588"><ele>670</ele></trkpt>
<trkpt lat="43.3334467" lon="5.758798299999999"><ele>670.28</ele></trkpt>
<trkpt lat="43.3334867" lon="5.7587933"><ele>670.8</ele></trkpt>
<trkpt lat="43.3335217" lon="5.7587917"><ele>671.28</ele></trkpt>
<trkpt lat="43.333555" lon="5.7587917"><ele>671.81</ele></trkpt>
<trkpt lat="43.3335833" lon="5.7587867"><ele>672.11</ele></trkpt>
<trkpt lat="43.3336183" lon="5.7587783"><ele>672.32</ele></trkpt>
<trkpt lat="43.3336567" lon="5.7587783"><ele>672.61</ele></trkpt>
<trkpt lat="43.3336883" lon="5.7587767"><ele>672.73</ele></trkpt>
<trkpt lat="43.3337217" lon="5.7587733"><ele>673.01</ele></trkpt>
<trkpt lat="43.3337517" lon="5.7587783"><ele>673.31</ele></trkpt>
<trkpt lat="43.3337817" lon="5.7587717"><ele>673.45</ele></trkpt>
<trkpt lat="43.3338133" lon="5.7587667"><ele>673.55</ele></trkpt>
<trkpt lat="43.33385" lon="5.758763299999999"><ele>673.73</ele></trkpt>
<trkpt lat="43.333885" lon="5.7587567"><ele>673.48</ele></trkpt>
<trkpt lat="43.333915" lon="5.7587483"><ele>673.2</ele></trkpt>
<trkpt lat="43.3339433" lon="5.7587467"><ele>672.83</ele></trkpt>
<trkpt lat="43.3339733" lon="5.758745"><ele>672.2</ele></trkpt>
<trkpt lat="43.33401" lon="5.7587483"><ele>671.9</ele></trkpt>
<trkpt lat="43.3340383" lon="5.758749999999999"><ele>671.72</ele></trkpt>
<trkpt lat="43.334075" lon="5.758745"><ele>671.4</ele></trkpt>
<trkpt lat="43.3341167" lon="5.7587417"><ele>671.27</ele></trkpt>
<trkpt lat="43.3341567" lon="5.758736700000001"><ele>671.16</ele></trkpt>
<trkpt lat="43.3341917" lon="5.7587333"><ele>671.26</ele></trkpt>
<trkpt lat="43.3342217" lon="5.7587283"><ele>671.26</ele></trkpt>
<trkpt lat="43.3342617" lon="5.7587217"><ele>671.27</ele></trkpt>
<trkpt lat="43.3342933" lon="5.75872"><ele>671.42</ele></trkpt>
<trkpt lat="43.33433" lon="5.758718299999999"><ele>671.46</ele></trkpt>
<trkpt lat="43.3343683" lon="5.758716699999999"><ele>671.55</ele></trkpt>
<trkpt lat="43.3344033" lon="5.7587083"><ele>671.72</ele></trkpt>
<trkpt lat="43.3344333" lon="5.7587"><ele>672.02</ele></trkpt>
<trkpt lat="43.33447" lon="5.758704999999999"><ele>672.32</ele></trkpt>
<trkpt lat="43.3345" lon="5.7587083"><ele>672.52</ele></trkpt>
<trkpt lat="43.33453" lon="5.758704999999999"><ele>672.66</ele></trkpt>
<trkpt lat="43.33456" lon="5.7587"><ele>672.73</ele></trkpt>
<trkpt lat="43.3345967" lon="5.758693300000001"><ele>672.66</ele></trkpt>
<trkpt lat="43.3346317" lon="5.7586967"><ele>672.5</ele></trkpt>
<trkpt lat="43.334665" lon="5.75869"><ele>672.29</ele></trkpt>
<trkpt lat="43.3346933" lon="5.75868"><ele>672.26</ele></trkpt>
<trkpt lat="43.3347217" lon="5.758675"><ele>672.17</ele></trkpt>
<trkpt lat="43.3347517" lon="5.75867"><ele>671.97</ele></trkpt>
<trkpt lat="43.33478" lon="5.758665"><ele>671.8</ele></trkpt>
<trkpt lat="43.3348133" lon="5.7586667"><ele>671.43</ele></trkpt>
<trkpt lat="43.334845" lon="5.7586683"><ele>670.85</ele></trkpt>
<trkpt lat="43.3348717" lon="5.7586617"><ele>670.15</ele></trkpt>
<trkpt lat="43.3349083" lon="5.7586533"><ele>669.71</ele></trkpt>
<trkpt lat="43.334935" lon="5.758646700000001"><ele>669.67</ele></trkpt>
<trkpt lat="43.3349667" lon="5.7586417"><ele>669.82</ele></trkpt>
<trkpt lat="43.3349983" lon="5.75864"><ele>669.95</ele></trkpt>
<trkpt lat="43.3350267" lon="5.75864"><ele>670.07</ele></trkpt>
<trkpt lat="43.3350617" lon="5.758635000000001"><ele>670.32</ele></trkpt>
<trkpt lat="43.3351017" lon="5.7586317"><ele>670.36</ele></trkpt>
<trkpt lat="43.335135" lon="5.75863"><ele>670.81</ele></trkpt>
<trkpt lat="43.3351667" lon="5.75861"><ele>671.1</ele></trkpt>
<trkpt lat="43.3351933" lon="5.758595"><ele>671.69</ele></trkpt>
<trkpt lat="43.335225" lon="5.758600000000001"><ele>671.88</ele></trkpt>
<trkpt lat="43.335245" lon="5.75856"><ele>671.34</ele></trkpt>
<trkpt lat="43.335265" lon="5.758535"><ele>670.79</ele></trkpt>
<trkpt lat="43.3352533" lon="5.7586283"><ele>670.24</ele></trkpt>
<trkpt lat="43.3352767" lon="5.7586567"><ele>670.16</ele></trkpt>
<trkpt lat="43.3353017" lon="5.75869"><ele>670.23</ele></trkpt>
<trkpt lat="43.3353267" lon="5.7587283"><ele>670.52</ele></trkpt>
<trkpt lat="43.3353517" lon="5.75876"><ele>670.82</ele></trkpt>
<trkpt lat="43.3353683" lon="5.75879"><ele>671.05</ele></trkpt>
<trkpt lat="43.33539" lon="5.7588333"><ele>670.96</ele></trkpt>
<trkpt lat="43.3354167" lon="5.75887"><ele>670.61</ele></trkpt>
<trkpt lat="43.3354333" lon="5.7589067"><ele>670.54</ele></trkpt>
<trkpt lat="43.3354533" lon="5.758941699999999"><ele>670.79</ele></trkpt>
<trkpt lat="43.3354767" lon="5.7589733"><ele>671.09</ele></trkpt>
<trkpt lat="43.3354967" lon="5.7590083"><ele>671.84</ele></trkpt>
<trkpt lat="43.3355" lon="5.75905"><ele>671.7</ele></trkpt>
<trkpt lat="43.3355083" lon="5.7590883"><ele>671.15</ele></trkpt>
<trkpt lat="43.3355067" lon="5.7591317"><ele>671.16</ele></trkpt>
</trkseg></trk>
</gpx>