<?xml version="1.0" encoding="UTF-8"?>
<gpx version="1.1" creator="Marando" xmlns="http://www.topografix.com/GPX/1/1">
<wpt lat="43.57164120732047" lon="6.099404965201281"><ele>478.27</ele><name>Départ</name></wpt>
<wpt lat="43.57058" lon="6.1070683"><ele>479.02</ele><name>Rocher</name></wpt>
<wpt lat="43.57135166666667" lon="6.111583333333332"><ele>523.2</ele><name>Buplèvre raide.JPEG</name><desc>Buplèvre raide : Le Buplèvre raide (Bupleurum rigidum) se reconnaît ici à ses feuilles coriaces, sessiles et nettement parcourues de nervures longitudinales parallèles, caractères particulièrement visibles avant la floraison. Cette Apiacée vivace affectionne les substrats calcaires secs et les formations herbacées thermophiles. Les feuilles caulinaires, engainantes à la base, sont disposées de manière alterne et présentent une rigidité caractéristique, adaptation aux conditions de sécheresse. L’absence d’inflorescence sur cet individu indique vraisemblablement un stade végétatif précoce.</desc></wpt>
<wpt lat="43.58090166666667" lon="6.1049"><ele>520.1</ele><name>Euphraise visqueuse.JPEG</name><desc>Euphraise visqueuse : L’Euphraise visqueuse (Euphrasia viscosa) est une petite plante annuelle hémiparasite, caractéristique des pelouses maigres, landes et prairies oligotrophes. Ses tiges et ses feuilles sont couvertes de poils glanduleux qui leur confèrent un aspect visqueux, caractère à l’origine de son épithète spécifique. La floraison, estivale, produit de petites fleurs bilabiées, généralement blanchâtres à lilacées, marquées de jaune sur la lèvre inférieure. Comme les autres euphraises, elle prélève une partie de ses ressources minérales sur les racines des graminées voisines.</desc></wpt>
<wpt lat="43.580865" lon="6.104808333333333"><ele>521.6</ele><name>Fumana fausse-bruyere.JPEG</name><desc>Fumana fausse-bruyère : Le Fumana fausse-bruyère (Fumana ericifolia) est un petit sous-arbrisseau méditerranéen de la famille des Cistacées, caractéristique des pelouses xérophiles, garrigues et substrats calcaires fortement exposés. Ses tiges grêles portent de petites feuilles linéaires, étroites et opposées, évoquant celles des bruyères. La fleur, jaune vif et pentamère, possède cinq pétales rapidement caducs. Cette espèce thermophile et héliophile témoigne de conditions écologiques chaudes, sèches et oligotrophes.</desc></wpt>
<wpt lat="43.57508666666667" lon="6.109803333333333"><ele>497.2</ele><name>Lotier à feuilles tenues.JPEG</name><desc>Le Lotier à feuilles ténues (Lotus tenuis, également appelé Lotier à feuilles étroites ou Lotier glabre) est une plante herbacée vivace de la famille des Fabacées.

Caractéristiques principales :

Il présente des tiges grêles, souvent couchées ou ascendantes.

Ses feuilles sont composées de folioles étroites (d'où son nom).

Ses fleurs sont d'un jaune vif caractéristique, de petite taille, regroupées en petites ombelles sur des pédoncules.

Habitat : On le rencontre fréquemment dans les prairies humides, les zones sablonneuses ou les terrains exondés, du littoral jusqu'à l'étage montagnard.</desc></wpt>
<wpt lat="43.57065371608142" lon="6.108797941693426"><ele>477.32</ele><name>Chapelle Saint Ulfar</name><desc>La chapelle est dédiée à saint Ulphar, traditionnellement imploré et prié par les villageois pour faire tomber la pluie en période de sécheresse.
Son édification fait suite à des supplications de la communauté villageoise dont les prières avaient été exaucées. Pour témoigner de leur reconnaissance envers ce « saint salvateur », les habitants décidèrent de bâtir un sanctuaire face à un oratoire préexistant.

L'édifice a été béni le 7 juin 1883 par le curé Rouvier, ainsi qu'en témoigne une plaque commémorative en marbre fixée à l'intérieur.</desc></wpt>
<wpt lat="43.57049677417008" lon="6.108829323801698"><ele>476.72</ele><name>Autel</name><desc>Saint Ulphar (parfois orthographié Saint Ulfrand ou assimilé à saint Wulfran ou Wulfram, évêque de Sens  est un saint très particulier dans le contexte provençal.

À l'origine, ce saint n'appartenait pas du tout au calendrier ni à la tradition liturgique de la Provence, mais était plutôt honoré dans le diocèse de Tulle ou le nord de la France.
L'origine de son implantation à Fox-Amphoux : Selon la tradition locale, son culte dans le Var serait né à la suite d'un événement insolite. Un habitant (ou un voyageur) effrayé par un violent orage et la foudre aurait imploré ce saint qu'il connaissait.</desc></wpt>
<wpt lat="43.5706383" lon="6.109051700000001"><ele>480.8999999999999</ele><name>Oratoire</name><desc>Érigés le long des chemins provençaux, les oratoires sont de petits monuments de dévotion voués à invoquer la protection divine. Témoins de la piété populaire, ils balisent les terroirs, marquent les carrefours ou commémorent des vœux face aux épidémies et sécheresses. Composés d'un socle, d'un pilier et d'une niche abritant une statue de saint, ils façonnent l'identité culturelle et paysagère de la région.</desc></wpt>
<wpt lat="43.5714317" lon="6.1105883"><ele>475.65</ele><name>Salsepareille</name><desc>Les baies de salsepareille (Smilax aspera) poussent en grappes et virent du rouge vif au noir-bleuté à maturité. Contenant des saponines, elles sont toxiques pour l'humain et provoquent des troubles digestifs. Bien qu'inconsommables pour nous (contrairement à la légende des Schtroumpfs), elles constituent un régal pour les oiseaux. En phytothérapie, seules les racines et jeunes pousses sont exploitées.</desc></wpt>
<wpt lat="43.5809867" lon="6.10525"><ele>473.84</ele><name>Fox-Amphoux</name><desc>Natif de Fox-Amphoux, le vicomte Paul Barras (figure majeure de la Révolution et du Directoire) présenta Joséphine à Napoléon. Ayant échappé à un naufrage, il vint y déposer un ex-voto pieds nus. Le village abrite aussi un vénérable micocoulier centenaire, un gisement paléontologique exceptionnel de dinosaures, ainsi qu'une chapelle troglodytique (Notre-Dame de Bon-Secours) aménagée au pied d'une falaise.</desc></wpt>
<wpt lat="43.57898" lon="6.1028733"><ele>481.4</ele><name>Puits</name><desc>Élément vital en terre aride, le puits hante la littérature provençale. Chez Marcel Pagnol, il devient le théâtre tragique ou romanesque de la soif et du destin (La Fille du puisatier). Frédéric Mistral y associe la quête sacrée des sourciers et la magie des sources cachées. Puits de village ou modestes citernes de colline symbolisent l'effort collectif, le lien social et la rudesse d'une nature assoiffée magnifiée par les poètes du terroir.</desc></wpt>
<wpt lat="43.5720617" lon="6.099186700000001"><ele>467.8299999999999</ele><name>Arrivée</name><desc> Grande randonnée
Heure de départ: 09:16 4 sept. 2026
Heure d'arrivée: 11:58 4 sept. 2026
Distance: 7,5km 
Temps déplacement: 02:07
Vitesse moyenne: 2,79 km/h
Vitesse en mouvement: 3,52 km/h
Vitesse Max.: 6,10 km/h
Altitude minimale: 444 m
Altitude maximale: 485 m
Vitesse de montée: 93,3 m/h
Vitesse de descente: 97,0 m/h
Dénivelé positif: 92 m
Dénivelé négatif: 101 m
Temps de montée: 00:59
Temps de descente: 01:02</desc></wpt>
<trk><name>Fox3</name><trkseg>
<trkpt lat="43.5720617" lon="6.099186700000001"><ele>469.8299999999999</ele></trkpt>
<trkpt lat="43.57034936317806" lon="6.100250386092194"><ele>479.92</ele></trkpt>
<trkpt lat="43.56989347697361" lon="6.101341660872695"><ele>479.8299999999999</ele></trkpt>
<trkpt lat="43.56961576410358" lon="6.10258790813806"><ele>481.3</ele></trkpt>
<trkpt lat="43.56909932171141" lon="6.103267470859814"><ele>482.3800000000001</ele></trkpt>
<trkpt lat="43.56932993405584" lon="6.104242007077298"><ele>482.57</ele></trkpt>
<trkpt lat="43.56941335077983" lon="6.104485901887406"><ele>482.57</ele></trkpt>
<trkpt lat="43.5694717" lon="6.104580000000001"><ele>482.7499999999999</ele></trkpt>
<trkpt lat="43.5694767" lon="6.1046217"><ele>483.1</ele></trkpt>
<trkpt lat="43.5694867" lon="6.10466"><ele>483.3</ele></trkpt>
<trkpt lat="43.5694883" lon="6.1047083"><ele>483.94</ele></trkpt>
<trkpt lat="43.5694967" lon="6.10475"><ele>484.1799999999999</ele></trkpt>
<trkpt lat="43.56951" lon="6.1047983"><ele>484.28</ele></trkpt>
<trkpt lat="43.569515" lon="6.10484"><ele>484.16</ele></trkpt>
<trkpt lat="43.5695183" lon="6.1048867"><ele>483.47</ele></trkpt>
<trkpt lat="43.5695317" lon="6.10493"><ele>483.32</ele></trkpt>
<trkpt lat="43.569545" lon="6.1049717"><ele>483.48</ele></trkpt>
<trkpt lat="43.5695567" lon="6.1050083"><ele>483.44</ele></trkpt>
<trkpt lat="43.5695617" lon="6.105046700000001"><ele>483.76</ele></trkpt>
<trkpt lat="43.56957" lon="6.1050833"><ele>483.84</ele></trkpt>
<trkpt lat="43.5695833" lon="6.105116699999999"><ele>483.91</ele></trkpt>
<trkpt lat="43.5696067" lon="6.1051567"><ele>484.0799999999999</ele></trkpt>
<trkpt lat="43.5696317" lon="6.1051967"><ele>484.2</ele></trkpt>
<trkpt lat="43.569655" lon="6.10523"><ele>484.28</ele></trkpt>
<trkpt lat="43.5696683" lon="6.105268299999999"><ele>484.0899999999999</ele></trkpt>
<trkpt lat="43.5696783" lon="6.1053083"><ele>484.63</ele></trkpt>
<trkpt lat="43.5696983" lon="6.105343300000001"><ele>485.16</ele></trkpt>
<trkpt lat="43.5697183" lon="6.105369999999999"><ele>485.23</ele></trkpt>
<trkpt lat="43.56975" lon="6.105400000000001"><ele>485.3099999999999</ele></trkpt>
<trkpt lat="43.5697733" lon="6.10542"><ele>485.08</ele></trkpt>
<trkpt lat="43.569805" lon="6.10544"><ele>484.6</ele></trkpt>
<trkpt lat="43.5698317" lon="6.1054533"><ele>484.61</ele></trkpt>
<trkpt lat="43.5698583" lon="6.1054683"><ele>484.52</ele></trkpt>
<trkpt lat="43.569885" lon="6.105480000000001"><ele>484.68</ele></trkpt>
<trkpt lat="43.5699167" lon="6.105485"><ele>484.6499999999999</ele></trkpt>
<trkpt lat="43.5699433" lon="6.1055"><ele>484.61</ele></trkpt>
<trkpt lat="43.56996" lon="6.105465"><ele>485.5299999999999</ele></trkpt>
<trkpt lat="43.5699567" lon="6.105425"><ele>485.33</ele></trkpt>
<trkpt lat="43.569945" lon="6.105388300000001"><ele>485.3099999999999</ele></trkpt>
<trkpt lat="43.5699583" lon="6.1054417"><ele>484.55</ele></trkpt>
<trkpt lat="43.56997" lon="6.105485"><ele>484.4299999999999</ele></trkpt>
<trkpt lat="43.5699917" lon="6.1055133"><ele>484.26</ele></trkpt>
<trkpt lat="43.5700167" lon="6.1055317"><ele>484.15</ele></trkpt>
<trkpt lat="43.5700533" lon="6.1055583"><ele>483.84</ele></trkpt>
<trkpt lat="43.57008" lon="6.1055733"><ele>483.66</ele></trkpt>
<trkpt lat="43.570105" lon="6.1055967"><ele>483.44</ele></trkpt>
<trkpt lat="43.5701283" lon="6.105625"><ele>483.23</ele></trkpt>
<trkpt lat="43.570145" lon="6.1056583"><ele>482.94</ele></trkpt>
<trkpt lat="43.5701633" lon="6.1056933"><ele>482.7499999999999</ele></trkpt>
<trkpt lat="43.57018" lon="6.105725"><ele>482.56</ele></trkpt>
<trkpt lat="43.5701933" lon="6.10576"><ele>482.58</ele></trkpt>
<trkpt lat="43.570205" lon="6.1058117"><ele>482.57</ele></trkpt>
<trkpt lat="43.5702167" lon="6.105855"><ele>482.97</ele></trkpt>
<trkpt lat="43.5702267" lon="6.105891699999999"><ele>483.18</ele></trkpt>
<trkpt lat="43.5702333" lon="6.1059333"><ele>483.22</ele></trkpt>
<trkpt lat="43.5702367" lon="6.105981699999999"><ele>482.89</ele></trkpt>
<trkpt lat="43.5702483" lon="6.10602"><ele>482.3800000000001</ele></trkpt>
<trkpt lat="43.5702467" lon="6.10607"><ele>482.32</ele></trkpt>
<trkpt lat="43.5702467" lon="6.106118300000001"><ele>482.0799999999999</ele></trkpt>
<trkpt lat="43.5702467" lon="6.106163300000001"><ele>481.67</ele></trkpt>
<trkpt lat="43.570245" lon="6.1062133"><ele>480.9999999999999</ele></trkpt>
<trkpt lat="43.5702483" lon="6.1062517"><ele>480.82</ele></trkpt>
<trkpt lat="43.5702533" lon="6.1062983"><ele>480.7499999999999</ele></trkpt>
<trkpt lat="43.57026" lon="6.1063433"><ele>480.79</ele></trkpt>
<trkpt lat="43.5702683" lon="6.106385"><ele>480.49</ele></trkpt>
<trkpt lat="43.5702783" lon="6.1064317"><ele>479.73</ele></trkpt>
<trkpt lat="43.5702933" lon="6.1064717"><ele>479.36</ele></trkpt>
<trkpt lat="43.5703183" lon="6.10651"><ele>479.5099999999999</ele></trkpt>
<trkpt lat="43.57034" lon="6.106536700000001"><ele>479.91</ele></trkpt>
<trkpt lat="43.5703617" lon="6.10656"><ele>480.31</ele></trkpt>
<trkpt lat="43.570385" lon="6.1065917"><ele>480.32</ele></trkpt>
<trkpt lat="43.5704183" lon="6.10662"><ele>480.3899999999999</ele></trkpt>
<trkpt lat="43.5704467" lon="6.106643300000001"><ele>480.4399999999999</ele></trkpt>
<trkpt lat="43.5704733" lon="6.10666"><ele>480.32</ele></trkpt>
<trkpt lat="43.5705033" lon="6.1066667"><ele>480.3899999999999</ele></trkpt>
<trkpt lat="43.5705333" lon="6.106675000000001"><ele>480.6</ele></trkpt>
<trkpt lat="43.5705617" lon="6.1066983"><ele>481.08</ele></trkpt>
<trkpt lat="43.57058" lon="6.1067283"><ele>480.62</ele></trkpt>
<trkpt lat="43.570595" lon="6.1067617"><ele>479.7699999999999</ele></trkpt>
<trkpt lat="43.5705983" lon="6.1068067"><ele>478.54</ele></trkpt>
<trkpt lat="43.5706067" lon="6.1068533"><ele>477.58</ele></trkpt>
<trkpt lat="43.5706167" lon="6.1068983"><ele>477.2599999999999</ele></trkpt>
<trkpt lat="43.5706167" lon="6.1069417"><ele>477.22</ele></trkpt>
<trkpt lat="43.5706117" lon="6.1069817"><ele>477.47</ele></trkpt>
<trkpt lat="43.57061" lon="6.1070267"><ele>478.1799999999999</ele></trkpt>
<trkpt lat="43.5705967" lon="6.107065"><ele>478.19</ele></trkpt>
<trkpt lat="43.5705817" lon="6.1071"><ele>478.8</ele></trkpt>
<trkpt lat="43.5705617" lon="6.107125"><ele>479.39</ele></trkpt>
<trkpt lat="43.5705483" lon="6.1071583"><ele>480.6499999999999</ele></trkpt>
<trkpt lat="43.57052" lon="6.10715"><ele>480.17</ele></trkpt>
<trkpt lat="43.5705567" lon="6.1071483"><ele>479.12</ele></trkpt>
<trkpt lat="43.5705683" lon="6.107185"><ele>478.79</ele></trkpt>
<trkpt lat="43.5705983" lon="6.107178299999999"><ele>478.52</ele></trkpt>
<trkpt lat="43.5706083" lon="6.107141700000001"><ele>478.45</ele></trkpt>
<trkpt lat="43.5706133" lon="6.107098300000001"><ele>478.42</ele></trkpt>
<trkpt lat="43.570595" lon="6.1070683"><ele>478.6999999999999</ele></trkpt>
<trkpt lat="43.5706083" lon="6.1071033"><ele>477.41</ele></trkpt>
<trkpt lat="43.5706233" lon="6.107141700000001"><ele>475.98</ele></trkpt>
<trkpt lat="43.57062" lon="6.1071933"><ele>475.37</ele></trkpt>
<trkpt lat="43.5706167" lon="6.1072383"><ele>474.93</ele></trkpt>
<trkpt lat="43.5706083" lon="6.107279999999999"><ele>474.82</ele></trkpt>
<trkpt lat="43.5706" lon="6.10732"><ele>474.7300000000001</ele></trkpt>
<trkpt lat="43.57059" lon="6.107355"><ele>474.88</ele></trkpt>
<trkpt lat="43.57058" lon="6.107395"><ele>474.99</ele></trkpt>
<trkpt lat="43.5705733" lon="6.1074433"><ele>475.27</ele></trkpt>
<trkpt lat="43.57057" lon="6.1074933"><ele>475.48</ele></trkpt>
<trkpt lat="43.5705567" lon="6.1075367"><ele>475.5199999999999</ele></trkpt>
<trkpt lat="43.5705517" lon="6.107586700000001"><ele>475.4</ele></trkpt>
<trkpt lat="43.5705433" lon="6.1076383"><ele>475.67</ele></trkpt>
<trkpt lat="43.5705367" lon="6.107686700000001"><ele>475.67</ele></trkpt>
<trkpt lat="43.5705317" lon="6.1077367"><ele>475.81</ele></trkpt>
<trkpt lat="43.57053" lon="6.1077833"><ele>475.5699999999999</ele></trkpt>
<trkpt lat="43.570525" lon="6.107825000000001"><ele>475.4</ele></trkpt>
<trkpt lat="43.5705233" lon="6.107870000000001"><ele>475.41</ele></trkpt>
<trkpt lat="43.5705217" lon="6.107916700000001"><ele>475.49</ele></trkpt>
<trkpt lat="43.57052" lon="6.1079667"><ele>475.68</ele></trkpt>
<trkpt lat="43.57052" lon="6.108008300000001"><ele>475.91</ele></trkpt>
<trkpt lat="43.5705217" lon="6.108051700000001"><ele>475.64</ele></trkpt>
<trkpt lat="43.5705217" lon="6.108095"><ele>476.04</ele></trkpt>
<trkpt lat="43.5705267" lon="6.1081383"><ele>476.35</ele></trkpt>
<trkpt lat="43.5705267" lon="6.1081917"><ele>476.58</ele></trkpt>
<trkpt lat="43.57053" lon="6.1082417"><ele>476.62</ele></trkpt>
<trkpt lat="43.5705433" lon="6.1082883"><ele>476.6</ele></trkpt>
<trkpt lat="43.5705567" lon="6.1083217"><ele>476.78</ele></trkpt>
<trkpt lat="43.5705667" lon="6.108365"><ele>476.91</ele></trkpt>
<trkpt lat="43.57059" lon="6.108406699999999"><ele>477.08</ele></trkpt>
<trkpt lat="43.5706083" lon="6.1084483"><ele>477.6000000000001</ele></trkpt>
<trkpt lat="43.5706233" lon="6.108496699999999"><ele>478.01</ele></trkpt>
<trkpt lat="43.5706417" lon="6.1085267"><ele>478.61</ele></trkpt>
<trkpt lat="43.5706633" lon="6.108565"><ele>478.6399999999999</ele></trkpt>
<trkpt lat="43.5706833" lon="6.108605"><ele>478.9499999999999</ele></trkpt>
<trkpt lat="43.5706967" lon="6.1086467"><ele>478.6399999999999</ele></trkpt>
<trkpt lat="43.5707083" lon="6.108690000000001"><ele>478.23</ele></trkpt>
<trkpt lat="43.57071" lon="6.1087333"><ele>477.09</ele></trkpt>
<trkpt lat="43.5706867" lon="6.1087633"><ele>476.74</ele></trkpt>
<trkpt lat="43.5706783" lon="6.1088117"><ele>477.38</ele></trkpt>
<trkpt lat="43.570675" lon="6.1088517"><ele>477.76</ele></trkpt>
<trkpt lat="43.570665" lon="6.1088917"><ele>477.81</ele></trkpt>
<trkpt lat="43.5706333" lon="6.1089317"><ele>477.97</ele></trkpt>
<trkpt lat="43.5705983" lon="6.108929999999999"><ele>477.98</ele></trkpt>
<trkpt lat="43.5705767" lon="6.108895"><ele>477.36</ele></trkpt>
<trkpt lat="43.570545" lon="6.1088633"><ele>476.0899999999999</ele></trkpt>
<trkpt lat="43.570585" lon="6.10887"><ele>475.8799999999999</ele></trkpt>
<trkpt lat="43.57061" lon="6.1088867"><ele>476.45</ele></trkpt>
<trkpt lat="43.5706133" lon="6.1089267"><ele>477.35</ele></trkpt>
<trkpt lat="43.5706217" lon="6.108963300000001"><ele>480.5</ele></trkpt>
<trkpt lat="43.5706267" lon="6.109008300000001"><ele>480.48</ele></trkpt>
<trkpt lat="43.570635" lon="6.1090483"><ele>480.85</ele></trkpt>
<trkpt lat="43.5706417" lon="6.1090117"><ele>480.28</ele></trkpt>
<trkpt lat="43.5706467" lon="6.10897"><ele>479.24</ele></trkpt>
<trkpt lat="43.570635" lon="6.109005"><ele>477.91</ele></trkpt>
<trkpt lat="43.570615" lon="6.109033299999999"><ele>477.3</ele></trkpt>
<trkpt lat="43.5705867" lon="6.109085"><ele>478.28</ele></trkpt>
<trkpt lat="43.5705717" lon="6.1090417"><ele>479.32</ele></trkpt>
<trkpt lat="43.5705817" lon="6.1090017"><ele>479.16</ele></trkpt>
<trkpt lat="43.5705833" lon="6.108963300000001"><ele>478.85</ele></trkpt>
<trkpt lat="43.5706133" lon="6.108929999999999"><ele>477.37</ele></trkpt>
<trkpt lat="43.5706467" lon="6.1089267"><ele>477.8699999999999</ele></trkpt>
<trkpt lat="43.5706767" lon="6.10892"><ele>477.76</ele></trkpt>
<trkpt lat="43.5707067" lon="6.1089367"><ele>477.69</ele></trkpt>
<trkpt lat="43.57073" lon="6.1089683"><ele>478</ele></trkpt>
<trkpt lat="43.5707567" lon="6.109"><ele>477.92</ele></trkpt>
<trkpt lat="43.5707817" lon="6.1090267"><ele>477.92</ele></trkpt>
<trkpt lat="43.5708033" lon="6.109051700000001"><ele>477.8299999999999</ele></trkpt>
<trkpt lat="43.57082" lon="6.1090917"><ele>477.85</ele></trkpt>
<trkpt lat="43.570835" lon="6.1091333"><ele>477.72</ele></trkpt>
<trkpt lat="43.5708517" lon="6.1091717"><ele>477.53</ele></trkpt>
<trkpt lat="43.57087" lon="6.109200000000001"><ele>477.67</ele></trkpt>
<trkpt lat="43.570885" lon="6.109245"><ele>477.69</ele></trkpt>
<trkpt lat="43.5709033" lon="6.109275"><ele>478.0899999999999</ele></trkpt>
<trkpt lat="43.5709233" lon="6.1093233"><ele>475.4</ele></trkpt>
<trkpt lat="43.5709567" lon="6.109335"><ele>474.8</ele></trkpt>
<trkpt lat="43.5709883" lon="6.1093583"><ele>474.82</ele></trkpt>
<trkpt lat="43.5710133" lon="6.109385000000001"><ele>474.98</ele></trkpt>
<trkpt lat="43.571035" lon="6.109425"><ele>475.81</ele></trkpt>
<trkpt lat="43.5710583" lon="6.1094483"><ele>476.37</ele></trkpt>
<trkpt lat="43.5710767" lon="6.10948"><ele>476.3799999999999</ele></trkpt>
<trkpt lat="43.5710933" lon="6.1095217"><ele>476.57</ele></trkpt>
<trkpt lat="43.571105" lon="6.1095617"><ele>476.62</ele></trkpt>
<trkpt lat="43.5711067" lon="6.1096067"><ele>476.62</ele></trkpt>
<trkpt lat="43.5711083" lon="6.109646699999999"><ele>476.6399999999999</ele></trkpt>
<trkpt lat="43.5711217" lon="6.109695"><ele>476.5</ele></trkpt>
<trkpt lat="43.57114" lon="6.10974"><ele>476.36</ele></trkpt>
<trkpt lat="43.57116" lon="6.109770000000001"><ele>476.57</ele></trkpt>
<trkpt lat="43.5711833" lon="6.1098067"><ele>476.88</ele></trkpt>
<trkpt lat="43.5712117" lon="6.1098233"><ele>477.3099999999999</ele></trkpt>
<trkpt lat="43.5712467" lon="6.1098383"><ele>477.61</ele></trkpt>
<trkpt lat="43.5712783" lon="6.1098683"><ele>477.81</ele></trkpt>
<trkpt lat="43.5712933" lon="6.1099017"><ele>478.0700000000001</ele></trkpt>
<trkpt lat="43.5713033" lon="6.109943299999999"><ele>477.16</ele></trkpt>
<trkpt lat="43.5713133" lon="6.109985"><ele>476.52</ele></trkpt>
<trkpt lat="43.5713317" lon="6.1100283"><ele>476.42</ele></trkpt>
<trkpt lat="43.5713417" lon="6.110066700000001"><ele>476.48</ele></trkpt>
<trkpt lat="43.57135" lon="6.110113300000001"><ele>476.61</ele></trkpt>
<trkpt lat="43.5713683" lon="6.11016"><ele>476.72</ele></trkpt>
<trkpt lat="43.5713783" lon="6.1101967"><ele>476.49</ele></trkpt>
<trkpt lat="43.571385" lon="6.1102483"><ele>476.42</ele></trkpt>
<trkpt lat="43.5713883" lon="6.11029"><ele>476.25</ele></trkpt>
<trkpt lat="43.5713817" lon="6.110329999999999"><ele>476.26</ele></trkpt>
<trkpt lat="43.57138" lon="6.1103733"><ele>476.3399999999999</ele></trkpt>
<trkpt lat="43.5713867" lon="6.1104133"><ele>476.32</ele></trkpt>
<trkpt lat="43.5713967" lon="6.1104483"><ele>476.23</ele></trkpt>
<trkpt lat="43.571415" lon="6.1104967"><ele>476.0299999999999</ele></trkpt>
<trkpt lat="43.5714233" lon="6.1105383"><ele>475.9</ele></trkpt>
<trkpt lat="43.571425" lon="6.1105833"><ele>475.8699999999999</ele></trkpt>
<trkpt lat="43.571435" lon="6.11062"><ele>476.59</ele></trkpt>
<trkpt lat="43.57142" lon="6.1106617"><ele>477.05</ele></trkpt>
<trkpt lat="43.57142" lon="6.1107017"><ele>476.91</ele></trkpt>
<trkpt lat="43.5714267" lon="6.1107433"><ele>476.82</ele></trkpt>
<trkpt lat="43.57143" lon="6.110781700000001"><ele>476.91</ele></trkpt>
<trkpt lat="43.5714267" lon="6.1108317"><ele>477.11</ele></trkpt>
<trkpt lat="43.5714167" lon="6.11088"><ele>477.02</ele></trkpt>
<trkpt lat="43.5714033" lon="6.1109283"><ele>476.86</ele></trkpt>
<trkpt lat="43.571405" lon="6.110979999999999"><ele>476.62</ele></trkpt>
<trkpt lat="43.5713983" lon="6.11102"><ele>476.1</ele></trkpt>
<trkpt lat="43.5713817" lon="6.1110517"><ele>475.53</ele></trkpt>
<trkpt lat="43.5713717" lon="6.1110867"><ele>475.2</ele></trkpt>
<trkpt lat="43.5713633" lon="6.111126699999999"><ele>474.7300000000001</ele></trkpt>
<trkpt lat="43.5713467" lon="6.1111667"><ele>474.3799999999999</ele></trkpt>
<trkpt lat="43.5713383" lon="6.111216699999999"><ele>474.22</ele></trkpt>
<trkpt lat="43.5713467" lon="6.111261699999999"><ele>473.79</ele></trkpt>
<trkpt lat="43.5713367" lon="6.1113133"><ele>473.3</ele></trkpt>
<trkpt lat="43.5713217" lon="6.1113567"><ele>473.03</ele></trkpt>
<trkpt lat="43.571305" lon="6.111395"><ele>472.6899999999999</ele></trkpt>
<trkpt lat="43.57129" lon="6.111431700000001"><ele>472.33</ele></trkpt>
<trkpt lat="43.571285" lon="6.11148"><ele>471.96</ele></trkpt>
<trkpt lat="43.5713" lon="6.1115283"><ele>471.8299999999999</ele></trkpt>
<trkpt lat="43.5713233" lon="6.1115583"><ele>471.7</ele></trkpt>
<trkpt lat="43.57135" lon="6.1115767"><ele>472.4700000000001</ele></trkpt>
<trkpt lat="43.5713767" lon="6.111615"><ele>475.46</ele></trkpt>
<trkpt lat="43.5713783" lon="6.111661699999999"><ele>477.2</ele></trkpt>
<trkpt lat="43.5713583" lon="6.1116917"><ele>477.15</ele></trkpt>
<trkpt lat="43.571345" lon="6.1117367"><ele>476.87</ele></trkpt>
<trkpt lat="43.571335" lon="6.1117767"><ele>476.3899999999999</ele></trkpt>
<trkpt lat="43.5713233" lon="6.111816700000001"><ele>475.8600000000001</ele></trkpt>
<trkpt lat="43.5713233" lon="6.111865000000001"><ele>475.2</ele></trkpt>
<trkpt lat="43.5713317" lon="6.1119133"><ele>474.77</ele></trkpt>
<trkpt lat="43.571335" lon="6.1119533"><ele>474.79</ele></trkpt>
<trkpt lat="43.5713333" lon="6.1119967"><ele>474.82</ele></trkpt>
<trkpt lat="43.571345" lon="6.112045"><ele>474.84</ele></trkpt>
<trkpt lat="43.5713533" lon="6.112083299999999"><ele>474.91</ele></trkpt>
<trkpt lat="43.5713717" lon="6.1121333"><ele>474.72</ele></trkpt>
<trkpt lat="43.5713867" lon="6.1121767"><ele>474.7499999999999</ele></trkpt>
<trkpt lat="43.571405" lon="6.112215"><ele>474.79</ele></trkpt>
<trkpt lat="43.5714283" lon="6.112235"><ele>474.91</ele></trkpt>
<trkpt lat="43.5714567" lon="6.1122467"><ele>474.9400000000001</ele></trkpt>
<trkpt lat="43.5714867" lon="6.112278299999999"><ele>474.76</ele></trkpt>
<trkpt lat="43.5715133" lon="6.1123"><ele>474.56</ele></trkpt>
<trkpt lat="43.571535" lon="6.112325"><ele>474.45</ele></trkpt>
<trkpt lat="43.5715533" lon="6.1123533"><ele>474.35</ele></trkpt>
<trkpt lat="43.571565" lon="6.1123883"><ele>474.2</ele></trkpt>
<trkpt lat="43.5715783" lon="6.1124267"><ele>474.0799999999999</ele></trkpt>
<trkpt lat="43.57159" lon="6.1124617"><ele>473.79</ele></trkpt>
<trkpt lat="43.5716067" lon="6.112495"><ele>473.89</ele></trkpt>
<trkpt lat="43.571625" lon="6.112545"><ele>473.9</ele></trkpt>
<trkpt lat="43.5716433" lon="6.112575"><ele>473.96</ele></trkpt>
<trkpt lat="43.571665" lon="6.112618299999999"><ele>473.8299999999999</ele></trkpt>
<trkpt lat="43.5716917" lon="6.1126483"><ele>473.66</ele></trkpt>
<trkpt lat="43.571715" lon="6.1126883"><ele>473.48</ele></trkpt>
<trkpt lat="43.57174" lon="6.1127083"><ele>473.33</ele></trkpt>
<trkpt lat="43.5717633" lon="6.1127317"><ele>473.3</ele></trkpt>
<trkpt lat="43.5717983" lon="6.112765"><ele>473.18</ele></trkpt>
<trkpt lat="43.5718283" lon="6.1127967"><ele>472.9499999999999</ele></trkpt>
<trkpt lat="43.57186" lon="6.1128217"><ele>473.01</ele></trkpt>
<trkpt lat="43.5718883" lon="6.1128567"><ele>472.63</ele></trkpt>
<trkpt lat="43.5719083" lon="6.1128883"><ele>472.76</ele></trkpt>
<trkpt lat="43.57193" lon="6.1129267"><ele>473.19</ele></trkpt>
<trkpt lat="43.5719567" lon="6.1129517"><ele>473.41</ele></trkpt>
<trkpt lat="43.571985" lon="6.112945"><ele>473.8199999999999</ele></trkpt>
<trkpt lat="43.5720183" lon="6.1129283"><ele>474.26</ele></trkpt>
<trkpt lat="43.5720483" lon="6.112913300000001"><ele>474.1199999999999</ele></trkpt>
<trkpt lat="43.572075" lon="6.1128883"><ele>474.45</ele></trkpt>
<trkpt lat="43.5721083" lon="6.1128833"><ele>473.92</ele></trkpt>
<trkpt lat="43.5721383" lon="6.112891699999999"><ele>472.46</ele></trkpt>
<trkpt lat="43.57217" lon="6.1129017"><ele>471.97</ele></trkpt>
<trkpt lat="43.5722" lon="6.1128983"><ele>471.94</ele></trkpt>
<trkpt lat="43.57223" lon="6.112911700000001"><ele>471.84</ele></trkpt>
<trkpt lat="43.5722567" lon="6.112923300000001"><ele>471.7</ele></trkpt>
<trkpt lat="43.5722883" lon="6.11293"><ele>471.6000000000001</ele></trkpt>
<trkpt lat="43.5723217" lon="6.1129533"><ele>472.04</ele></trkpt>
<trkpt lat="43.5723483" lon="6.1129633"><ele>472.46</ele></trkpt>
<trkpt lat="43.57238" lon="6.112966700000001"><ele>472.4</ele></trkpt>
<trkpt lat="43.572415" lon="6.112955"><ele>472.1299999999999</ele></trkpt>
<trkpt lat="43.5724367" lon="6.1129267"><ele>472.24</ele></trkpt>
<trkpt lat="43.5724617" lon="6.1129083"><ele>472.42</ele></trkpt>
<trkpt lat="43.5724933" lon="6.1129"><ele>472.92</ele></trkpt>
<trkpt lat="43.5725233" lon="6.1128983"><ele>473.38</ele></trkpt>
<trkpt lat="43.57255" lon="6.11291"><ele>473.46</ele></trkpt>
<trkpt lat="43.5725783" lon="6.11292"><ele>473.68</ele></trkpt>
<trkpt lat="43.5726067" lon="6.1129083"><ele>473.72</ele></trkpt>
<trkpt lat="43.572635" lon="6.112913300000001"><ele>473.53</ele></trkpt>
<trkpt lat="43.572665" lon="6.1129183"><ele>473.43</ele></trkpt>
<trkpt lat="43.5726983" lon="6.112921700000001"><ele>473.35</ele></trkpt>
<trkpt lat="43.5727333" lon="6.1129283"><ele>473.32</ele></trkpt>
<trkpt lat="43.5727617" lon="6.1129267"><ele>473.61</ele></trkpt>
<trkpt lat="43.57279" lon="6.1129167"><ele>473.7799999999999</ele></trkpt>
<trkpt lat="43.572825" lon="6.1129083"><ele>474.15</ele></trkpt>
<trkpt lat="43.5728533" lon="6.112903299999999"><ele>474.31</ele></trkpt>
<trkpt lat="43.5728867" lon="6.112889999999999"><ele>474.15</ele></trkpt>
<trkpt lat="43.5729183" lon="6.112866700000001"><ele>474.28</ele></trkpt>
<trkpt lat="43.5729517" lon="6.1128567"><ele>474.51</ele></trkpt>
<trkpt lat="43.572985" lon="6.1128533"><ele>474.8</ele></trkpt>
<trkpt lat="43.5730183" lon="6.11284"><ele>474.76</ele></trkpt>
<trkpt lat="43.5730517" lon="6.112825"><ele>474.29</ele></trkpt>
<trkpt lat="43.5730883" lon="6.1128017"><ele>473.71</ele></trkpt>
<trkpt lat="43.5731283" lon="6.1127983"><ele>473.16</ele></trkpt>
<trkpt lat="43.5731667" lon="6.1127983"><ele>472.54</ele></trkpt>
<trkpt lat="43.573195" lon="6.112795"><ele>471.49</ele></trkpt>
<trkpt lat="43.573225" lon="6.112788300000001"><ele>470.4299999999999</ele></trkpt>
<trkpt lat="43.5732517" lon="6.1127683"><ele>469.8100000000001</ele></trkpt>
<trkpt lat="43.5732833" lon="6.112741699999999"><ele>468.82</ele></trkpt>
<trkpt lat="43.5733117" lon="6.1127233"><ele>468.14</ele></trkpt>
<trkpt lat="43.5733417" lon="6.1127033"><ele>467.11</ele></trkpt>
<trkpt lat="43.573365" lon="6.1126767"><ele>465.8</ele></trkpt>
<trkpt lat="43.5733917" lon="6.1126583"><ele>465.37</ele></trkpt>
<trkpt lat="43.5734217" lon="6.112645"><ele>465.07</ele></trkpt>
<trkpt lat="43.5734567" lon="6.112645"><ele>464.98</ele></trkpt>
<trkpt lat="43.5734833" lon="6.1126567"><ele>464.58</ele></trkpt>
<trkpt lat="43.5735117" lon="6.112661699999999"><ele>463.88</ele></trkpt>
<trkpt lat="43.5735383" lon="6.112655"><ele>463.4</ele></trkpt>
<trkpt lat="43.5735667" lon="6.112649999999999"><ele>462.9999999999999</ele></trkpt>
<trkpt lat="43.5736" lon="6.1126417"><ele>462.27</ele></trkpt>
<trkpt lat="43.5736267" lon="6.1126317"><ele>461.88</ele></trkpt>
<trkpt lat="43.573665" lon="6.11262"><ele>462.21</ele></trkpt>
<trkpt lat="43.573695" lon="6.1125983"><ele>462.0299999999999</ele></trkpt>
<trkpt lat="43.5737233" lon="6.112583300000001"><ele>462.21</ele></trkpt>
<trkpt lat="43.573755" lon="6.1125767"><ele>462.3899999999999</ele></trkpt>
<trkpt lat="43.5737833" lon="6.112580000000001"><ele>462.25</ele></trkpt>
<trkpt lat="43.57382" lon="6.112580000000001"><ele>462.29</ele></trkpt>
<trkpt lat="43.5738517" lon="6.112581700000001"><ele>462.25</ele></trkpt>
<trkpt lat="43.5738833" lon="6.112580000000001"><ele>462.25</ele></trkpt>
<trkpt lat="43.5739183" lon="6.112580000000001"><ele>462.6399999999999</ele></trkpt>
<trkpt lat="43.5739483" lon="6.112585"><ele>463.11</ele></trkpt>
<trkpt lat="43.57398" lon="6.1125783"><ele>463.38</ele></trkpt>
<trkpt lat="43.5740067" lon="6.112561699999999"><ele>463.5599999999999</ele></trkpt>
<trkpt lat="43.5740383" lon="6.112545"><ele>462.55</ele></trkpt>
<trkpt lat="43.5740683" lon="6.11254"><ele>462.15</ele></trkpt>
<trkpt lat="43.5741" lon="6.1125417"><ele>461.96</ele></trkpt>
<trkpt lat="43.5741317" lon="6.112536700000001"><ele>462.02</ele></trkpt>
<trkpt lat="43.5741617" lon="6.112528299999999"><ele>461.5699999999999</ele></trkpt>
<trkpt lat="43.57419" lon="6.11252"><ele>461.1999999999999</ele></trkpt>
<trkpt lat="43.5742267" lon="6.112504999999999"><ele>460.0299999999999</ele></trkpt>
<trkpt lat="43.574255" lon="6.1124867"><ele>459.48</ele></trkpt>
<trkpt lat="43.574285" lon="6.1124767"><ele>458.77</ele></trkpt>
<trkpt lat="43.574315" lon="6.112469999999999"><ele>458.4299999999999</ele></trkpt>
<trkpt lat="43.5743433" lon="6.1124633"><ele>458.35</ele></trkpt>
<trkpt lat="43.574375" lon="6.1124533"><ele>458.23</ele></trkpt>
<trkpt lat="43.5744067" lon="6.11243"><ele>458.6499999999999</ele></trkpt>
<trkpt lat="43.5744383" lon="6.112413299999999"><ele>458.89</ele></trkpt>
<trkpt lat="43.5744733" lon="6.1123983"><ele>459.18</ele></trkpt>
<trkpt lat="43.5745" lon="6.11239"><ele>459.36</ele></trkpt>
<trkpt lat="43.5745333" lon="6.1123717"><ele>459.33</ele></trkpt>
<trkpt lat="43.5745617" lon="6.112355000000001"><ele>459.1</ele></trkpt>
<trkpt lat="43.574595" lon="6.11234"><ele>458.31</ele></trkpt>
<trkpt lat="43.5746233" lon="6.112345"><ele>457.62</ele></trkpt>
<trkpt lat="43.57466" lon="6.1123533"><ele>456.52</ele></trkpt>
<trkpt lat="43.5746933" lon="6.11237"><ele>456.23</ele></trkpt>
<trkpt lat="43.574725" lon="6.1123833"><ele>456.5899999999999</ele></trkpt>
<trkpt lat="43.574755" lon="6.112386700000001"><ele>456.53</ele></trkpt>
<trkpt lat="43.5747833" lon="6.1123883"><ele>456.53</ele></trkpt>
<trkpt lat="43.5748133" lon="6.1123883"><ele>456.4</ele></trkpt>
<trkpt lat="43.5748417" lon="6.1123933"><ele>456.1199999999999</ele></trkpt>
<trkpt lat="43.5748717" lon="6.1123983"><ele>455.74</ele></trkpt>
<trkpt lat="43.574905" lon="6.1124067"><ele>455.59</ele></trkpt>
<trkpt lat="43.574935" lon="6.1124033"><ele>455.36</ele></trkpt>
<trkpt lat="43.5749683" lon="6.1124083"><ele>454.8999999999999</ele></trkpt>
<trkpt lat="43.575" lon="6.11241"><ele>454.51</ele></trkpt>
<trkpt lat="43.5750317" lon="6.11241"><ele>453.8199999999999</ele></trkpt>
<trkpt lat="43.5750667" lon="6.1124067"><ele>453.37</ele></trkpt>
<trkpt lat="43.5750983" lon="6.112400000000001"><ele>453.06</ele></trkpt>
<trkpt lat="43.5751233" lon="6.1123833"><ele>452.93</ele></trkpt>
<trkpt lat="43.575155" lon="6.112385"><ele>452.86</ele></trkpt>
<trkpt lat="43.5751817" lon="6.1123733"><ele>453.08</ele></trkpt>
<trkpt lat="43.5752183" lon="6.1123617"><ele>452.0199999999999</ele></trkpt>
<trkpt lat="43.5752433" lon="6.1123467"><ele>452.0299999999999</ele></trkpt>
<trkpt lat="43.5752767" lon="6.112325"><ele>451.7</ele></trkpt>
<trkpt lat="43.575305" lon="6.1123"><ele>451.1999999999999</ele></trkpt>
<trkpt lat="43.5753317" lon="6.1122817"><ele>450.49</ele></trkpt>
<trkpt lat="43.5753567" lon="6.1122667"><ele>450.85</ele></trkpt>
<trkpt lat="43.5753317" lon="6.1122933"><ele>449.11</ele></trkpt>
<trkpt lat="43.5753483" lon="6.1123333"><ele>449.14</ele></trkpt>
<trkpt lat="43.575345" lon="6.112295"><ele>449.2099999999999</ele></trkpt>
<trkpt lat="43.5753433" lon="6.112253300000001"><ele>448.6799999999999</ele></trkpt>
<trkpt lat="43.5753617" lon="6.1122133"><ele>448.1299999999999</ele></trkpt>
<trkpt lat="43.5753817" lon="6.1121817"><ele>447.2499999999999</ele></trkpt>
<trkpt lat="43.5753983" lon="6.1121433"><ele>446.61</ele></trkpt>
<trkpt lat="43.575415" lon="6.1121117"><ele>446.24</ele></trkpt>
<trkpt lat="43.5754283" lon="6.1120667"><ele>445.8699999999999</ele></trkpt>
<trkpt lat="43.57544" lon="6.1120233"><ele>445.22</ele></trkpt>
<trkpt lat="43.57545" lon="6.1119833"><ele>444.61</ele></trkpt>
<trkpt lat="43.5754483" lon="6.1119383"><ele>444.18</ele></trkpt>
<trkpt lat="43.5754533" lon="6.111888300000001"><ele>443.7699999999999</ele></trkpt>
<trkpt lat="43.5754467" lon="6.1118383"><ele>443.7</ele></trkpt>
<trkpt lat="43.575435" lon="6.1117817"><ele>443.7</ele></trkpt>
<trkpt lat="43.5754233" lon="6.111741699999999"><ele>444.24</ele></trkpt>
<trkpt lat="43.5754083" lon="6.1116967"><ele>445.11</ele></trkpt>
<trkpt lat="43.57541" lon="6.1116583"><ele>445.63</ele></trkpt>
<trkpt lat="43.575405" lon="6.111618299999999"><ele>446.1299999999999</ele></trkpt>
<trkpt lat="43.5754" lon="6.1115817"><ele>446.83</ele></trkpt>
<trkpt lat="43.57541" lon="6.111545"><ele>447.5599999999999</ele></trkpt>
<trkpt lat="43.57543" lon="6.111513299999999"><ele>447.55</ele></trkpt>
<trkpt lat="43.5754467" lon="6.1114783"><ele>447.5599999999999</ele></trkpt>
<trkpt lat="43.5754417" lon="6.1114333"><ele>447.37</ele></trkpt>
<trkpt lat="43.575425" lon="6.111396700000001"><ele>447.23</ele></trkpt>
<trkpt lat="43.575415" lon="6.11135"><ele>447.14</ele></trkpt>
<trkpt lat="43.5754133" lon="6.111309999999999"><ele>447.06</ele></trkpt>
<trkpt lat="43.5754183" lon="6.11127"><ele>446.87</ele></trkpt>
<trkpt lat="43.5754117" lon="6.1112233"><ele>446.7</ele></trkpt>
<trkpt lat="43.57541" lon="6.111170000000001"><ele>446.54</ele></trkpt>
<trkpt lat="43.57541" lon="6.111128299999999"><ele>446.3700000000001</ele></trkpt>
<trkpt lat="43.5754067" lon="6.11109"><ele>446.65</ele></trkpt>
<trkpt lat="43.5754017" lon="6.1110517"><ele>447.48</ele></trkpt>
<trkpt lat="43.5754067" lon="6.111005"><ele>450.15</ele></trkpt>
<trkpt lat="43.5754117" lon="6.110966700000001"><ele>451.11</ele></trkpt>
<trkpt lat="43.5754167" lon="6.1109117"><ele>451.62</ele></trkpt>
<trkpt lat="43.575415" lon="6.1108733"><ele>452.4299999999999</ele></trkpt>
<trkpt lat="43.5754083" lon="6.1108367"><ele>452.57</ele></trkpt>
<trkpt lat="43.5754017" lon="6.110796699999999"><ele>453.02</ele></trkpt>
<trkpt lat="43.5753833" lon="6.1107667"><ele>453.96</ele></trkpt>
<trkpt lat="43.575365" lon="6.110736700000001"><ele>454.89</ele></trkpt>
<trkpt lat="43.5753383" lon="6.1107217"><ele>456.0799999999999</ele></trkpt>
<trkpt lat="43.5753133" lon="6.1106967"><ele>455.72</ele></trkpt>
<trkpt lat="43.5752917" lon="6.1106683"><ele>454.84</ele></trkpt>
<trkpt lat="43.5752983" lon="6.1106283"><ele>455.05</ele></trkpt>
<trkpt lat="43.5753283" lon="6.110601699999999"><ele>453.88</ele></trkpt>
<trkpt lat="43.5753433" lon="6.110569999999999"><ele>452.5899999999999</ele></trkpt>
<trkpt lat="43.57534" lon="6.110525"><ele>451.32</ele></trkpt>
<trkpt lat="43.5753233" lon="6.1104817"><ele>450.6399999999999</ele></trkpt>
<trkpt lat="43.5753017" lon="6.11045"><ele>451.3</ele></trkpt>
<trkpt lat="43.5752883" lon="6.110415"><ele>452</ele></trkpt>
<trkpt lat="43.5752667" lon="6.1103817"><ele>452.77</ele></trkpt>
<trkpt lat="43.5752633" lon="6.1103417"><ele>453.07</ele></trkpt>
<trkpt lat="43.5752617" lon="6.1102883"><ele>453.19</ele></trkpt>
<trkpt lat="43.5752617" lon="6.11024"><ele>453.14</ele></trkpt>
<trkpt lat="43.575265" lon="6.1101967"><ele>454.2</ele></trkpt>
<trkpt lat="43.5752883" lon="6.110169999999999"><ele>455.64</ele></trkpt>
<trkpt lat="43.5753133" lon="6.1101883"><ele>455.75</ele></trkpt>
<trkpt lat="43.575325" lon="6.1101533"><ele>451.68</ele></trkpt>
<trkpt lat="43.5753317" lon="6.1101067"><ele>451.19</ele></trkpt>
<trkpt lat="43.57536" lon="6.1101033"><ele>448.6</ele></trkpt>
<trkpt lat="43.57533" lon="6.1101183"><ele>446.31</ele></trkpt>
<trkpt lat="43.5753083" lon="6.110145"><ele>449.04</ele></trkpt>
<trkpt lat="43.57528" lon="6.11012"><ele>449.06</ele></trkpt>
<trkpt lat="43.57526" lon="6.11009"><ele>448.71</ele></trkpt>
<trkpt lat="43.57524" lon="6.1100617"><ele>448.3</ele></trkpt>
<trkpt lat="43.5752267" lon="6.1100183"><ele>448.04</ele></trkpt>
<trkpt lat="43.5752083" lon="6.109976699999999"><ele>447.96</ele></trkpt>
<trkpt lat="43.5751867" lon="6.1099383"><ele>447.95</ele></trkpt>
<trkpt lat="43.5751683" lon="6.109898299999999"><ele>447.4999999999999</ele></trkpt>
<trkpt lat="43.5751433" lon="6.109855"><ele>447.59</ele></trkpt>
<trkpt lat="43.5751267" lon="6.109815000000001"><ele>447.37</ele></trkpt>
<trkpt lat="43.5751033" lon="6.109794999999999"><ele>446.74</ele></trkpt>
<trkpt lat="43.5750783" lon="6.1097717"><ele>446.55</ele></trkpt>
<trkpt lat="43.5750617" lon="6.1097317"><ele>446.76</ele></trkpt>
<trkpt lat="43.5750433" lon="6.1097"><ele>447.78</ele></trkpt>
<trkpt lat="43.5750167" lon="6.1096633"><ele>448.01</ele></trkpt>
<trkpt lat="43.5750033" lon="6.109625"><ele>448.2</ele></trkpt>
<trkpt lat="43.5749867" lon="6.109585"><ele>448.15</ele></trkpt>
<trkpt lat="43.5749667" lon="6.1095517"><ele>447.91</ele></trkpt>
<trkpt lat="43.5749417" lon="6.10952"><ele>448.01</ele></trkpt>
<trkpt lat="43.57492" lon="6.109488300000001"><ele>448.14</ele></trkpt>
<trkpt lat="43.5749033" lon="6.1094567"><ele>448.1299999999999</ele></trkpt>
<trkpt lat="43.5748917" lon="6.109415"><ele>447.8699999999999</ele></trkpt>
<trkpt lat="43.57488" lon="6.10938"><ele>447.57</ele></trkpt>
<trkpt lat="43.574835" lon="6.1093517"><ele>443.8</ele></trkpt>
<trkpt lat="43.57482" lon="6.109316699999999"><ele>443.7599999999999</ele></trkpt>
<trkpt lat="43.5747867" lon="6.109295"><ele>443.63</ele></trkpt>
<trkpt lat="43.5747567" lon="6.109273299999999"><ele>443.52</ele></trkpt>
<trkpt lat="43.5747233" lon="6.10925"><ele>443.1999999999999</ele></trkpt>
<trkpt lat="43.57469" lon="6.109226699999999"><ele>443.32</ele></trkpt>
<trkpt lat="43.5746533" lon="6.109203300000001"><ele>443.42</ele></trkpt>
<trkpt lat="43.5746283" lon="6.109183299999999"><ele>443.49</ele></trkpt>
<trkpt lat="43.5745983" lon="6.109158300000001"><ele>443.17</ele></trkpt>
<trkpt lat="43.5745733" lon="6.1091367"><ele>443.06</ele></trkpt>
<trkpt lat="43.574545" lon="6.109115"><ele>443.5099999999999</ele></trkpt>
<trkpt lat="43.57451" lon="6.109111700000001"><ele>444.42</ele></trkpt>
<trkpt lat="43.5744917" lon="6.1090833"><ele>444.5899999999999</ele></trkpt>
<trkpt lat="43.5744667" lon="6.10904"><ele>445.2499999999999</ele></trkpt>
<trkpt lat="43.5744467" lon="6.10901"><ele>446.26</ele></trkpt>
<trkpt lat="43.5744233" lon="6.1089833"><ele>446.42</ele></trkpt>
<trkpt lat="43.5744017" lon="6.108955"><ele>445.7599999999999</ele></trkpt>
<trkpt lat="43.5743833" lon="6.108925"><ele>445.36</ele></trkpt>
<trkpt lat="43.5743717" lon="6.1088817"><ele>445.8099999999999</ele></trkpt>
<trkpt lat="43.5743533" lon="6.108838300000001"><ele>446.51</ele></trkpt>
<trkpt lat="43.57434" lon="6.1088017"><ele>447.47</ele></trkpt>
<trkpt lat="43.574335" lon="6.108746699999999"><ele>449.41</ele></trkpt>
<trkpt lat="43.5743367" lon="6.108701699999999"><ele>450.5</ele></trkpt>
<trkpt lat="43.5743417" lon="6.1086533"><ele>451.45</ele></trkpt>
<trkpt lat="43.5743517" lon="6.1086083"><ele>451.2599999999999</ele></trkpt>
<trkpt lat="43.5743517" lon="6.1085667"><ele>451.02</ele></trkpt>
<trkpt lat="43.5743383" lon="6.1085217"><ele>451.93</ele></trkpt>
<trkpt lat="43.5743133" lon="6.1084817"><ele>452.53</ele></trkpt>
<trkpt lat="43.5742917" lon="6.1084583"><ele>452.82</ele></trkpt>
<trkpt lat="43.5742633" lon="6.108438300000001"><ele>453.2599999999999</ele></trkpt>
<trkpt lat="43.5742317" lon="6.10843"><ele>454.3299999999999</ele></trkpt>
<trkpt lat="43.5742067" lon="6.1084133"><ele>456.1799999999999</ele></trkpt>
<trkpt lat="43.5742" lon="6.10837"><ele>456.42</ele></trkpt>
<trkpt lat="43.5742167" lon="6.1083383"><ele>456.4399999999999</ele></trkpt>
<trkpt lat="43.574245" lon="6.1083517"><ele>453.66</ele></trkpt>
<trkpt lat="43.57424" lon="6.1083083"><ele>452.22</ele></trkpt>
<trkpt lat="43.5742283" lon="6.1082717"><ele>451.8</ele></trkpt>
<trkpt lat="43.574215" lon="6.10823"><ele>451.53</ele></trkpt>
<trkpt lat="43.5742083" lon="6.108179999999999"><ele>451.45</ele></trkpt>
<trkpt lat="43.5742133" lon="6.1081433"><ele>451.33</ele></trkpt>
<trkpt lat="43.5742133" lon="6.108095"><ele>450.3399999999999</ele></trkpt>
<trkpt lat="43.57421" lon="6.108055"><ele>449.7</ele></trkpt>
<trkpt lat="43.5742067" lon="6.108016700000001"><ele>449.43</ele></trkpt>
<trkpt lat="43.574205" lon="6.1079783"><ele>450.27</ele></trkpt>
<trkpt lat="43.5742133" lon="6.1079317"><ele>450.52</ele></trkpt>
<trkpt lat="43.5742067" lon="6.107883300000001"><ele>450.52</ele></trkpt>
<trkpt lat="43.574215" lon="6.1078317"><ele>450.66</ele></trkpt>
<trkpt lat="43.574215" lon="6.10779"><ele>451.7599999999999</ele></trkpt>
<trkpt lat="43.5742167" lon="6.107745"><ele>452.1299999999999</ele></trkpt>
<trkpt lat="43.5742133" lon="6.107701699999999"><ele>452.19</ele></trkpt>
<trkpt lat="43.5742133" lon="6.1076567"><ele>452.24</ele></trkpt>
<trkpt lat="43.5742033" lon="6.107605"><ele>452.41</ele></trkpt>
<trkpt lat="43.5742" lon="6.1075633"><ele>452.42</ele></trkpt>
<trkpt lat="43.5741933" lon="6.1075233"><ele>452.56</ele></trkpt>
<trkpt lat="43.5742067" lon="6.1074883"><ele>452.62</ele></trkpt>
<trkpt lat="43.574235" lon="6.1074667"><ele>452.53</ele></trkpt>
<trkpt lat="43.5742667" lon="6.1074417"><ele>452.5899999999999</ele></trkpt>
<trkpt lat="43.5742983" lon="6.10742"><ele>452.46</ele></trkpt>
<trkpt lat="43.5743167" lon="6.1073817"><ele>452.73</ele></trkpt>
<trkpt lat="43.574345" lon="6.1073633"><ele>452.96</ele></trkpt>
<trkpt lat="43.5743717" lon="6.1073533"><ele>453.02</ele></trkpt>
<trkpt lat="43.5744" lon="6.1073333"><ele>453.38</ele></trkpt>
<trkpt lat="43.5744317" lon="6.1073183"><ele>454.17</ele></trkpt>
<trkpt lat="43.574465" lon="6.107311699999999"><ele>454.81</ele></trkpt>
<trkpt lat="43.5744983" lon="6.107311699999999"><ele>455.53</ele></trkpt>
<trkpt lat="43.5745283" lon="6.1072967"><ele>456.1</ele></trkpt>
<trkpt lat="43.5745633" lon="6.1072883"><ele>456.3799999999999</ele></trkpt>
<trkpt lat="43.574595" lon="6.107285"><ele>456.85</ele></trkpt>
<trkpt lat="43.5746233" lon="6.107285"><ele>457.27</ele></trkpt>
<trkpt lat="43.5746567" lon="6.107279999999999"><ele>457.49</ele></trkpt>
<trkpt lat="43.57469" lon="6.107269999999999"><ele>457.85</ele></trkpt>
<trkpt lat="43.5747217" lon="6.107268299999999"><ele>457.89</ele></trkpt>
<trkpt lat="43.5747533" lon="6.107269999999999"><ele>457.2900000000001</ele></trkpt>
<trkpt lat="43.57478" lon="6.1072767"><ele>456.84</ele></trkpt>
<trkpt lat="43.574815" lon="6.107286700000001"><ele>456.09</ele></trkpt>
<trkpt lat="43.57484" lon="6.1073183"><ele>455.91</ele></trkpt>
<trkpt lat="43.574875" lon="6.10732"><ele>455.38</ele></trkpt>
<trkpt lat="43.5749033" lon="6.107314999999999"><ele>455.14</ele></trkpt>
<trkpt lat="43.5749333" lon="6.10731"><ele>454.9399999999999</ele></trkpt>
<trkpt lat="43.5749617" lon="6.107305"><ele>454.88</ele></trkpt>
<trkpt lat="43.5749967" lon="6.107303300000001"><ele>454.67</ele></trkpt>
<trkpt lat="43.5750333" lon="6.1072983"><ele>454.54</ele></trkpt>
<trkpt lat="43.575065" lon="6.107301700000001"><ele>454.6899999999999</ele></trkpt>
<trkpt lat="43.5750983" lon="6.107301700000001"><ele>454.91</ele></trkpt>
<trkpt lat="43.5751283" lon="6.107295"><ele>455.54</ele></trkpt>
<trkpt lat="43.5751567" lon="6.107305"><ele>456.35</ele></trkpt>
<trkpt lat="43.575185" lon="6.107311699999999"><ele>456.71</ele></trkpt>
<trkpt lat="43.5752133" lon="6.10731"><ele>456.8999999999999</ele></trkpt>
<trkpt lat="43.5752433" lon="6.10731"><ele>457.22</ele></trkpt>
<trkpt lat="43.5752683" lon="6.107295"><ele>457.69</ele></trkpt>
<trkpt lat="43.5752967" lon="6.107269999999999"><ele>458.3299999999999</ele></trkpt>
<trkpt lat="43.5753267" lon="6.107266699999999"><ele>458.14</ele></trkpt>
<trkpt lat="43.5753567" lon="6.1072733"><ele>458.1299999999999</ele></trkpt>
<trkpt lat="43.575385" lon="6.1072717"><ele>458.1600000000001</ele></trkpt>
<trkpt lat="43.5754167" lon="6.107266699999999"><ele>457.7</ele></trkpt>
<trkpt lat="43.5754467" lon="6.107279999999999"><ele>457.27</ele></trkpt>
<trkpt lat="43.5754767" lon="6.1072933"><ele>456.86</ele></trkpt>
<trkpt lat="43.5755067" lon="6.1072967"><ele>456.41</ele></trkpt>
<trkpt lat="43.5755433" lon="6.107295"><ele>456.3899999999999</ele></trkpt>
<trkpt lat="43.5755717" lon="6.107286700000001"><ele>456.61</ele></trkpt>
<trkpt lat="43.575605" lon="6.1072733"><ele>456.98</ele></trkpt>
<trkpt lat="43.5756367" lon="6.1072517"><ele>457.36</ele></trkpt>
<trkpt lat="43.5756617" lon="6.1072283"><ele>457.79</ele></trkpt>
<trkpt lat="43.5756917" lon="6.1072083"><ele>457.93</ele></trkpt>
<trkpt lat="43.5757167" lon="6.1071917"><ele>458.09</ele></trkpt>
<trkpt lat="43.5757467" lon="6.1071717"><ele>458.3899999999999</ele></trkpt>
<trkpt lat="43.575775" lon="6.1071567"><ele>458.4200000000001</ele></trkpt>
<trkpt lat="43.5758" lon="6.1071383"><ele>458.85</ele></trkpt>
<trkpt lat="43.5758233" lon="6.107115"><ele>459.09</ele></trkpt>
<trkpt lat="43.575855" lon="6.107088299999999"><ele>459.2900000000001</ele></trkpt>
<trkpt lat="43.5758767" lon="6.107065"><ele>459.5599999999999</ele></trkpt>
<trkpt lat="43.575905" lon="6.10704"><ele>459.95</ele></trkpt>
<trkpt lat="43.5759317" lon="6.107016700000001"><ele>460.45</ele></trkpt>
<trkpt lat="43.5759567" lon="6.1069833"><ele>460.6899999999999</ele></trkpt>
<trkpt lat="43.5759817" lon="6.1069533"><ele>461.34</ele></trkpt>
<trkpt lat="43.57601" lon="6.1069433"><ele>461.85</ele></trkpt>
<trkpt lat="43.5760483" lon="6.106939999999999"><ele>462.83</ele></trkpt>
<trkpt lat="43.5760817" lon="6.106939999999999"><ele>463.72</ele></trkpt>
<trkpt lat="43.576115" lon="6.10693"><ele>464.3799999999999</ele></trkpt>
<trkpt lat="43.5761433" lon="6.1069317"><ele>464.71</ele></trkpt>
<trkpt lat="43.5761767" lon="6.106925000000001"><ele>464.85</ele></trkpt>
<trkpt lat="43.5762133" lon="6.1069167"><ele>464.77</ele></trkpt>
<trkpt lat="43.5762433" lon="6.106915000000001"><ele>464.41</ele></trkpt>
<trkpt lat="43.57627" lon="6.106905"><ele>464.36</ele></trkpt>
<trkpt lat="43.5762967" lon="6.106894999999999"><ele>464.14</ele></trkpt>
<trkpt lat="43.576325" lon="6.106891699999999"><ele>464.22</ele></trkpt>
<trkpt lat="43.57636" lon="6.106893299999999"><ele>464.1299999999999</ele></trkpt>
<trkpt lat="43.5763917" lon="6.106891699999999"><ele>464.1299999999999</ele></trkpt>
<trkpt lat="43.5764217" lon="6.1068867"><ele>463.94</ele></trkpt>
<trkpt lat="43.5764583" lon="6.1068767"><ele>463.85</ele></trkpt>
<trkpt lat="43.5764867" lon="6.106868300000001"><ele>463.93</ele></trkpt>
<trkpt lat="43.5765167" lon="6.106865"><ele>463.96</ele></trkpt>
<trkpt lat="43.5765483" lon="6.1068583"><ele>463.84</ele></trkpt>
<trkpt lat="43.57658" lon="6.10685"><ele>464.09</ele></trkpt>
<trkpt lat="43.5766117" lon="6.1068433"><ele>463.89</ele></trkpt>
<trkpt lat="43.5766367" lon="6.106825000000001"><ele>463.7</ele></trkpt>
<trkpt lat="43.5766667" lon="6.106811700000001"><ele>463.8199999999999</ele></trkpt>
<trkpt lat="43.5766983" lon="6.106793299999999"><ele>463.8100000000001</ele></trkpt>
<trkpt lat="43.576725" lon="6.1067833"><ele>463.8100000000001</ele></trkpt>
<trkpt lat="43.5767517" lon="6.1067717"><ele>463.22</ele></trkpt>
<trkpt lat="43.5767883" lon="6.106755"><ele>462.25</ele></trkpt>
<trkpt lat="43.5768233" lon="6.1067467"><ele>461.68</ele></trkpt>
<trkpt lat="43.576855" lon="6.1067417"><ele>460.92</ele></trkpt>
<trkpt lat="43.576885" lon="6.1067417"><ele>460.3</ele></trkpt>
<trkpt lat="43.5769233" lon="6.1067417"><ele>459.71</ele></trkpt>
<trkpt lat="43.5769533" lon="6.106731700000001"><ele>459.28</ele></trkpt>
<trkpt lat="43.5769833" lon="6.106713299999999"><ele>458.88</ele></trkpt>
<trkpt lat="43.57701" lon="6.1066983"><ele>458.57</ele></trkpt>
<trkpt lat="43.5770383" lon="6.106685"><ele>458.6</ele></trkpt>
<trkpt lat="43.57707" lon="6.1066667"><ele>458.61</ele></trkpt>
<trkpt lat="43.577095" lon="6.10665"><ele>458.98</ele></trkpt>
<trkpt lat="43.5771267" lon="6.1066317"><ele>459.48</ele></trkpt>
<trkpt lat="43.5771517" lon="6.106615"><ele>459.89</ele></trkpt>
<trkpt lat="43.57718" lon="6.1066033"><ele>459.96</ele></trkpt>
<trkpt lat="43.5772083" lon="6.1065917"><ele>460.02</ele></trkpt>
<trkpt lat="43.57724" lon="6.106585000000001"><ele>460.6399999999999</ele></trkpt>
<trkpt lat="43.5772733" lon="6.1065733"><ele>461.08</ele></trkpt>
<trkpt lat="43.5773" lon="6.1065667"><ele>461.62</ele></trkpt>
<trkpt lat="43.57733" lon="6.106565"><ele>462.89</ele></trkpt>
<trkpt lat="43.5773517" lon="6.106540000000001"><ele>463.5699999999999</ele></trkpt>
<trkpt lat="43.5773833" lon="6.10653"><ele>464.19</ele></trkpt>
<trkpt lat="43.577415" lon="6.1065167"><ele>464.85</ele></trkpt>
<trkpt lat="43.57744" lon="6.1065"><ele>465.2099999999999</ele></trkpt>
<trkpt lat="43.5774733" lon="6.106475"><ele>466.14</ele></trkpt>
<trkpt lat="43.5775033" lon="6.1064683"><ele>466.72</ele></trkpt>
<trkpt lat="43.5775333" lon="6.106483300000001"><ele>466.3399999999999</ele></trkpt>
<trkpt lat="43.5775717" lon="6.106481700000001"><ele>465.28</ele></trkpt>
<trkpt lat="43.5776017" lon="6.1064517"><ele>465.07</ele></trkpt>
<trkpt lat="43.5776267" lon="6.1064267"><ele>465.1</ele></trkpt>
<trkpt lat="43.577655" lon="6.106425"><ele>465.22</ele></trkpt>
<trkpt lat="43.57769" lon="6.1064217"><ele>465.3099999999999</ele></trkpt>
<trkpt lat="43.5777183" lon="6.106425"><ele>465.36</ele></trkpt>
<trkpt lat="43.5777517" lon="6.106425"><ele>464.98</ele></trkpt>
<trkpt lat="43.5777783" lon="6.106416699999999"><ele>464.74</ele></trkpt>
<trkpt lat="43.5778033" lon="6.106395"><ele>464.49</ele></trkpt>
<trkpt lat="43.577845" lon="6.1063767"><ele>466.11</ele></trkpt>
<trkpt lat="43.577865" lon="6.1063467"><ele>466.36</ele></trkpt>
<trkpt lat="43.577885" lon="6.1063217"><ele>466.17</ele></trkpt>
<trkpt lat="43.5779183" lon="6.106311699999999"><ele>466.06</ele></trkpt>
<trkpt lat="43.5779367" lon="6.10634"><ele>466.32</ele></trkpt>
<trkpt lat="43.5779567" lon="6.1063767"><ele>466.98</ele></trkpt>
<trkpt lat="43.5779917" lon="6.1063783"><ele>467.32</ele></trkpt>
<trkpt lat="43.578025" lon="6.1063717"><ele>467.16</ele></trkpt>
<trkpt lat="43.5780583" lon="6.106373299999999"><ele>467.12</ele></trkpt>
<trkpt lat="43.578085" lon="6.1063633"><ele>467.13</ele></trkpt>
<trkpt lat="43.5781217" lon="6.1063517"><ele>467.06</ele></trkpt>
<trkpt lat="43.5781533" lon="6.1063433"><ele>467.22</ele></trkpt>
<trkpt lat="43.5781867" lon="6.1063333"><ele>467.5</ele></trkpt>
<trkpt lat="43.5782183" lon="6.1063267"><ele>467.42</ele></trkpt>
<trkpt lat="43.5782533" lon="6.1063233"><ele>467.6</ele></trkpt>
<trkpt lat="43.57829" lon="6.10631"><ele>467.85</ele></trkpt>
<trkpt lat="43.5783217" lon="6.106300000000001"><ele>468.25</ele></trkpt>
<trkpt lat="43.578355" lon="6.1062933"><ele>468.56</ele></trkpt>
<trkpt lat="43.5783883" lon="6.106286700000001"><ele>468.99</ele></trkpt>
<trkpt lat="43.57842" lon="6.106275"><ele>469.5</ele></trkpt>
<trkpt lat="43.57846" lon="6.10626"><ele>469.38</ele></trkpt>
<trkpt lat="43.5785" lon="6.1062567"><ele>469.4</ele></trkpt>
<trkpt lat="43.5785367" lon="6.106255000000001"><ele>469.69</ele></trkpt>
<trkpt lat="43.5785733" lon="6.106241700000001"><ele>469.3099999999999</ele></trkpt>
<trkpt lat="43.57861" lon="6.1062267"><ele>468.8999999999999</ele></trkpt>
<trkpt lat="43.5786433" lon="6.1062117"><ele>469.37</ele></trkpt>
<trkpt lat="43.57867" lon="6.1061933"><ele>470.54</ele></trkpt>
<trkpt lat="43.5786967" lon="6.1061817"><ele>470.63</ele></trkpt>
<trkpt lat="43.57873" lon="6.1061733"><ele>470.7499999999999</ele></trkpt>
<trkpt lat="43.5787583" lon="6.106161700000001"><ele>470.8999999999999</ele></trkpt>
<trkpt lat="43.5787867" lon="6.106153300000001"><ele>471.12</ele></trkpt>
<trkpt lat="43.5788183" lon="6.1061483"><ele>471.16</ele></trkpt>
<trkpt lat="43.57885" lon="6.1061383"><ele>470.97</ele></trkpt>
<trkpt lat="43.57888" lon="6.106129999999999"><ele>471.01</ele></trkpt>
<trkpt lat="43.5789133" lon="6.1061233"><ele>470.78</ele></trkpt>
<trkpt lat="43.578945" lon="6.106116699999999"><ele>470.67</ele></trkpt>
<trkpt lat="43.578975" lon="6.1061117"><ele>470.45</ele></trkpt>
<trkpt lat="43.5790067" lon="6.1061033"><ele>469.99</ele></trkpt>
<trkpt lat="43.5790367" lon="6.106088299999999"><ele>470.01</ele></trkpt>
<trkpt lat="43.5790667" lon="6.1060783"><ele>470.0299999999999</ele></trkpt>
<trkpt lat="43.579095" lon="6.106074999999999"><ele>470.0299999999999</ele></trkpt>
<trkpt lat="43.5791267" lon="6.106063300000001"><ele>469.49</ele></trkpt>
<trkpt lat="43.57916" lon="6.106035"><ele>469.14</ele></trkpt>
<trkpt lat="43.57919" lon="6.1060233"><ele>469.07</ele></trkpt>
<trkpt lat="43.57922" lon="6.1060083"><ele>469.01</ele></trkpt>
<trkpt lat="43.5792517" lon="6.105995"><ele>468.87</ele></trkpt>
<trkpt lat="43.5792833" lon="6.105983299999999"><ele>469.09</ele></trkpt>
<trkpt lat="43.579315" lon="6.105970000000001"><ele>469.04</ele></trkpt>
<trkpt lat="43.5793467" lon="6.105970000000001"><ele>469.36</ele></trkpt>
<trkpt lat="43.5793767" lon="6.105971699999999"><ele>469.6199999999999</ele></trkpt>
<trkpt lat="43.579405" lon="6.1059683"><ele>469.48</ele></trkpt>
<trkpt lat="43.57943" lon="6.10595"><ele>469.4599999999999</ele></trkpt>
<trkpt lat="43.5794583" lon="6.1059317"><ele>469.69</ele></trkpt>
<trkpt lat="43.5794867" lon="6.1059217"><ele>469.73</ele></trkpt>
<trkpt lat="43.57952" lon="6.1059067"><ele>469.74</ele></trkpt>
<trkpt lat="43.5795517" lon="6.1058967"><ele>469.5500000000001</ele></trkpt>
<trkpt lat="43.5795833" lon="6.1058883"><ele>469.45</ele></trkpt>
<trkpt lat="43.5796167" lon="6.1058767"><ele>469.3</ele></trkpt>
<trkpt lat="43.579645" lon="6.105865"><ele>469.24</ele></trkpt>
<trkpt lat="43.5796733" lon="6.1058533"><ele>469.2599999999999</ele></trkpt>
<trkpt lat="43.5797017" lon="6.1058433"><ele>469.17</ele></trkpt>
<trkpt lat="43.5797317" lon="6.1058333"><ele>469.03</ele></trkpt>
<trkpt lat="43.5797633" lon="6.1058267"><ele>469.04</ele></trkpt>
<trkpt lat="43.5797983" lon="6.1058183"><ele>468.83</ele></trkpt>
<trkpt lat="43.57983" lon="6.1058067"><ele>468.91</ele></trkpt>
<trkpt lat="43.5798583" lon="6.1058017"><ele>468.9400000000001</ele></trkpt>
<trkpt lat="43.5798883" lon="6.105788300000001"><ele>469.03</ele></trkpt>
<trkpt lat="43.579915" lon="6.105775000000001"><ele>468.51</ele></trkpt>
<trkpt lat="43.5799467" lon="6.1057667"><ele>468.1799999999999</ele></trkpt>
<trkpt lat="43.57998" lon="6.1057617"><ele>468.05</ele></trkpt>
<trkpt lat="43.58001" lon="6.1057533"><ele>468.17</ele></trkpt>
<trkpt lat="43.5800367" lon="6.10574"><ele>468.4</ele></trkpt>
<trkpt lat="43.5800667" lon="6.105730000000001"><ele>468.67</ele></trkpt>
<trkpt lat="43.5800967" lon="6.1057217"><ele>468.86</ele></trkpt>
<trkpt lat="43.580125" lon="6.1057183"><ele>469.07</ele></trkpt>
<trkpt lat="43.5801583" lon="6.105705"><ele>469.09</ele></trkpt>
<trkpt lat="43.5801883" lon="6.1056917"><ele>469.2</ele></trkpt>
<trkpt lat="43.5802167" lon="6.105675000000001"><ele>469.2099999999999</ele></trkpt>
<trkpt lat="43.5802467" lon="6.105661700000001"><ele>469.32</ele></trkpt>
<trkpt lat="43.5802783" lon="6.1056367"><ele>469.4</ele></trkpt>
<trkpt lat="43.5803083" lon="6.105616700000001"><ele>469.88</ele></trkpt>
<trkpt lat="43.5803367" lon="6.1056033"><ele>470.36</ele></trkpt>
<trkpt lat="43.5803633" lon="6.105594999999999"><ele>470.62</ele></trkpt>
<trkpt lat="43.5803967" lon="6.10558"><ele>471.11</ele></trkpt>
<trkpt lat="43.580425" lon="6.105561699999999"><ele>470.88</ele></trkpt>
<trkpt lat="43.5804567" lon="6.105555"><ele>470.81</ele></trkpt>
<trkpt lat="43.58049" lon="6.105536700000001"><ele>471.2599999999999</ele></trkpt>
<trkpt lat="43.5805167" lon="6.1055133"><ele>471.33</ele></trkpt>
<trkpt lat="43.58054" lon="6.105491700000001"><ele>471.14</ele></trkpt>
<trkpt lat="43.5805733" lon="6.1054667"><ele>471.07</ele></trkpt>
<trkpt lat="43.580605" lon="6.105455"><ele>471.39</ele></trkpt>
<trkpt lat="43.58064" lon="6.105446699999999"><ele>471.92</ele></trkpt>
<trkpt lat="43.5806683" lon="6.1054267"><ele>472.3</ele></trkpt>
<trkpt lat="43.5806983" lon="6.105413299999999"><ele>473.27</ele></trkpt>
<trkpt lat="43.580725" lon="6.105401699999999"><ele>473.7</ele></trkpt>
<trkpt lat="43.5807533" lon="6.105388300000001"><ele>473.8100000000001</ele></trkpt>
<trkpt lat="43.5807817" lon="6.1053717"><ele>474.29</ele></trkpt>
<trkpt lat="43.580815" lon="6.1053517"><ele>474.35</ele></trkpt>
<trkpt lat="43.5808433" lon="6.1053367"><ele>474.41</ele></trkpt>
<trkpt lat="43.5808683" lon="6.10532"><ele>474.58</ele></trkpt>
<trkpt lat="43.580895" lon="6.105311699999999"><ele>474.28</ele></trkpt>
<trkpt lat="43.5809217" lon="6.105295"><ele>474.26</ele></trkpt>
<trkpt lat="43.580945" lon="6.1052717"><ele>474.05</ele></trkpt>
<trkpt lat="43.580975" lon="6.10525"><ele>473.89</ele></trkpt>
<trkpt lat="43.5809917" lon="6.105206700000001"><ele>469.66</ele></trkpt>
<trkpt lat="43.5810067" lon="6.105174999999999"><ele>469.32</ele></trkpt>
<trkpt lat="43.5810283" lon="6.105129999999999"><ele>468.89</ele></trkpt>
<trkpt lat="43.5810517" lon="6.1050967"><ele>468.67</ele></trkpt>
<trkpt lat="43.5810617" lon="6.1050583"><ele>468.46</ele></trkpt>
<trkpt lat="43.5810717" lon="6.1050167"><ele>468.9400000000001</ele></trkpt>
<trkpt lat="43.5810517" lon="6.104970000000001"><ele>469.7699999999999</ele></trkpt>
<trkpt lat="43.5810267" lon="6.104995"><ele>470.26</ele></trkpt>
<trkpt lat="43.5809933" lon="6.105001700000001"><ele>470.04</ele></trkpt>
<trkpt lat="43.5809683" lon="6.1049867"><ele>470.1299999999999</ele></trkpt>
<trkpt lat="43.5809417" lon="6.1049767"><ele>470.05</ele></trkpt>
<trkpt lat="43.580915" lon="6.1049633"><ele>469.48</ele></trkpt>
<trkpt lat="43.580895" lon="6.1049333"><ele>469.73</ele></trkpt>
<trkpt lat="43.580895" lon="6.104885"><ele>470.17</ele></trkpt>
<trkpt lat="43.5808833" lon="6.104848299999999"><ele>470.4299999999999</ele></trkpt>
<trkpt lat="43.58087" lon="6.1048133"><ele>470.6399999999999</ele></trkpt>
<trkpt lat="43.5808917" lon="6.10478"><ele>470.84</ele></trkpt>
<trkpt lat="43.580885" lon="6.104743299999999"><ele>470.77</ele></trkpt>
<trkpt lat="43.5808633" lon="6.1047033"><ele>470.86</ele></trkpt>
<trkpt lat="43.5808383" lon="6.1046683"><ele>470.79</ele></trkpt>
<trkpt lat="43.58081" lon="6.104635"><ele>470.6499999999999</ele></trkpt>
<trkpt lat="43.5807867" lon="6.1045983"><ele>470.61</ele></trkpt>
<trkpt lat="43.5807667" lon="6.104565"><ele>470.71</ele></trkpt>
<trkpt lat="43.5807433" lon="6.1045333"><ele>470.91</ele></trkpt>
<trkpt lat="43.5807233" lon="6.1045"><ele>470.9400000000001</ele></trkpt>
<trkpt lat="43.5807" lon="6.1044617"><ele>470.7499999999999</ele></trkpt>
<trkpt lat="43.5806717" lon="6.104431700000001"><ele>470.74</ele></trkpt>
<trkpt lat="43.5806533" lon="6.1044033"><ele>470.8999999999999</ele></trkpt>
<trkpt lat="43.5806283" lon="6.1043617"><ele>471.36</ele></trkpt>
<trkpt lat="43.58061" lon="6.1043283"><ele>471.69</ele></trkpt>
<trkpt lat="43.58059" lon="6.1042917"><ele>472</ele></trkpt>
<trkpt lat="43.58057" lon="6.104253300000001"><ele>471.95</ele></trkpt>
<trkpt lat="43.5805533" lon="6.1042117"><ele>471.94</ele></trkpt>
<trkpt lat="43.5805333" lon="6.1041767"><ele>471.7799999999999</ele></trkpt>
<trkpt lat="43.5805133" lon="6.1041517"><ele>471.47</ele></trkpt>
<trkpt lat="43.58048" lon="6.1041233"><ele>470.85</ele></trkpt>
<trkpt lat="43.58045" lon="6.1040983"><ele>470.8</ele></trkpt>
<trkpt lat="43.58042" lon="6.104069999999999"><ele>470.91</ele></trkpt>
<trkpt lat="43.5803917" lon="6.1040433"><ele>471.36</ele></trkpt>
<trkpt lat="43.580365" lon="6.104011700000001"><ele>471.58</ele></trkpt>
<trkpt lat="43.5803417" lon="6.1039883"><ele>471.92</ele></trkpt>
<trkpt lat="43.5803117" lon="6.1039533"><ele>472.0299999999999</ele></trkpt>
<trkpt lat="43.5802833" lon="6.1039333"><ele>472.32</ele></trkpt>
<trkpt lat="43.580255" lon="6.103910000000001"><ele>472.61</ele></trkpt>
<trkpt lat="43.5802267" lon="6.103886699999999"><ele>473.16</ele></trkpt>
<trkpt lat="43.580205" lon="6.1038633"><ele>473.76</ele></trkpt>
<trkpt lat="43.5801783" lon="6.103830000000001"><ele>474.8999999999999</ele></trkpt>
<trkpt lat="43.5801567" lon="6.1038017"><ele>475.36</ele></trkpt>
<trkpt lat="43.58013" lon="6.103775000000001"><ele>475.85</ele></trkpt>
<trkpt lat="43.580105" lon="6.103745"><ele>476.1</ele></trkpt>
<trkpt lat="43.5800783" lon="6.10371"><ele>476.31</ele></trkpt>
<trkpt lat="43.5800583" lon="6.103681700000001"><ele>476.3399999999999</ele></trkpt>
<trkpt lat="43.5800317" lon="6.1036433"><ele>476.3399999999999</ele></trkpt>
<trkpt lat="43.5800033" lon="6.1036083"><ele>476.3399999999999</ele></trkpt>
<trkpt lat="43.579975" lon="6.103575"><ele>476.4299999999999</ele></trkpt>
<trkpt lat="43.5799467" lon="6.103545000000001"><ele>476.3399999999999</ele></trkpt>
<trkpt lat="43.5799233" lon="6.1035167"><ele>476.31</ele></trkpt>
<trkpt lat="43.579905" lon="6.103485"><ele>476.4299999999999</ele></trkpt>
<trkpt lat="43.5798833" lon="6.103454999999999"><ele>476.41</ele></trkpt>
<trkpt lat="43.57986" lon="6.1034167"><ele>476.62</ele></trkpt>
<trkpt lat="43.5798417" lon="6.1033817"><ele>476.57</ele></trkpt>
<trkpt lat="43.5798233" lon="6.103353300000001"><ele>476.4299999999999</ele></trkpt>
<trkpt lat="43.5797983" lon="6.1033267"><ele>476.88</ele></trkpt>
<trkpt lat="43.5797783" lon="6.1032967"><ele>477.9</ele></trkpt>
<trkpt lat="43.5797367" lon="6.1032233"><ele>479.68</ele></trkpt>
<trkpt lat="43.579705" lon="6.10319"><ele>479.29</ele></trkpt>
<trkpt lat="43.5796767" lon="6.103160000000001"><ele>478.91</ele></trkpt>
<trkpt lat="43.5796467" lon="6.103126699999999"><ele>478.87</ele></trkpt>
<trkpt lat="43.5796133" lon="6.10311"><ele>478.9999999999999</ele></trkpt>
<trkpt lat="43.579585" lon="6.1030917"><ele>479.22</ele></trkpt>
<trkpt lat="43.579555" lon="6.103066699999999"><ele>479.4</ele></trkpt>
<trkpt lat="43.5795317" lon="6.103045"><ele>479.53</ele></trkpt>
<trkpt lat="43.5795033" lon="6.103021699999999"><ele>479.37</ele></trkpt>
<trkpt lat="43.579475" lon="6.1030017"><ele>479.41</ele></trkpt>
<trkpt lat="43.5794467" lon="6.102979999999999"><ele>479.58</ele></trkpt>
<trkpt lat="43.5794233" lon="6.102955000000001"><ele>480.02</ele></trkpt>
<trkpt lat="43.5793967" lon="6.1029883"><ele>481.8699999999999</ele></trkpt>
<trkpt lat="43.5793617" lon="6.1029733"><ele>482.6899999999999</ele></trkpt>
<trkpt lat="43.5793333" lon="6.1029617"><ele>482.8</ele></trkpt>
<trkpt lat="43.579305" lon="6.1029483"><ele>482.83</ele></trkpt>
<trkpt lat="43.5792717" lon="6.1029433"><ele>482.81</ele></trkpt>
<trkpt lat="43.579235" lon="6.10294"><ele>482.93</ele></trkpt>
<trkpt lat="43.5792033" lon="6.10294"><ele>483.17</ele></trkpt>
<trkpt lat="43.5791667" lon="6.1029367"><ele>483.42</ele></trkpt>
<trkpt lat="43.5791333" lon="6.1029367"><ele>483.44</ele></trkpt>
<trkpt lat="43.5790983" lon="6.1029367"><ele>483.44</ele></trkpt>
<trkpt lat="43.5790683" lon="6.10293"><ele>483.44</ele></trkpt>
<trkpt lat="43.5790367" lon="6.102925"><ele>481.71</ele></trkpt>
<trkpt lat="43.5790083" lon="6.102910000000001"><ele>481.4</ele></trkpt>
<trkpt lat="43.5789833" lon="6.1028917"><ele>481.08</ele></trkpt>
<trkpt lat="43.5789717" lon="6.1028567"><ele>481.91</ele></trkpt>
<trkpt lat="43.57895" lon="6.1028233"><ele>481.8199999999999</ele></trkpt>
<trkpt lat="43.5789417" lon="6.1027867"><ele>481.0099999999999</ele></trkpt>
<trkpt lat="43.5789317" lon="6.1027433"><ele>480.45</ele></trkpt>
<trkpt lat="43.5789117" lon="6.1026983"><ele>479.7</ele></trkpt>
<trkpt lat="43.57889" lon="6.10266"><ele>479.35</ele></trkpt>
<trkpt lat="43.57886" lon="6.1026283"><ele>479.2699999999999</ele></trkpt>
<trkpt lat="43.578835" lon="6.1025967"><ele>478.81</ele></trkpt>
<trkpt lat="43.5788167" lon="6.1025633"><ele>478.42</ele></trkpt>
<trkpt lat="43.578795" lon="6.102515"><ele>477.91</ele></trkpt>
<trkpt lat="43.57877" lon="6.102475"><ele>477.48</ele></trkpt>
<trkpt lat="43.5787483" lon="6.10245"><ele>477.28</ele></trkpt>
<trkpt lat="43.5787267" lon="6.1024117"><ele>476.98</ele></trkpt>
<trkpt lat="43.578705" lon="6.1023833"><ele>476.26</ele></trkpt>
<trkpt lat="43.5786783" lon="6.102353300000001"><ele>475.79</ele></trkpt>
<trkpt lat="43.578655" lon="6.102316699999999"><ele>475.74</ele></trkpt>
<trkpt lat="43.5786367" lon="6.1022883"><ele>475.5699999999999</ele></trkpt>
<trkpt lat="43.5786167" lon="6.102250000000001"><ele>475.3</ele></trkpt>
<trkpt lat="43.578595" lon="6.10221"><ele>475.2599999999999</ele></trkpt>
<trkpt lat="43.5785717" lon="6.1021817"><ele>475.1</ele></trkpt>
<trkpt lat="43.57855" lon="6.1021533"><ele>474.6399999999999</ele></trkpt>
<trkpt lat="43.5785283" lon="6.102124999999999"><ele>474.3799999999999</ele></trkpt>
<trkpt lat="43.578505" lon="6.1020917"><ele>474.1</ele></trkpt>
<trkpt lat="43.5784767" lon="6.10207"><ele>473.8199999999999</ele></trkpt>
<trkpt lat="43.5784617" lon="6.102021699999999"><ele>473.64</ele></trkpt>
<trkpt lat="43.5784567" lon="6.1019733"><ele>473.3099999999999</ele></trkpt>
<trkpt lat="43.578465" lon="6.101929999999999"><ele>473.05</ele></trkpt>
<trkpt lat="43.57846" lon="6.10188"><ele>472.22</ele></trkpt>
<trkpt lat="43.5784533" lon="6.1018383"><ele>471.6199999999999</ele></trkpt>
<trkpt lat="43.57844" lon="6.1017917"><ele>470.27</ele></trkpt>
<trkpt lat="43.5784217" lon="6.101760000000001"><ele>469.4599999999999</ele></trkpt>
<trkpt lat="43.5783983" lon="6.1017267"><ele>468.58</ele></trkpt>
<trkpt lat="43.5783783" lon="6.101695"><ele>467.98</ele></trkpt>
<trkpt lat="43.5783633" lon="6.101655"><ele>467.8</ele></trkpt>
<trkpt lat="43.5783533" lon="6.10161"><ele>467.84</ele></trkpt>
<trkpt lat="43.578335" lon="6.101565"><ele>467.9</ele></trkpt>
<trkpt lat="43.578315" lon="6.101530000000001"><ele>467.8199999999999</ele></trkpt>
<trkpt lat="43.5783017" lon="6.1014933"><ele>467.76</ele></trkpt>
<trkpt lat="43.578295" lon="6.101453299999999"><ele>467.18</ele></trkpt>
<trkpt lat="43.5782867" lon="6.101409999999999"><ele>466.62</ele></trkpt>
<trkpt lat="43.57827" lon="6.1013783"><ele>465.98</ele></trkpt>
<trkpt lat="43.578245" lon="6.101350000000001"><ele>465.97</ele></trkpt>
<trkpt lat="43.578225" lon="6.1013117"><ele>465.88</ele></trkpt>
<trkpt lat="43.5782083" lon="6.1012767"><ele>466.17</ele></trkpt>
<trkpt lat="43.5781883" lon="6.101248300000001"><ele>466.6800000000001</ele></trkpt>
<trkpt lat="43.5781617" lon="6.101235000000001"><ele>466.73</ele></trkpt>
<trkpt lat="43.57815" lon="6.1011983"><ele>466.24</ele></trkpt>
<trkpt lat="43.5781283" lon="6.1011617"><ele>465.95</ele></trkpt>
<trkpt lat="43.5781083" lon="6.1011367"><ele>465.86</ele></trkpt>
<trkpt lat="43.5780783" lon="6.1011017"><ele>465.45</ele></trkpt>
<trkpt lat="43.5780517" lon="6.101078299999999"><ele>465.18</ele></trkpt>
<trkpt lat="43.578025" lon="6.1010633"><ele>464.97</ele></trkpt>
<trkpt lat="43.5779933" lon="6.1010433"><ele>464.74</ele></trkpt>
<trkpt lat="43.5779683" lon="6.1010283"><ele>464.6399999999999</ele></trkpt>
<trkpt lat="43.5779467" lon="6.1010033"><ele>464.24</ele></trkpt>
<trkpt lat="43.57793" lon="6.100961700000001"><ele>463.2900000000001</ele></trkpt>
<trkpt lat="43.577915" lon="6.1009267"><ele>462.99</ele></trkpt>
<trkpt lat="43.5778983" lon="6.10088"><ele>462.9499999999999</ele></trkpt>
<trkpt lat="43.5778833" lon="6.1008433"><ele>462.82</ele></trkpt>
<trkpt lat="43.5778683" lon="6.10081"><ele>462.74</ele></trkpt>
<trkpt lat="43.5778467" lon="6.1007733"><ele>462.6300000000001</ele></trkpt>
<trkpt lat="43.5778283" lon="6.100734999999999"><ele>462.56</ele></trkpt>
<trkpt lat="43.5778033" lon="6.1006867"><ele>462.3899999999999</ele></trkpt>
<trkpt lat="43.5777767" lon="6.1006533"><ele>461.8199999999999</ele></trkpt>
<trkpt lat="43.5777533" lon="6.100633300000001"><ele>461.67</ele></trkpt>
<trkpt lat="43.5777367" lon="6.1006017"><ele>461.5699999999999</ele></trkpt>
<trkpt lat="43.577715" lon="6.1005567"><ele>461.6</ele></trkpt>
<trkpt lat="43.5777" lon="6.1005117"><ele>461.5099999999999</ele></trkpt>
<trkpt lat="43.5776817" lon="6.100455"><ele>461.96</ele></trkpt>
<trkpt lat="43.5776617" lon="6.1004217"><ele>461.86</ele></trkpt>
<trkpt lat="43.5776283" lon="6.100415"><ele>461.18</ele></trkpt>
<trkpt lat="43.5776033" lon="6.1003983"><ele>460.6399999999999</ele></trkpt>
<trkpt lat="43.5775833" lon="6.1003583"><ele>460.15</ele></trkpt>
<trkpt lat="43.5775583" lon="6.1003233"><ele>459.5699999999999</ele></trkpt>
<trkpt lat="43.577535" lon="6.1002783"><ele>459.6</ele></trkpt>
<trkpt lat="43.577515" lon="6.1002433"><ele>459.5699999999999</ele></trkpt>
<trkpt lat="43.57749" lon="6.10022"><ele>459.4599999999999</ele></trkpt>
<trkpt lat="43.5774683" lon="6.1001883"><ele>459.27</ele></trkpt>
<trkpt lat="43.5774433" lon="6.10017"><ele>458.81</ele></trkpt>
<trkpt lat="43.57742" lon="6.1001483"><ele>458.4</ele></trkpt>
<trkpt lat="43.5773933" lon="6.1001317"><ele>458.15</ele></trkpt>
<trkpt lat="43.5773667" lon="6.100106700000001"><ele>458.01</ele></trkpt>
<trkpt lat="43.577345" lon="6.1000683"><ele>458.1299999999999</ele></trkpt>
<trkpt lat="43.577335" lon="6.100031699999999"><ele>458.04</ele></trkpt>
<trkpt lat="43.577325" lon="6.099988299999999"><ele>458</ele></trkpt>
<trkpt lat="43.5772983" lon="6.099955"><ele>458.46</ele></trkpt>
<trkpt lat="43.5772667" lon="6.0999367"><ele>458.72</ele></trkpt>
<trkpt lat="43.577235" lon="6.0999367"><ele>459.08</ele></trkpt>
<trkpt lat="43.5771967" lon="6.0999367"><ele>459.12</ele></trkpt>
<trkpt lat="43.5771633" lon="6.099929999999999"><ele>459.32</ele></trkpt>
<trkpt lat="43.5771367" lon="6.09992"><ele>459.14</ele></trkpt>
<trkpt lat="43.5771083" lon="6.09992"><ele>458.8</ele></trkpt>
<trkpt lat="43.57708" lon="6.09991"><ele>458.45</ele></trkpt>
<trkpt lat="43.5770517" lon="6.099895"><ele>458.4</ele></trkpt>
<trkpt lat="43.5770267" lon="6.09988"><ele>458.5</ele></trkpt>
<trkpt lat="43.577005" lon="6.0998517"><ele>458.4299999999999</ele></trkpt>
<trkpt lat="43.57698" lon="6.09982"><ele>458.66</ele></trkpt>
<trkpt lat="43.5769583" lon="6.0997883"><ele>458.6300000000001</ele></trkpt>
<trkpt lat="43.5769417" lon="6.099748299999999"><ele>458.72</ele></trkpt>
<trkpt lat="43.5769167" lon="6.099715"><ele>458.4</ele></trkpt>
<trkpt lat="43.5768833" lon="6.099699999999999"><ele>458.1</ele></trkpt>
<trkpt lat="43.5768517" lon="6.099688300000001"><ele>457.42</ele></trkpt>
<trkpt lat="43.5768267" lon="6.0996583"><ele>456.82</ele></trkpt>
<trkpt lat="43.576805" lon="6.0996267"><ele>456.1299999999999</ele></trkpt>
<trkpt lat="43.57679" lon="6.099595"><ele>456.11</ele></trkpt>
<trkpt lat="43.57677" lon="6.0995583"><ele>456.1299999999999</ele></trkpt>
<trkpt lat="43.576745" lon="6.099526700000001"><ele>456.3700000000001</ele></trkpt>
<trkpt lat="43.5767217" lon="6.0995"><ele>457.23</ele></trkpt>
<trkpt lat="43.5766983" lon="6.099463299999999"><ele>457.8</ele></trkpt>
<trkpt lat="43.5766917" lon="6.099418299999999"><ele>457.99</ele></trkpt>
<trkpt lat="43.5766967" lon="6.0993717"><ele>457.84</ele></trkpt>
<trkpt lat="43.5767033" lon="6.0993333"><ele>457.92</ele></trkpt>
<trkpt lat="43.5767133" lon="6.099288300000001"><ele>458.02</ele></trkpt>
<trkpt lat="43.5767183" lon="6.099241700000001"><ele>458.29</ele></trkpt>
<trkpt lat="43.5767283" lon="6.0991933"><ele>458.4200000000001</ele></trkpt>
<trkpt lat="43.5767383" lon="6.099151700000001"><ele>457.96</ele></trkpt>
<trkpt lat="43.57675" lon="6.099108300000001"><ele>457.1499999999999</ele></trkpt>
<trkpt lat="43.576765" lon="6.0990683"><ele>456.23</ele></trkpt>
<trkpt lat="43.5767633" lon="6.099018300000001"><ele>455.5599999999999</ele></trkpt>
<trkpt lat="43.5767667" lon="6.098971699999999"><ele>455.41</ele></trkpt>
<trkpt lat="43.5767717" lon="6.098928299999999"><ele>455.53</ele></trkpt>
<trkpt lat="43.5767833" lon="6.09889"><ele>455.39</ele></trkpt>
<trkpt lat="43.5767833" lon="6.0988417"><ele>454.58</ele></trkpt>
<trkpt lat="43.5767833" lon="6.0988017"><ele>453.49</ele></trkpt>
<trkpt lat="43.57679" lon="6.0987517"><ele>452.6300000000001</ele></trkpt>
<trkpt lat="43.5767817" lon="6.0986967"><ele>451.99</ele></trkpt>
<trkpt lat="43.5767867" lon="6.098645"><ele>451.58</ele></trkpt>
<trkpt lat="43.5767967" lon="6.0986017"><ele>451.09</ele></trkpt>
<trkpt lat="43.576805" lon="6.098549999999999"><ele>450.8899999999999</ele></trkpt>
<trkpt lat="43.5768133" lon="6.098504999999999"><ele>450.92</ele></trkpt>
<trkpt lat="43.5768167" lon="6.098455"><ele>451.02</ele></trkpt>
<trkpt lat="43.5768333" lon="6.098404999999999"><ele>450.99</ele></trkpt>
<trkpt lat="43.57685" lon="6.0983717"><ele>451.2599999999999</ele></trkpt>
<trkpt lat="43.57687" lon="6.098346699999999"><ele>451.32</ele></trkpt>
<trkpt lat="43.5769017" lon="6.098315"><ele>451.57</ele></trkpt>
<trkpt lat="43.576925" lon="6.098288300000001"><ele>452.0299999999999</ele></trkpt>
<trkpt lat="43.5769417" lon="6.098254999999999"><ele>451.94</ele></trkpt>
<trkpt lat="43.576945" lon="6.0982167"><ele>451.93</ele></trkpt>
<trkpt lat="43.5769417" lon="6.0981733"><ele>452.76</ele></trkpt>
<trkpt lat="43.576925" lon="6.098133299999999"><ele>453.38</ele></trkpt>
<trkpt lat="43.5769167" lon="6.098091700000001"><ele>453.63</ele></trkpt>
<trkpt lat="43.5769233" lon="6.0980433"><ele>453.6</ele></trkpt>
<trkpt lat="43.5769533" lon="6.098028299999999"><ele>454.6499999999999</ele></trkpt>
<trkpt lat="43.5769783" lon="6.0979967"><ele>454.73</ele></trkpt>
<trkpt lat="43.5769633" lon="6.0979617"><ele>454.7</ele></trkpt>
<trkpt lat="43.5769417" lon="6.0979267"><ele>454.51</ele></trkpt>
<trkpt lat="43.5769067" lon="6.0979083"><ele>455.08</ele></trkpt>
<trkpt lat="43.5769367" lon="6.0979417"><ele>454.93</ele></trkpt>
<trkpt lat="43.576945" lon="6.0978983"><ele>455.8199999999999</ele></trkpt>
<trkpt lat="43.57697" lon="6.097868300000001"><ele>456.24</ele></trkpt>
<trkpt lat="43.57699" lon="6.097834999999999"><ele>456.0699999999999</ele></trkpt>
<trkpt lat="43.57701" lon="6.097799999999999"><ele>455.84</ele></trkpt>
<trkpt lat="43.5770267" lon="6.0977583"><ele>455.73</ele></trkpt>
<trkpt lat="43.5770417" lon="6.0977267"><ele>456.22</ele></trkpt>
<trkpt lat="43.5770633" lon="6.097698299999999"><ele>456.4299999999999</ele></trkpt>
<trkpt lat="43.5770783" lon="6.097665"><ele>456.75</ele></trkpt>
<trkpt lat="43.57709" lon="6.097628300000001"><ele>457.44</ele></trkpt>
<trkpt lat="43.577115" lon="6.0975917"><ele>457.7</ele></trkpt>
<trkpt lat="43.5771333" lon="6.0975533"><ele>458.52</ele></trkpt>
<trkpt lat="43.5771517" lon="6.0975217"><ele>459.3099999999999</ele></trkpt>
<trkpt lat="43.5771683" lon="6.0974817"><ele>459.8699999999999</ele></trkpt>
<trkpt lat="43.5771883" lon="6.097445"><ele>460.1199999999999</ele></trkpt>
<trkpt lat="43.5772" lon="6.0973967"><ele>460.1299999999999</ele></trkpt>
<trkpt lat="43.5772117" lon="6.0973617"><ele>460.2</ele></trkpt>
<trkpt lat="43.5772317" lon="6.097335"><ele>460.15</ele></trkpt>
<trkpt lat="43.5772517" lon="6.0973083"><ele>460.32</ele></trkpt>
<trkpt lat="43.5772717" lon="6.0972833"><ele>460.3399999999999</ele></trkpt>
<trkpt lat="43.577295" lon="6.097245"><ele>460.23</ele></trkpt>
<trkpt lat="43.577315" lon="6.097205"><ele>460.23</ele></trkpt>
<trkpt lat="43.57733" lon="6.0971733"><ele>460.56</ele></trkpt>
<trkpt lat="43.5773417" lon="6.0971317"><ele>460.6399999999999</ele></trkpt>
<trkpt lat="43.5773583" lon="6.0970967"><ele>460.47</ele></trkpt>
<trkpt lat="43.5773833" lon="6.0970617"><ele>460.3299999999999</ele></trkpt>
<trkpt lat="43.577405" lon="6.09702"><ele>459.7799999999999</ele></trkpt>
<trkpt lat="43.577425" lon="6.096979999999999"><ele>459.35</ele></trkpt>
<trkpt lat="43.5774467" lon="6.096945"><ele>460.09</ele></trkpt>
<trkpt lat="43.5774667" lon="6.096910000000001"><ele>460.87</ele></trkpt>
<trkpt lat="43.5774883" lon="6.096875"><ele>460.6999999999999</ele></trkpt>
<trkpt lat="43.5775067" lon="6.0968383"><ele>460.4399999999999</ele></trkpt>
<trkpt lat="43.5775217" lon="6.096805"><ele>460.56</ele></trkpt>
<trkpt lat="43.57754" lon="6.0967717"><ele>460.55</ele></trkpt>
<trkpt lat="43.5775383" lon="6.096729999999999"><ele>461.02</ele></trkpt>
<trkpt lat="43.5775617" lon="6.0966917"><ele>461.48</ele></trkpt>
<trkpt lat="43.57759" lon="6.0966683"><ele>461.71</ele></trkpt>
<trkpt lat="43.57762" lon="6.096645"><ele>461.97</ele></trkpt>
<trkpt lat="43.5776417" lon="6.0966183"><ele>462.22</ele></trkpt>
<trkpt lat="43.577665" lon="6.096593299999999"><ele>462.23</ele></trkpt>
<trkpt lat="43.577695" lon="6.0965733"><ele>462.21</ele></trkpt>
<trkpt lat="43.577725" lon="6.096549999999999"><ele>462.24</ele></trkpt>
<trkpt lat="43.5777517" lon="6.096525000000001"><ele>462.4200000000001</ele></trkpt>
<trkpt lat="43.5777783" lon="6.096495"><ele>462.4299999999999</ele></trkpt>
<trkpt lat="43.5778017" lon="6.096458299999999"><ele>462.3399999999999</ele></trkpt>
<trkpt lat="43.577825" lon="6.09642"><ele>462.0699999999999</ele></trkpt>
<trkpt lat="43.5778483" lon="6.0963817"><ele>462.1199999999999</ele></trkpt>
<trkpt lat="43.5778733" lon="6.09635"><ele>462.26</ele></trkpt>
<trkpt lat="43.5779" lon="6.0963217"><ele>462.23</ele></trkpt>
<trkpt lat="43.577925" lon="6.09629"><ele>462.5899999999999</ele></trkpt>
<trkpt lat="43.5779433" lon="6.0962567"><ele>462.47</ele></trkpt>
<trkpt lat="43.5779617" lon="6.0962217"><ele>462.53</ele></trkpt>
<trkpt lat="43.5779833" lon="6.0961883"><ele>462.9499999999999</ele></trkpt>
<trkpt lat="43.5780017" lon="6.096150000000001"><ele>462.97</ele></trkpt>
<trkpt lat="43.57802" lon="6.096105000000001"><ele>462.84</ele></trkpt>
<trkpt lat="43.5780433" lon="6.0960683"><ele>462.83</ele></trkpt>
<trkpt lat="43.5780617" lon="6.0960367"><ele>462.86</ele></trkpt>
<trkpt lat="43.57808" lon="6.0960083"><ele>462.67</ele></trkpt>
<trkpt lat="43.5781017" lon="6.095979999999999"><ele>462.83</ele></trkpt>
<trkpt lat="43.5781267" lon="6.095941700000001"><ele>462.36</ele></trkpt>
<trkpt lat="43.5781467" lon="6.0959"><ele>462.85</ele></trkpt>
<trkpt lat="43.57817" lon="6.095863300000001"><ele>463.09</ele></trkpt>
<trkpt lat="43.57819" lon="6.095825"><ele>463.28</ele></trkpt>
<trkpt lat="43.5782067" lon="6.0957817"><ele>463.64</ele></trkpt>
<trkpt lat="43.5782217" lon="6.0957483"><ele>463.73</ele></trkpt>
<trkpt lat="43.5782383" lon="6.0957083"><ele>463.15</ele></trkpt>
<trkpt lat="43.57826" lon="6.095665"><ele>463.04</ele></trkpt>
<trkpt lat="43.57828" lon="6.09562"><ele>463.2499999999999</ele></trkpt>
<trkpt lat="43.5782967" lon="6.095575"><ele>463.2599999999999</ele></trkpt>
<trkpt lat="43.5783167" lon="6.095531700000001"><ele>463.4</ele></trkpt>
<trkpt lat="43.57833" lon="6.095486700000001"><ele>463.53</ele></trkpt>
<trkpt lat="43.5783467" lon="6.0954467"><ele>463.28</ele></trkpt>
<trkpt lat="43.5783683" lon="6.095409999999999"><ele>463.42</ele></trkpt>
<trkpt lat="43.578385" lon="6.09537"><ele>463.36</ele></trkpt>
<trkpt lat="43.5784017" lon="6.095330000000001"><ele>463.34</ele></trkpt>
<trkpt lat="43.5784183" lon="6.0952917"><ele>463.27</ele></trkpt>
<trkpt lat="43.5784333" lon="6.095250000000001"><ele>463.58</ele></trkpt>
<trkpt lat="43.5784467" lon="6.095215"><ele>463.8299999999999</ele></trkpt>
<trkpt lat="43.578455" lon="6.0951783"><ele>463.9</ele></trkpt>
<trkpt lat="43.5784667" lon="6.0951317"><ele>464.58</ele></trkpt>
<trkpt lat="43.5784817" lon="6.0950983"><ele>464.6899999999999</ele></trkpt>
<trkpt lat="43.578505" lon="6.0950617"><ele>464.0699999999999</ele></trkpt>
<trkpt lat="43.5785267" lon="6.0950367"><ele>463.42</ele></trkpt>
<trkpt lat="43.578545" lon="6.0950067"><ele>462.72</ele></trkpt>
<trkpt lat="43.5785633" lon="6.094975"><ele>462.73</ele></trkpt>
<trkpt lat="43.5785817" lon="6.094945"><ele>462.8999999999999</ele></trkpt>
<trkpt lat="43.5786" lon="6.094915"><ele>463.3</ele></trkpt>
<trkpt lat="43.57862" lon="6.0948817"><ele>463.66</ele></trkpt>
<trkpt lat="43.5786417" lon="6.094850000000001"><ele>463.8299999999999</ele></trkpt>
<trkpt lat="43.5786633" lon="6.0948133"><ele>464.4399999999999</ele></trkpt>
<trkpt lat="43.578685" lon="6.0947767"><ele>464.72</ele></trkpt>
<trkpt lat="43.5787017" lon="6.0947467"><ele>465.34</ele></trkpt>
<trkpt lat="43.578725" lon="6.09471"><ele>465.59</ele></trkpt>
<trkpt lat="43.5787417" lon="6.0946767"><ele>466.0799999999999</ele></trkpt>
<trkpt lat="43.5787567" lon="6.094636699999999"><ele>466.5</ele></trkpt>
<trkpt lat="43.57877" lon="6.094603299999999"><ele>466.3899999999999</ele></trkpt>
<trkpt lat="43.578785" lon="6.094568300000001"><ele>466.31</ele></trkpt>
<trkpt lat="43.5788" lon="6.0945367"><ele>466.3299999999999</ele></trkpt>
<trkpt lat="43.57882" lon="6.0945067"><ele>466.0799999999999</ele></trkpt>
<trkpt lat="43.5788367" lon="6.094475000000001"><ele>465.62</ele></trkpt>
<trkpt lat="43.5788583" lon="6.094443300000001"><ele>465.35</ele></trkpt>
<trkpt lat="43.5788817" lon="6.0944083"><ele>465.34</ele></trkpt>
<trkpt lat="43.5789" lon="6.09438"><ele>465.06</ele></trkpt>
<trkpt lat="43.5789233" lon="6.094349999999999"><ele>465.11</ele></trkpt>
<trkpt lat="43.5789467" lon="6.094315"><ele>465.3</ele></trkpt>
<trkpt lat="43.5789717" lon="6.094283300000001"><ele>465.5199999999999</ele></trkpt>
<trkpt lat="43.5789933" lon="6.094248300000001"><ele>466.05</ele></trkpt>
<trkpt lat="43.579015" lon="6.094216699999999"><ele>466.48</ele></trkpt>
<trkpt lat="43.579035" lon="6.0941833"><ele>466.54</ele></trkpt>
<trkpt lat="43.579055" lon="6.09415"><ele>466.86</ele></trkpt>
<trkpt lat="43.5790783" lon="6.094111699999999"><ele>466.84</ele></trkpt>
<trkpt lat="43.579095" lon="6.0940817"><ele>466.3</ele></trkpt>
<trkpt lat="43.5791167" lon="6.0940517"><ele>465.92</ele></trkpt>
<trkpt lat="43.57914" lon="6.0940167"><ele>466.05</ele></trkpt>
<trkpt lat="43.5791583" lon="6.093978299999999"><ele>466.55</ele></trkpt>
<trkpt lat="43.5791733" lon="6.093931699999999"><ele>467.66</ele></trkpt>
<trkpt lat="43.5791867" lon="6.093895"><ele>468.24</ele></trkpt>
<trkpt lat="43.5791917" lon="6.093855"><ele>468.55</ele></trkpt>
<trkpt lat="43.5791967" lon="6.093815000000001"><ele>468.92</ele></trkpt>
<trkpt lat="43.5791967" lon="6.0937767"><ele>468.9400000000001</ele></trkpt>
<trkpt lat="43.5792" lon="6.0937267"><ele>469.01</ele></trkpt>
<trkpt lat="43.579195" lon="6.0936783"><ele>468.5899999999999</ele></trkpt>
<trkpt lat="43.5792067" lon="6.0936417"><ele>468.15</ele></trkpt>
<trkpt lat="43.5792183" lon="6.0935933"><ele>468.0700000000001</ele></trkpt>
<trkpt lat="43.5792367" lon="6.093554999999999"><ele>467.4</ele></trkpt>
<trkpt lat="43.5792467" lon="6.09351"><ele>467.2499999999999</ele></trkpt>
<trkpt lat="43.579255" lon="6.09347"><ele>467.38</ele></trkpt>
<trkpt lat="43.5792733" lon="6.0934383"><ele>467.5500000000001</ele></trkpt>
<trkpt lat="43.57929" lon="6.093405"><ele>467.89</ele></trkpt>
<trkpt lat="43.5793117" lon="6.093371700000001"><ele>468.48</ele></trkpt>
<trkpt lat="43.5793333" lon="6.0933417"><ele>468.6</ele></trkpt>
<trkpt lat="43.579355" lon="6.0933083"><ele>468.5899999999999</ele></trkpt>
<trkpt lat="43.579375" lon="6.093265"><ele>468.37</ele></trkpt>
<trkpt lat="43.579395" lon="6.093225"><ele>468.52</ele></trkpt>
<trkpt lat="43.579415" lon="6.093186700000001"><ele>468.66</ele></trkpt>
<trkpt lat="43.579435" lon="6.0931533"><ele>469.06</ele></trkpt>
<trkpt lat="43.5794567" lon="6.093115"><ele>469.8199999999999</ele></trkpt>
<trkpt lat="43.579475" lon="6.093076699999999"><ele>470.79</ele></trkpt>
<trkpt lat="43.57952" lon="6.09303"><ele>471.23</ele></trkpt>
<trkpt lat="43.5795433" lon="6.09299"><ele>471.24</ele></trkpt>
<trkpt lat="43.5795683" lon="6.092965"><ele>471.04</ele></trkpt>
<trkpt lat="43.5795883" lon="6.0929383"><ele>470.88</ele></trkpt>
<trkpt lat="43.57961" lon="6.0929083"><ele>470.6800000000001</ele></trkpt>
<trkpt lat="43.5796217" lon="6.092871699999999"><ele>470.31</ele></trkpt>
<trkpt lat="43.5796483" lon="6.0928433"><ele>470.4299999999999</ele></trkpt>
<trkpt lat="43.5796667" lon="6.0928033"><ele>469.72</ele></trkpt>
<trkpt lat="43.5796867" lon="6.0927717"><ele>469.1</ele></trkpt>
<trkpt lat="43.5797083" lon="6.092736699999999"><ele>468.9400000000001</ele></trkpt>
<trkpt lat="43.5797333" lon="6.0927033"><ele>468.78</ele></trkpt>
<trkpt lat="43.579755" lon="6.092665000000001"><ele>468.74</ele></trkpt>
<trkpt lat="43.5797783" lon="6.092631699999999"><ele>468.81</ele></trkpt>
<trkpt lat="43.5797983" lon="6.092606700000001"><ele>468.77</ele></trkpt>
<trkpt lat="43.5798167" lon="6.0925717"><ele>468.6499999999999</ele></trkpt>
<trkpt lat="43.57984" lon="6.0925317"><ele>469.32</ele></trkpt>
<trkpt lat="43.5798567" lon="6.0925"><ele>469.5199999999999</ele></trkpt>
<trkpt lat="43.57988" lon="6.092465"><ele>469.61</ele></trkpt>
<trkpt lat="43.5799083" lon="6.0924333"><ele>469.8</ele></trkpt>
<trkpt lat="43.5799333" lon="6.092408299999999"><ele>469.7699999999999</ele></trkpt>
<trkpt lat="43.5799633" lon="6.092380000000001"><ele>469.65</ele></trkpt>
<trkpt lat="43.57999" lon="6.092355"><ele>469.54</ele></trkpt>
<trkpt lat="43.58002" lon="6.092325000000001"><ele>469.64</ele></trkpt>
<trkpt lat="43.5800483" lon="6.092293300000001"><ele>469.74</ele></trkpt>
<trkpt lat="43.58007" lon="6.092265"><ele>469.5099999999999</ele></trkpt>
<trkpt lat="43.5800933" lon="6.0922383"><ele>469.44</ele></trkpt>
<trkpt lat="43.580115" lon="6.0922017"><ele>469.18</ele></trkpt>
<trkpt lat="43.580135" lon="6.0921633"><ele>469.07</ele></trkpt>
<trkpt lat="43.5801567" lon="6.092125"><ele>469.13</ele></trkpt>
<trkpt lat="43.5801783" lon="6.09209"><ele>469.58</ele></trkpt>
<trkpt lat="43.5801983" lon="6.0920567"><ele>469.76</ele></trkpt>
<trkpt lat="43.5802183" lon="6.092019999999999"><ele>470.24</ele></trkpt>
<trkpt lat="43.580235" lon="6.0919783"><ele>470.27</ele></trkpt>
<trkpt lat="43.58025" lon="6.0919383"><ele>470.31</ele></trkpt>
<trkpt lat="43.5802667" lon="6.0919"><ele>470.1799999999999</ele></trkpt>
<trkpt lat="43.580285" lon="6.0918667"><ele>470.21</ele></trkpt>
<trkpt lat="43.5802983" lon="6.0918233"><ele>470.31</ele></trkpt>
<trkpt lat="43.5803083" lon="6.0917767"><ele>470.67</ele></trkpt>
<trkpt lat="43.5803167" lon="6.0917367"><ele>471.11</ele></trkpt>
<trkpt lat="43.5803317" lon="6.091689999999999"><ele>470.79</ele></trkpt>
<trkpt lat="43.58035" lon="6.0916533"><ele>470.45</ele></trkpt>
<trkpt lat="43.5803767" lon="6.0916017"><ele>470.24</ele></trkpt>
<trkpt lat="43.5803933" lon="6.0915517"><ele>470.36</ele></trkpt>
<trkpt lat="43.5804033" lon="6.0915067"><ele>470.26</ele></trkpt>
<trkpt lat="43.5804083" lon="6.0914583"><ele>470.66</ele></trkpt>
<trkpt lat="43.5804117" lon="6.0914117"><ele>470.6499999999999</ele></trkpt>
<trkpt lat="43.58041" lon="6.09137"><ele>470.54</ele></trkpt>
<trkpt lat="43.5804067" lon="6.091325"><ele>470.54</ele></trkpt>
<trkpt lat="43.5803967" lon="6.09128"><ele>470.35</ele></trkpt>
<trkpt lat="43.5803867" lon="6.091241700000001"><ele>470.48</ele></trkpt>
<trkpt lat="43.5803683" lon="6.0912033"><ele>470.99</ele></trkpt>
<trkpt lat="43.58035" lon="6.091166699999999"><ele>471.3</ele></trkpt>
<trkpt lat="43.58033" lon="6.0911317"><ele>471.53</ele></trkpt>
<trkpt lat="43.5803083" lon="6.091098300000001"><ele>471.71</ele></trkpt>
<trkpt lat="43.5802867" lon="6.09107"><ele>471.8100000000001</ele></trkpt>
<trkpt lat="43.5802533" lon="6.0910483"><ele>472.1</ele></trkpt>
<trkpt lat="43.5802233" lon="6.0910333"><ele>472.91</ele></trkpt>
<trkpt lat="43.5801983" lon="6.0910117"><ele>473.91</ele></trkpt>
<trkpt lat="43.58017" lon="6.0909883"><ele>474.27</ele></trkpt>
<trkpt lat="43.5801483" lon="6.0909583"><ele>474.46</ele></trkpt>
<trkpt lat="43.5801283" lon="6.0909217"><ele>474.27</ele></trkpt>
<trkpt lat="43.5801083" lon="6.09089"><ele>474.0799999999999</ele></trkpt>
<trkpt lat="43.580085" lon="6.0908617"><ele>474.1299999999999</ele></trkpt>
<trkpt lat="43.580065" lon="6.0908283"><ele>474.4</ele></trkpt>
<trkpt lat="43.5800433" lon="6.0908017"><ele>475.07</ele></trkpt>
<trkpt lat="43.5800217" lon="6.0907617"><ele>474.98</ele></trkpt>
<trkpt lat="43.5800017" lon="6.0907267"><ele>474.52</ele></trkpt>
<trkpt lat="43.579985" lon="6.0906917"><ele>474.28</ele></trkpt>
<trkpt lat="43.579965" lon="6.0906517"><ele>474.1799999999999</ele></trkpt>
<trkpt lat="43.5799417" lon="6.0906267"><ele>473.8799999999999</ele></trkpt>
<trkpt lat="43.5799183" lon="6.090598299999999"><ele>474.1</ele></trkpt>
<trkpt lat="43.579895" lon="6.090573300000001"><ele>474.3899999999999</ele></trkpt>
<trkpt lat="43.5798667" lon="6.0905483"><ele>474.6499999999999</ele></trkpt>
<trkpt lat="43.5798383" lon="6.090525000000001"><ele>474.74</ele></trkpt>
<trkpt lat="43.5798183" lon="6.0904983"><ele>474.48</ele></trkpt>
<trkpt lat="43.579795" lon="6.0904733"><ele>474.57</ele></trkpt>
<trkpt lat="43.5797633" lon="6.0904533"><ele>475.3</ele></trkpt>
<trkpt lat="43.57974" lon="6.09042"><ele>475.64</ele></trkpt>
<trkpt lat="43.5797167" lon="6.090391699999999"><ele>476.35</ele></trkpt>
<trkpt lat="43.5796983" lon="6.090356699999999"><ele>476.37</ele></trkpt>
<trkpt lat="43.5796867" lon="6.0903167"><ele>476.06</ele></trkpt>
<trkpt lat="43.5796683" lon="6.0902833"><ele>475.8</ele></trkpt>
<trkpt lat="43.5796383" lon="6.0902567"><ele>475.81</ele></trkpt>
<trkpt lat="43.57962" lon="6.0902233"><ele>475.93</ele></trkpt>
<trkpt lat="43.5795983" lon="6.090198300000001"><ele>476.0299999999999</ele></trkpt>
<trkpt lat="43.57957" lon="6.0901783"><ele>476.6499999999999</ele></trkpt>
<trkpt lat="43.579545" lon="6.090153300000001"><ele>476.77</ele></trkpt>
<trkpt lat="43.579525" lon="6.090125"><ele>476.74</ele></trkpt>
<trkpt lat="43.5795067" lon="6.0900867"><ele>475.99</ele></trkpt>
<trkpt lat="43.5794867" lon="6.0900567"><ele>476.0299999999999</ele></trkpt>
<trkpt lat="43.579465" lon="6.090028299999999"><ele>476.3899999999999</ele></trkpt>
<trkpt lat="43.5794417" lon="6.0899967"><ele>476.6999999999999</ele></trkpt>
<trkpt lat="43.5794217" lon="6.089969999999999"><ele>476.9900000000001</ele></trkpt>
<trkpt lat="43.5794" lon="6.0899383"><ele>477.13</ele></trkpt>
<trkpt lat="43.5793783" lon="6.0899083"><ele>477.4</ele></trkpt>
<trkpt lat="43.5793583" lon="6.0898733"><ele>477.76</ele></trkpt>
<trkpt lat="43.5793417" lon="6.0898367"><ele>477.67</ele></trkpt>
<trkpt lat="43.579325" lon="6.0898033"><ele>477.48</ele></trkpt>
<trkpt lat="43.5793067" lon="6.0897717"><ele>477.19</ele></trkpt>
<trkpt lat="43.57929" lon="6.089733299999999"><ele>477.2</ele></trkpt>
<trkpt lat="43.5792767" lon="6.089698299999999"><ele>477.3099999999999</ele></trkpt>
<trkpt lat="43.5792617" lon="6.089663300000001"><ele>477.2599999999999</ele></trkpt>
<trkpt lat="43.579245" lon="6.0896217"><ele>477.05</ele></trkpt>
<trkpt lat="43.579225" lon="6.0895967"><ele>477.04</ele></trkpt>
<trkpt lat="43.5792033" lon="6.0895667"><ele>477.2</ele></trkpt>
<trkpt lat="43.5791833" lon="6.0895333"><ele>477.11</ele></trkpt>
<trkpt lat="43.5791633" lon="6.089495"><ele>476.9499999999999</ele></trkpt>
<trkpt lat="43.5791433" lon="6.089466700000001"><ele>476.92</ele></trkpt>
<trkpt lat="43.5791167" lon="6.0894517"><ele>477.43</ele></trkpt>
<trkpt lat="43.5790933" lon="6.0894267"><ele>478.52</ele></trkpt>
<trkpt lat="43.579075" lon="6.089385"><ele>478.84</ele></trkpt>
<trkpt lat="43.5790633" lon="6.08935"><ele>479.12</ele></trkpt>
<trkpt lat="43.579045" lon="6.0893067"><ele>479.92</ele></trkpt>
<trkpt lat="43.5790317" lon="6.0892733"><ele>480.31</ele></trkpt>
<trkpt lat="43.5790133" lon="6.089241699999999"><ele>480.9499999999999</ele></trkpt>
<trkpt lat="43.5790033" lon="6.0891917"><ele>480.74</ele></trkpt>
<trkpt lat="43.5789967" lon="6.0891483"><ele>480.22</ele></trkpt>
<trkpt lat="43.579" lon="6.0891067"><ele>479.8799999999999</ele></trkpt>
<trkpt lat="43.5789867" lon="6.0890667"><ele>479.75</ele></trkpt>
<trkpt lat="43.57897" lon="6.089028299999999"><ele>479.73</ele></trkpt>
<trkpt lat="43.5789533" lon="6.0889917"><ele>479.5699999999999</ele></trkpt>
<trkpt lat="43.57893" lon="6.088956699999999"><ele>479.89</ele></trkpt>
<trkpt lat="43.5789067" lon="6.088915"><ele>480.16</ele></trkpt>
<trkpt lat="43.5788917" lon="6.088876699999999"><ele>480.53</ele></trkpt>
<trkpt lat="43.5788833" lon="6.088835"><ele>481.28</ele></trkpt>
<trkpt lat="43.5788717" lon="6.088788299999999"><ele>480.89</ele></trkpt>
<trkpt lat="43.5788617" lon="6.0887483"><ele>480.84</ele></trkpt>
<trkpt lat="43.57885" lon="6.0887133"><ele>480.51</ele></trkpt>
<trkpt lat="43.5788367" lon="6.088671699999999"><ele>480.54</ele></trkpt>
<trkpt lat="43.5788267" lon="6.0886317"><ele>480.68</ele></trkpt>
<trkpt lat="43.5788267" lon="6.088591699999999"><ele>480.67</ele></trkpt>
<trkpt lat="43.57884" lon="6.0885583"><ele>480.98</ele></trkpt>
<trkpt lat="43.5788333" lon="6.0885183"><ele>481.65</ele></trkpt>
<trkpt lat="43.5788167" lon="6.088476700000001"><ele>482.1200000000001</ele></trkpt>
<trkpt lat="43.5788033" lon="6.0884383"><ele>482.3</ele></trkpt>
<trkpt lat="43.578785" lon="6.0884067"><ele>482.78</ele></trkpt>
<trkpt lat="43.5787617" lon="6.08837"><ele>482.8999999999999</ele></trkpt>
<trkpt lat="43.5787417" lon="6.0883283"><ele>483.12</ele></trkpt>
<trkpt lat="43.578725" lon="6.0882883"><ele>483.2099999999999</ele></trkpt>
<trkpt lat="43.578705" lon="6.0882483"><ele>483.17</ele></trkpt>
<trkpt lat="43.57868" lon="6.088228300000001"><ele>482.9499999999999</ele></trkpt>
<trkpt lat="43.5786517" lon="6.0882033"><ele>483.03</ele></trkpt>
<trkpt lat="43.5786317" lon="6.08817"><ele>482.92</ele></trkpt>
<trkpt lat="43.5786117" lon="6.088138300000001"><ele>482.87</ele></trkpt>
<trkpt lat="43.57859" lon="6.0881067"><ele>482.51</ele></trkpt>
<trkpt lat="43.5785683" lon="6.0880717"><ele>481.8799999999999</ele></trkpt>
<trkpt lat="43.5785483" lon="6.0880417"><ele>481.61</ele></trkpt>
<trkpt lat="43.5785183" lon="6.088015"><ele>481.35</ele></trkpt>
<trkpt lat="43.5785" lon="6.087985"><ele>481.07</ele></trkpt>
<trkpt lat="43.57848" lon="6.087955000000001"><ele>480.85</ele></trkpt>
<trkpt lat="43.5784633" lon="6.087923299999999"><ele>480.74</ele></trkpt>
<trkpt lat="43.5784417" lon="6.087896700000001"><ele>480.48</ele></trkpt>
<trkpt lat="43.578425" lon="6.0878667"><ele>480.21</ele></trkpt>
<trkpt lat="43.5784" lon="6.0878383"><ele>480.51</ele></trkpt>
<trkpt lat="43.5783783" lon="6.0878033"><ele>480.86</ele></trkpt>
<trkpt lat="43.57836" lon="6.087774999999999"><ele>480.83</ele></trkpt>
<trkpt lat="43.5783367" lon="6.0877483"><ele>480.9999999999999</ele></trkpt>
<trkpt lat="43.5783133" lon="6.087718300000001"><ele>480.97</ele></trkpt>
<trkpt lat="43.5782933" lon="6.08769"><ele>481.13</ele></trkpt>
<trkpt lat="43.5782733" lon="6.087656700000001"><ele>480.78</ele></trkpt>
<trkpt lat="43.5782517" lon="6.0876167"><ele>480.57</ele></trkpt>
<trkpt lat="43.5782367" lon="6.0875833"><ele>480.28</ele></trkpt>
<trkpt lat="43.57822" lon="6.0875533"><ele>479.72</ele></trkpt>
<trkpt lat="43.5782033" lon="6.0875133"><ele>479.13</ele></trkpt>
<trkpt lat="43.578185" lon="6.087478300000001"><ele>478.66</ele></trkpt>
<trkpt lat="43.5781617" lon="6.087443299999999"><ele>478.54</ele></trkpt>
<trkpt lat="43.5781417" lon="6.087415"><ele>478.23</ele></trkpt>
<trkpt lat="43.5781217" lon="6.087386699999999"><ele>478.4299999999999</ele></trkpt>
<trkpt lat="43.5780967" lon="6.0873683"><ele>478.85</ele></trkpt>
<trkpt lat="43.5780783" lon="6.0873383"><ele>479.36</ele></trkpt>
<trkpt lat="43.5780583" lon="6.087306699999999"><ele>479.8799999999999</ele></trkpt>
<trkpt lat="43.5780467" lon="6.0872683"><ele>480.1200000000001</ele></trkpt>
<trkpt lat="43.5780333" lon="6.0872233"><ele>480.1299999999999</ele></trkpt>
<trkpt lat="43.57801" lon="6.087193300000001"><ele>480.3899999999999</ele></trkpt>
<trkpt lat="43.57799" lon="6.0871583"><ele>480.67</ele></trkpt>
<trkpt lat="43.5779783" lon="6.087111699999999"><ele>480.9900000000001</ele></trkpt>
<trkpt lat="43.577965" lon="6.087075"><ele>481.13</ele></trkpt>
<trkpt lat="43.57795" lon="6.08704"><ele>481.04</ele></trkpt>
<trkpt lat="43.577925" lon="6.087011699999999"><ele>481.03</ele></trkpt>
<trkpt lat="43.5779067" lon="6.08698"><ele>481.12</ele></trkpt>
<trkpt lat="43.5778867" lon="6.086955000000001"><ele>481.39</ele></trkpt>
<trkpt lat="43.5778667" lon="6.086923299999999"><ele>481.63</ele></trkpt>
<trkpt lat="43.5778417" lon="6.08689"><ele>481.73</ele></trkpt>
<trkpt lat="43.5778133" lon="6.0868717"><ele>481.92</ele></trkpt>
<trkpt lat="43.5777917" lon="6.0868433"><ele>482.02</ele></trkpt>
<trkpt lat="43.5777717" lon="6.0868133"><ele>481.85</ele></trkpt>
<trkpt lat="43.5777483" lon="6.08678"><ele>481.8299999999999</ele></trkpt>
<trkpt lat="43.5777267" lon="6.0867417"><ele>481.8299999999999</ele></trkpt>
<trkpt lat="43.5777033" lon="6.08671"><ele>481.99</ele></trkpt>
<trkpt lat="43.5776783" lon="6.086679999999999"><ele>482.15</ele></trkpt>
<trkpt lat="43.5776567" lon="6.08665"><ele>482.1299999999999</ele></trkpt>
<trkpt lat="43.5776367" lon="6.086621700000001"><ele>482.16</ele></trkpt>
<trkpt lat="43.5776167" lon="6.086589999999999"><ele>481.97</ele></trkpt>
<trkpt lat="43.5775967" lon="6.0865583"><ele>481.7</ele></trkpt>
<trkpt lat="43.5775733" lon="6.086533300000001"><ele>481.3099999999999</ele></trkpt>
<trkpt lat="43.5775533" lon="6.0865017"><ele>481.05</ele></trkpt>
<trkpt lat="43.5775233" lon="6.08648"><ele>480.82</ele></trkpt>
<trkpt lat="43.5774933" lon="6.0864667"><ele>480.83</ele></trkpt>
<trkpt lat="43.577455" lon="6.08646"><ele>481.09</ele></trkpt>
<trkpt lat="43.5774283" lon="6.086445"><ele>481.22</ele></trkpt>
<trkpt lat="43.5774017" lon="6.0864317"><ele>481.39</ele></trkpt>
<trkpt lat="43.5773767" lon="6.086415"><ele>481.46</ele></trkpt>
<trkpt lat="43.5773517" lon="6.086396699999999"><ele>481.2500000000001</ele></trkpt>
<trkpt lat="43.5773283" lon="6.0863767"><ele>481.28</ele></trkpt>
<trkpt lat="43.577315" lon="6.0863417"><ele>481.34</ele></trkpt>
<trkpt lat="43.5773033" lon="6.086304999999999"><ele>481.17</ele></trkpt>
<trkpt lat="43.57729" lon="6.086265"><ele>481.16</ele></trkpt>
<trkpt lat="43.5772767" lon="6.0862283"><ele>481.13</ele></trkpt>
<trkpt lat="43.57726" lon="6.086193300000001"><ele>481.06</ele></trkpt>
<trkpt lat="43.577245" lon="6.086148300000001"><ele>480.93</ele></trkpt>
<trkpt lat="43.5772283" lon="6.086111699999999"><ele>480.93</ele></trkpt>
<trkpt lat="43.5772083" lon="6.0860767"><ele>480.84</ele></trkpt>
<trkpt lat="43.5771883" lon="6.086045"><ele>480.8999999999999</ele></trkpt>
<trkpt lat="43.5771667" lon="6.0860183"><ele>481.19</ele></trkpt>
<trkpt lat="43.577145" lon="6.0859867"><ele>481.3099999999999</ele></trkpt>
<trkpt lat="43.577125" lon="6.0859567"><ele>481.5199999999999</ele></trkpt>
<trkpt lat="43.5771033" lon="6.085925"><ele>481.5299999999999</ele></trkpt>
<trkpt lat="43.57708" lon="6.0858883"><ele>481.69</ele></trkpt>
<trkpt lat="43.57706" lon="6.0858567"><ele>481.64</ele></trkpt>
<trkpt lat="43.577035" lon="6.085828299999999"><ele>481.64</ele></trkpt>
<trkpt lat="43.577015" lon="6.085803300000001"><ele>481.98</ele></trkpt>
<trkpt lat="43.5769933" lon="6.0857783"><ele>481.96</ele></trkpt>
<trkpt lat="43.5769717" lon="6.085746700000001"><ele>482</ele></trkpt>
<trkpt lat="43.5769517" lon="6.085713300000001"><ele>481.94</ele></trkpt>
<trkpt lat="43.57693" lon="6.08567"><ele>481.84</ele></trkpt>
<trkpt lat="43.5769083" lon="6.0856333"><ele>481.67</ele></trkpt>
<trkpt lat="43.5768917" lon="6.0855933"><ele>481.5099999999999</ele></trkpt>
<trkpt lat="43.5768717" lon="6.0855517"><ele>481.7</ele></trkpt>
<trkpt lat="43.5768517" lon="6.0855217"><ele>481.9</ele></trkpt>
<trkpt lat="43.5768333" lon="6.08548"><ele>482.16</ele></trkpt>
<trkpt lat="43.5768167" lon="6.08545"><ele>482.49</ele></trkpt>
<trkpt lat="43.5768033" lon="6.0854133"><ele>482.89</ele></trkpt>
<trkpt lat="43.576775" lon="6.085381700000001"><ele>483.2099999999999</ele></trkpt>
<trkpt lat="43.5767533" lon="6.0853533"><ele>483.42</ele></trkpt>
<trkpt lat="43.5767317" lon="6.0853233"><ele>483.6199999999999</ele></trkpt>
<trkpt lat="43.5767083" lon="6.085285"><ele>483.73</ele></trkpt>
<trkpt lat="43.576685" lon="6.085255"><ele>483.8299999999999</ele></trkpt>
<trkpt lat="43.5766617" lon="6.085221700000001"><ele>483.4</ele></trkpt>
<trkpt lat="43.5766417" lon="6.085190000000001"><ele>483.32</ele></trkpt>
<trkpt lat="43.57662" lon="6.0851667"><ele>482.98</ele></trkpt>
<trkpt lat="43.5766" lon="6.085141700000001"><ele>482.74</ele></trkpt>
<trkpt lat="43.5765783" lon="6.085111699999999"><ele>482.9900000000001</ele></trkpt>
<trkpt lat="43.576595" lon="6.08516"><ele>481.36</ele></trkpt>
<trkpt lat="43.5765633" lon="6.0850833"><ele>483.44</ele></trkpt>
<trkpt lat="43.5765283" lon="6.085075"><ele>483.13</ele></trkpt>
<trkpt lat="43.5765083" lon="6.08505"><ele>483.13</ele></trkpt>
<trkpt lat="43.57648" lon="6.085023299999999"><ele>483.32</ele></trkpt>
<trkpt lat="43.5764533" lon="6.085005"><ele>483.33</ele></trkpt>
<trkpt lat="43.5764317" lon="6.0849767"><ele>483.36</ele></trkpt>
<trkpt lat="43.5764033" lon="6.0849467"><ele>483.14</ele></trkpt>
<trkpt lat="43.576375" lon="6.08492"><ele>482.94</ele></trkpt>
<trkpt lat="43.5763467" lon="6.084893300000001"><ele>482.86</ele></trkpt>
<trkpt lat="43.5763217" lon="6.084873299999999"><ele>482.74</ele></trkpt>
<trkpt lat="43.5762983" lon="6.0848517"><ele>482.54</ele></trkpt>
<trkpt lat="43.5762717" lon="6.08483"><ele>482.53</ele></trkpt>
<trkpt lat="43.5762467" lon="6.084801700000001"><ele>482.5</ele></trkpt>
<trkpt lat="43.5762167" lon="6.0847783"><ele>482.01</ele></trkpt>
<trkpt lat="43.5761883" lon="6.0847517"><ele>481.64</ele></trkpt>
<trkpt lat="43.5761633" lon="6.0847267"><ele>481.3099999999999</ele></trkpt>
<trkpt lat="43.5761433" lon="6.084700000000001"><ele>480.72</ele></trkpt>
<trkpt lat="43.5761217" lon="6.084665000000001"><ele>480.17</ele></trkpt>
<trkpt lat="43.5761017" lon="6.08463"><ele>478.9499999999999</ele></trkpt>
<trkpt lat="43.5760767" lon="6.084610000000001"><ele>478.1200000000001</ele></trkpt>
<trkpt lat="43.5760517" lon="6.084585"><ele>477.15</ele></trkpt>
<trkpt lat="43.5760267" lon="6.084563300000001"><ele>476.33</ele></trkpt>
<trkpt lat="43.576005" lon="6.08454"><ele>475.5099999999999</ele></trkpt>
<trkpt lat="43.57598" lon="6.0845083"><ele>474.98</ele></trkpt>
<trkpt lat="43.5759533" lon="6.0844767"><ele>474.6399999999999</ele></trkpt>
<trkpt lat="43.575925" lon="6.0844467"><ele>474</ele></trkpt>
<trkpt lat="43.5759017" lon="6.0844233"><ele>473.65</ele></trkpt>
<trkpt lat="43.5758783" lon="6.0843983"><ele>473.28</ele></trkpt>
<trkpt lat="43.5758583" lon="6.0843733"><ele>472.8999999999999</ele></trkpt>
<trkpt lat="43.5758333" lon="6.084348299999999"><ele>471.7699999999999</ele></trkpt>
<trkpt lat="43.5758083" lon="6.08432"><ele>471.2</ele></trkpt>
<trkpt lat="43.57579" lon="6.084291699999999"><ele>470.87</ele></trkpt>
<trkpt lat="43.57577" lon="6.0842517"><ele>470.72</ele></trkpt>
<trkpt lat="43.575745" lon="6.08422"><ele>470.92</ele></trkpt>
<trkpt lat="43.575725" lon="6.0841933"><ele>470.77</ele></trkpt>
<trkpt lat="43.5757117" lon="6.0841567"><ele>470.54</ele></trkpt>
<trkpt lat="43.5756867" lon="6.0841283"><ele>470.25</ele></trkpt>
<trkpt lat="43.575665" lon="6.0841033"><ele>469.97</ele></trkpt>
<trkpt lat="43.5756383" lon="6.0840783"><ele>469.8299999999999</ele></trkpt>
<trkpt lat="43.5756167" lon="6.0840467"><ele>470.0899999999999</ele></trkpt>
<trkpt lat="43.5755883" lon="6.0840283"><ele>470.6800000000001</ele></trkpt>
<trkpt lat="43.57557" lon="6.084"><ele>470.6399999999999</ele></trkpt>
<trkpt lat="43.57555" lon="6.083965"><ele>470.46</ele></trkpt>
<trkpt lat="43.5755333" lon="6.08393"><ele>470.0700000000001</ele></trkpt>
<trkpt lat="43.5755167" lon="6.083891700000001"><ele>469.99</ele></trkpt>
<trkpt lat="43.575495" lon="6.0838633"><ele>469.7699999999999</ele></trkpt>
<trkpt lat="43.575475" lon="6.0838333"><ele>469.5</ele></trkpt>
<trkpt lat="43.5754483" lon="6.083805"><ele>468.79</ele></trkpt>
<trkpt lat="43.57543" lon="6.083775"><ele>468.57</ele></trkpt>
<trkpt lat="43.575405" lon="6.083741700000001"><ele>468.27</ele></trkpt>
<trkpt lat="43.575385" lon="6.0837117"><ele>468.0700000000001</ele></trkpt>
<trkpt lat="43.57537" lon="6.083674999999999"><ele>467.6</ele></trkpt>
<trkpt lat="43.5753467" lon="6.0836367"><ele>467.13</ele></trkpt>
<trkpt lat="43.5753317" lon="6.083595"><ele>466.74</ele></trkpt>
<trkpt lat="43.5753167" lon="6.083560000000001"><ele>466.74</ele></trkpt>
<trkpt lat="43.5753" lon="6.083525"><ele>466.45</ele></trkpt>
<trkpt lat="43.57528" lon="6.083498299999999"><ele>466.3399999999999</ele></trkpt>
<trkpt lat="43.5752583" lon="6.0834683"><ele>465.8100000000001</ele></trkpt>
<trkpt lat="43.5752467" lon="6.0834283"><ele>465.17</ele></trkpt>
<trkpt lat="43.5752283" lon="6.083380000000001"><ele>465.06</ele></trkpt>
<trkpt lat="43.5752017" lon="6.08335"><ele>465.01</ele></trkpt>
<trkpt lat="43.575185" lon="6.0833083"><ele>464.67</ele></trkpt>
<trkpt lat="43.575175" lon="6.0832733"><ele>464.29</ele></trkpt>
<trkpt lat="43.575165" lon="6.083233300000001"><ele>463.76</ele></trkpt>
<trkpt lat="43.5751633" lon="6.083188300000001"><ele>463.43</ele></trkpt>
<trkpt lat="43.5751567" lon="6.083145"><ele>463.2599999999999</ele></trkpt>
<trkpt lat="43.5751517" lon="6.083098300000001"><ele>463.13</ele></trkpt>
<trkpt lat="43.5751533" lon="6.0830533"><ele>463.23</ele></trkpt>
<trkpt lat="43.5751483" lon="6.083004999999999"><ele>463.14</ele></trkpt>
<trkpt lat="43.5751467" lon="6.082965"><ele>462.9399999999999</ele></trkpt>
<trkpt lat="43.5751483" lon="6.082924999999999"><ele>463.18</ele></trkpt>
<trkpt lat="43.5751317" lon="6.082883299999999"><ele>462.79</ele></trkpt>
<trkpt lat="43.5751117" lon="6.082858300000001"><ele>462.4</ele></trkpt>
<trkpt lat="43.5750833" lon="6.0828383"><ele>462.4299999999999</ele></trkpt>
<trkpt lat="43.5750533" lon="6.082815"><ele>462.6</ele></trkpt>
<trkpt lat="43.575025" lon="6.082796700000001"><ele>462.89</ele></trkpt>
<trkpt lat="43.5750067" lon="6.082768299999999"><ele>462.82</ele></trkpt>
<trkpt lat="43.5749933" lon="6.082735"><ele>462.74</ele></trkpt>
<trkpt lat="43.5749783" lon="6.082695"><ele>462.75</ele></trkpt>
<trkpt lat="43.5749483" lon="6.08267"><ele>461.92</ele></trkpt>
<trkpt lat="43.57494" lon="6.0826317"><ele>461.66</ele></trkpt>
<trkpt lat="43.5749283" lon="6.082595"><ele>461.54</ele></trkpt>
<trkpt lat="43.5749133" lon="6.0825517"><ele>461.4599999999999</ele></trkpt>
<trkpt lat="43.5748983" lon="6.0825067"><ele>461.5000000000001</ele></trkpt>
<trkpt lat="43.5748817" lon="6.0824717"><ele>461.49</ele></trkpt>
<trkpt lat="43.57486" lon="6.0824283"><ele>461.1</ele></trkpt>
<trkpt lat="43.574835" lon="6.0824067"><ele>460.87</ele></trkpt>
<trkpt lat="43.5748117" lon="6.0823733"><ele>461.11</ele></trkpt>
<trkpt lat="43.574785" lon="6.082334999999999"><ele>461.06</ele></trkpt>
<trkpt lat="43.5747633" lon="6.0823033"><ele>461.03</ele></trkpt>
<trkpt lat="43.5747483" lon="6.0822617"><ele>460.86</ele></trkpt>
<trkpt lat="43.5747483" lon="6.0822183"><ele>460.96</ele></trkpt>
<trkpt lat="43.5747467" lon="6.0821733"><ele>461.38</ele></trkpt>
<trkpt lat="43.57473" lon="6.082138300000001"><ele>461.62</ele></trkpt>
<trkpt lat="43.5747083" lon="6.0821017"><ele>461.73</ele></trkpt>
<trkpt lat="43.574685" lon="6.082061699999999"><ele>461.28</ele></trkpt>
<trkpt lat="43.5746767" lon="6.08202"><ele>461.13</ele></trkpt>
<trkpt lat="43.5746667" lon="6.0819717"><ele>461.13</ele></trkpt>
<trkpt lat="43.5746433" lon="6.0819417"><ele>460.87</ele></trkpt>
<trkpt lat="43.5746267" lon="6.0818983"><ele>460.6399999999999</ele></trkpt>
<trkpt lat="43.5746117" lon="6.0818633"><ele>460.25</ele></trkpt>
<trkpt lat="43.5746033" lon="6.08182"><ele>460.29</ele></trkpt>
<trkpt lat="43.5745883" lon="6.081788299999999"><ele>460.3</ele></trkpt>
<trkpt lat="43.5745783" lon="6.081745"><ele>460.45</ele></trkpt>
<trkpt lat="43.5745633" lon="6.0817"><ele>460.72</ele></trkpt>
<trkpt lat="43.574535" lon="6.0816767"><ele>460.82</ele></trkpt>
<trkpt lat="43.574505" lon="6.0816683"><ele>461.18</ele></trkpt>
<trkpt lat="43.5744683" lon="6.0816583"><ele>461.48</ele></trkpt>
<trkpt lat="43.5744333" lon="6.0816483"><ele>461.71</ele></trkpt>
<trkpt lat="43.5744083" lon="6.0816233"><ele>461.89</ele></trkpt>
<trkpt lat="43.57438" lon="6.0816033"><ele>462.35</ele></trkpt>
<trkpt lat="43.5743517" lon="6.0815783"><ele>462.62</ele></trkpt>
<trkpt lat="43.5743167" lon="6.0815533"><ele>463.1</ele></trkpt>
<trkpt lat="43.5742867" lon="6.08153"><ele>463.13</ele></trkpt>
<trkpt lat="43.5742533" lon="6.0815217"><ele>463.15</ele></trkpt>
<trkpt lat="43.5742233" lon="6.0815167"><ele>463.11</ele></trkpt>
<trkpt lat="43.5741967" lon="6.08151"><ele>463.13</ele></trkpt>
<trkpt lat="43.5741633" lon="6.0814983"><ele>463.8100000000001</ele></trkpt>
<trkpt lat="43.5741283" lon="6.0814967"><ele>464.0699999999999</ele></trkpt>
<trkpt lat="43.5740967" lon="6.081491699999999"><ele>464.3799999999999</ele></trkpt>
<trkpt lat="43.5740633" lon="6.081493299999999"><ele>464.62</ele></trkpt>
<trkpt lat="43.5740333" lon="6.0815033"><ele>464.82</ele></trkpt>
<trkpt lat="43.5740067" lon="6.0815217"><ele>464.93</ele></trkpt>
<trkpt lat="43.57398" lon="6.081546700000001"><ele>465.02</ele></trkpt>
<trkpt lat="43.5739517" lon="6.08158"><ele>464.8</ele></trkpt>
<trkpt lat="43.5739333" lon="6.08161"><ele>464.89</ele></trkpt>
<trkpt lat="43.573905" lon="6.081635"><ele>465.18</ele></trkpt>
<trkpt lat="43.573875" lon="6.081661700000001"><ele>465.41</ele></trkpt>
<trkpt lat="43.5738517" lon="6.081684999999999"><ele>465.53</ele></trkpt>
<trkpt lat="43.5738283" lon="6.0817133"><ele>465.2599999999999</ele></trkpt>
<trkpt lat="43.5737917" lon="6.0817217"><ele>464.97</ele></trkpt>
<trkpt lat="43.5737517" lon="6.081718300000001"><ele>464.77</ele></trkpt>
<trkpt lat="43.573715" lon="6.081719999999999"><ele>464.46</ele></trkpt>
<trkpt lat="43.57368" lon="6.081725"><ele>464.24</ele></trkpt>
<trkpt lat="43.573645" lon="6.081745"><ele>464.23</ele></trkpt>
<trkpt lat="43.57362" lon="6.08176"><ele>464.3</ele></trkpt>
<trkpt lat="43.5736" lon="6.081788299999999"><ele>464.3899999999999</ele></trkpt>
<trkpt lat="43.573575" lon="6.0818033"><ele>464.4200000000001</ele></trkpt>
<trkpt lat="43.5735433" lon="6.0818083"><ele>464.75</ele></trkpt>
<trkpt lat="43.5735133" lon="6.08184"><ele>465.09</ele></trkpt>
<trkpt lat="43.57349" lon="6.081865"><ele>465.22</ele></trkpt>
<trkpt lat="43.5734517" lon="6.0818817"><ele>465.06</ele></trkpt>
<trkpt lat="43.5734217" lon="6.0819033"><ele>464.63</ele></trkpt>
<trkpt lat="43.5733917" lon="6.0819267"><ele>464.01</ele></trkpt>
<trkpt lat="43.5733617" lon="6.0819383"><ele>463.64</ele></trkpt>
<trkpt lat="43.5733333" lon="6.0819417"><ele>463.43</ele></trkpt>
<trkpt lat="43.5732967" lon="6.081945000000001"><ele>463.8699999999999</ele></trkpt>
<trkpt lat="43.5732583" lon="6.081945000000001"><ele>464.25</ele></trkpt>
<trkpt lat="43.57323" lon="6.081958300000001"><ele>464.58</ele></trkpt>
<trkpt lat="43.5731983" lon="6.081985"><ele>464.8999999999999</ele></trkpt>
<trkpt lat="43.5731667" lon="6.082004999999999"><ele>465.47</ele></trkpt>
<trkpt lat="43.5731383" lon="6.08202"><ele>465.2599999999999</ele></trkpt>
<trkpt lat="43.57311" lon="6.08203"><ele>465.13</ele></trkpt>
<trkpt lat="43.5730833" lon="6.082038300000001"><ele>465.2900000000001</ele></trkpt>
<trkpt lat="43.5730483" lon="6.082036700000001"><ele>465.48</ele></trkpt>
<trkpt lat="43.5730117" lon="6.082061699999999"><ele>465.79</ele></trkpt>
<trkpt lat="43.57298" lon="6.0820717"><ele>466.22</ele></trkpt>
<trkpt lat="43.57295" lon="6.082085"><ele>466.51</ele></trkpt>
<trkpt lat="43.57292" lon="6.08211"><ele>466.45</ele></trkpt>
<trkpt lat="43.5728933" lon="6.082128300000001"><ele>466.71</ele></trkpt>
<trkpt lat="43.5728567" lon="6.082135"><ele>466.49</ele></trkpt>
<trkpt lat="43.5728283" lon="6.082140000000001"><ele>466.26</ele></trkpt>
<trkpt lat="43.5727967" lon="6.08215"><ele>466.2</ele></trkpt>
<trkpt lat="43.5727633" lon="6.08217"><ele>466.06</ele></trkpt>
<trkpt lat="43.5727367" lon="6.08218"><ele>465.96</ele></trkpt>
<trkpt lat="43.57271" lon="6.082196699999999"><ele>465.9</ele></trkpt>
<trkpt lat="43.572685" lon="6.0822167"><ele>465.92</ele></trkpt>
<trkpt lat="43.57266" lon="6.082235"><ele>465.8299999999999</ele></trkpt>
<trkpt lat="43.5726283" lon="6.082254999999999"><ele>465.8199999999999</ele></trkpt>
<trkpt lat="43.5725983" lon="6.08227"><ele>465.8199999999999</ele></trkpt>
<trkpt lat="43.5725667" lon="6.0822967"><ele>465.91</ele></trkpt>
<trkpt lat="43.572545" lon="6.08233"><ele>465.73</ele></trkpt>
<trkpt lat="43.5725183" lon="6.0823433"><ele>465.65</ele></trkpt>
<trkpt lat="43.5724867" lon="6.0823617"><ele>465.4599999999999</ele></trkpt>
<trkpt lat="43.5724567" lon="6.0823733"><ele>465.59</ele></trkpt>
<trkpt lat="43.5724217" lon="6.0823967"><ele>465.8100000000001</ele></trkpt>
<trkpt lat="43.572395" lon="6.082425000000001"><ele>465.8199999999999</ele></trkpt>
<trkpt lat="43.5723717" lon="6.082445"><ele>465.8199999999999</ele></trkpt>
<trkpt lat="43.5723433" lon="6.0824733"><ele>465.8199999999999</ele></trkpt>
<trkpt lat="43.5723183" lon="6.0825"><ele>465.75</ele></trkpt>
<trkpt lat="43.5722917" lon="6.082526699999999"><ele>465.88</ele></trkpt>
<trkpt lat="43.572265" lon="6.0825533"><ele>466.11</ele></trkpt>
<trkpt lat="43.57224" lon="6.082573300000001"><ele>466.45</ele></trkpt>
<trkpt lat="43.5722083" lon="6.08259"><ele>466.8999999999999</ele></trkpt>
<trkpt lat="43.5721767" lon="6.0826133"><ele>467.18</ele></trkpt>
<trkpt lat="43.5721517" lon="6.0826333"><ele>467.39</ele></trkpt>
<trkpt lat="43.572125" lon="6.0826533"><ele>467.58</ele></trkpt>
<trkpt lat="43.5720967" lon="6.0826717"><ele>467.8100000000001</ele></trkpt>
<trkpt lat="43.5720667" lon="6.082698300000001"><ele>468.11</ele></trkpt>
<trkpt lat="43.5720367" lon="6.082723299999999"><ele>468.29</ele></trkpt>
<trkpt lat="43.5720083" lon="6.08274"><ele>468.52</ele></trkpt>
<trkpt lat="43.5719833" lon="6.0827583"><ele>468.05</ele></trkpt>
<trkpt lat="43.5719533" lon="6.08279"><ele>467.93</ele></trkpt>
<trkpt lat="43.571925" lon="6.082805"><ele>467.85</ele></trkpt>
<trkpt lat="43.5719" lon="6.0828283"><ele>467.7699999999999</ele></trkpt>
<trkpt lat="43.5718783" lon="6.082855000000001"><ele>467.41</ele></trkpt>
<trkpt lat="43.571845" lon="6.082866699999999"><ele>467.58</ele></trkpt>
<trkpt lat="43.5718183" lon="6.082885"><ele>467.91</ele></trkpt>
<trkpt lat="43.5717883" lon="6.0828983"><ele>467.93</ele></trkpt>
<trkpt lat="43.5717583" lon="6.0829083"><ele>467.85</ele></trkpt>
<trkpt lat="43.5717217" lon="6.0829233"><ele>467.89</ele></trkpt>
<trkpt lat="43.571695" lon="6.0829417"><ele>468.36</ele></trkpt>
<trkpt lat="43.5716733" lon="6.082965"><ele>468.52</ele></trkpt>
<trkpt lat="43.5716517" lon="6.0829883"><ele>468.88</ele></trkpt>
<trkpt lat="43.57163" lon="6.083018299999999"><ele>468.79</ele></trkpt>
<trkpt lat="43.5716117" lon="6.0830467"><ele>468.23</ele></trkpt>
<trkpt lat="43.571595" lon="6.08308"><ele>467.8699999999999</ele></trkpt>
<trkpt lat="43.5715733" lon="6.0831117"><ele>467.91</ele></trkpt>
<trkpt lat="43.57156" lon="6.0831483"><ele>468.27</ele></trkpt>
<trkpt lat="43.5715383" lon="6.083188300000001"><ele>468.4399999999999</ele></trkpt>
<trkpt lat="43.5715117" lon="6.0832217"><ele>468.36</ele></trkpt>
<trkpt lat="43.5714817" lon="6.083243300000001"><ele>468.3</ele></trkpt>
<trkpt lat="43.5714517" lon="6.0832667"><ele>468.3799999999999</ele></trkpt>
<trkpt lat="43.5714283" lon="6.0832933"><ele>468.36</ele></trkpt>
<trkpt lat="43.5714067" lon="6.083323300000001"><ele>468.32</ele></trkpt>
<trkpt lat="43.5713817" lon="6.083355"><ele>468.4200000000001</ele></trkpt>
<trkpt lat="43.57135" lon="6.083366700000001"><ele>468.3899999999999</ele></trkpt>
<trkpt lat="43.57132" lon="6.083393299999999"><ele>468.9400000000001</ele></trkpt>
<trkpt lat="43.5713033" lon="6.083425000000001"><ele>469.5599999999999</ele></trkpt>
<trkpt lat="43.57129" lon="6.0834633"><ele>469.85</ele></trkpt>
<trkpt lat="43.5712767" lon="6.083505000000001"><ele>469.8</ele></trkpt>
<trkpt lat="43.57127" lon="6.083545"><ele>469.89</ele></trkpt>
<trkpt lat="43.57126" lon="6.08358"><ele>470.0799999999999</ele></trkpt>
<trkpt lat="43.5712467" lon="6.083618300000001"><ele>470.4700000000001</ele></trkpt>
<trkpt lat="43.571235" lon="6.083655"><ele>470.45</ele></trkpt>
<trkpt lat="43.5712167" lon="6.083689999999999"><ele>470.42</ele></trkpt>
<trkpt lat="43.5712117" lon="6.0837267"><ele>470.23</ele></trkpt>
<trkpt lat="43.571205" lon="6.083766699999999"><ele>470.29</ele></trkpt>
<trkpt lat="43.5711883" lon="6.0838017"><ele>470.42</ele></trkpt>
<trkpt lat="43.5711717" lon="6.08384"><ele>470.88</ele></trkpt>
<trkpt lat="43.5711567" lon="6.083875"><ele>470.84</ele></trkpt>
<trkpt lat="43.5711283" lon="6.083901700000001"><ele>470.6999999999999</ele></trkpt>
<trkpt lat="43.5710983" lon="6.083925"><ele>470.89</ele></trkpt>
<trkpt lat="43.5710717" lon="6.0839433"><ele>471.18</ele></trkpt>
<trkpt lat="43.5710467" lon="6.0839767"><ele>471.32</ele></trkpt>
<trkpt lat="43.571015" lon="6.084005000000001"><ele>471.42</ele></trkpt>
<trkpt lat="43.5709883" lon="6.08403"><ele>471.58</ele></trkpt>
<trkpt lat="43.5709583" lon="6.084064999999999"><ele>471.64</ele></trkpt>
<trkpt lat="43.570935" lon="6.084096699999999"><ele>471.72</ele></trkpt>
<trkpt lat="43.5709167" lon="6.0841283"><ele>471.8100000000001</ele></trkpt>
<trkpt lat="43.5709067" lon="6.0841667"><ele>472</ele></trkpt>
<trkpt lat="43.5708967" lon="6.0842033"><ele>472.21</ele></trkpt>
<trkpt lat="43.5708833" lon="6.0842517"><ele>472.62</ele></trkpt>
<trkpt lat="43.5708383" lon="6.0843433"><ele>473.29</ele></trkpt>
<trkpt lat="43.5708133" lon="6.0843683"><ele>473.53</ele></trkpt>
<trkpt lat="43.5707867" lon="6.084391699999999"><ele>473.6199999999999</ele></trkpt>
<trkpt lat="43.57079" lon="6.084435"><ele>473.13</ele></trkpt>
<trkpt lat="43.57077" lon="6.0844033"><ele>471.79</ele></trkpt>
<trkpt lat="43.5707517" lon="6.084438300000001"><ele>471.13</ele></trkpt>
<trkpt lat="43.5707283" lon="6.08446"><ele>471.38</ele></trkpt>
<trkpt lat="43.57071" lon="6.08449"><ele>471.79</ele></trkpt>
<trkpt lat="43.5706933" lon="6.08452"><ele>471.76</ele></trkpt>
<trkpt lat="43.57068" lon="6.0845817"><ele>472.71</ele></trkpt>
<trkpt lat="43.57065" lon="6.084608300000001"><ele>472.91</ele></trkpt>
<trkpt lat="43.5706167" lon="6.08464"><ele>472.9499999999999</ele></trkpt>
<trkpt lat="43.5705933" lon="6.0846633"><ele>472.92</ele></trkpt>
<trkpt lat="43.57056" lon="6.0846833"><ele>472.92</ele></trkpt>
<trkpt lat="43.5705283" lon="6.084700000000001"><ele>473.02</ele></trkpt>
<trkpt lat="43.570495" lon="6.0847167"><ele>473.02</ele></trkpt>
<trkpt lat="43.57047" lon="6.0847367"><ele>472.85</ele></trkpt>
<trkpt lat="43.57044" lon="6.08476"><ele>472.6499999999999</ele></trkpt>
<trkpt lat="43.5704067" lon="6.084785"><ele>472.52</ele></trkpt>
<trkpt lat="43.5703733" lon="6.084801700000001"><ele>472.52</ele></trkpt>
<trkpt lat="43.5703467" lon="6.0848217"><ele>472.35</ele></trkpt>
<trkpt lat="43.5703183" lon="6.084845"><ele>472.32</ele></trkpt>
<trkpt lat="43.570285" lon="6.084871699999999"><ele>472.25</ele></trkpt>
<trkpt lat="43.57025" lon="6.084893300000001"><ele>472.32</ele></trkpt>
<trkpt lat="43.5702117" lon="6.084915"><ele>472.32</ele></trkpt>
<trkpt lat="43.570175" lon="6.0849417"><ele>472.41</ele></trkpt>
<trkpt lat="43.570145" lon="6.084963299999999"><ele>472.61</ele></trkpt>
<trkpt lat="43.5701183" lon="6.0849833"><ele>472.81</ele></trkpt>
<trkpt lat="43.57008" lon="6.085008300000001"><ele>472.72</ele></trkpt>
<trkpt lat="43.5700483" lon="6.0850283"><ele>472.37</ele></trkpt>
<trkpt lat="43.5700233" lon="6.085054999999999"><ele>472.04</ele></trkpt>
<trkpt lat="43.5699983" lon="6.0850767"><ele>471.7699999999999</ele></trkpt>
<trkpt lat="43.5699767" lon="6.085099999999999"><ele>471.6000000000001</ele></trkpt>
<trkpt lat="43.5699467" lon="6.0851283"><ele>471.5</ele></trkpt>
<trkpt lat="43.5699167" lon="6.085156699999999"><ele>471.2599999999999</ele></trkpt>
<trkpt lat="43.56988" lon="6.085185"><ele>471.5</ele></trkpt>
<trkpt lat="43.5698467" lon="6.08521"><ele>471.8699999999999</ele></trkpt>
<trkpt lat="43.56982" lon="6.08523"><ele>472.01</ele></trkpt>
<trkpt lat="43.5697933" lon="6.0852617"><ele>472.21</ele></trkpt>
<trkpt lat="43.56977" lon="6.0853067"><ele>472.0299999999999</ele></trkpt>
<trkpt lat="43.56975" lon="6.0853483"><ele>471.73</ele></trkpt>
<trkpt lat="43.5697783" lon="6.085405"><ele>473.6000000000001</ele></trkpt>
<trkpt lat="43.56975" lon="6.085443299999999"><ele>474.33</ele></trkpt>
<trkpt lat="43.5697217" lon="6.085486699999999"><ele>474.76</ele></trkpt>
<trkpt lat="43.5697017" lon="6.085530000000001"><ele>475.23</ele></trkpt>
<trkpt lat="43.5696833" lon="6.0855683"><ele>475.63</ele></trkpt>
<trkpt lat="43.5696667" lon="6.0856017"><ele>476.1</ele></trkpt>
<trkpt lat="43.56965" lon="6.0856417"><ele>476.41</ele></trkpt>
<trkpt lat="43.5696383" lon="6.0856767"><ele>476.61</ele></trkpt>
<trkpt lat="43.5696233" lon="6.08572"><ele>476.88</ele></trkpt>
<trkpt lat="43.569605" lon="6.0857633"><ele>477.43</ele></trkpt>
<trkpt lat="43.5695883" lon="6.0858067"><ele>477.28</ele></trkpt>
<trkpt lat="43.5695667" lon="6.085846700000001"><ele>476.78</ele></trkpt>
<trkpt lat="43.5695417" lon="6.0858833"><ele>476.55</ele></trkpt>
<trkpt lat="43.56952" lon="6.085925"><ele>476.45</ele></trkpt>
<trkpt lat="43.5695" lon="6.0859567"><ele>476.49</ele></trkpt>
<trkpt lat="43.5694767" lon="6.0859767"><ele>476.61</ele></trkpt>
<trkpt lat="43.5694567" lon="6.0860117"><ele>476.81</ele></trkpt>
<trkpt lat="43.5694383" lon="6.086045"><ele>476.8</ele></trkpt>
<trkpt lat="43.56942" lon="6.0860817"><ele>476.56</ele></trkpt>
<trkpt lat="43.5694033" lon="6.0861267"><ele>476.52</ele></trkpt>
<trkpt lat="43.5693917" lon="6.0861633"><ele>476.0899999999999</ele></trkpt>
<trkpt lat="43.5693683" lon="6.086201699999999"><ele>475.99</ele></trkpt>
<trkpt lat="43.56935" lon="6.08623"><ele>476.11</ele></trkpt>
<trkpt lat="43.569325" lon="6.0862733"><ele>476.21</ele></trkpt>
<trkpt lat="43.569305" lon="6.0863"><ele>476.15</ele></trkpt>
<trkpt lat="43.5692783" lon="6.086339999999999"><ele>476.54</ele></trkpt>
<trkpt lat="43.5692533" lon="6.0863833"><ele>477.0099999999999</ele></trkpt>
<trkpt lat="43.5692317" lon="6.0864217"><ele>477.47</ele></trkpt>
<trkpt lat="43.5692083" lon="6.08645"><ele>477.23</ele></trkpt>
<trkpt lat="43.5691867" lon="6.086488299999999"><ele>476.88</ele></trkpt>
<trkpt lat="43.5691667" lon="6.086515"><ele>476.56</ele></trkpt>
<trkpt lat="43.569145" lon="6.0865383"><ele>476.22</ele></trkpt>
<trkpt lat="43.5691233" lon="6.086575"><ele>475.44</ele></trkpt>
<trkpt lat="43.5690983" lon="6.0866083"><ele>474.92</ele></trkpt>
<trkpt lat="43.569075" lon="6.086638299999999"><ele>474.7499999999999</ele></trkpt>
<trkpt lat="43.569055" lon="6.086670000000001"><ele>474.3899999999999</ele></trkpt>
<trkpt lat="43.5690333" lon="6.0867033"><ele>473.64</ele></trkpt>
<trkpt lat="43.5690067" lon="6.0867433"><ele>472.93</ele></trkpt>
<trkpt lat="43.5689867" lon="6.08678"><ele>472.37</ele></trkpt>
<trkpt lat="43.5689683" lon="6.0868217"><ele>471.86</ele></trkpt>
<trkpt lat="43.568955" lon="6.086861699999999"><ele>471.6000000000001</ele></trkpt>
<trkpt lat="43.5689383" lon="6.086898300000001"><ele>471.35</ele></trkpt>
<trkpt lat="43.5689217" lon="6.08693"><ele>470.9599999999999</ele></trkpt>
<trkpt lat="43.5689083" lon="6.08697"><ele>471.42</ele></trkpt>
<trkpt lat="43.5688867" lon="6.0870017"><ele>471.32</ele></trkpt>
<trkpt lat="43.5688667" lon="6.08704"><ele>471.29</ele></trkpt>
<trkpt lat="43.5688483" lon="6.0870817"><ele>471.12</ele></trkpt>
<trkpt lat="43.5688333" lon="6.0871267"><ele>471.19</ele></trkpt>
<trkpt lat="43.56882" lon="6.0871767"><ele>471.28</ele></trkpt>
<trkpt lat="43.5688033" lon="6.0872167"><ele>471.2</ele></trkpt>
<trkpt lat="43.5687967" lon="6.0872583"><ele>471.38</ele></trkpt>
<trkpt lat="43.5687917" lon="6.087306699999999"><ele>471.58</ele></trkpt>
<trkpt lat="43.5687783" lon="6.087341699999999"><ele>471.84</ele></trkpt>
<trkpt lat="43.5687683" lon="6.0873783"><ele>472.3899999999999</ele></trkpt>
<trkpt lat="43.568795" lon="6.0873917"><ele>473.5599999999999</ele></trkpt>
<trkpt lat="43.568785" lon="6.0874267"><ele>473.5599999999999</ele></trkpt>
<trkpt lat="43.5687733" lon="6.0874617"><ele>473.24</ele></trkpt>
<trkpt lat="43.5687567" lon="6.087495"><ele>472.87</ele></trkpt>
<trkpt lat="43.5687317" lon="6.0875383"><ele>472.23</ele></trkpt>
<trkpt lat="43.568715" lon="6.087575"><ele>472.0299999999999</ele></trkpt>
<trkpt lat="43.5686983" lon="6.087613300000001"><ele>471.69</ele></trkpt>
<trkpt lat="43.5686833" lon="6.087646700000001"><ele>471.37</ele></trkpt>
<trkpt lat="43.5686633" lon="6.087681699999999"><ele>471.06</ele></trkpt>
<trkpt lat="43.5686417" lon="6.087718300000001"><ele>470.92</ele></trkpt>
<trkpt lat="43.5686167" lon="6.0877583"><ele>470.8</ele></trkpt>
<trkpt lat="43.5685883" lon="6.0877983"><ele>471.3099999999999</ele></trkpt>
<trkpt lat="43.568565" lon="6.08784"><ele>471.58</ele></trkpt>
<trkpt lat="43.56854" lon="6.0878717"><ele>471.5599999999999</ele></trkpt>
<trkpt lat="43.5685183" lon="6.087896700000001"><ele>471.45</ele></trkpt>
<trkpt lat="43.56849" lon="6.08793"><ele>471.23</ele></trkpt>
<trkpt lat="43.5684633" lon="6.087968299999999"><ele>471.02</ele></trkpt>
<trkpt lat="43.5684417" lon="6.0880033"><ele>470.99</ele></trkpt>
<trkpt lat="43.5684217" lon="6.0880283"><ele>471.08</ele></trkpt>
<trkpt lat="43.5683933" lon="6.088065"><ele>471.36</ele></trkpt>
<trkpt lat="43.5683617" lon="6.0880967"><ele>471.93</ele></trkpt>
<trkpt lat="43.5683333" lon="6.0881267"><ele>472.1199999999999</ele></trkpt>
<trkpt lat="43.5683067" lon="6.088161699999999"><ele>472.05</ele></trkpt>
<trkpt lat="43.56829" lon="6.088191700000001"><ele>471.32</ele></trkpt>
<trkpt lat="43.5682683" lon="6.088225"><ele>470.6999999999999</ele></trkpt>
<trkpt lat="43.568245" lon="6.088271700000001"><ele>470.0899999999999</ele></trkpt>
<trkpt lat="43.5682283" lon="6.08832"><ele>470.3</ele></trkpt>
<trkpt lat="43.568215" lon="6.08836"><ele>470.61</ele></trkpt>
<trkpt lat="43.5681967" lon="6.0884083"><ele>471.65</ele></trkpt>
<trkpt lat="43.5681833" lon="6.0884567"><ele>472.6899999999999</ele></trkpt>
<trkpt lat="43.5681767" lon="6.088505"><ele>472.9999999999999</ele></trkpt>
<trkpt lat="43.5681767" lon="6.088545"><ele>473.02</ele></trkpt>
<trkpt lat="43.5681833" lon="6.088594999999999"><ele>476.62</ele></trkpt>
<trkpt lat="43.5681783" lon="6.0886417"><ele>477.74</ele></trkpt>
<trkpt lat="43.5681667" lon="6.0886767"><ele>477.74</ele></trkpt>
<trkpt lat="43.5681467" lon="6.08871"><ele>477.71</ele></trkpt>
<trkpt lat="43.5681383" lon="6.088750000000001"><ele>477.71</ele></trkpt>
<trkpt lat="43.568135" lon="6.088795"><ele>477.73</ele></trkpt>
<trkpt lat="43.5681383" lon="6.08884"><ele>477.29</ele></trkpt>
<trkpt lat="43.5681417" lon="6.0888833"><ele>477.12</ele></trkpt>
<trkpt lat="43.56814" lon="6.088921699999999"><ele>476.92</ele></trkpt>
<trkpt lat="43.5681367" lon="6.0889617"><ele>476.66</ele></trkpt>
<trkpt lat="43.5681383" lon="6.08901"><ele>475.84</ele></trkpt>
<trkpt lat="43.5681467" lon="6.089055"><ele>475.42</ele></trkpt>
<trkpt lat="43.5681583" lon="6.08909"><ele>475.34</ele></trkpt>
<trkpt lat="43.5681733" lon="6.0891233"><ele>475.2</ele></trkpt>
<trkpt lat="43.5681933" lon="6.0891583"><ele>475.66</ele></trkpt>
<trkpt lat="43.5682017" lon="6.089198300000001"><ele>476.06</ele></trkpt>
<trkpt lat="43.5682083" lon="6.0892367"><ele>477.47</ele></trkpt>
<trkpt lat="43.56823" lon="6.08926"><ele>477.5099999999999</ele></trkpt>
<trkpt lat="43.5682483" lon="6.0892917"><ele>477.42</ele></trkpt>
<trkpt lat="43.5682567" lon="6.089330000000001"><ele>477.63</ele></trkpt>
<trkpt lat="43.5682633" lon="6.0893667"><ele>477.2599999999999</ele></trkpt>
<trkpt lat="43.5682733" lon="6.089405"><ele>477.02</ele></trkpt>
<trkpt lat="43.56829" lon="6.089445"><ele>476.9400000000001</ele></trkpt>
<trkpt lat="43.568295" lon="6.0894833"><ele>476.91</ele></trkpt>
<trkpt lat="43.5683067" lon="6.08952"><ele>476.84</ele></trkpt>
<trkpt lat="43.5683183" lon="6.089555"><ele>476.81</ele></trkpt>
<trkpt lat="43.5683317" lon="6.0895883"><ele>476.97</ele></trkpt>
<trkpt lat="43.5683467" lon="6.0896317"><ele>477.2099999999999</ele></trkpt>
<trkpt lat="43.5683667" lon="6.089663300000001"><ele>477.2099999999999</ele></trkpt>
<trkpt lat="43.5683767" lon="6.089705"><ele>477.67</ele></trkpt>
<trkpt lat="43.568395" lon="6.089735"><ele>478</ele></trkpt>
<trkpt lat="43.5684167" lon="6.089763300000001"><ele>478.01</ele></trkpt>
<trkpt lat="43.56844" lon="6.0897917"><ele>478.1799999999999</ele></trkpt>
<trkpt lat="43.5684633" lon="6.08982"><ele>478.1399999999999</ele></trkpt>
<trkpt lat="43.56848" lon="6.089855000000001"><ele>478.1799999999999</ele></trkpt>
<trkpt lat="43.568505" lon="6.0898883"><ele>478.3</ele></trkpt>
<trkpt lat="43.5685283" lon="6.089915"><ele>478.31</ele></trkpt>
<trkpt lat="43.568545" lon="6.0899617"><ele>478.41</ele></trkpt>
<trkpt lat="43.56857" lon="6.089995"><ele>478.3399999999999</ele></trkpt>
<trkpt lat="43.5685983" lon="6.0900217"><ele>478.11</ele></trkpt>
<trkpt lat="43.5686183" lon="6.090048300000001"><ele>477.81</ele></trkpt>
<trkpt lat="43.5686417" lon="6.090074999999999"><ele>477.98</ele></trkpt>
<trkpt lat="43.5686667" lon="6.0901117"><ele>478.25</ele></trkpt>
<trkpt lat="43.5686933" lon="6.090140000000001"><ele>478.49</ele></trkpt>
<trkpt lat="43.568715" lon="6.0901633"><ele>478.6</ele></trkpt>
<trkpt lat="43.5687417" lon="6.090198300000001"><ele>478.68</ele></trkpt>
<trkpt lat="43.568775" lon="6.0902267"><ele>478.8</ele></trkpt>
<trkpt lat="43.568805" lon="6.0902467"><ele>478.91</ele></trkpt>
<trkpt lat="43.5688317" lon="6.0902667"><ele>479.17</ele></trkpt>
<trkpt lat="43.568855" lon="6.090286700000001"><ele>479.47</ele></trkpt>
<trkpt lat="43.5688867" lon="6.09033"><ele>485.07</ele></trkpt>
<trkpt lat="43.5689167" lon="6.0903383"><ele>485.72</ele></trkpt>
<trkpt lat="43.5689483" lon="6.0903517"><ele>485.69</ele></trkpt>
<trkpt lat="43.5689683" lon="6.090380000000001"><ele>485.6199999999999</ele></trkpt>
<trkpt lat="43.5689817" lon="6.09042"><ele>485.2500000000001</ele></trkpt>
<trkpt lat="43.5689983" lon="6.090455"><ele>484.9999999999999</ele></trkpt>
<trkpt lat="43.5690167" lon="6.0904867"><ele>485.0099999999999</ele></trkpt>
<trkpt lat="43.5690283" lon="6.0905317"><ele>485.09</ele></trkpt>
<trkpt lat="43.5690417" lon="6.09057"><ele>485.4</ele></trkpt>
<trkpt lat="43.569045" lon="6.0906117"><ele>485.32</ele></trkpt>
<trkpt lat="43.56904" lon="6.0906483"><ele>485.22</ele></trkpt>
<trkpt lat="43.5690517" lon="6.090695"><ele>485.47</ele></trkpt>
<trkpt lat="43.5690567" lon="6.0907483"><ele>485.61</ele></trkpt>
<trkpt lat="43.5690533" lon="6.0907917"><ele>485.5199999999999</ele></trkpt>
<trkpt lat="43.5690533" lon="6.09083"><ele>485.19</ele></trkpt>
<trkpt lat="43.56905" lon="6.0908733"><ele>484.85</ele></trkpt>
<trkpt lat="43.5690417" lon="6.0909183"><ele>484.7499999999999</ele></trkpt>
<trkpt lat="43.5690383" lon="6.0909617"><ele>484.56</ele></trkpt>
<trkpt lat="43.5690433" lon="6.091005000000001"><ele>484.4399999999999</ele></trkpt>
<trkpt lat="43.5690433" lon="6.0910433"><ele>484.42</ele></trkpt>
<trkpt lat="43.5690483" lon="6.0910833"><ele>484.28</ele></trkpt>
<trkpt lat="43.5690583" lon="6.091123299999999"><ele>483.96</ele></trkpt>
<trkpt lat="43.569065" lon="6.091166699999999"><ele>483.89</ele></trkpt>
<trkpt lat="43.5690667" lon="6.091213299999999"><ele>484.0299999999999</ele></trkpt>
<trkpt lat="43.5690717" lon="6.0912633"><ele>484.16</ele></trkpt>
<trkpt lat="43.5690717" lon="6.091303299999999"><ele>484.31</ele></trkpt>
<trkpt lat="43.569085" lon="6.0913367"><ele>484.32</ele></trkpt>
<trkpt lat="43.5690983" lon="6.091375"><ele>484.41</ele></trkpt>
<trkpt lat="43.5691033" lon="6.0914167"><ele>484.4399999999999</ele></trkpt>
<trkpt lat="43.5691033" lon="6.0914617"><ele>484.3399999999999</ele></trkpt>
<trkpt lat="43.5690983" lon="6.0915117"><ele>484.76</ele></trkpt>
<trkpt lat="43.5690833" lon="6.09155"><ele>485.2599999999999</ele></trkpt>
<trkpt lat="43.5690683" lon="6.091586699999999"><ele>485.5299999999999</ele></trkpt>
<trkpt lat="43.5690483" lon="6.091616700000001"><ele>485.7</ele></trkpt>
<trkpt lat="43.5690283" lon="6.0916533"><ele>485.97</ele></trkpt>
<trkpt lat="43.5690283" lon="6.0916967"><ele>486.1799999999999</ele></trkpt>
<trkpt lat="43.5690283" lon="6.0917417"><ele>486.48</ele></trkpt>
<trkpt lat="43.5690183" lon="6.091779999999999"><ele>486.61</ele></trkpt>
<trkpt lat="43.5690117" lon="6.09182"><ele>486.68</ele></trkpt>
<trkpt lat="43.5690033" lon="6.09186"><ele>486.97</ele></trkpt>
<trkpt lat="43.568995" lon="6.0919"><ele>487.11</ele></trkpt>
<trkpt lat="43.5689867" lon="6.0919433"><ele>486.9499999999999</ele></trkpt>
<trkpt lat="43.5689717" lon="6.0919783"><ele>486.5</ele></trkpt>
<trkpt lat="43.5689533" lon="6.092019999999999"><ele>485.94</ele></trkpt>
<trkpt lat="43.5689467" lon="6.09206"><ele>485.5</ele></trkpt>
<trkpt lat="43.5689433" lon="6.092098300000001"><ele>485.2500000000001</ele></trkpt>
<trkpt lat="43.5689383" lon="6.0921483"><ele>485.05</ele></trkpt>
<trkpt lat="43.5689317" lon="6.092188300000001"><ele>484.5</ele></trkpt>
<trkpt lat="43.56894" lon="6.0922333"><ele>483.61</ele></trkpt>
<trkpt lat="43.5689367" lon="6.092275"><ele>482.82</ele></trkpt>
<trkpt lat="43.5689367" lon="6.092321700000001"><ele>482.1399999999999</ele></trkpt>
<trkpt lat="43.5689467" lon="6.092359999999999"><ele>482.02</ele></trkpt>
<trkpt lat="43.5689567" lon="6.0923983"><ele>482.0799999999999</ele></trkpt>
<trkpt lat="43.5689683" lon="6.092439999999999"><ele>482.28</ele></trkpt>
<trkpt lat="43.56898" lon="6.0924783"><ele>482.41</ele></trkpt>
<trkpt lat="43.56899" lon="6.092515"><ele>482.6499999999999</ele></trkpt>
<trkpt lat="43.568995" lon="6.0925533"><ele>483.17</ele></trkpt>
<trkpt lat="43.5689933" lon="6.0926033"><ele>484.1200000000001</ele></trkpt>
<trkpt lat="43.5689933" lon="6.0926417"><ele>484.6</ele></trkpt>
<trkpt lat="43.568985" lon="6.0926867"><ele>484.9900000000001</ele></trkpt>
<trkpt lat="43.56898" lon="6.0927267"><ele>484.9900000000001</ele></trkpt>
<trkpt lat="43.5689817" lon="6.0927783"><ele>485.44</ele></trkpt>
<trkpt lat="43.5689883" lon="6.092828299999999"><ele>485.61</ele></trkpt>
<trkpt lat="43.5689917" lon="6.0928667"><ele>485.68</ele></trkpt>
<trkpt lat="43.5689917" lon="6.0929117"><ele>485.74</ele></trkpt>
<trkpt lat="43.5689933" lon="6.0929567"><ele>485.65</ele></trkpt>
<trkpt lat="43.568985" lon="6.0929967"><ele>485.14</ele></trkpt>
<trkpt lat="43.569005" lon="6.093033299999999"><ele>486.91</ele></trkpt>
<trkpt lat="43.5690333" lon="6.093041700000001"><ele>486.82</ele></trkpt>
<trkpt lat="43.569065" lon="6.09305"><ele>486.74</ele></trkpt>
<trkpt lat="43.5690967" lon="6.0930617"><ele>486.71</ele></trkpt>
<trkpt lat="43.5691283" lon="6.0930717"><ele>486.71</ele></trkpt>
<trkpt lat="43.56916" lon="6.0930833"><ele>486.6499999999999</ele></trkpt>
<trkpt lat="43.5691883" lon="6.093095"><ele>486.55</ele></trkpt>
<trkpt lat="43.5692117" lon="6.0931267"><ele>486.33</ele></trkpt>
<trkpt lat="43.5692317" lon="6.093156699999999"><ele>486.53</ele></trkpt>
<trkpt lat="43.569245" lon="6.0931917"><ele>486.0299999999999</ele></trkpt>
<trkpt lat="43.569275" lon="6.0932183"><ele>485.5599999999999</ele></trkpt>
<trkpt lat="43.5693033" lon="6.093246699999999"><ele>485.43</ele></trkpt>
<trkpt lat="43.56933" lon="6.093285"><ele>485.39</ele></trkpt>
<trkpt lat="43.5693567" lon="6.093315"><ele>485.48</ele></trkpt>
<trkpt lat="43.5693833" lon="6.0933483"><ele>485.51</ele></trkpt>
<trkpt lat="43.5694083" lon="6.0933767"><ele>485.61</ele></trkpt>
<trkpt lat="43.5694283" lon="6.0934033"><ele>485.8699999999999</ele></trkpt>
<trkpt lat="43.5694467" lon="6.0934317"><ele>485.98</ele></trkpt>
<trkpt lat="43.5694733" lon="6.09346"><ele>486.2</ele></trkpt>
<trkpt lat="43.56949" lon="6.0934917"><ele>486.31</ele></trkpt>
<trkpt lat="43.5695233" lon="6.093525"><ele>486.41</ele></trkpt>
<trkpt lat="43.5695383" lon="6.0935667"><ele>486.07</ele></trkpt>
<trkpt lat="43.5695567" lon="6.093595"><ele>485.76</ele></trkpt>
<trkpt lat="43.5695733" lon="6.0936317"><ele>485.55</ele></trkpt>
<trkpt lat="43.5695983" lon="6.093668300000001"><ele>485.45</ele></trkpt>
<trkpt lat="43.5696317" lon="6.09369"><ele>485.49</ele></trkpt>
<trkpt lat="43.5696567" lon="6.093711700000001"><ele>485.42</ele></trkpt>
<trkpt lat="43.5696767" lon="6.0937433"><ele>485.41</ele></trkpt>
<trkpt lat="43.5696917" lon="6.093775"><ele>485.35</ele></trkpt>
<trkpt lat="43.5697117" lon="6.0938117"><ele>485.03</ele></trkpt>
<trkpt lat="43.5697267" lon="6.0938533"><ele>484.79</ele></trkpt>
<trkpt lat="43.5697367" lon="6.0938983"><ele>484.46</ele></trkpt>
<trkpt lat="43.569745" lon="6.093943299999999"><ele>484.16</ele></trkpt>
<trkpt lat="43.5697567" lon="6.093978299999999"><ele>483.8299999999999</ele></trkpt>
<trkpt lat="43.5697767" lon="6.0940117"><ele>483.39</ele></trkpt>
<trkpt lat="43.5698067" lon="6.0940317"><ele>482.86</ele></trkpt>
<trkpt lat="43.5698367" lon="6.0940533"><ele>482.62</ele></trkpt>
<trkpt lat="43.5698683" lon="6.094066699999999"><ele>482.52</ele></trkpt>
<trkpt lat="43.5698967" lon="6.0940917"><ele>482.35</ele></trkpt>
<trkpt lat="43.56993" lon="6.0941067"><ele>482.32</ele></trkpt>
<trkpt lat="43.5699583" lon="6.0941217"><ele>482.1299999999999</ele></trkpt>
<trkpt lat="43.5699883" lon="6.094124999999999"><ele>481.73</ele></trkpt>
<trkpt lat="43.5700267" lon="6.0941317"><ele>481.69</ele></trkpt>
<trkpt lat="43.5700583" lon="6.0941333"><ele>481.64</ele></trkpt>
<trkpt lat="43.5700883" lon="6.09413"><ele>481.69</ele></trkpt>
<trkpt lat="43.57012" lon="6.0941267"><ele>481.8600000000001</ele></trkpt>
<trkpt lat="43.5701533" lon="6.0941267"><ele>482.2</ele></trkpt>
<trkpt lat="43.5701867" lon="6.0941333"><ele>481.8199999999999</ele></trkpt>
<trkpt lat="43.5702233" lon="6.0941433"><ele>480.9900000000001</ele></trkpt>
<trkpt lat="43.5702567" lon="6.0941433"><ele>480.4700000000001</ele></trkpt>
<trkpt lat="43.570295" lon="6.09414"><ele>480.26</ele></trkpt>
<trkpt lat="43.5703267" lon="6.09414"><ele>479.8699999999999</ele></trkpt>
<trkpt lat="43.5703567" lon="6.0941367"><ele>479.41</ele></trkpt>
<trkpt lat="43.5703867" lon="6.0941217"><ele>478.6399999999999</ele></trkpt>
<trkpt lat="43.5704267" lon="6.09411"><ele>478.5</ele></trkpt>
<trkpt lat="43.570455" lon="6.094105"><ele>478.4299999999999</ele></trkpt>
<trkpt lat="43.5704867" lon="6.0941083"><ele>478.42</ele></trkpt>
<trkpt lat="43.5705217" lon="6.0941167"><ele>478.4399999999999</ele></trkpt>
<trkpt lat="43.57055" lon="6.0941217"><ele>478.35</ele></trkpt>
<trkpt lat="43.5705817" lon="6.0941317"><ele>478.22</ele></trkpt>
<trkpt lat="43.5706167" lon="6.0941283"><ele>477.96</ele></trkpt>
<trkpt lat="43.5706533" lon="6.0941317"><ele>477.65</ele></trkpt>
<trkpt lat="43.570675" lon="6.094155"><ele>477.53</ele></trkpt>
<trkpt lat="43.5706717" lon="6.094193300000001"><ele>479.49</ele></trkpt>
<trkpt lat="43.57068" lon="6.09424"><ele>479.8299999999999</ele></trkpt>
<trkpt lat="43.5706817" lon="6.094280000000001"><ele>479.6199999999999</ele></trkpt>
<trkpt lat="43.570675" lon="6.094325"><ele>479.2599999999999</ele></trkpt>
<trkpt lat="43.5706633" lon="6.09436"><ele>479.22</ele></trkpt>
<trkpt lat="43.57065" lon="6.0943933"><ele>479.2</ele></trkpt>
<trkpt lat="43.570635" lon="6.094430000000001"><ele>479.47</ele></trkpt>
<trkpt lat="43.570615" lon="6.0944633"><ele>479.54</ele></trkpt>
<trkpt lat="43.5705967" lon="6.0945033"><ele>479.5199999999999</ele></trkpt>
<trkpt lat="43.57058" lon="6.094534999999999"><ele>479.36</ele></trkpt>
<trkpt lat="43.5705567" lon="6.09457"><ele>479.2499999999999</ele></trkpt>
<trkpt lat="43.5705333" lon="6.0945967"><ele>478.94</ele></trkpt>
<trkpt lat="43.570505" lon="6.0946333"><ele>478.59</ele></trkpt>
<trkpt lat="43.570475" lon="6.0946583"><ele>478.1</ele></trkpt>
<trkpt lat="43.57045" lon="6.0946733"><ele>477.7699999999999</ele></trkpt>
<trkpt lat="43.570425" lon="6.094693299999999"><ele>477.63</ele></trkpt>
<trkpt lat="43.5703983" lon="6.0947217"><ele>477.6199999999999</ele></trkpt>
<trkpt lat="43.57037" lon="6.0947533"><ele>477.95</ele></trkpt>
<trkpt lat="43.5703517" lon="6.0947833"><ele>478.53</ele></trkpt>
<trkpt lat="43.57033" lon="6.09481"><ele>478.78</ele></trkpt>
<trkpt lat="43.5703033" lon="6.094825"><ele>479.07</ele></trkpt>
<trkpt lat="43.5702767" lon="6.0948483"><ele>479.5099999999999</ele></trkpt>
<trkpt lat="43.5702517" lon="6.0948733"><ele>479.8199999999999</ele></trkpt>
<trkpt lat="43.5702267" lon="6.0948917"><ele>479.97</ele></trkpt>
<trkpt lat="43.5702033" lon="6.094919999999999"><ele>480.51</ele></trkpt>
<trkpt lat="43.5701833" lon="6.0949467"><ele>480.9900000000001</ele></trkpt>
<trkpt lat="43.5701683" lon="6.0949833"><ele>481.47</ele></trkpt>
<trkpt lat="43.57016" lon="6.09503"><ele>481.7799999999999</ele></trkpt>
<trkpt lat="43.570155" lon="6.0950767"><ele>481.98</ele></trkpt>
<trkpt lat="43.5701433" lon="6.0951167"><ele>482.02</ele></trkpt>
<trkpt lat="43.5701283" lon="6.0951633"><ele>482.04</ele></trkpt>
<trkpt lat="43.570125" lon="6.0952083"><ele>481.6000000000001</ele></trkpt>
<trkpt lat="43.5701217" lon="6.0952467"><ele>481.11</ele></trkpt>
<trkpt lat="43.5701133" lon="6.0952883"><ele>480.6</ele></trkpt>
<trkpt lat="43.5701083" lon="6.0953317"><ele>480.1799999999999</ele></trkpt>
<trkpt lat="43.570095" lon="6.095375000000001"><ele>480.1</ele></trkpt>
<trkpt lat="43.5700867" lon="6.0954167"><ele>479.96</ele></trkpt>
<trkpt lat="43.5700833" lon="6.0954633"><ele>479.68</ele></trkpt>
<trkpt lat="43.57008" lon="6.095513299999999"><ele>479.46</ele></trkpt>
<trkpt lat="43.57007" lon="6.0955533"><ele>479.16</ele></trkpt>
<trkpt lat="43.570055" lon="6.0956"><ele>478.83</ele></trkpt>
<trkpt lat="43.5700383" lon="6.0956333"><ele>478.91</ele></trkpt>
<trkpt lat="43.5700217" lon="6.0956633"><ele>478.92</ele></trkpt>
<trkpt lat="43.5700067" lon="6.095705000000001"><ele>478.9900000000001</ele></trkpt>
<trkpt lat="43.5700017" lon="6.0957467"><ele>478.85</ele></trkpt>
<trkpt lat="43.57" lon="6.095786699999999"><ele>478.8</ele></trkpt>
<trkpt lat="43.57" lon="6.09584"><ele>479.0099999999999</ele></trkpt>
<trkpt lat="43.57" lon="6.095888299999999"><ele>479.18</ele></trkpt>
<trkpt lat="43.5699983" lon="6.0959283"><ele>479.29</ele></trkpt>
<trkpt lat="43.5700283" lon="6.095921699999999"><ele>479.0099999999999</ele></trkpt>
<trkpt lat="43.57003" lon="6.09588"><ele>479.3</ele></trkpt>
<trkpt lat="43.570015" lon="6.09592"><ele>480.6499999999999</ele></trkpt>
<trkpt lat="43.5700067" lon="6.09596"><ele>480.4299999999999</ele></trkpt>
<trkpt lat="43.5700083" lon="6.0960033"><ele>480.06</ele></trkpt>
<trkpt lat="43.5700267" lon="6.0960417"><ele>479.5699999999999</ele></trkpt>
<trkpt lat="43.5700433" lon="6.0960767"><ele>478.9999999999999</ele></trkpt>
<trkpt lat="43.5700617" lon="6.0961067"><ele>478.17</ele></trkpt>
<trkpt lat="43.5700817" lon="6.096136700000001"><ele>477.73</ele></trkpt>
<trkpt lat="43.5701083" lon="6.0961583"><ele>477.46</ele></trkpt>
<trkpt lat="43.5701367" lon="6.096171699999999"><ele>477.68</ele></trkpt>
<trkpt lat="43.5701617" lon="6.0961883"><ele>477.65</ele></trkpt>
<trkpt lat="43.5701883" lon="6.096218299999999"><ele>477.43</ele></trkpt>
<trkpt lat="43.5702217" lon="6.096226700000001"><ele>477.33</ele></trkpt>
<trkpt lat="43.5702483" lon="6.0962333"><ele>477.2099999999999</ele></trkpt>
<trkpt lat="43.5702833" lon="6.096245"><ele>477.04</ele></trkpt>
<trkpt lat="43.5703183" lon="6.096261699999999"><ele>477.28</ele></trkpt>
<trkpt lat="43.5703467" lon="6.0962833"><ele>477.06</ele></trkpt>
<trkpt lat="43.570375" lon="6.096296699999999"><ele>476.9499999999999</ele></trkpt>
<trkpt lat="43.5704083" lon="6.0963133"><ele>476.76</ele></trkpt>
<trkpt lat="43.5704417" lon="6.096335"><ele>476.56</ele></trkpt>
<trkpt lat="43.5704733" lon="6.09634"><ele>477.41</ele></trkpt>
<trkpt lat="43.5705033" lon="6.09635"><ele>477.61</ele></trkpt>
<trkpt lat="43.5705417" lon="6.0963383"><ele>477.54</ele></trkpt>
<trkpt lat="43.5705683" lon="6.0963233"><ele>477.5199999999999</ele></trkpt>
<trkpt lat="43.5706" lon="6.09632"><ele>477.2599999999999</ele></trkpt>
<trkpt lat="43.5706333" lon="6.0963083"><ele>476.9400000000001</ele></trkpt>
<trkpt lat="43.570665" lon="6.0963017"><ele>476.6899999999999</ele></trkpt>
<trkpt lat="43.5706983" lon="6.096296699999999"><ele>476.4299999999999</ele></trkpt>
<trkpt lat="43.5707283" lon="6.0963"><ele>476.0899999999999</ele></trkpt>
<trkpt lat="43.570755" lon="6.096309999999999"><ele>475.8299999999999</ele></trkpt>
<trkpt lat="43.570785" lon="6.0963233"><ele>475.65</ele></trkpt>
<trkpt lat="43.5708117" lon="6.096341700000001"><ele>475.2599999999999</ele></trkpt>
<trkpt lat="43.5708417" lon="6.0963633"><ele>474.86</ele></trkpt>
<trkpt lat="43.570875" lon="6.09638"><ele>474.76</ele></trkpt>
<trkpt lat="43.5709" lon="6.0964033"><ele>474.79</ele></trkpt>
<trkpt lat="43.5709267" lon="6.09642"><ele>474.46</ele></trkpt>
<trkpt lat="43.5709517" lon="6.096435"><ele>474.19</ele></trkpt>
<trkpt lat="43.5709783" lon="6.0964467"><ele>474.1199999999999</ele></trkpt>
<trkpt lat="43.5710083" lon="6.0964433"><ele>473.92</ele></trkpt>
<trkpt lat="43.5710367" lon="6.0964683"><ele>473.66</ele></trkpt>
<trkpt lat="43.5710717" lon="6.0964833"><ele>473.71</ele></trkpt>
<trkpt lat="43.5710983" lon="6.096511700000001"><ele>473.8799999999999</ele></trkpt>
<trkpt lat="43.5711233" lon="6.096549999999999"><ele>474.7300000000001</ele></trkpt>
<trkpt lat="43.57115" lon="6.0965783"><ele>475.2</ele></trkpt>
<trkpt lat="43.5711767" lon="6.0966017"><ele>475.32</ele></trkpt>
<trkpt lat="43.5712067" lon="6.096628300000001"><ele>475.5699999999999</ele></trkpt>
<trkpt lat="43.571235" lon="6.0966567"><ele>475.6199999999999</ele></trkpt>
<trkpt lat="43.5712483" lon="6.09669"><ele>475.6199999999999</ele></trkpt>
<trkpt lat="43.5712567" lon="6.0967317"><ele>475.47</ele></trkpt>
<trkpt lat="43.5712667" lon="6.0967683"><ele>475.64</ele></trkpt>
<trkpt lat="43.5712867" lon="6.096806700000001"><ele>475.72</ele></trkpt>
<trkpt lat="43.5713" lon="6.0968467"><ele>475.04</ele></trkpt>
<trkpt lat="43.5713083" lon="6.096885"><ele>474.82</ele></trkpt>
<trkpt lat="43.5713283" lon="6.0969167"><ele>474.7499999999999</ele></trkpt>
<trkpt lat="43.571345" lon="6.096955000000001"><ele>474.7499999999999</ele></trkpt>
<trkpt lat="43.57136" lon="6.096993299999999"><ele>474.71</ele></trkpt>
<trkpt lat="43.5713533" lon="6.09704"><ele>475.08</ele></trkpt>
<trkpt lat="43.5713567" lon="6.0970783"><ele>475.13</ele></trkpt>
<trkpt lat="43.5713333" lon="6.0971133"><ele>474.83</ele></trkpt>
<trkpt lat="43.57132" lon="6.0971567"><ele>474.82</ele></trkpt>
<trkpt lat="43.5713" lon="6.0971867"><ele>474.9400000000001</ele></trkpt>
<trkpt lat="43.5712833" lon="6.0972167"><ele>475.02</ele></trkpt>
<trkpt lat="43.571275" lon="6.09726"><ele>474.92</ele></trkpt>
<trkpt lat="43.5712633" lon="6.097296700000001"><ele>475.02</ele></trkpt>
<trkpt lat="43.571245" lon="6.0973267"><ele>474.9999999999999</ele></trkpt>
<trkpt lat="43.571245" lon="6.097365"><ele>475.11</ele></trkpt>
<trkpt lat="43.5712667" lon="6.0973983"><ele>475.41</ele></trkpt>
<trkpt lat="43.5712933" lon="6.097413299999999"><ele>475.35</ele></trkpt>
<trkpt lat="43.5713083" lon="6.097446699999999"><ele>475.39</ele></trkpt>
<trkpt lat="43.5713233" lon="6.09749"><ele>475.49</ele></trkpt>
<trkpt lat="43.571335" lon="6.0975283"><ele>476.01</ele></trkpt>
<trkpt lat="43.5713583" lon="6.0975517"><ele>476.74</ele></trkpt>
<trkpt lat="43.5713783" lon="6.097584999999999"><ele>477.16</ele></trkpt>
<trkpt lat="43.5713917" lon="6.097618300000001"><ele>477.29</ele></trkpt>
<trkpt lat="43.5714167" lon="6.097639999999999"><ele>477.59</ele></trkpt>
<trkpt lat="43.5714433" lon="6.09766"><ele>477.72</ele></trkpt>
<trkpt lat="43.5714633" lon="6.097686699999999"><ele>478.02</ele></trkpt>
<trkpt lat="43.5714867" lon="6.097718300000001"><ele>478.32</ele></trkpt>
<trkpt lat="43.5715" lon="6.097755"><ele>478.49</ele></trkpt>
<trkpt lat="43.5715083" lon="6.0977933"><ele>479.41</ele></trkpt>
<trkpt lat="43.5714983" lon="6.09783"><ele>479.33</ele></trkpt>
<trkpt lat="43.5715033" lon="6.0978733"><ele>479.22</ele></trkpt>
<trkpt lat="43.5715183" lon="6.0979067"><ele>479.23</ele></trkpt>
<trkpt lat="43.5715417" lon="6.097935"><ele>479.13</ele></trkpt>
<trkpt lat="43.5715633" lon="6.0979717"><ele>478.93</ele></trkpt>
<trkpt lat="43.5715683" lon="6.0980083"><ele>478.7300000000001</ele></trkpt>
<trkpt lat="43.5715833" lon="6.098046700000001"><ele>478.4299999999999</ele></trkpt>
<trkpt lat="43.5715867" lon="6.0980883"><ele>478.72</ele></trkpt>
<trkpt lat="43.5716" lon="6.0981283"><ele>478.53</ele></trkpt>
<trkpt lat="43.571615" lon="6.098161699999999"><ele>478.4399999999999</ele></trkpt>
<trkpt lat="43.57162" lon="6.0982067"><ele>478.62</ele></trkpt>
<trkpt lat="43.57164" lon="6.098241700000001"><ele>478.33</ele></trkpt>
<trkpt lat="43.57167" lon="6.09827"><ele>478.32</ele></trkpt>
<trkpt lat="43.5716667" lon="6.098313299999999"><ele>478.58</ele></trkpt>
<trkpt lat="43.5716567" lon="6.098355"><ele>478.5</ele></trkpt>
<trkpt lat="43.5716333" lon="6.098380000000001"><ele>478.62</ele></trkpt>
<trkpt lat="43.5716217" lon="6.098414999999999"><ele>478.62</ele></trkpt>
<trkpt lat="43.5716283" lon="6.098459999999999"><ele>478.3799999999999</ele></trkpt>
<trkpt lat="43.571625" lon="6.0985"><ele>477.99</ele></trkpt>
<trkpt lat="43.5716133" lon="6.098538300000001"><ele>477.53</ele></trkpt>
<trkpt lat="43.57161" lon="6.0985833"><ele>477.19</ele></trkpt>
<trkpt lat="43.5716183" lon="6.09862"><ele>476.37</ele></trkpt>
<trkpt lat="43.5716483" lon="6.098635"><ele>475.96</ele></trkpt>
<trkpt lat="43.57167" lon="6.0986583"><ele>475.68</ele></trkpt>
<trkpt lat="43.5717033" lon="6.098661700000001"><ele>475.6199999999999</ele></trkpt>
<trkpt lat="43.5717283" lon="6.09868"><ele>475.55</ele></trkpt>
<trkpt lat="43.57175" lon="6.0987117"><ele>475.42</ele></trkpt>
<trkpt lat="43.5717767" lon="6.0987183"><ele>475.61</ele></trkpt>
<trkpt lat="43.571805" lon="6.0987367"><ele>475.5599999999999</ele></trkpt>
<trkpt lat="43.5718217" lon="6.0987733"><ele>474.71</ele></trkpt>
<trkpt lat="43.5718467" lon="6.0988033"><ele>473.7799999999999</ele></trkpt>
<trkpt lat="43.5718633" lon="6.098848299999999"><ele>472.97</ele></trkpt>
<trkpt lat="43.57188" lon="6.098885"><ele>472.5899999999999</ele></trkpt>
<trkpt lat="43.571905" lon="6.098911700000001"><ele>472.24</ele></trkpt>
<trkpt lat="43.5719283" lon="6.0989433"><ele>472.24</ele></trkpt>
<trkpt lat="43.5719517" lon="6.0989667"><ele>472.24</ele></trkpt>
<trkpt lat="43.5719833" lon="6.0989767"><ele>471.73</ele></trkpt>
<trkpt lat="43.5720067" lon="6.0990017"><ele>471.03</ele></trkpt>
<trkpt lat="43.57202" lon="6.0990367"><ele>469.7799999999999</ele></trkpt>
<trkpt lat="43.57203" lon="6.0990783"><ele>467.79</ele></trkpt>
<trkpt lat="43.572025" lon="6.0991183"><ele>470.3</ele></trkpt>
<trkpt lat="43.5720417" lon="6.099155000000001"><ele>470.0700000000001</ele></trkpt>
<trkpt lat="43.5720617" lon="6.099186700000001"><ele>469.8299999999999</ele></trkpt>
</trkseg></trk>
</gpx>