<?xml version="1.0" encoding="UTF-8"?>
<gpx version="1.1" creator="Marando" xmlns="http://www.topografix.com/GPX/1/1">
<wpt lat="43.3935867" lon="5.8515567"><ele>356.02</ele><name>Départ</name></wpt>
<wpt lat="43.392635" lon="5.8510867"><ele>352.32</ele><name>0002268</name></wpt>
<wpt lat="43.3895417" lon="5.851305"><ele>375.89</ele><name>0002269</name></wpt>
<wpt lat="43.3894767" lon="5.8513167"><ele>379.91</ele><name>0002270</name></wpt>
<wpt lat="43.38492" lon="5.851896700000001"><ele>470.0299999999999</ele><name>0002271</name></wpt>
<wpt lat="43.3841317" lon="5.853435000000001"><ele>491.3000000000001</ele><name>0002272</name></wpt>
<wpt lat="43.3823033" lon="5.853926699999999"><ele>530.58</ele><name>0002273</name></wpt>
<wpt lat="43.382225" lon="5.8539233"><ele>532.18</ele><name>0002274</name></wpt>
<wpt lat="43.3821367" lon="5.853895"><ele>531.53</ele><name>0002275</name></wpt>
<wpt lat="43.3818967" lon="5.8540033"><ele>538.18</ele><name>0002276</name></wpt>
<wpt lat="43.38138" lon="5.8541033"><ele>551.17</ele><name>0002277</name></wpt>
<wpt lat="43.3821" lon="5.8531483"><ele>573.55</ele><name>0002278</name></wpt>
<wpt lat="43.3822083" lon="5.853065"><ele>573.08</ele><name>0002279</name></wpt>
<wpt lat="43.382405" lon="5.852955"><ele>575.91</ele><name>0002280</name></wpt>
<wpt lat="43.3825983" lon="5.8527833"><ele>574.68</ele><name>0002281</name></wpt>
<wpt lat="43.3826267" lon="5.8529083"><ele>565.78</ele><name>0002282</name></wpt>
<wpt lat="43.3827417" lon="5.8527467"><ele>564.41</ele><name>0002283</name></wpt>
<wpt lat="43.3827333" lon="5.852775000000001"><ele>567.18</ele><name>0002284</name></wpt>
<wpt lat="43.3829383" lon="5.8525517"><ele>567.48</ele><name>0002285</name></wpt>
<wpt lat="43.3829383" lon="5.8525517"><ele>567.48</ele><name>0002286</name></wpt>
<wpt lat="43.3829383" lon="5.8525517"><ele>567.48</ele><name>0002287</name></wpt>
<wpt lat="43.3831767" lon="5.852368299999999"><ele>564.88</ele><name>0002288</name></wpt>
<wpt lat="43.3826767" lon="5.8528933"><ele>563.58</ele><name>0002289</name></wpt>
<wpt lat="43.3826767" lon="5.8528933"><ele>563.58</ele><name>0002290</name></wpt>
<wpt lat="43.3826767" lon="5.8528933"><ele>563.58</ele><name>0002291</name></wpt>
<wpt lat="43.3823417" lon="5.852975"><ele>571.48</ele><name>0002292</name></wpt>
<wpt lat="43.3824233" lon="5.8528283"><ele>574.18</ele><name>0002293</name></wpt>
<wpt lat="43.3824483" lon="5.8527933"><ele>575.58</ele><name>0002294</name></wpt>
<wpt lat="43.382605" lon="5.85238"><ele>585.93</ele><name>0002295</name></wpt>
<wpt lat="43.3824033" lon="5.85252"><ele>583.08</ele><name>0002296</name></wpt>
<wpt lat="43.38274" lon="5.8522167"><ele>595.68</ele><name>0002297</name></wpt>
<wpt lat="43.3827583" lon="5.8521967"><ele>594.58</ele><name>0002298</name></wpt>
<wpt lat="43.3822183" lon="5.852286700000001"><ele>594.65</ele><name>0002299</name></wpt>
<wpt lat="43.3822333" lon="5.8521733"><ele>597.08</ele><name>0002300</name></wpt>
<wpt lat="43.3772783" lon="5.855965"><ele>504.24</ele><name>0002301</name></wpt>
<wpt lat="43.3740867" lon="5.857451699999999"><ele>512.74</ele><name>0002302</name></wpt>
<wpt lat="43.374085" lon="5.857454999999999"><ele>513.45</ele><name>0002303</name></wpt>
<wpt lat="43.3723" lon="5.8552883"><ele>523.85</ele><name>0002304</name></wpt>
<wpt lat="43.3723" lon="5.8552883"><ele>523.85</ele><name>0002305</name></wpt>
<wpt lat="43.3721517" lon="5.855335000000001"><ele>525.85</ele><name>0002306</name></wpt>
<wpt lat="43.37084" lon="5.856613299999999"><ele>555.86</ele><name>0002307</name></wpt>
<wpt lat="43.3700817" lon="5.86019"><ele>516.67</ele><name>0002308</name></wpt>
<wpt lat="43.3692683" lon="5.8609917"><ele>491.63</ele><name>0002309</name></wpt>
<wpt lat="43.3683183" lon="5.8577067"><ele>497.13</ele><name>0002310</name></wpt>
<wpt lat="43.3683183" lon="5.8577067"><ele>497.13</ele><name>0002311</name></wpt>
<wpt lat="43.36707" lon="5.83247"><ele>610.04</ele><name>0002312</name></wpt>
<wpt lat="43.368745" lon="5.8335467"><ele>594.94</ele><name>0002313</name></wpt>
<wpt lat="43.382665" lon="5.83849"><ele>587.58</ele><name>0002314</name></wpt>
<wpt lat="43.3864617" lon="5.837841700000001"><ele>503.3</ele><name>0002315</name></wpt>
<wpt lat="43.3986396" lon="5.8484171"><ele>0</ele><name>0002316</name></wpt>
<wpt lat="43.3923094" lon="5.8495972"><ele>0</ele><name>0002317</name></wpt>
<wpt lat="43.39338" lon="5.8510333"><ele>355.9</ele><name>Arrivée</name><desc>Nom: Segment: 1Type: Grande randonnéeHeure de départ: 09:28 17 mai 2026Heure d'arrivée: 18:06 17 mai 2026Distance: 14,8km (08:38)Temps déplacement: 04:49Vitesse moyenne: 1,71 km/hVitesse en mouvement: 3,07 km/hVitesse Max.: 8,88 km/hAltitude minimale: 351 mAltitude maximale: 623 mVitesse de montée: 207,2 m/hVitesse de descente: 214,0 m/hDénivelé positif: 514 mDénivelé négatif: 502 mTemps de montée: 02:29Temps de descente: 02:20</desc></wpt>
<trk><name>rougiers</name><trkseg>
<trkpt lat="43.3935867" lon="5.8515567"><ele>356.02</ele></trkpt>
<trkpt lat="43.3935867" lon="5.8515567"><ele>352.94</ele></trkpt>
<trkpt lat="43.393605" lon="5.851489999999999"><ele>353.06</ele></trkpt>
<trkpt lat="43.393595" lon="5.8514467"><ele>352.65</ele></trkpt>
<trkpt lat="43.3935867" lon="5.8514083"><ele>352.29</ele></trkpt>
<trkpt lat="43.393575" lon="5.85137"><ele>351.18</ele></trkpt>
<trkpt lat="43.3935583" lon="5.8513317"><ele>350.22</ele></trkpt>
<trkpt lat="43.3935367" lon="5.851306699999999"><ele>349.49</ele></trkpt>
<trkpt lat="43.3935183" lon="5.8512783"><ele>348.9</ele></trkpt>
<trkpt lat="43.3935" lon="5.8512433"><ele>348.66</ele></trkpt>
<trkpt lat="43.3934933" lon="5.8511967"><ele>348.6199999999999</ele></trkpt>
<trkpt lat="43.3934933" lon="5.8511567"><ele>348.6</ele></trkpt>
<trkpt lat="43.3934733" lon="5.85113"><ele>348.76</ele></trkpt>
<trkpt lat="43.3934467" lon="5.851114999999999"><ele>349.01</ele></trkpt>
<trkpt lat="43.3934133" lon="5.85112"><ele>349.12</ele></trkpt>
<trkpt lat="43.393385" lon="5.851128299999999"><ele>349.22</ele></trkpt>
<trkpt lat="43.39335" lon="5.8511317"><ele>349.48</ele></trkpt>
<trkpt lat="43.3933233" lon="5.8511133"><ele>349.78</ele></trkpt>
<trkpt lat="43.3932983" lon="5.8510883"><ele>350.17</ele></trkpt>
<trkpt lat="43.3932783" lon="5.8510617"><ele>350.64</ele></trkpt>
<trkpt lat="43.3932517" lon="5.8510433"><ele>351.07</ele></trkpt>
<trkpt lat="43.39322" lon="5.8510267"><ele>351.47</ele></trkpt>
<trkpt lat="43.393185" lon="5.8510233"><ele>352.09</ele></trkpt>
<trkpt lat="43.3931567" lon="5.851015"><ele>352.12</ele></trkpt>
<trkpt lat="43.39312" lon="5.851005"><ele>351.67</ele></trkpt>
<trkpt lat="43.393085" lon="5.8510033"><ele>351</ele></trkpt>
<trkpt lat="43.3930567" lon="5.8509883"><ele>350.66</ele></trkpt>
<trkpt lat="43.3930283" lon="5.8509833"><ele>349.73</ele></trkpt>
<trkpt lat="43.393" lon="5.850985"><ele>349.43</ele></trkpt>
<trkpt lat="43.392965" lon="5.8509883"><ele>349.77</ele></trkpt>
<trkpt lat="43.3929267" lon="5.850995"><ele>350.17</ele></trkpt>
<trkpt lat="43.3928983" lon="5.8510017"><ele>350.09</ele></trkpt>
<trkpt lat="43.392865" lon="5.851024999999999"><ele>350.28</ele></trkpt>
<trkpt lat="43.3928383" lon="5.851035"><ele>350.47</ele></trkpt>
<trkpt lat="43.3928067" lon="5.8510383"><ele>350.45</ele></trkpt>
<trkpt lat="43.39278" lon="5.8510467"><ele>350.51</ele></trkpt>
<trkpt lat="43.3927517" lon="5.8510633"><ele>350.41</ele></trkpt>
<trkpt lat="43.3927233" lon="5.851075"><ele>349.52</ele></trkpt>
<trkpt lat="43.39268" lon="5.851056699999999"><ele>348.53</ele></trkpt>
<trkpt lat="43.3926467" lon="5.8510617"><ele>348.15</ele></trkpt>
<trkpt lat="43.392625" lon="5.8510933"><ele>350.12</ele></trkpt>
<trkpt lat="43.3926567" lon="5.851128299999999"><ele>352.74</ele></trkpt>
<trkpt lat="43.3926017" lon="5.851114999999999"><ele>350.8</ele></trkpt>
<trkpt lat="43.392565" lon="5.8511183"><ele>351.16</ele></trkpt>
<trkpt lat="43.3925367" lon="5.8511317"><ele>351.63</ele></trkpt>
<trkpt lat="43.392505" lon="5.851138300000001"><ele>351.99</ele></trkpt>
<trkpt lat="43.3924667" lon="5.851136700000001"><ele>352.39</ele></trkpt>
<trkpt lat="43.3924317" lon="5.851136700000001"><ele>352.58</ele></trkpt>
<trkpt lat="43.3924" lon="5.8511567"><ele>352.69</ele></trkpt>
<trkpt lat="43.39237" lon="5.8511767"><ele>352.34</ele></trkpt>
<trkpt lat="43.3923383" lon="5.8511717"><ele>351.72</ele></trkpt>
<trkpt lat="43.392315" lon="5.851193300000001"><ele>351.09</ele></trkpt>
<trkpt lat="43.3922767" lon="5.8511983"><ele>349.71</ele></trkpt>
<trkpt lat="43.3922433" lon="5.851185"><ele>349.55</ele></trkpt>
<trkpt lat="43.392215" lon="5.851193300000001"><ele>349.66</ele></trkpt>
<trkpt lat="43.3921867" lon="5.851193300000001"><ele>350.35</ele></trkpt>
<trkpt lat="43.3921483" lon="5.8512"><ele>351.38</ele></trkpt>
<trkpt lat="43.3921233" lon="5.8512217"><ele>352.3</ele></trkpt>
<trkpt lat="43.3920983" lon="5.8512033"><ele>353.27</ele></trkpt>
<trkpt lat="43.3920583" lon="5.8511867"><ele>354.56</ele></trkpt>
<trkpt lat="43.39203" lon="5.851173299999999"><ele>355.18</ele></trkpt>
<trkpt lat="43.3919967" lon="5.8511683"><ele>356.41</ele></trkpt>
<trkpt lat="43.3919667" lon="5.851161699999999"><ele>356.93</ele></trkpt>
<trkpt lat="43.39194" lon="5.851181700000001"><ele>357.52</ele></trkpt>
<trkpt lat="43.391905" lon="5.851181700000001"><ele>357.79</ele></trkpt>
<trkpt lat="43.3918717" lon="5.8511783"><ele>357.97</ele></trkpt>
<trkpt lat="43.3918433" lon="5.851173299999999"><ele>357.99</ele></trkpt>
<trkpt lat="43.3918067" lon="5.8511683"><ele>359.03</ele></trkpt>
<trkpt lat="43.3917733" lon="5.851173299999999"><ele>359.41</ele></trkpt>
<trkpt lat="43.3917317" lon="5.85117"><ele>359.25</ele></trkpt>
<trkpt lat="43.3917" lon="5.8511783"><ele>359.17</ele></trkpt>
<trkpt lat="43.3916683" lon="5.8511717"><ele>358.33</ele></trkpt>
<trkpt lat="43.391635" lon="5.8511683"><ele>357.91</ele></trkpt>
<trkpt lat="43.391605" lon="5.85118"><ele>358.28</ele></trkpt>
<trkpt lat="43.3915717" lon="5.85119"><ele>358.48</ele></trkpt>
<trkpt lat="43.3915333" lon="5.851191700000001"><ele>358.7</ele></trkpt>
<trkpt lat="43.3915083" lon="5.85121"><ele>358.87</ele></trkpt>
<trkpt lat="43.3914717" lon="5.8512217"><ele>358.72</ele></trkpt>
<trkpt lat="43.391435" lon="5.8512283"><ele>358.61</ele></trkpt>
<trkpt lat="43.391405" lon="5.851236700000001"><ele>358.42</ele></trkpt>
<trkpt lat="43.3913767" lon="5.851245"><ele>358.34</ele></trkpt>
<trkpt lat="43.3913383" lon="5.8512433"><ele>358.45</ele></trkpt>
<trkpt lat="43.391305" lon="5.851251699999999"><ele>359.23</ele></trkpt>
<trkpt lat="43.3912767" lon="5.85127"><ele>359.81</ele></trkpt>
<trkpt lat="43.3912433" lon="5.851275"><ele>360.24</ele></trkpt>
<trkpt lat="43.3912117" lon="5.851261699999999"><ele>360.87</ele></trkpt>
<trkpt lat="43.39118" lon="5.851264999999999"><ele>361.16</ele></trkpt>
<trkpt lat="43.3911517" lon="5.851298300000001"><ele>362.08</ele></trkpt>
<trkpt lat="43.3911183" lon="5.851308299999999"><ele>362.91</ele></trkpt>
<trkpt lat="43.3910883" lon="5.8513033"><ele>363.59</ele></trkpt>
<trkpt lat="43.3910567" lon="5.851295000000001"><ele>365.22</ele></trkpt>
<trkpt lat="43.39103" lon="5.8512867"><ele>367.4</ele></trkpt>
<trkpt lat="43.3910017" lon="5.8512883"><ele>368.28</ele></trkpt>
<trkpt lat="43.3909733" lon="5.85129"><ele>368.38</ele></trkpt>
<trkpt lat="43.3909383" lon="5.851306699999999"><ele>368.48</ele></trkpt>
<trkpt lat="43.3909067" lon="5.851330000000001"><ele>368.02</ele></trkpt>
<trkpt lat="43.3908817" lon="5.8513483"><ele>367.18</ele></trkpt>
<trkpt lat="43.3908467" lon="5.8513667"><ele>366.21</ele></trkpt>
<trkpt lat="43.3908167" lon="5.851364999999999"><ele>365.94</ele></trkpt>
<trkpt lat="43.3907883" lon="5.851368299999999"><ele>365.82</ele></trkpt>
<trkpt lat="43.3907517" lon="5.8513667"><ele>365.52</ele></trkpt>
<trkpt lat="43.39072" lon="5.8513767"><ele>365.42</ele></trkpt>
<trkpt lat="43.3906933" lon="5.851386700000001"><ele>365.57</ele></trkpt>
<trkpt lat="43.3906583" lon="5.851385"><ele>365.87</ele></trkpt>
<trkpt lat="43.3906283" lon="5.8513817"><ele>365.66</ele></trkpt>
<trkpt lat="43.390595" lon="5.85139"><ele>365.33</ele></trkpt>
<trkpt lat="43.39056" lon="5.851386700000001"><ele>364.72</ele></trkpt>
<trkpt lat="43.3905217" lon="5.8513833"><ele>364.54</ele></trkpt>
<trkpt lat="43.3904867" lon="5.851388300000001"><ele>364.44</ele></trkpt>
<trkpt lat="43.3904517" lon="5.851388300000001"><ele>364.31</ele></trkpt>
<trkpt lat="43.3904133" lon="5.8513833"><ele>364.4</ele></trkpt>
<trkpt lat="43.39038" lon="5.8513833"><ele>364.53</ele></trkpt>
<trkpt lat="43.390345" lon="5.851386700000001"><ele>364.84</ele></trkpt>
<trkpt lat="43.3903133" lon="5.8514033"><ele>365.26</ele></trkpt>
<trkpt lat="43.3902833" lon="5.8514083"><ele>365.47</ele></trkpt>
<trkpt lat="43.390255" lon="5.8514083"><ele>366.02</ele></trkpt>
<trkpt lat="43.3902283" lon="5.8514167"><ele>366.62</ele></trkpt>
<trkpt lat="43.3901917" lon="5.8514217"><ele>367.58</ele></trkpt>
<trkpt lat="43.3901583" lon="5.8514167"><ele>368.36</ele></trkpt>
<trkpt lat="43.3901267" lon="5.8514117"><ele>368.95</ele></trkpt>
<trkpt lat="43.39009" lon="5.8514183"><ele>369.03</ele></trkpt>
<trkpt lat="43.390055" lon="5.8514183"><ele>368.75</ele></trkpt>
<trkpt lat="43.39002" lon="5.8514267"><ele>368.54</ele></trkpt>
<trkpt lat="43.38999" lon="5.851425"><ele>369.28</ele></trkpt>
<trkpt lat="43.389965" lon="5.8514083"><ele>370.61</ele></trkpt>
<trkpt lat="43.3899517" lon="5.85137"><ele>370.79</ele></trkpt>
<trkpt lat="43.3899183" lon="5.8513667"><ele>371.17</ele></trkpt>
<trkpt lat="43.389885" lon="5.85137"><ele>371.3</ele></trkpt>
<trkpt lat="43.38985" lon="5.8513717"><ele>371.4</ele></trkpt>
<trkpt lat="43.3898167" lon="5.8513717"><ele>371.38</ele></trkpt>
<trkpt lat="43.3897867" lon="5.85137"><ele>371.48</ele></trkpt>
<trkpt lat="43.3897567" lon="5.8513617"><ele>371.83</ele></trkpt>
<trkpt lat="43.389725" lon="5.85135"><ele>372.26</ele></trkpt>
<trkpt lat="43.3896933" lon="5.8513367"><ele>372.68</ele></trkpt>
<trkpt lat="43.3896567" lon="5.851325"><ele>373.06</ele></trkpt>
<trkpt lat="43.3896233" lon="5.851319999999999"><ele>373.1</ele></trkpt>
<trkpt lat="43.3895917" lon="5.851325"><ele>373.2</ele></trkpt>
<trkpt lat="43.3895617" lon="5.8513117"><ele>373.62</ele></trkpt>
<trkpt lat="43.3895" lon="5.851309999999999"><ele>378.01</ele></trkpt>
<trkpt lat="43.3894633" lon="5.851298300000001"><ele>376.23</ele></trkpt>
<trkpt lat="43.3894433" lon="5.8512583"><ele>376.08</ele></trkpt>
<trkpt lat="43.38942" lon="5.8512333"><ele>376.13</ele></trkpt>
<trkpt lat="43.3893883" lon="5.851216699999999"><ele>376.2</ele></trkpt>
<trkpt lat="43.38935" lon="5.8512133"><ele>376.72</ele></trkpt>
<trkpt lat="43.389315" lon="5.8512017"><ele>377.44</ele></trkpt>
<trkpt lat="43.38928" lon="5.851193300000001"><ele>377.76</ele></trkpt>
<trkpt lat="43.3892417" lon="5.8511883"><ele>378.07</ele></trkpt>
<trkpt lat="43.3892083" lon="5.851193300000001"><ele>378.65</ele></trkpt>
<trkpt lat="43.389175" lon="5.851195000000001"><ele>379.27</ele></trkpt>
<trkpt lat="43.3891467" lon="5.851191700000001"><ele>379.54</ele></trkpt>
<trkpt lat="43.3891133" lon="5.8511983"><ele>379.77</ele></trkpt>
<trkpt lat="43.38908" lon="5.8512"><ele>380.15</ele></trkpt>
<trkpt lat="43.3890467" lon="5.8511983"><ele>380.71</ele></trkpt>
<trkpt lat="43.3890183" lon="5.8511967"><ele>381.62</ele></trkpt>
<trkpt lat="43.3889883" lon="5.8511983"><ele>382.84</ele></trkpt>
<trkpt lat="43.388955" lon="5.851208299999999"><ele>383.77</ele></trkpt>
<trkpt lat="43.38892" lon="5.8512117"><ele>384.6</ele></trkpt>
<trkpt lat="43.38889" lon="5.8512133"><ele>385.22</ele></trkpt>
<trkpt lat="43.3888617" lon="5.851225"><ele>387.09</ele></trkpt>
<trkpt lat="43.3888317" lon="5.8512333"><ele>388.65</ele></trkpt>
<trkpt lat="43.388805" lon="5.851240000000001"><ele>389.27</ele></trkpt>
<trkpt lat="43.38878" lon="5.851255"><ele>390.0099999999999</ele></trkpt>
<trkpt lat="43.38875" lon="5.851264999999999"><ele>389.91</ele></trkpt>
<trkpt lat="43.38872" lon="5.851275"><ele>389.67</ele></trkpt>
<trkpt lat="43.38869" lon="5.8512917"><ele>389.58</ele></trkpt>
<trkpt lat="43.388655" lon="5.851296699999999"><ele>389.83</ele></trkpt>
<trkpt lat="43.3886267" lon="5.851298300000001"><ele>389.52</ele></trkpt>
<trkpt lat="43.3885967" lon="5.851306699999999"><ele>389.59</ele></trkpt>
<trkpt lat="43.3885667" lon="5.8513217"><ele>389.6499999999999</ele></trkpt>
<trkpt lat="43.3885333" lon="5.8513283"><ele>389.77</ele></trkpt>
<trkpt lat="43.388495" lon="5.851354999999999"><ele>389.97</ele></trkpt>
<trkpt lat="43.3884667" lon="5.8513533"><ele>390.03</ele></trkpt>
<trkpt lat="43.38843" lon="5.8513467"><ele>389.64</ele></trkpt>
<trkpt lat="43.3884017" lon="5.851340000000001"><ele>389.25</ele></trkpt>
<trkpt lat="43.3883733" lon="5.851309999999999"><ele>389.1</ele></trkpt>
<trkpt lat="43.388345" lon="5.8512917"><ele>389.11</ele></trkpt>
<trkpt lat="43.38832" lon="5.85126"><ele>390.0000000000001</ele></trkpt>
<trkpt lat="43.3882967" lon="5.8512317"><ele>391.41</ele></trkpt>
<trkpt lat="43.3882817" lon="5.8511983"><ele>392.3099999999999</ele></trkpt>
<trkpt lat="43.3882267" lon="5.851204999999999"><ele>393.32</ele></trkpt>
<trkpt lat="43.3881933" lon="5.8512233"><ele>393.88</ele></trkpt>
<trkpt lat="43.3881633" lon="5.851206699999999"><ele>394.45</ele></trkpt>
<trkpt lat="43.388135" lon="5.851191700000001"><ele>394.6600000000001</ele></trkpt>
<trkpt lat="43.3881" lon="5.851183300000001"><ele>394.8700000000001</ele></trkpt>
<trkpt lat="43.3880667" lon="5.8511583"><ele>394.8899999999999</ele></trkpt>
<trkpt lat="43.388035" lon="5.8511233"><ele>394.6100000000001</ele></trkpt>
<trkpt lat="43.388" lon="5.851104999999999"><ele>394.85</ele></trkpt>
<trkpt lat="43.3879633" lon="5.851104999999999"><ele>395.25</ele></trkpt>
<trkpt lat="43.3879333" lon="5.8511067"><ele>395.72</ele></trkpt>
<trkpt lat="43.3879033" lon="5.8511083"><ele>396.51</ele></trkpt>
<trkpt lat="43.3878717" lon="5.85111"><ele>396.86</ele></trkpt>
<trkpt lat="43.387845" lon="5.8511"><ele>397.16</ele></trkpt>
<trkpt lat="43.38781" lon="5.8510867"><ele>397</ele></trkpt>
<trkpt lat="43.3877783" lon="5.8510767"><ele>397</ele></trkpt>
<trkpt lat="43.3877483" lon="5.8510667"><ele>397.4499999999999</ele></trkpt>
<trkpt lat="43.3877117" lon="5.85108"><ele>398.55</ele></trkpt>
<trkpt lat="43.3876817" lon="5.8510667"><ele>399.1300000000001</ele></trkpt>
<trkpt lat="43.3876533" lon="5.851058300000001"><ele>399.6</ele></trkpt>
<trkpt lat="43.3876233" lon="5.8510667"><ele>399.89</ele></trkpt>
<trkpt lat="43.3875883" lon="5.8510717"><ele>400.6799999999999</ele></trkpt>
<trkpt lat="43.38756" lon="5.8510783"><ele>401.52</ele></trkpt>
<trkpt lat="43.3875317" lon="5.8510667"><ele>402.0599999999999</ele></trkpt>
<trkpt lat="43.38751" lon="5.8510433"><ele>402.81</ele></trkpt>
<trkpt lat="43.38748" lon="5.851035"><ele>403.62</ele></trkpt>
<trkpt lat="43.38747" lon="5.8509917"><ele>404.6600000000001</ele></trkpt>
<trkpt lat="43.3874517" lon="5.8509567"><ele>405.85</ele></trkpt>
<trkpt lat="43.3874283" lon="5.8508867"><ele>407.9599999999999</ele></trkpt>
<trkpt lat="43.3873983" lon="5.8508717"><ele>408.5899999999999</ele></trkpt>
<trkpt lat="43.3873767" lon="5.8508417"><ele>408.6</ele></trkpt>
<trkpt lat="43.3873533" lon="5.8508117"><ele>408.41</ele></trkpt>
<trkpt lat="43.3873317" lon="5.850786699999999"><ele>410.0199999999999</ele></trkpt>
<trkpt lat="43.3873" lon="5.8508017"><ele>410.9700000000001</ele></trkpt>
<trkpt lat="43.38727" lon="5.8507917"><ele>411.07</ele></trkpt>
<trkpt lat="43.3872483" lon="5.8507683"><ele>411.82</ele></trkpt>
<trkpt lat="43.3872317" lon="5.8507333"><ele>412.52</ele></trkpt>
<trkpt lat="43.387215" lon="5.8507017"><ele>412.8799999999999</ele></trkpt>
<trkpt lat="43.38719" lon="5.850670000000001"><ele>413.1899999999999</ele></trkpt>
<trkpt lat="43.3871683" lon="5.8506333"><ele>413.36</ele></trkpt>
<trkpt lat="43.387135" lon="5.85063"><ele>413.66</ele></trkpt>
<trkpt lat="43.3870983" lon="5.8506333"><ele>414.3299999999999</ele></trkpt>
<trkpt lat="43.3870667" lon="5.8506183"><ele>414.75</ele></trkpt>
<trkpt lat="43.3870433" lon="5.8505783"><ele>415.47</ele></trkpt>
<trkpt lat="43.387025" lon="5.8505433"><ele>415.64</ele></trkpt>
<trkpt lat="43.3869967" lon="5.850521700000001"><ele>415.93</ele></trkpt>
<trkpt lat="43.3869683" lon="5.850503299999999"><ele>416.66</ele></trkpt>
<trkpt lat="43.3869467" lon="5.850478300000001"><ele>417.1499999999999</ele></trkpt>
<trkpt lat="43.3869183" lon="5.8504817"><ele>417.92</ele></trkpt>
<trkpt lat="43.3868883" lon="5.85047"><ele>418.87</ele></trkpt>
<trkpt lat="43.3868633" lon="5.8504533"><ele>419.08</ele></trkpt>
<trkpt lat="43.38683" lon="5.8504533"><ele>419.4499999999999</ele></trkpt>
<trkpt lat="43.3868" lon="5.8504567"><ele>419.85</ele></trkpt>
<trkpt lat="43.386775" lon="5.850431700000001"><ele>421.1399999999999</ele></trkpt>
<trkpt lat="43.3867467" lon="5.8504067"><ele>421.72</ele></trkpt>
<trkpt lat="43.38672" lon="5.8503733"><ele>422.54</ele></trkpt>
<trkpt lat="43.3866933" lon="5.8503667"><ele>423.04</ele></trkpt>
<trkpt lat="43.3866633" lon="5.85037"><ele>423.94</ele></trkpt>
<trkpt lat="43.3866333" lon="5.85037"><ele>424.65</ele></trkpt>
<trkpt lat="43.3866017" lon="5.85037"><ele>424.99</ele></trkpt>
<trkpt lat="43.386575" lon="5.8503583"><ele>425.74</ele></trkpt>
<trkpt lat="43.386545" lon="5.850351699999999"><ele>426.3699999999999</ele></trkpt>
<trkpt lat="43.386515" lon="5.850353299999999"><ele>426.9299999999999</ele></trkpt>
<trkpt lat="43.3864867" lon="5.8503567"><ele>427.57</ele></trkpt>
<trkpt lat="43.386455" lon="5.850371700000001"><ele>427.92</ele></trkpt>
<trkpt lat="43.3864267" lon="5.85038"><ele>428.5899999999999</ele></trkpt>
<trkpt lat="43.3863967" lon="5.8503933"><ele>429.8099999999999</ele></trkpt>
<trkpt lat="43.386365" lon="5.850399999999999"><ele>431.04</ele></trkpt>
<trkpt lat="43.3863417" lon="5.850420000000001"><ele>431.61</ele></trkpt>
<trkpt lat="43.3863133" lon="5.850420000000001"><ele>432.34</ele></trkpt>
<trkpt lat="43.386285" lon="5.8504117"><ele>432.76</ele></trkpt>
<trkpt lat="43.386255" lon="5.850415"><ele>433.03</ele></trkpt>
<trkpt lat="43.3862283" lon="5.850425"><ele>433.55</ele></trkpt>
<trkpt lat="43.3861983" lon="5.85044"><ele>434.21</ele></trkpt>
<trkpt lat="43.3861683" lon="5.850431700000001"><ele>434.86</ele></trkpt>
<trkpt lat="43.3861417" lon="5.85044"><ele>435.4599999999999</ele></trkpt>
<trkpt lat="43.3861133" lon="5.85045"><ele>436.42</ele></trkpt>
<trkpt lat="43.386085" lon="5.850465"><ele>437.3</ele></trkpt>
<trkpt lat="43.3860567" lon="5.8504617"><ele>437.59</ele></trkpt>
<trkpt lat="43.3860267" lon="5.8504733"><ele>437.79</ele></trkpt>
<trkpt lat="43.386005" lon="5.8504967"><ele>438.15</ele></trkpt>
<trkpt lat="43.3859767" lon="5.850505"><ele>438.09</ele></trkpt>
<trkpt lat="43.3859583" lon="5.850533300000001"><ele>438.88</ele></trkpt>
<trkpt lat="43.385915" lon="5.8504983"><ele>439.98</ele></trkpt>
<trkpt lat="43.3858883" lon="5.850485"><ele>440.66</ele></trkpt>
<trkpt lat="43.3858567" lon="5.850485"><ele>441.24</ele></trkpt>
<trkpt lat="43.3858317" lon="5.85051"><ele>441.65</ele></trkpt>
<trkpt lat="43.3858067" lon="5.85054"><ele>441.98</ele></trkpt>
<trkpt lat="43.38578" lon="5.8505517"><ele>442.26</ele></trkpt>
<trkpt lat="43.3857583" lon="5.8505833"><ele>442.92</ele></trkpt>
<trkpt lat="43.385735" lon="5.8506067"><ele>443.5599999999999</ele></trkpt>
<trkpt lat="43.385715" lon="5.8506317"><ele>443.98</ele></trkpt>
<trkpt lat="43.3856967" lon="5.85066"><ele>444.6399999999999</ele></trkpt>
<trkpt lat="43.3856767" lon="5.850685"><ele>445.04</ele></trkpt>
<trkpt lat="43.38566" lon="5.8507183"><ele>445.5099999999999</ele></trkpt>
<trkpt lat="43.3856383" lon="5.8507467"><ele>445.69</ele></trkpt>
<trkpt lat="43.3856167" lon="5.85077"><ele>446.06</ele></trkpt>
<trkpt lat="43.3855883" lon="5.8507933"><ele>446.92</ele></trkpt>
<trkpt lat="43.385565" lon="5.850818300000001"><ele>447.74</ele></trkpt>
<trkpt lat="43.3855417" lon="5.850855"><ele>448.31</ele></trkpt>
<trkpt lat="43.385515" lon="5.8508733"><ele>448.86</ele></trkpt>
<trkpt lat="43.38549" lon="5.8509"><ele>449.08</ele></trkpt>
<trkpt lat="43.3854633" lon="5.850910000000001"><ele>449.55</ele></trkpt>
<trkpt lat="43.3854367" lon="5.8509267"><ele>450.51</ele></trkpt>
<trkpt lat="43.3854083" lon="5.850935"><ele>451.12</ele></trkpt>
<trkpt lat="43.385375" lon="5.850945"><ele>452.1100000000001</ele></trkpt>
<trkpt lat="43.385345" lon="5.850945"><ele>452.75</ele></trkpt>
<trkpt lat="43.3853133" lon="5.850935"><ele>453.31</ele></trkpt>
<trkpt lat="43.3852867" lon="5.850945"><ele>453.03</ele></trkpt>
<trkpt lat="43.3852733" lon="5.850979999999999"><ele>453.09</ele></trkpt>
<trkpt lat="43.385255" lon="5.85101"><ele>453.36</ele></trkpt>
<trkpt lat="43.3852317" lon="5.8510417"><ele>453.65</ele></trkpt>
<trkpt lat="43.3852033" lon="5.85105"><ele>453.89</ele></trkpt>
<trkpt lat="43.3851767" lon="5.8510633"><ele>454.41</ele></trkpt>
<trkpt lat="43.3851517" lon="5.8510917"><ele>455.17</ele></trkpt>
<trkpt lat="43.38517" lon="5.8511317"><ele>456.8999999999999</ele></trkpt>
<trkpt lat="43.385185" lon="5.851163299999999"><ele>458.1600000000001</ele></trkpt>
<trkpt lat="43.3851817" lon="5.8512033"><ele>459.1999999999999</ele></trkpt>
<trkpt lat="43.3851883" lon="5.8512467"><ele>460.5899999999999</ele></trkpt>
<trkpt lat="43.3851967" lon="5.851285000000001"><ele>461.61</ele></trkpt>
<trkpt lat="43.3851767" lon="5.851319999999999"><ele>462.05</ele></trkpt>
<trkpt lat="43.385155" lon="5.851345"><ele>462.1799999999999</ele></trkpt>
<trkpt lat="43.3851367" lon="5.8513783"><ele>462.26</ele></trkpt>
<trkpt lat="43.3851183" lon="5.85141"><ele>462.45</ele></trkpt>
<trkpt lat="43.385105" lon="5.851444999999999"><ele>462.9399999999999</ele></trkpt>
<trkpt lat="43.3850983" lon="5.851485"><ele>463.74</ele></trkpt>
<trkpt lat="43.3850883" lon="5.851523300000001"><ele>465.16</ele></trkpt>
<trkpt lat="43.385065" lon="5.851575"><ele>467.38</ele></trkpt>
<trkpt lat="43.3850167" lon="5.851656700000001"><ele>468.1299999999999</ele></trkpt>
<trkpt lat="43.385035" lon="5.8516917"><ele>468.23</ele></trkpt>
<trkpt lat="43.3850217" lon="5.8517333"><ele>468.0899999999999</ele></trkpt>
<trkpt lat="43.385005" lon="5.851763300000001"><ele>467.8699999999999</ele></trkpt>
<trkpt lat="43.3849833" lon="5.851786699999999"><ele>468.17</ele></trkpt>
<trkpt lat="43.3849783" lon="5.851825"><ele>468.02</ele></trkpt>
<trkpt lat="43.38495" lon="5.85184"><ele>468.3399999999999</ele></trkpt>
<trkpt lat="43.3849317" lon="5.851875"><ele>468.89</ele></trkpt>
<trkpt lat="43.3849183" lon="5.851911699999999"><ele>471.09</ele></trkpt>
<trkpt lat="43.3849583" lon="5.85194"><ele>472.52</ele></trkpt>
<trkpt lat="43.3849617" lon="5.8519883"><ele>473.85</ele></trkpt>
<trkpt lat="43.384965" lon="5.8520383"><ele>474.37</ele></trkpt>
<trkpt lat="43.38496" lon="5.852085"><ele>474.7499999999999</ele></trkpt>
<trkpt lat="43.384955" lon="5.8521217"><ele>474.88</ele></trkpt>
<trkpt lat="43.3849567" lon="5.85217"><ele>474.99</ele></trkpt>
<trkpt lat="43.3849633" lon="5.852208299999999"><ele>474.6999999999999</ele></trkpt>
<trkpt lat="43.38497" lon="5.8522467"><ele>474.8</ele></trkpt>
<trkpt lat="43.3849633" lon="5.8522917"><ele>474.89</ele></trkpt>
<trkpt lat="43.3849617" lon="5.852333300000001"><ele>474.89</ele></trkpt>
<trkpt lat="43.3849433" lon="5.852368299999999"><ele>475.09</ele></trkpt>
<trkpt lat="43.38492" lon="5.8523967"><ele>475.41</ele></trkpt>
<trkpt lat="43.384915" lon="5.852448299999999"><ele>475.04</ele></trkpt>
<trkpt lat="43.384895" lon="5.8524967"><ele>474.86</ele></trkpt>
<trkpt lat="43.3848683" lon="5.852525000000001"><ele>474.97</ele></trkpt>
<trkpt lat="43.3848433" lon="5.85254"><ele>474.99</ele></trkpt>
<trkpt lat="43.3848283" lon="5.852583300000001"><ele>475.09</ele></trkpt>
<trkpt lat="43.3848167" lon="5.8526183"><ele>475.09</ele></trkpt>
<trkpt lat="43.3847933" lon="5.8526433"><ele>475.09</ele></trkpt>
<trkpt lat="43.384765" lon="5.8526583"><ele>475.09</ele></trkpt>
<trkpt lat="43.3847383" lon="5.8526667"><ele>475.2599999999999</ele></trkpt>
<trkpt lat="43.3847067" lon="5.852673300000001"><ele>475.71</ele></trkpt>
<trkpt lat="43.3846783" lon="5.8526783"><ele>476.1199999999999</ele></trkpt>
<trkpt lat="43.3846517" lon="5.8527017"><ele>476.61</ele></trkpt>
<trkpt lat="43.3846333" lon="5.852729999999999"><ele>477.04</ele></trkpt>
<trkpt lat="43.3846167" lon="5.85276"><ele>477.5099999999999</ele></trkpt>
<trkpt lat="43.3846117" lon="5.852796700000001"><ele>478.91</ele></trkpt>
<trkpt lat="43.3845833" lon="5.8528267"><ele>479.4</ele></trkpt>
<trkpt lat="43.3845633" lon="5.852851700000001"><ele>479.79</ele></trkpt>
<trkpt lat="43.38454" lon="5.8528783"><ele>480.41</ele></trkpt>
<trkpt lat="43.38452" lon="5.85291"><ele>480.87</ele></trkpt>
<trkpt lat="43.3845117" lon="5.8529517"><ele>481.22</ele></trkpt>
<trkpt lat="43.3845033" lon="5.8529883"><ele>481.54</ele></trkpt>
<trkpt lat="43.3844933" lon="5.8530317"><ele>481.85</ele></trkpt>
<trkpt lat="43.3844783" lon="5.8530667"><ele>482.15</ele></trkpt>
<trkpt lat="43.3844583" lon="5.8530967"><ele>482.52</ele></trkpt>
<trkpt lat="43.38444" lon="5.8531267"><ele>482.7499999999999</ele></trkpt>
<trkpt lat="43.3844183" lon="5.853163299999999"><ele>482.89</ele></trkpt>
<trkpt lat="43.384395" lon="5.8531917"><ele>482.9599999999999</ele></trkpt>
<trkpt lat="43.3843733" lon="5.8532183"><ele>483.34</ele></trkpt>
<trkpt lat="43.3843467" lon="5.8532333"><ele>483.84</ele></trkpt>
<trkpt lat="43.3843183" lon="5.853266699999999"><ele>484.15</ele></trkpt>
<trkpt lat="43.3843" lon="5.8532983"><ele>484.4399999999999</ele></trkpt>
<trkpt lat="43.3842783" lon="5.8533267"><ele>485.2500000000001</ele></trkpt>
<trkpt lat="43.3842533" lon="5.8533483"><ele>485.74</ele></trkpt>
<trkpt lat="43.3842283" lon="5.853376700000001"><ele>486.31</ele></trkpt>
<trkpt lat="43.3842" lon="5.8534"><ele>487.2699999999999</ele></trkpt>
<trkpt lat="43.3841717" lon="5.853415"><ele>488.15</ele></trkpt>
<trkpt lat="43.3841433" lon="5.853425000000001"><ele>488.1</ele></trkpt>
<trkpt lat="43.384045" lon="5.8534"><ele>491.66</ele></trkpt>
<trkpt lat="43.3840033" lon="5.8533883"><ele>493.25</ele></trkpt>
<trkpt lat="43.3839733" lon="5.8534067"><ele>493.75</ele></trkpt>
<trkpt lat="43.383955" lon="5.853435000000001"><ele>493.6</ele></trkpt>
<trkpt lat="43.383945" lon="5.8534717"><ele>493.59</ele></trkpt>
<trkpt lat="43.3839183" lon="5.853485"><ele>493.4</ele></trkpt>
<trkpt lat="43.3838833" lon="5.8534867"><ele>493.36</ele></trkpt>
<trkpt lat="43.3838533" lon="5.8534883"><ele>493.84</ele></trkpt>
<trkpt lat="43.3838233" lon="5.85349"><ele>494.24</ele></trkpt>
<trkpt lat="43.38379" lon="5.853494999999999"><ele>494.55</ele></trkpt>
<trkpt lat="43.383765" lon="5.8535233"><ele>494.88</ele></trkpt>
<trkpt lat="43.3837417" lon="5.853555"><ele>494.98</ele></trkpt>
<trkpt lat="43.3837217" lon="5.853581700000001"><ele>495.0599999999999</ele></trkpt>
<trkpt lat="43.3837" lon="5.8536133"><ele>495.25</ele></trkpt>
<trkpt lat="43.3836767" lon="5.85364"><ele>495.64</ele></trkpt>
<trkpt lat="43.3836567" lon="5.8536667"><ele>496.3</ele></trkpt>
<trkpt lat="43.3836333" lon="5.8536917"><ele>496.6499999999999</ele></trkpt>
<trkpt lat="43.3836117" lon="5.8537167"><ele>497.13</ele></trkpt>
<trkpt lat="43.38359" lon="5.8537417"><ele>497.44</ele></trkpt>
<trkpt lat="43.3835633" lon="5.8537517"><ele>497.75</ele></trkpt>
<trkpt lat="43.3835317" lon="5.853765000000001"><ele>498.38</ele></trkpt>
<trkpt lat="43.3835017" lon="5.8537733"><ele>498.9999999999999</ele></trkpt>
<trkpt lat="43.383475" lon="5.853765000000001"><ele>499.45</ele></trkpt>
<trkpt lat="43.3834483" lon="5.853744999999999"><ele>500.1299999999999</ele></trkpt>
<trkpt lat="43.3834267" lon="5.8537217"><ele>501.04</ele></trkpt>
<trkpt lat="43.3834" lon="5.8537117"><ele>501.05</ele></trkpt>
<trkpt lat="43.38337" lon="5.8537133"><ele>501.18</ele></trkpt>
<trkpt lat="43.38334" lon="5.853725"><ele>502.03</ele></trkpt>
<trkpt lat="43.3833117" lon="5.8537217"><ele>503.18</ele></trkpt>
<trkpt lat="43.3832867" lon="5.8537417"><ele>504.7599999999999</ele></trkpt>
<trkpt lat="43.3832583" lon="5.8537483"><ele>506.3999999999999</ele></trkpt>
<trkpt lat="43.3832317" lon="5.85374"><ele>507.13</ele></trkpt>
<trkpt lat="43.3832033" lon="5.8537467"><ele>508.64</ele></trkpt>
<trkpt lat="43.3831733" lon="5.8537517"><ele>509.23</ele></trkpt>
<trkpt lat="43.3831467" lon="5.8537717"><ele>509.96</ele></trkpt>
<trkpt lat="43.3831183" lon="5.853775"><ele>509.5699999999999</ele></trkpt>
<trkpt lat="43.38309" lon="5.8537833"><ele>510.23</ele></trkpt>
<trkpt lat="43.3830617" lon="5.853789999999999"><ele>511.46</ele></trkpt>
<trkpt lat="43.383035" lon="5.8537967"><ele>512.17</ele></trkpt>
<trkpt lat="43.3830083" lon="5.8538083"><ele>513.07</ele></trkpt>
<trkpt lat="43.3829817" lon="5.8538017"><ele>513.41</ele></trkpt>
<trkpt lat="43.382955" lon="5.853795"><ele>513.64</ele></trkpt>
<trkpt lat="43.3829283" lon="5.853805"><ele>514.09</ele></trkpt>
<trkpt lat="43.3829" lon="5.8538183"><ele>514.84</ele></trkpt>
<trkpt lat="43.3828767" lon="5.8538433"><ele>515.27</ele></trkpt>
<trkpt lat="43.3828517" lon="5.8538617"><ele>515.71</ele></trkpt>
<trkpt lat="43.3828233" lon="5.853868300000001"><ele>517.04</ele></trkpt>
<trkpt lat="43.3827883" lon="5.853900000000001"><ele>518.79</ele></trkpt>
<trkpt lat="43.3827617" lon="5.8538917"><ele>519.64</ele></trkpt>
<trkpt lat="43.382735" lon="5.853885"><ele>520.14</ele></trkpt>
<trkpt lat="43.382705" lon="5.8538783"><ele>520.44</ele></trkpt>
<trkpt lat="43.3826783" lon="5.8538917"><ele>520.84</ele></trkpt>
<trkpt lat="43.3826517" lon="5.853911700000001"><ele>521.24</ele></trkpt>
<trkpt lat="43.3826217" lon="5.853911700000001"><ele>521.83</ele></trkpt>
<trkpt lat="43.3825933" lon="5.8539167"><ele>522.57</ele></trkpt>
<trkpt lat="43.38256" lon="5.8539183"><ele>523.44</ele></trkpt>
<trkpt lat="43.382525" lon="5.8539217"><ele>524.04</ele></trkpt>
<trkpt lat="43.38249" lon="5.853915000000001"><ele>524.7</ele></trkpt>
<trkpt lat="43.3824567" lon="5.853915000000001"><ele>525.33</ele></trkpt>
<trkpt lat="43.3824267" lon="5.853926699999999"><ele>525.93</ele></trkpt>
<trkpt lat="43.382395" lon="5.85394"><ele>526.96</ele></trkpt>
<trkpt lat="43.382375" lon="5.853913300000001"><ele>527.96</ele></trkpt>
<trkpt lat="43.382345" lon="5.8539317"><ele>528.8</ele></trkpt>
<trkpt lat="43.3823167" lon="5.85395"><ele>529.7</ele></trkpt>
<trkpt lat="43.3823217" lon="5.853913300000001"><ele>531.21</ele></trkpt>
<trkpt lat="43.3823517" lon="5.853913300000001"><ele>531.5</ele></trkpt>
<trkpt lat="43.38229" lon="5.8539167"><ele>526.68</ele></trkpt>
<trkpt lat="43.3822633" lon="5.8539233"><ele>527.52</ele></trkpt>
<trkpt lat="43.3822333" lon="5.8539217"><ele>528.43</ele></trkpt>
<trkpt lat="43.38225" lon="5.8539533"><ele>533.13</ele></trkpt>
<trkpt lat="43.3821617" lon="5.853955"><ele>531.11</ele></trkpt>
<trkpt lat="43.3821317" lon="5.853948300000001"><ele>530.61</ele></trkpt>
<trkpt lat="43.38213" lon="5.853905"><ele>531.05</ele></trkpt>
<trkpt lat="43.3821517" lon="5.853928299999999"><ele>532.72</ele></trkpt>
<trkpt lat="43.3821283" lon="5.8539517"><ele>534.76</ele></trkpt>
<trkpt lat="43.3820967" lon="5.853958300000001"><ele>535.76</ele></trkpt>
<trkpt lat="43.38207" lon="5.853975"><ele>536.54</ele></trkpt>
<trkpt lat="43.3820417" lon="5.853960000000001"><ele>536.22</ele></trkpt>
<trkpt lat="43.3820033" lon="5.853973299999999"><ele>536.27</ele></trkpt>
<trkpt lat="43.381975" lon="5.853981699999999"><ele>536.07</ele></trkpt>
<trkpt lat="43.3819367" lon="5.853981699999999"><ele>535.89</ele></trkpt>
<trkpt lat="43.3819067" lon="5.853981699999999"><ele>536.12</ele></trkpt>
<trkpt lat="43.381885" lon="5.8540233"><ele>538.81</ele></trkpt>
<trkpt lat="43.38186" lon="5.8540067"><ele>538.62</ele></trkpt>
<trkpt lat="43.3818283" lon="5.8540117"><ele>537.99</ele></trkpt>
<trkpt lat="43.3818033" lon="5.854029999999999"><ele>538.13</ele></trkpt>
<trkpt lat="43.381775" lon="5.85406"><ele>538.54</ele></trkpt>
<trkpt lat="43.3817483" lon="5.854085"><ele>538.84</ele></trkpt>
<trkpt lat="43.381715" lon="5.854095000000001"><ele>539.69</ele></trkpt>
<trkpt lat="43.3816883" lon="5.854105"><ele>540.47</ele></trkpt>
<trkpt lat="43.38166" lon="5.8541033"><ele>541.19</ele></trkpt>
<trkpt lat="43.3816333" lon="5.854095000000001"><ele>542.45</ele></trkpt>
<trkpt lat="43.3816033" lon="5.8540983"><ele>544.32</ele></trkpt>
<trkpt lat="43.38158" lon="5.8541217"><ele>545.96</ele></trkpt>
<trkpt lat="43.38155" lon="5.8541217"><ele>546.73</ele></trkpt>
<trkpt lat="43.3815183" lon="5.8541183"><ele>547.33</ele></trkpt>
<trkpt lat="43.381485" lon="5.8541133"><ele>547.9</ele></trkpt>
<trkpt lat="43.381455" lon="5.8541117"><ele>549.19</ele></trkpt>
<trkpt lat="43.381425" lon="5.85411"><ele>549.71</ele></trkpt>
<trkpt lat="43.3813983" lon="5.8541033"><ele>549.81</ele></trkpt>
<trkpt lat="43.38137" lon="5.8540983"><ele>552.22</ele></trkpt>
<trkpt lat="43.3813383" lon="5.8541117"><ele>552.42</ele></trkpt>
<trkpt lat="43.3813117" lon="5.854133299999999"><ele>553.13</ele></trkpt>
<trkpt lat="43.3812917" lon="5.85416"><ele>553.51</ele></trkpt>
<trkpt lat="43.3812567" lon="5.8541733"><ele>554.16</ele></trkpt>
<trkpt lat="43.381245" lon="5.8541383"><ele>554.34</ele></trkpt>
<trkpt lat="43.38126" lon="5.8540983"><ele>554.73</ele></trkpt>
<trkpt lat="43.381285" lon="5.854065"><ele>555.13</ele></trkpt>
<trkpt lat="43.381305" lon="5.854025"><ele>555.8</ele></trkpt>
<trkpt lat="43.3813217" lon="5.853995"><ele>556.2</ele></trkpt>
<trkpt lat="43.3813483" lon="5.853969999999999"><ele>556.54</ele></trkpt>
<trkpt lat="43.381375" lon="5.853958300000001"><ele>557.35</ele></trkpt>
<trkpt lat="43.3813883" lon="5.853924999999999"><ele>558.36</ele></trkpt>
<trkpt lat="43.3814017" lon="5.8538883"><ele>558.76</ele></trkpt>
<trkpt lat="43.3814233" lon="5.85386"><ele>559.04</ele></trkpt>
<trkpt lat="43.3814417" lon="5.853824999999999"><ele>559.01</ele></trkpt>
<trkpt lat="43.3814633" lon="5.853795"><ele>559.59</ele></trkpt>
<trkpt lat="43.3814933" lon="5.8537733"><ele>560.39</ele></trkpt>
<trkpt lat="43.38152" lon="5.8537483"><ele>561.09</ele></trkpt>
<trkpt lat="43.38154" lon="5.8537217"><ele>561.53</ele></trkpt>
<trkpt lat="43.3815633" lon="5.8536917"><ele>562.13</ele></trkpt>
<trkpt lat="43.3815833" lon="5.8536667"><ele>563.14</ele></trkpt>
<trkpt lat="43.381605" lon="5.853641699999999"><ele>563.18</ele></trkpt>
<trkpt lat="43.381625" lon="5.8536117"><ele>563.25</ele></trkpt>
<trkpt lat="43.3816483" lon="5.853583300000001"><ele>563.61</ele></trkpt>
<trkpt lat="43.38167" lon="5.853545"><ele>564.14</ele></trkpt>
<trkpt lat="43.3816867" lon="5.8535133"><ele>564.37</ele></trkpt>
<trkpt lat="43.3817033" lon="5.8534767"><ele>564.38</ele></trkpt>
<trkpt lat="43.3817217" lon="5.853448299999999"><ele>564.47</ele></trkpt>
<trkpt lat="43.381745" lon="5.8534167"><ele>564.85</ele></trkpt>
<trkpt lat="43.381765" lon="5.853385"><ele>565.24</ele></trkpt>
<trkpt lat="43.38179" lon="5.8533667"><ele>565.83</ele></trkpt>
<trkpt lat="43.3818167" lon="5.853345000000001"><ele>566.33</ele></trkpt>
<trkpt lat="43.38184" lon="5.853311699999999"><ele>567.23</ele></trkpt>
<trkpt lat="43.381865" lon="5.853295"><ele>567.71</ele></trkpt>
<trkpt lat="43.38189" lon="5.853275"><ele>568.31</ele></trkpt>
<trkpt lat="43.3819117" lon="5.8532517"><ele>569.21</ele></trkpt>
<trkpt lat="43.3819383" lon="5.853240000000001"><ele>569.99</ele></trkpt>
<trkpt lat="43.3819717" lon="5.8532333"><ele>570.99</ele></trkpt>
<trkpt lat="43.3820017" lon="5.8532267"><ele>571.63</ele></trkpt>
<trkpt lat="43.3820283" lon="5.853219999999999"><ele>572.03</ele></trkpt>
<trkpt lat="43.382065" lon="5.853209999999999"><ele>572.43</ele></trkpt>
<trkpt lat="43.3820917" lon="5.8531833"><ele>572.74</ele></trkpt>
<trkpt lat="43.3820983" lon="5.8531467"><ele>573.57</ele></trkpt>
<trkpt lat="43.38212" lon="5.8531233"><ele>572.78</ele></trkpt>
<trkpt lat="43.3821417" lon="5.8531"><ele>572.52</ele></trkpt>
<trkpt lat="43.3821717" lon="5.8530783"><ele>572.47</ele></trkpt>
<trkpt lat="43.3822017" lon="5.853065"><ele>572.48</ele></trkpt>
<trkpt lat="43.38222" lon="5.853036700000001"><ele>576.16</ele></trkpt>
<trkpt lat="43.38225" lon="5.8530217"><ele>575.98</ele></trkpt>
<trkpt lat="43.382275" lon="5.853005"><ele>575.88</ele></trkpt>
<trkpt lat="43.3823" lon="5.8529883"><ele>576.47</ele></trkpt>
<trkpt lat="43.38233" lon="5.8529883"><ele>576.69</ele></trkpt>
<trkpt lat="43.382355" lon="5.853005"><ele>576.61</ele></trkpt>
<trkpt lat="43.3823867" lon="5.8529867"><ele>576.22</ele></trkpt>
<trkpt lat="43.382415" lon="5.8529733"><ele>575.92</ele></trkpt>
<trkpt lat="43.38244" lon="5.8529467"><ele>576.16</ele></trkpt>
<trkpt lat="43.3824717" lon="5.8529317"><ele>576.2</ele></trkpt>
<trkpt lat="43.382505" lon="5.85291"><ele>576.02</ele></trkpt>
<trkpt lat="43.382535" lon="5.8528917"><ele>575.62</ele></trkpt>
<trkpt lat="43.3825583" lon="5.852866699999999"><ele>574.99</ele></trkpt>
<trkpt lat="43.382575" lon="5.852833299999999"><ele>574.53</ele></trkpt>
<trkpt lat="43.3825883" lon="5.8527983"><ele>573.78</ele></trkpt>
<trkpt lat="43.3826733" lon="5.8528533"><ele>569.33</ele></trkpt>
<trkpt lat="43.3826233" lon="5.8529017"><ele>566.29</ele></trkpt>
<trkpt lat="43.3826583" lon="5.8528883"><ele>566.86</ele></trkpt>
<trkpt lat="43.3826783" lon="5.85286"><ele>566.81</ele></trkpt>
<trkpt lat="43.3827" lon="5.852831699999999"><ele>566.52</ele></trkpt>
<trkpt lat="43.382725" lon="5.852805"><ele>566.03</ele></trkpt>
<trkpt lat="43.3827467" lon="5.852743299999999"><ele>564.7</ele></trkpt>
<trkpt lat="43.38282" lon="5.85278"><ele>564.32</ele></trkpt>
<trkpt lat="43.3828517" lon="5.8527917"><ele>564.29</ele></trkpt>
<trkpt lat="43.3828717" lon="5.852765000000001"><ele>564.28</ele></trkpt>
<trkpt lat="43.3828967" lon="5.8527483"><ele>564.28</ele></trkpt>
<trkpt lat="43.3829383" lon="5.8527567"><ele>564.28</ele></trkpt>
<trkpt lat="43.3827333" lon="5.8526783"><ele>557.14</ele></trkpt>
<trkpt lat="43.3827217" lon="5.852715"><ele>558.52</ele></trkpt>
<trkpt lat="43.38273" lon="5.852755"><ele>562.48</ele></trkpt>
<trkpt lat="43.3828083" lon="5.852698299999999"><ele>565.57</ele></trkpt>
<trkpt lat="43.382825" lon="5.852665"><ele>565</ele></trkpt>
<trkpt lat="43.3828467" lon="5.852639999999999"><ele>564.98</ele></trkpt>
<trkpt lat="43.382875" lon="5.8526233"><ele>565.05</ele></trkpt>
<trkpt lat="43.3829067" lon="5.8526067"><ele>566.07</ele></trkpt>
<trkpt lat="43.3829333" lon="5.852583300000001"><ele>566.81</ele></trkpt>
<trkpt lat="43.382945" lon="5.852511700000001"><ele>567.06</ele></trkpt>
<trkpt lat="43.38298" lon="5.85251"><ele>566.51</ele></trkpt>
<trkpt lat="43.3830117" lon="5.8525133"><ele>566.48</ele></trkpt>
<trkpt lat="43.3830417" lon="5.852511700000001"><ele>566.55</ele></trkpt>
<trkpt lat="43.3830683" lon="5.85252"><ele>567.32</ele></trkpt>
<trkpt lat="43.383105" lon="5.8524633"><ele>565.22</ele></trkpt>
<trkpt lat="43.3831433" lon="5.85244"><ele>564.08</ele></trkpt>
<trkpt lat="43.3831633" lon="5.852376700000001"><ele>564.2</ele></trkpt>
<trkpt lat="43.3831167" lon="5.8524617"><ele>564.32</ele></trkpt>
<trkpt lat="43.383095" lon="5.8524883"><ele>564.31</ele></trkpt>
<trkpt lat="43.3830767" lon="5.8525167"><ele>564.38</ele></trkpt>
<trkpt lat="43.383045" lon="5.8525217"><ele>564.48</ele></trkpt>
<trkpt lat="43.3830133" lon="5.8525267"><ele>564.84</ele></trkpt>
<trkpt lat="43.38298" lon="5.8525283"><ele>565.31</ele></trkpt>
<trkpt lat="43.3829517" lon="5.8525467"><ele>565.67</ele></trkpt>
<trkpt lat="43.382925" lon="5.8525733"><ele>565.49</ele></trkpt>
<trkpt lat="43.3829017" lon="5.8526"><ele>565.39</ele></trkpt>
<trkpt lat="43.3828767" lon="5.852626700000001"><ele>564.32</ele></trkpt>
<trkpt lat="43.38285" lon="5.85265"><ele>564.35</ele></trkpt>
<trkpt lat="43.38282" lon="5.852665"><ele>564.4</ele></trkpt>
<trkpt lat="43.3828083" lon="5.8527"><ele>564.77</ele></trkpt>
<trkpt lat="43.38279" lon="5.852733299999999"><ele>564.33</ele></trkpt>
<trkpt lat="43.3827817" lon="5.8527717"><ele>564.7</ele></trkpt>
<trkpt lat="43.3827517" lon="5.8528"><ele>564.36</ele></trkpt>
<trkpt lat="43.38272" lon="5.852823300000001"><ele>564.41</ele></trkpt>
<trkpt lat="43.382695" lon="5.852851700000001"><ele>564.69</ele></trkpt>
<trkpt lat="43.382665" lon="5.8528783"><ele>563.93</ele></trkpt>
<trkpt lat="43.382605" lon="5.8528183"><ele>564.14</ele></trkpt>
<trkpt lat="43.38256" lon="5.8528417"><ele>566.83</ele></trkpt>
<trkpt lat="43.3825167" lon="5.8528867"><ele>569.32</ele></trkpt>
<trkpt lat="43.3824883" lon="5.8529017"><ele>569.48</ele></trkpt>
<trkpt lat="43.38246" lon="5.85291"><ele>569.48</ele></trkpt>
<trkpt lat="43.3824383" lon="5.8529333"><ele>569.55</ele></trkpt>
<trkpt lat="43.382415" lon="5.8529533"><ele>569.77</ele></trkpt>
<trkpt lat="43.3823883" lon="5.8529683"><ele>570.07</ele></trkpt>
<trkpt lat="43.3823633" lon="5.85299"><ele>570.66</ele></trkpt>
<trkpt lat="43.38228" lon="5.85299"><ele>572.32</ele></trkpt>
<trkpt lat="43.38233" lon="5.8529267"><ele>572.79</ele></trkpt>
<trkpt lat="43.38235" lon="5.8529017"><ele>572.87</ele></trkpt>
<trkpt lat="43.3823767" lon="5.8528717"><ele>572.78</ele></trkpt>
<trkpt lat="43.3823967" lon="5.852845"><ele>573.24</ele></trkpt>
<trkpt lat="43.3824233" lon="5.852831699999999"><ele>574.07</ele></trkpt>
<trkpt lat="43.3824467" lon="5.852805"><ele>575</ele></trkpt>
<trkpt lat="43.3824767" lon="5.852735"><ele>576.77</ele></trkpt>
<trkpt lat="43.382505" lon="5.8527"><ele>577.7</ele></trkpt>
<trkpt lat="43.3825233" lon="5.852671700000001"><ele>578.21</ele></trkpt>
<trkpt lat="43.38254" lon="5.852626700000001"><ele>578.51</ele></trkpt>
<trkpt lat="43.382555" lon="5.8525933"><ele>578.68</ele></trkpt>
<trkpt lat="43.3825733" lon="5.852555"><ele>579.23</ele></trkpt>
<trkpt lat="43.38259" lon="5.8525183"><ele>579.86</ele></trkpt>
<trkpt lat="43.3826083" lon="5.852490000000001"><ele>580.57</ele></trkpt>
<trkpt lat="43.3826283" lon="5.852465"><ele>581.29</ele></trkpt>
<trkpt lat="43.3826483" lon="5.852435000000001"><ele>582.56</ele></trkpt>
<trkpt lat="43.38266" lon="5.852395"><ele>583.57</ele></trkpt>
<trkpt lat="43.38265" lon="5.8523533"><ele>584.11</ele></trkpt>
<trkpt lat="43.38262" lon="5.852358299999999"><ele>584.19</ele></trkpt>
<trkpt lat="43.3825933" lon="5.85238"><ele>584.09</ele></trkpt>
<trkpt lat="43.3825783" lon="5.85234"><ele>585.83</ele></trkpt>
<trkpt lat="43.3825483" lon="5.852358299999999"><ele>585.88</ele></trkpt>
<trkpt lat="43.3825817" lon="5.8523733"><ele>585.46</ele></trkpt>
<trkpt lat="43.3826083" lon="5.8523833"><ele>586.46</ele></trkpt>
<trkpt lat="43.3826367" lon="5.852376700000001"><ele>586.65</ele></trkpt>
<trkpt lat="43.382665" lon="5.8523533"><ele>586.13</ele></trkpt>
<trkpt lat="43.3826783" lon="5.8523933"><ele>588.94</ele></trkpt>
<trkpt lat="43.3826367" lon="5.852425"><ele>586.57</ele></trkpt>
<trkpt lat="43.3826183" lon="5.852456699999999"><ele>585.92</ele></trkpt>
<trkpt lat="43.38258" lon="5.8524983"><ele>586.22</ele></trkpt>
<trkpt lat="43.3825533" lon="5.852525000000001"><ele>586.57</ele></trkpt>
<trkpt lat="43.38253" lon="5.8525467"><ele>586.52</ele></trkpt>
<trkpt lat="43.382505" lon="5.852565"><ele>585.96</ele></trkpt>
<trkpt lat="43.382475" lon="5.852583300000001"><ele>585.36</ele></trkpt>
<trkpt lat="43.38245" lon="5.852605"><ele>585.2</ele></trkpt>
<trkpt lat="43.3824333" lon="5.852635"><ele>584.79</ele></trkpt>
<trkpt lat="43.3824067" lon="5.852645"><ele>584.68</ele></trkpt>
<trkpt lat="43.3823817" lon="5.852615000000001"><ele>584.33</ele></trkpt>
<trkpt lat="43.3823617" lon="5.8525867"><ele>583.73</ele></trkpt>
<trkpt lat="43.382345" lon="5.8525517"><ele>583.24</ele></trkpt>
<trkpt lat="43.382365" lon="5.8525233"><ele>582.23</ele></trkpt>
<trkpt lat="43.3823383" lon="5.852538300000001"><ele>581.23</ele></trkpt>
<trkpt lat="43.3823317" lon="5.852501699999999"><ele>581.07</ele></trkpt>
<trkpt lat="43.3823833" lon="5.852493299999999"><ele>581.24</ele></trkpt>
<trkpt lat="43.38241" lon="5.85245"><ele>581.34</ele></trkpt>
<trkpt lat="43.3824433" lon="5.85243"><ele>581.47</ele></trkpt>
<trkpt lat="43.3824783" lon="5.8524367"><ele>581.65</ele></trkpt>
<trkpt lat="43.382505" lon="5.852455"><ele>581.77</ele></trkpt>
<trkpt lat="43.38253" lon="5.852495"><ele>581.88</ele></trkpt>
<trkpt lat="43.382545" lon="5.852538300000001"><ele>581.95</ele></trkpt>
<trkpt lat="43.3825667" lon="5.852565"><ele>582.48</ele></trkpt>
<trkpt lat="43.3826" lon="5.852581699999999"><ele>582.64</ele></trkpt>
<trkpt lat="43.3825717" lon="5.852515"><ele>582.66</ele></trkpt>
<trkpt lat="43.3825483" lon="5.85254"><ele>582.28</ele></trkpt>
<trkpt lat="43.3825267" lon="5.852565"><ele>581.93</ele></trkpt>
<trkpt lat="43.3824933" lon="5.8525633"><ele>581.62</ele></trkpt>
<trkpt lat="43.382455" lon="5.8525417"><ele>581.22</ele></trkpt>
<trkpt lat="43.3824283" lon="5.85251"><ele>581.42</ele></trkpt>
<trkpt lat="43.382395" lon="5.852504999999999"><ele>582.07</ele></trkpt>
<trkpt lat="43.3824383" lon="5.8525633"><ele>585.11</ele></trkpt>
<trkpt lat="43.382455" lon="5.852594999999999"><ele>586.86</ele></trkpt>
<trkpt lat="43.38246" lon="5.8526333"><ele>587.73</ele></trkpt>
<trkpt lat="43.3824867" lon="5.852625"><ele>586.05</ele></trkpt>
<trkpt lat="43.3825133" lon="5.8526133"><ele>585.81</ele></trkpt>
<trkpt lat="43.382545" lon="5.85259"><ele>585.81</ele></trkpt>
<trkpt lat="43.382555" lon="5.852549999999999"><ele>585.17</ele></trkpt>
<trkpt lat="43.3825783" lon="5.852511700000001"><ele>584.99</ele></trkpt>
<trkpt lat="43.3826067" lon="5.852490000000001"><ele>585.33</ele></trkpt>
<trkpt lat="43.3826283" lon="5.852466700000001"><ele>585.38</ele></trkpt>
<trkpt lat="43.38265" lon="5.852433300000001"><ele>585.84</ele></trkpt>
<trkpt lat="43.3826667" lon="5.852403299999999"><ele>585.45</ele></trkpt>
<trkpt lat="43.3826483" lon="5.8523733"><ele>585.41</ele></trkpt>
<trkpt lat="43.38262" lon="5.85238"><ele>585.28</ele></trkpt>
<trkpt lat="43.3825933" lon="5.852390000000001"><ele>585.74</ele></trkpt>
<trkpt lat="43.3825817" lon="5.852435000000001"><ele>587.69</ele></trkpt>
<trkpt lat="43.3825633" lon="5.8524633"><ele>588.2</ele></trkpt>
<trkpt lat="43.382545" lon="5.852491699999999"><ele>588.84</ele></trkpt>
<trkpt lat="43.3825183" lon="5.8525083"><ele>589.89</ele></trkpt>
<trkpt lat="43.38248" lon="5.85251"><ele>591.84</ele></trkpt>
<trkpt lat="43.3824633" lon="5.85247"><ele>592.55</ele></trkpt>
<trkpt lat="43.3824683" lon="5.85243"><ele>592.94</ele></trkpt>
<trkpt lat="43.3824933" lon="5.852399999999999"><ele>593.79</ele></trkpt>
<trkpt lat="43.3825233" lon="5.852390000000001"><ele>594.41</ele></trkpt>
<trkpt lat="43.3825383" lon="5.852356699999999"><ele>594.48</ele></trkpt>
<trkpt lat="43.3825617" lon="5.8523367"><ele>595.02</ele></trkpt>
<trkpt lat="43.3825733" lon="5.852295"><ele>594.98</ele></trkpt>
<trkpt lat="43.382595" lon="5.8522667"><ele>594.98</ele></trkpt>
<trkpt lat="43.3826283" lon="5.85226"><ele>594.98</ele></trkpt>
<trkpt lat="43.3826583" lon="5.8522583"><ele>595.61</ele></trkpt>
<trkpt lat="43.3826833" lon="5.8522417"><ele>595.39</ele></trkpt>
<trkpt lat="43.3827117" lon="5.852225"><ele>595.19</ele></trkpt>
<trkpt lat="43.3827383" lon="5.8522167"><ele>595.61</ele></trkpt>
<trkpt lat="43.3826983" lon="5.852195000000001"><ele>594.33</ele></trkpt>
<trkpt lat="43.3827233" lon="5.8522317"><ele>596.14</ele></trkpt>
<trkpt lat="43.382695" lon="5.8522567"><ele>595.23</ele></trkpt>
<trkpt lat="43.3826633" lon="5.8522683"><ele>594.38</ele></trkpt>
<trkpt lat="43.3826233" lon="5.852264999999999"><ele>593.77</ele></trkpt>
<trkpt lat="43.3825833" lon="5.85226"><ele>593.3</ele></trkpt>
<trkpt lat="43.3825483" lon="5.852251699999999"><ele>593.13</ele></trkpt>
<trkpt lat="43.38252" lon="5.852225"><ele>593.15</ele></trkpt>
<trkpt lat="43.3824917" lon="5.8522117"><ele>593.37</ele></trkpt>
<trkpt lat="43.38246" lon="5.852195000000001"><ele>593.28</ele></trkpt>
<trkpt lat="43.38243" lon="5.8521933"><ele>593.55</ele></trkpt>
<trkpt lat="43.3823983" lon="5.8521967"><ele>593.42</ele></trkpt>
<trkpt lat="43.3823717" lon="5.8521883"><ele>593.26</ele></trkpt>
<trkpt lat="43.38234" lon="5.852185"><ele>593.45</ele></trkpt>
<trkpt lat="43.3823117" lon="5.8521867"><ele>593.48</ele></trkpt>
<trkpt lat="43.3822817" lon="5.8521917"><ele>593.39</ele></trkpt>
<trkpt lat="43.3822583" lon="5.8522217"><ele>593.29</ele></trkpt>
<trkpt lat="43.3822333" lon="5.8522583"><ele>593.57</ele></trkpt>
<trkpt lat="43.3822417" lon="5.852219999999999"><ele>595.51</ele></trkpt>
<trkpt lat="43.3822283" lon="5.8521833"><ele>594.47</ele></trkpt>
<trkpt lat="43.382265" lon="5.8522"><ele>601.3</ele></trkpt>
<trkpt lat="43.3822517" lon="5.8522333"><ele>599.94</ele></trkpt>
<trkpt lat="43.3822967" lon="5.8522117"><ele>598.39</ele></trkpt>
<trkpt lat="43.3822983" lon="5.8521667"><ele>598.16</ele></trkpt>
<trkpt lat="43.3823283" lon="5.8521433"><ele>597.53</ele></trkpt>
<trkpt lat="43.3823617" lon="5.8521583"><ele>597.32</ele></trkpt>
<trkpt lat="43.3823933" lon="5.8521733"><ele>597.35</ele></trkpt>
<trkpt lat="43.3823933" lon="5.8522217"><ele>597.48</ele></trkpt>
<trkpt lat="43.3824067" lon="5.852315"><ele>598.69</ele></trkpt>
<trkpt lat="43.382405" lon="5.8523533"><ele>599.06</ele></trkpt>
<trkpt lat="43.3823933" lon="5.852395"><ele>599.34</ele></trkpt>
<trkpt lat="43.3823683" lon="5.852411699999999"><ele>599.41</ele></trkpt>
<trkpt lat="43.3823567" lon="5.8524533"><ele>599.76</ele></trkpt>
<trkpt lat="43.3823533" lon="5.8525"><ele>600.08</ele></trkpt>
<trkpt lat="43.3823533" lon="5.8525417"><ele>600.02</ele></trkpt>
<trkpt lat="43.3823617" lon="5.852581699999999"><ele>599.42</ele></trkpt>
<trkpt lat="43.3822967" lon="5.852625"><ele>598.23</ele></trkpt>
<trkpt lat="43.3823433" lon="5.852535"><ele>598.02</ele></trkpt>
<trkpt lat="43.3823467" lon="5.852491699999999"><ele>597.99</ele></trkpt>
<trkpt lat="43.3823283" lon="5.852459999999999"><ele>598.21</ele></trkpt>
<trkpt lat="43.3823017" lon="5.85245"><ele>597.83</ele></trkpt>
<trkpt lat="43.3822883" lon="5.8524167"><ele>597.32</ele></trkpt>
<trkpt lat="43.382265" lon="5.852385"><ele>596.85</ele></trkpt>
<trkpt lat="43.3822583" lon="5.852343300000001"><ele>595.96</ele></trkpt>
<trkpt lat="43.3822633" lon="5.8523067"><ele>595.51</ele></trkpt>
<trkpt lat="43.38227" lon="5.8522667"><ele>594.83</ele></trkpt>
<trkpt lat="43.38229" lon="5.8522317"><ele>594.31</ele></trkpt>
<trkpt lat="43.3822983" lon="5.8521933"><ele>593.83</ele></trkpt>
<trkpt lat="43.382285" lon="5.852251699999999"><ele>594.74</ele></trkpt>
<trkpt lat="43.3822517" lon="5.852288300000001"><ele>595.44</ele></trkpt>
<trkpt lat="43.3822433" lon="5.8523283"><ele>595.52</ele></trkpt>
<trkpt lat="43.3822333" lon="5.852385"><ele>594.38</ele></trkpt>
<trkpt lat="43.3822233" lon="5.852421700000001"><ele>594.34</ele></trkpt>
<trkpt lat="43.3822067" lon="5.8524533"><ele>594.8</ele></trkpt>
<trkpt lat="43.3821517" lon="5.8524517"><ele>594.75</ele></trkpt>
<trkpt lat="43.3821233" lon="5.8524433"><ele>594.51</ele></trkpt>
<trkpt lat="43.3820933" lon="5.85243"><ele>594.29</ele></trkpt>
<trkpt lat="43.382065" lon="5.85241"><ele>594.19</ele></trkpt>
<trkpt lat="43.3820417" lon="5.852390000000001"><ele>593.7</ele></trkpt>
<trkpt lat="43.3820133" lon="5.8523917"><ele>593.45</ele></trkpt>
<trkpt lat="43.3819833" lon="5.8523817"><ele>593.39</ele></trkpt>
<trkpt lat="43.3819583" lon="5.852358299999999"><ele>593.38</ele></trkpt>
<trkpt lat="43.381925" lon="5.85235"><ele>593.54</ele></trkpt>
<trkpt lat="43.3818917" lon="5.85236"><ele>593.88</ele></trkpt>
<trkpt lat="43.381915" lon="5.8522667"><ele>592.94</ele></trkpt>
<trkpt lat="43.3819267" lon="5.8523033"><ele>591.42</ele></trkpt>
<trkpt lat="43.3819083" lon="5.852341700000001"><ele>591.28</ele></trkpt>
<trkpt lat="43.3818817" lon="5.8523633"><ele>591.28</ele></trkpt>
<trkpt lat="43.3818433" lon="5.8523617"><ele>591.02</ele></trkpt>
<trkpt lat="43.38181" lon="5.8523533"><ele>590.73</ele></trkpt>
<trkpt lat="43.3817733" lon="5.8523483"><ele>590</ele></trkpt>
<trkpt lat="43.3817433" lon="5.852368299999999"><ele>589.44</ele></trkpt>
<trkpt lat="43.3817133" lon="5.852399999999999"><ele>589.22</ele></trkpt>
<trkpt lat="43.381685" lon="5.852431700000001"><ele>589.18</ele></trkpt>
<trkpt lat="43.3816683" lon="5.8524683"><ele>589.08</ele></trkpt>
<trkpt lat="43.381645" lon="5.852504999999999"><ele>589.02</ele></trkpt>
<trkpt lat="43.3816317" lon="5.85254"><ele>589.07</ele></trkpt>
<trkpt lat="43.3816217" lon="5.852583300000001"><ele>589.44</ele></trkpt>
<trkpt lat="43.381595" lon="5.8526083"><ele>589.39</ele></trkpt>
<trkpt lat="43.381565" lon="5.8526167"><ele>589.91</ele></trkpt>
<trkpt lat="43.38153" lon="5.852626700000001"><ele>589.76</ele></trkpt>
<trkpt lat="43.3814983" lon="5.85263"><ele>589.69</ele></trkpt>
<trkpt lat="43.38147" lon="5.852635"><ele>589.02</ele></trkpt>
<trkpt lat="43.3814333" lon="5.852635"><ele>588.59</ele></trkpt>
<trkpt lat="43.3814" lon="5.8526433"><ele>588.12</ele></trkpt>
<trkpt lat="43.3813683" lon="5.852665"><ele>587.89</ele></trkpt>
<trkpt lat="43.3813417" lon="5.8526917"><ele>587.45</ele></trkpt>
<trkpt lat="43.38131" lon="5.8527017"><ele>586.95</ele></trkpt>
<trkpt lat="43.3812833" lon="5.8526683"><ele>586.35</ele></trkpt>
<trkpt lat="43.381265" lon="5.852639999999999"><ele>585.85</ele></trkpt>
<trkpt lat="43.3812383" lon="5.8526167"><ele>585.51</ele></trkpt>
<trkpt lat="43.3812067" lon="5.852615000000001"><ele>585.31</ele></trkpt>
<trkpt lat="43.3811783" lon="5.8526217"><ele>584.85</ele></trkpt>
<trkpt lat="43.3811517" lon="5.8526367"><ele>584.71</ele></trkpt>
<trkpt lat="43.3811333" lon="5.8526683"><ele>584.49</ele></trkpt>
<trkpt lat="43.38111" lon="5.8526917"><ele>584.38</ele></trkpt>
<trkpt lat="43.381085" lon="5.8527133"><ele>584.28</ele></trkpt>
<trkpt lat="43.3810583" lon="5.85274"><ele>584.47</ele></trkpt>
<trkpt lat="43.381035" lon="5.8527717"><ele>584.41</ele></trkpt>
<trkpt lat="43.3810333" lon="5.8528183"><ele>584.02</ele></trkpt>
<trkpt lat="43.3810383" lon="5.8528567"><ele>583.91</ele></trkpt>
<trkpt lat="43.381035" lon="5.8529033"><ele>583.52</ele></trkpt>
<trkpt lat="43.38103" lon="5.8529467"><ele>583.31</ele></trkpt>
<trkpt lat="43.3810233" lon="5.8529883"><ele>583.08</ele></trkpt>
<trkpt lat="43.3810167" lon="5.8530333"><ele>582.59</ele></trkpt>
<trkpt lat="43.3810167" lon="5.853071699999999"><ele>582.22</ele></trkpt>
<trkpt lat="43.3810067" lon="5.8531133"><ele>581.73</ele></trkpt>
<trkpt lat="43.3809817" lon="5.8531433"><ele>581.58</ele></trkpt>
<trkpt lat="43.3809483" lon="5.8531433"><ele>581.18</ele></trkpt>
<trkpt lat="43.3809217" lon="5.8531217"><ele>580.39</ele></trkpt>
<trkpt lat="43.3808883" lon="5.853108300000001"><ele>579.08</ele></trkpt>
<trkpt lat="43.380855" lon="5.8531117"><ele>577.88</ele></trkpt>
<trkpt lat="43.3808233" lon="5.853116699999999"><ele>577.35</ele></trkpt>
<trkpt lat="43.3807933" lon="5.853108300000001"><ele>576.85</ele></trkpt>
<trkpt lat="43.380765" lon="5.853115"><ele>576.52</ele></trkpt>
<trkpt lat="43.3807383" lon="5.853145"><ele>575.96</ele></trkpt>
<trkpt lat="43.3807133" lon="5.853185000000001"><ele>575.42</ele></trkpt>
<trkpt lat="43.380695" lon="5.8532217"><ele>575.54</ele></trkpt>
<trkpt lat="43.3807017" lon="5.8532583"><ele>575.93</ele></trkpt>
<trkpt lat="43.3806783" lon="5.8532817"><ele>575.42</ele></trkpt>
<trkpt lat="43.3806483" lon="5.8532933"><ele>574.91</ele></trkpt>
<trkpt lat="43.3806217" lon="5.8533033"><ele>574.62</ele></trkpt>
<trkpt lat="43.3805867" lon="5.8533083"><ele>574.21</ele></trkpt>
<trkpt lat="43.3805583" lon="5.8533083"><ele>573.92</ele></trkpt>
<trkpt lat="43.3805283" lon="5.8533267"><ele>573.75</ele></trkpt>
<trkpt lat="43.380515" lon="5.8533633"><ele>573.06</ele></trkpt>
<trkpt lat="43.3805" lon="5.8533967"><ele>572.55</ele></trkpt>
<trkpt lat="43.38048" lon="5.8534233"><ele>572.12</ele></trkpt>
<trkpt lat="43.38046" lon="5.853448299999999"><ele>571.91</ele></trkpt>
<trkpt lat="43.3804367" lon="5.8534783"><ele>571.53</ele></trkpt>
<trkpt lat="43.380405" lon="5.853504999999999"><ele>571.57</ele></trkpt>
<trkpt lat="43.38039" lon="5.853536699999999"><ele>571.32</ele></trkpt>
<trkpt lat="43.3803783" lon="5.853575"><ele>571.18</ele></trkpt>
<trkpt lat="43.3803683" lon="5.85361"><ele>571.17</ele></trkpt>
<trkpt lat="43.3803583" lon="5.8536533"><ele>571</ele></trkpt>
<trkpt lat="43.3803517" lon="5.853695"><ele>570.9</ele></trkpt>
<trkpt lat="43.3803317" lon="5.853731699999999"><ele>570.71</ele></trkpt>
<trkpt lat="43.3803117" lon="5.8537667"><ele>570.32</ele></trkpt>
<trkpt lat="43.3803" lon="5.853811700000001"><ele>569.82</ele></trkpt>
<trkpt lat="43.38031" lon="5.853855000000001"><ele>569.32</ele></trkpt>
<trkpt lat="43.3803117" lon="5.853893299999999"><ele>569.18</ele></trkpt>
<trkpt lat="43.3803183" lon="5.8539367"><ele>569.1</ele></trkpt>
<trkpt lat="43.3803083" lon="5.853971699999999"><ele>568.69</ele></trkpt>
<trkpt lat="43.3802967" lon="5.8540133"><ele>568.41</ele></trkpt>
<trkpt lat="43.38029" lon="5.854055"><ele>567.93</ele></trkpt>
<trkpt lat="43.380275" lon="5.8540933"><ele>567.45</ele></trkpt>
<trkpt lat="43.3802583" lon="5.854125"><ele>566.93</ele></trkpt>
<trkpt lat="43.3802533" lon="5.8541633"><ele>566.71</ele></trkpt>
<trkpt lat="43.3802683" lon="5.8542017"><ele>565.86</ele></trkpt>
<trkpt lat="43.380295" lon="5.85423"><ele>565.22</ele></trkpt>
<trkpt lat="43.3803083" lon="5.854268299999999"><ele>564.93</ele></trkpt>
<trkpt lat="43.380335" lon="5.854285"><ele>564.39</ele></trkpt>
<trkpt lat="43.3803583" lon="5.854313299999999"><ele>564.02</ele></trkpt>
<trkpt lat="43.3803833" lon="5.8543333"><ele>563.58</ele></trkpt>
<trkpt lat="43.3803867" lon="5.854376700000001"><ele>563.29</ele></trkpt>
<trkpt lat="43.3803767" lon="5.854418299999999"><ele>563.09</ele></trkpt>
<trkpt lat="43.3803717" lon="5.854455"><ele>562.98</ele></trkpt>
<trkpt lat="43.3803633" lon="5.8544967"><ele>562.94</ele></trkpt>
<trkpt lat="43.3803633" lon="5.854535"><ele>562.62</ele></trkpt>
<trkpt lat="43.38037" lon="5.8545767"><ele>562.6</ele></trkpt>
<trkpt lat="43.380365" lon="5.8546183"><ele>562.48</ele></trkpt>
<trkpt lat="43.3803467" lon="5.854665000000001"><ele>562.47</ele></trkpt>
<trkpt lat="43.3803333" lon="5.854710000000001"><ele>562.8</ele></trkpt>
<trkpt lat="43.3803233" lon="5.854744999999999"><ele>563.23</ele></trkpt>
<trkpt lat="43.3803167" lon="5.854789999999999"><ele>563.1</ele></trkpt>
<trkpt lat="43.38032" lon="5.8548333"><ele>562.79</ele></trkpt>
<trkpt lat="43.380325" lon="5.8548717"><ele>562.42</ele></trkpt>
<trkpt lat="43.3803267" lon="5.8549117"><ele>562.11</ele></trkpt>
<trkpt lat="43.380335" lon="5.8549517"><ele>562.08</ele></trkpt>
<trkpt lat="43.3803383" lon="5.85499"><ele>561.91</ele></trkpt>
<trkpt lat="43.3803367" lon="5.8550317"><ele>561.62</ele></trkpt>
<trkpt lat="43.3803333" lon="5.855074999999999"><ele>561.41</ele></trkpt>
<trkpt lat="43.38033" lon="5.8551133"><ele>561.12</ele></trkpt>
<trkpt lat="43.3803217" lon="5.8551533"><ele>560.55</ele></trkpt>
<trkpt lat="43.3803167" lon="5.855200000000001"><ele>560.54</ele></trkpt>
<trkpt lat="43.3803083" lon="5.8552417"><ele>560.57</ele></trkpt>
<trkpt lat="43.3802817" lon="5.8552683"><ele>560.66</ele></trkpt>
<trkpt lat="43.38026" lon="5.855301699999999"><ele>560.58</ele></trkpt>
<trkpt lat="43.380245" lon="5.8553333"><ele>560.64</ele></trkpt>
<trkpt lat="43.3802333" lon="5.855375"><ele>560.48</ele></trkpt>
<trkpt lat="43.3802083" lon="5.8554"><ele>560.74</ele></trkpt>
<trkpt lat="43.3801833" lon="5.8554233"><ele>560.93</ele></trkpt>
<trkpt lat="43.3801633" lon="5.855465"><ele>561.14</ele></trkpt>
<trkpt lat="43.3801467" lon="5.855498299999999"><ele>561.34</ele></trkpt>
<trkpt lat="43.38013" lon="5.8555383"><ele>561.57</ele></trkpt>
<trkpt lat="43.38011" lon="5.85557"><ele>561.83</ele></trkpt>
<trkpt lat="43.3800917" lon="5.855599999999999"><ele>562.43</ele></trkpt>
<trkpt lat="43.3800683" lon="5.8556233"><ele>562.82</ele></trkpt>
<trkpt lat="43.3800467" lon="5.8556517"><ele>562.9</ele></trkpt>
<trkpt lat="43.3800167" lon="5.85567"><ele>562.78</ele></trkpt>
<trkpt lat="43.379995" lon="5.855695"><ele>562.78</ele></trkpt>
<trkpt lat="43.379975" lon="5.855723300000001"><ele>562.9</ele></trkpt>
<trkpt lat="43.3799517" lon="5.8557433"><ele>562.97</ele></trkpt>
<trkpt lat="43.3799233" lon="5.85576"><ele>562.62</ele></trkpt>
<trkpt lat="43.379895" lon="5.8557767"><ele>562.06</ele></trkpt>
<trkpt lat="43.3798667" lon="5.855783299999999"><ele>561.2</ele></trkpt>
<trkpt lat="43.3798383" lon="5.8558067"><ele>560.49</ele></trkpt>
<trkpt lat="43.3798133" lon="5.85583"><ele>560.09</ele></trkpt>
<trkpt lat="43.3797883" lon="5.8558483"><ele>559.45</ele></trkpt>
<trkpt lat="43.3797633" lon="5.855873300000001"><ele>558.38</ele></trkpt>
<trkpt lat="43.3797383" lon="5.8558933"><ele>558.2</ele></trkpt>
<trkpt lat="43.3797083" lon="5.8559033"><ele>557.75</ele></trkpt>
<trkpt lat="43.3796733" lon="5.8559117"><ele>557.24</ele></trkpt>
<trkpt lat="43.3796467" lon="5.8559317"><ele>556.37</ele></trkpt>
<trkpt lat="43.3796217" lon="5.85597"><ele>555.76</ele></trkpt>
<trkpt lat="43.3796" lon="5.856"><ele>555.32</ele></trkpt>
<trkpt lat="43.379575" lon="5.856019999999999"><ele>555.01</ele></trkpt>
<trkpt lat="43.379545" lon="5.856033299999999"><ele>554.49</ele></trkpt>
<trkpt lat="43.3795233" lon="5.8560617"><ele>554.01</ele></trkpt>
<trkpt lat="43.3795033" lon="5.8560883"><ele>553.9</ele></trkpt>
<trkpt lat="43.3794783" lon="5.8561083"><ele>553.35</ele></trkpt>
<trkpt lat="43.37945" lon="5.85613"><ele>552.71</ele></trkpt>
<trkpt lat="43.3794233" lon="5.856145000000001"><ele>552.41</ele></trkpt>
<trkpt lat="43.3793967" lon="5.8561517"><ele>551.42</ele></trkpt>
<trkpt lat="43.3792933" lon="5.85613"><ele>547.37</ele></trkpt>
<trkpt lat="43.3792667" lon="5.856110000000001"><ele>547.85</ele></trkpt>
<trkpt lat="43.37925" lon="5.856076699999999"><ele>547.78</ele></trkpt>
<trkpt lat="43.3792267" lon="5.856051700000001"><ele>546.96</ele></trkpt>
<trkpt lat="43.3791933" lon="5.856053300000001"><ele>546.53</ele></trkpt>
<trkpt lat="43.379165" lon="5.8560583"><ele>546.09</ele></trkpt>
<trkpt lat="43.3791367" lon="5.856076699999999"><ele>545.72</ele></trkpt>
<trkpt lat="43.379105" lon="5.856078299999999"><ele>545.21</ele></trkpt>
<trkpt lat="43.379075" lon="5.856075"><ele>544.32</ele></trkpt>
<trkpt lat="43.3790417" lon="5.856075"><ele>543.75</ele></trkpt>
<trkpt lat="43.3790117" lon="5.8560667"><ele>543.15</ele></trkpt>
<trkpt lat="43.3789783" lon="5.8560667"><ele>541.57</ele></trkpt>
<trkpt lat="43.3789533" lon="5.8560483"><ele>540.46</ele></trkpt>
<trkpt lat="43.37893" lon="5.856019999999999"><ele>539.56</ele></trkpt>
<trkpt lat="43.37891" lon="5.8559917"><ele>538.85</ele></trkpt>
<trkpt lat="43.3788883" lon="5.8559683"><ele>537.76</ele></trkpt>
<trkpt lat="43.3788633" lon="5.8559467"><ele>536.41</ele></trkpt>
<trkpt lat="43.3788367" lon="5.8559333"><ele>536.13</ele></trkpt>
<trkpt lat="43.3788067" lon="5.855926699999999"><ele>535.82</ele></trkpt>
<trkpt lat="43.3787783" lon="5.8559083"><ele>535.25</ele></trkpt>
<trkpt lat="43.3787467" lon="5.8558867"><ele>534.52</ele></trkpt>
<trkpt lat="43.378715" lon="5.8558633"><ele>533.91</ele></trkpt>
<trkpt lat="43.3786867" lon="5.855845"><ele>533.51</ele></trkpt>
<trkpt lat="43.378665" lon="5.8558217"><ele>533.14</ele></trkpt>
<trkpt lat="43.3786367" lon="5.855815000000001"><ele>532.45</ele></trkpt>
<trkpt lat="43.378605" lon="5.8558067"><ele>531.53</ele></trkpt>
<trkpt lat="43.3785717" lon="5.8557983"><ele>530.39</ele></trkpt>
<trkpt lat="43.3785433" lon="5.8557867"><ele>529.46</ele></trkpt>
<trkpt lat="43.378515" lon="5.8557783"><ele>529.01</ele></trkpt>
<trkpt lat="43.3784867" lon="5.855756700000001"><ele>528.6</ele></trkpt>
<trkpt lat="43.3784583" lon="5.855770000000001"><ele>527.84</ele></trkpt>
<trkpt lat="43.378425" lon="5.855755"><ele>527.12</ele></trkpt>
<trkpt lat="43.3784033" lon="5.855725000000001"><ele>526.78</ele></trkpt>
<trkpt lat="43.3783733" lon="5.8557267"><ele>526.11</ele></trkpt>
<trkpt lat="43.378345" lon="5.855723300000001"><ele>525.04</ele></trkpt>
<trkpt lat="43.3783117" lon="5.8557267"><ele>524.7</ele></trkpt>
<trkpt lat="43.3782833" lon="5.855711700000001"><ele>524.24</ele></trkpt>
<trkpt lat="43.37825" lon="5.8557067"><ele>523.77</ele></trkpt>
<trkpt lat="43.3782183" lon="5.8556833"><ele>523.21</ele></trkpt>
<trkpt lat="43.3781933" lon="5.8556667"><ele>522.82</ele></trkpt>
<trkpt lat="43.37817" lon="5.85564"><ele>522.21</ele></trkpt>
<trkpt lat="43.37814" lon="5.8556217"><ele>521.41</ele></trkpt>
<trkpt lat="43.378115" lon="5.8556433"><ele>521.18</ele></trkpt>
<trkpt lat="43.3780833" lon="5.855655"><ele>520.72</ele></trkpt>
<trkpt lat="43.3780567" lon="5.85567"><ele>519.92</ele></trkpt>
<trkpt lat="43.378025" lon="5.8556817"><ele>519.48</ele></trkpt>
<trkpt lat="43.378" lon="5.8556967"><ele>519.11</ele></trkpt>
<trkpt lat="43.37797" lon="5.855715"><ele>518.31</ele></trkpt>
<trkpt lat="43.3779383" lon="5.8557283"><ele>517.47</ele></trkpt>
<trkpt lat="43.3779067" lon="5.8557317"><ele>516.54</ele></trkpt>
<trkpt lat="43.377875" lon="5.8557317"><ele>515.63</ele></trkpt>
<trkpt lat="43.3778383" lon="5.855738299999999"><ele>514.5</ele></trkpt>
<trkpt lat="43.3778067" lon="5.8557517"><ele>513.89</ele></trkpt>
<trkpt lat="43.3777817" lon="5.8557717"><ele>513.53</ele></trkpt>
<trkpt lat="43.3777533" lon="5.8557783"><ele>512.85</ele></trkpt>
<trkpt lat="43.377725" lon="5.855801700000001"><ele>512.34</ele></trkpt>
<trkpt lat="43.3776933" lon="5.855811700000001"><ele>511.65</ele></trkpt>
<trkpt lat="43.377665" lon="5.85583"><ele>510.95</ele></trkpt>
<trkpt lat="43.3776367" lon="5.855838299999999"><ele>510.41</ele></trkpt>
<trkpt lat="43.3776083" lon="5.855838299999999"><ele>509.85</ele></trkpt>
<trkpt lat="43.3775767" lon="5.8558317"><ele>509.04</ele></trkpt>
<trkpt lat="43.37755" lon="5.855846700000001"><ele>508.42</ele></trkpt>
<trkpt lat="43.3775267" lon="5.855873300000001"><ele>507.8200000000001</ele></trkpt>
<trkpt lat="43.3775117" lon="5.8559067"><ele>507.13</ele></trkpt>
<trkpt lat="43.3774933" lon="5.8559417"><ele>506.54</ele></trkpt>
<trkpt lat="43.3774667" lon="5.8559667"><ele>506.04</ele></trkpt>
<trkpt lat="43.3774533" lon="5.856"><ele>505.45</ele></trkpt>
<trkpt lat="43.377435" lon="5.8560283"><ele>504.84</ele></trkpt>
<trkpt lat="43.3774017" lon="5.856035"><ele>504.15</ele></trkpt>
<trkpt lat="43.37737" lon="5.8560417"><ele>503.5199999999999</ele></trkpt>
<trkpt lat="43.3773417" lon="5.8560483"><ele>503.08</ele></trkpt>
<trkpt lat="43.3773267" lon="5.8560817"><ele>503.25</ele></trkpt>
<trkpt lat="43.3772983" lon="5.85608"><ele>502.98</ele></trkpt>
<trkpt lat="43.3772783" lon="5.856053300000001"><ele>502.77</ele></trkpt>
<trkpt lat="43.37727" lon="5.85601"><ele>503.18</ele></trkpt>
<trkpt lat="43.3772783" lon="5.8559733"><ele>503.2599999999999</ele></trkpt>
<trkpt lat="43.3772683" lon="5.856008300000001"><ele>506.95</ele></trkpt>
<trkpt lat="43.3772267" lon="5.856075"><ele>505.42</ele></trkpt>
<trkpt lat="43.3772167" lon="5.8561183"><ele>504.74</ele></trkpt>
<trkpt lat="43.3772133" lon="5.856169999999999"><ele>504.79</ele></trkpt>
<trkpt lat="43.3772083" lon="5.8562183"><ele>504.67</ele></trkpt>
<trkpt lat="43.3771917" lon="5.856256699999999"><ele>504.07</ele></trkpt>
<trkpt lat="43.3771667" lon="5.85628"><ele>503.71</ele></trkpt>
<trkpt lat="43.377135" lon="5.8562967"><ele>503.73</ele></trkpt>
<trkpt lat="43.3771067" lon="5.8563217"><ele>504.01</ele></trkpt>
<trkpt lat="43.3770733" lon="5.85632"><ele>504.1299999999999</ele></trkpt>
<trkpt lat="43.3770433" lon="5.8563233"><ele>503.8200000000001</ele></trkpt>
<trkpt lat="43.3770083" lon="5.85633"><ele>503.51</ele></trkpt>
<trkpt lat="43.37697" lon="5.8563517"><ele>503.2</ele></trkpt>
<trkpt lat="43.376935" lon="5.8563783"><ele>503.33</ele></trkpt>
<trkpt lat="43.3769033" lon="5.856381700000001"><ele>503.36</ele></trkpt>
<trkpt lat="43.3768717" lon="5.8563917"><ele>503.6199999999999</ele></trkpt>
<trkpt lat="43.3768417" lon="5.8563933"><ele>503.76</ele></trkpt>
<trkpt lat="43.3768133" lon="5.8563917"><ele>503.92</ele></trkpt>
<trkpt lat="43.37678" lon="5.8563933"><ele>504.21</ele></trkpt>
<trkpt lat="43.3767533" lon="5.8564133"><ele>504.78</ele></trkpt>
<trkpt lat="43.3767183" lon="5.8564217"><ele>504.98</ele></trkpt>
<trkpt lat="43.3766833" lon="5.8564317"><ele>504.77</ele></trkpt>
<trkpt lat="43.3766483" lon="5.8564417"><ele>504.68</ele></trkpt>
<trkpt lat="43.3766217" lon="5.8564483"><ele>504.73</ele></trkpt>
<trkpt lat="43.376585" lon="5.8564567"><ele>504.6900000000001</ele></trkpt>
<trkpt lat="43.3765517" lon="5.856465"><ele>504.7599999999999</ele></trkpt>
<trkpt lat="43.3765233" lon="5.8564683"><ele>505.02</ele></trkpt>
<trkpt lat="43.3764933" lon="5.85648"><ele>505.3099999999999</ele></trkpt>
<trkpt lat="43.376455" lon="5.8564917"><ele>505.7799999999999</ele></trkpt>
<trkpt lat="43.3764183" lon="5.856499999999999"><ele>506.63</ele></trkpt>
<trkpt lat="43.3763833" lon="5.8565067"><ele>507.47</ele></trkpt>
<trkpt lat="43.376345" lon="5.8565233"><ele>507.42</ele></trkpt>
<trkpt lat="43.3763133" lon="5.856531700000001"><ele>507.3199999999999</ele></trkpt>
<trkpt lat="43.3762767" lon="5.8565467"><ele>507.21</ele></trkpt>
<trkpt lat="43.3762433" lon="5.8565567"><ele>507.22</ele></trkpt>
<trkpt lat="43.3762067" lon="5.85656"><ele>507.72</ele></trkpt>
<trkpt lat="43.3761767" lon="5.8565567"><ele>507.72</ele></trkpt>
<trkpt lat="43.3761483" lon="5.8565633"><ele>507.66</ele></trkpt>
<trkpt lat="43.37612" lon="5.856575000000001"><ele>507.64</ele></trkpt>
<trkpt lat="43.3760867" lon="5.85658"><ele>507.48</ele></trkpt>
<trkpt lat="43.3760533" lon="5.856586699999999"><ele>507.2</ele></trkpt>
<trkpt lat="43.3760217" lon="5.8565933"><ele>506.83</ele></trkpt>
<trkpt lat="43.37599" lon="5.856613299999999"><ele>506.7499999999999</ele></trkpt>
<trkpt lat="43.3759583" lon="5.8566267"><ele>506.64</ele></trkpt>
<trkpt lat="43.37593" lon="5.856655"><ele>506.99</ele></trkpt>
<trkpt lat="43.3759" lon="5.856675"><ele>507.49</ele></trkpt>
<trkpt lat="43.37587" lon="5.85669"><ele>507.77</ele></trkpt>
<trkpt lat="43.3758467" lon="5.856713300000001"><ele>508.38</ele></trkpt>
<trkpt lat="43.3758217" lon="5.85674"><ele>509.03</ele></trkpt>
<trkpt lat="43.37579" lon="5.8567667"><ele>509.72</ele></trkpt>
<trkpt lat="43.37576" lon="5.8567917"><ele>510.47</ele></trkpt>
<trkpt lat="43.375735" lon="5.8568233"><ele>510.84</ele></trkpt>
<trkpt lat="43.37571" lon="5.8568517"><ele>511.12</ele></trkpt>
<trkpt lat="43.3756817" lon="5.8568833"><ele>511.23</ele></trkpt>
<trkpt lat="43.37566" lon="5.856906700000001"><ele>511.3099999999999</ele></trkpt>
<trkpt lat="43.3756367" lon="5.856931699999999"><ele>511.86</ele></trkpt>
<trkpt lat="43.3756117" lon="5.856953300000001"><ele>512.36</ele></trkpt>
<trkpt lat="43.3755783" lon="5.856985"><ele>512.45</ele></trkpt>
<trkpt lat="43.3755583" lon="5.857015"><ele>512.53</ele></trkpt>
<trkpt lat="43.3755333" lon="5.85705"><ele>512.55</ele></trkpt>
<trkpt lat="43.3755067" lon="5.8570867"><ele>512.33</ele></trkpt>
<trkpt lat="43.3754767" lon="5.8571233"><ele>511.51</ele></trkpt>
<trkpt lat="43.3754567" lon="5.857165"><ele>510.77</ele></trkpt>
<trkpt lat="43.375435" lon="5.857201700000001"><ele>510.6499999999999</ele></trkpt>
<trkpt lat="43.3754117" lon="5.857236700000001"><ele>510.57</ele></trkpt>
<trkpt lat="43.3753883" lon="5.857275"><ele>510.3899999999999</ele></trkpt>
<trkpt lat="43.375365" lon="5.8573117"><ele>510.2</ele></trkpt>
<trkpt lat="43.3753467" lon="5.857350000000001"><ele>509.91</ele></trkpt>
<trkpt lat="43.375325" lon="5.85739"><ele>510.02</ele></trkpt>
<trkpt lat="43.375305" lon="5.857425"><ele>510.29</ele></trkpt>
<trkpt lat="43.3752883" lon="5.8574617"><ele>510.94</ele></trkpt>
<trkpt lat="43.3752733" lon="5.8575067"><ele>511.55</ele></trkpt>
<trkpt lat="43.3752633" lon="5.8575417"><ele>511.74</ele></trkpt>
<trkpt lat="43.375245" lon="5.8575833"><ele>511.43</ele></trkpt>
<trkpt lat="43.37525" lon="5.857621700000001"><ele>511.6</ele></trkpt>
<trkpt lat="43.375235" lon="5.8576567"><ele>512.36</ele></trkpt>
<trkpt lat="43.3751767" lon="5.857715000000001"><ele>511.0099999999999</ele></trkpt>
<trkpt lat="43.3751417" lon="5.8577217"><ele>511.17</ele></trkpt>
<trkpt lat="43.3751167" lon="5.8577417"><ele>511.5799999999999</ele></trkpt>
<trkpt lat="43.37509" lon="5.8577617"><ele>512.01</ele></trkpt>
<trkpt lat="43.3750633" lon="5.857781699999999"><ele>512.15</ele></trkpt>
<trkpt lat="43.3750317" lon="5.8577967"><ele>512.15</ele></trkpt>
<trkpt lat="43.375005" lon="5.857818300000001"><ele>512.41</ele></trkpt>
<trkpt lat="43.3749717" lon="5.857839999999999"><ele>512.95</ele></trkpt>
<trkpt lat="43.3749417" lon="5.85785"><ele>513.5</ele></trkpt>
<trkpt lat="43.3749083" lon="5.857863300000001"><ele>513.71</ele></trkpt>
<trkpt lat="43.3748783" lon="5.8578767"><ele>513.98</ele></trkpt>
<trkpt lat="43.3748483" lon="5.8579033"><ele>514.27</ele></trkpt>
<trkpt lat="43.3748233" lon="5.8579217"><ele>514.54</ele></trkpt>
<trkpt lat="43.3747967" lon="5.857908300000001"><ele>514.52</ele></trkpt>
<trkpt lat="43.374765" lon="5.8578917"><ele>514.82</ele></trkpt>
<trkpt lat="43.374735" lon="5.8578767"><ele>514.75</ele></trkpt>
<trkpt lat="43.3747083" lon="5.8578683"><ele>514.5</ele></trkpt>
<trkpt lat="43.3746717" lon="5.857861700000001"><ele>514.39</ele></trkpt>
<trkpt lat="43.3746417" lon="5.8578567"><ele>514.26</ele></trkpt>
<trkpt lat="43.3746083" lon="5.8578533"><ele>514.37</ele></trkpt>
<trkpt lat="43.3745717" lon="5.857845"><ele>514.12</ele></trkpt>
<trkpt lat="43.3745367" lon="5.8578333"><ele>513.64</ele></trkpt>
<trkpt lat="43.3745067" lon="5.8578233"><ele>513.13</ele></trkpt>
<trkpt lat="43.3744767" lon="5.85781"><ele>513.13</ele></trkpt>
<trkpt lat="43.3744483" lon="5.8577867"><ele>513.34</ele></trkpt>
<trkpt lat="43.3744217" lon="5.857765"><ele>513.33</ele></trkpt>
<trkpt lat="43.3743883" lon="5.8577433"><ele>513.54</ele></trkpt>
<trkpt lat="43.3743567" lon="5.8577233"><ele>513.72</ele></trkpt>
<trkpt lat="43.3743267" lon="5.8577017"><ele>514.02</ele></trkpt>
<trkpt lat="43.3743" lon="5.8576733"><ele>513.89</ele></trkpt>
<trkpt lat="43.3742733" lon="5.857649999999999"><ele>513.92</ele></trkpt>
<trkpt lat="43.3742483" lon="5.8576183"><ele>514.63</ele></trkpt>
<trkpt lat="43.3742267" lon="5.8575867"><ele>515.03</ele></trkpt>
<trkpt lat="43.374205" lon="5.8575567"><ele>514.3</ele></trkpt>
<trkpt lat="43.3741783" lon="5.8575233"><ele>513.57</ele></trkpt>
<trkpt lat="43.3741517" lon="5.8574917"><ele>513.1</ele></trkpt>
<trkpt lat="43.3741283" lon="5.85746"><ele>512.77</ele></trkpt>
<trkpt lat="43.374105" lon="5.857440000000001"><ele>512.66</ele></trkpt>
<trkpt lat="43.3740717" lon="5.85745"><ele>514.71</ele></trkpt>
<trkpt lat="43.374045" lon="5.857415"><ele>515.28</ele></trkpt>
<trkpt lat="43.3740133" lon="5.8573917"><ele>515.44</ele></trkpt>
<trkpt lat="43.3739817" lon="5.8573667"><ele>515.45</ele></trkpt>
<trkpt lat="43.37395" lon="5.8573417"><ele>515.55</ele></trkpt>
<trkpt lat="43.37392" lon="5.857315"><ele>515.71</ele></trkpt>
<trkpt lat="43.373885" lon="5.857293300000001"><ele>516.03</ele></trkpt>
<trkpt lat="43.37385" lon="5.85727"><ele>516.08</ele></trkpt>
<trkpt lat="43.3738167" lon="5.8572517"><ele>515.79</ele></trkpt>
<trkpt lat="43.37379" lon="5.857225"><ele>515.47</ele></trkpt>
<trkpt lat="43.3737583" lon="5.8572"><ele>515.27</ele></trkpt>
<trkpt lat="43.3737333" lon="5.857185"><ele>515.32</ele></trkpt>
<trkpt lat="43.373705" lon="5.857155"><ele>515.09</ele></trkpt>
<trkpt lat="43.37368" lon="5.8571267"><ele>515.4</ele></trkpt>
<trkpt lat="43.373645" lon="5.8571067"><ele>515.77</ele></trkpt>
<trkpt lat="43.3736117" lon="5.8570883"><ele>516.08</ele></trkpt>
<trkpt lat="43.3735867" lon="5.8570633"><ele>516.3</ele></trkpt>
<trkpt lat="43.3735633" lon="5.857041700000001"><ele>516.74</ele></trkpt>
<trkpt lat="43.3735417" lon="5.8570183"><ele>517.18</ele></trkpt>
<trkpt lat="43.3735083" lon="5.856985"><ele>517.74</ele></trkpt>
<trkpt lat="43.37348" lon="5.8569467"><ele>518.5</ele></trkpt>
<trkpt lat="43.3734567" lon="5.856918300000001"><ele>519.23</ele></trkpt>
<trkpt lat="43.3734467" lon="5.8568833"><ele>519.7</ele></trkpt>
<trkpt lat="43.3734167" lon="5.8568467"><ele>520.01</ele></trkpt>
<trkpt lat="43.3733867" lon="5.8568133"><ele>520.24</ele></trkpt>
<trkpt lat="43.3733633" lon="5.8567917"><ele>520.34</ele></trkpt>
<trkpt lat="43.3733383" lon="5.856756700000001"><ele>520.37</ele></trkpt>
<trkpt lat="43.3733167" lon="5.85672"><ele>520.16</ele></trkpt>
<trkpt lat="43.373295" lon="5.8566817"><ele>519.87</ele></trkpt>
<trkpt lat="43.3732767" lon="5.8566533"><ele>519.59</ele></trkpt>
<trkpt lat="43.3732483" lon="5.8566433"><ele>519.48</ele></trkpt>
<trkpt lat="43.3732183" lon="5.8566183"><ele>519.54</ele></trkpt>
<trkpt lat="43.3731967" lon="5.8565817"><ele>519.52</ele></trkpt>
<trkpt lat="43.3731717" lon="5.8565467"><ele>519.62</ele></trkpt>
<trkpt lat="43.3731483" lon="5.8565083"><ele>519.79</ele></trkpt>
<trkpt lat="43.373125" lon="5.856475000000001"><ele>520.2</ele></trkpt>
<trkpt lat="43.3730983" lon="5.8564383"><ele>520.58</ele></trkpt>
<trkpt lat="43.3730733" lon="5.8564"><ele>520.92</ele></trkpt>
<trkpt lat="43.3730467" lon="5.85636"><ele>521.49</ele></trkpt>
<trkpt lat="43.37302" lon="5.85632"><ele>521.48</ele></trkpt>
<trkpt lat="43.3729967" lon="5.8562867"><ele>521.19</ele></trkpt>
<trkpt lat="43.37297" lon="5.856246700000001"><ele>520.97</ele></trkpt>
<trkpt lat="43.372945" lon="5.8562067"><ele>521.03</ele></trkpt>
<trkpt lat="43.372925" lon="5.85618"><ele>520.82</ele></trkpt>
<trkpt lat="43.3728983" lon="5.85614"><ele>520.26</ele></trkpt>
<trkpt lat="43.37288" lon="5.856111699999999"><ele>519.84</ele></trkpt>
<trkpt lat="43.3728517" lon="5.8560733"><ele>519.46</ele></trkpt>
<trkpt lat="43.372835" lon="5.8560417"><ele>519.15</ele></trkpt>
<trkpt lat="43.3728133" lon="5.8559967"><ele>518.7</ele></trkpt>
<trkpt lat="43.3727967" lon="5.8559667"><ele>518.63</ele></trkpt>
<trkpt lat="43.37278" lon="5.8559367"><ele>518.65</ele></trkpt>
<trkpt lat="43.3727617" lon="5.8559067"><ele>518.74</ele></trkpt>
<trkpt lat="43.3727467" lon="5.855875"><ele>518.82</ele></trkpt>
<trkpt lat="43.3727283" lon="5.855846700000001"><ele>519.1</ele></trkpt>
<trkpt lat="43.372705" lon="5.8558033"><ele>519.38</ele></trkpt>
<trkpt lat="43.37268" lon="5.85576"><ele>519.96</ele></trkpt>
<trkpt lat="43.37266" lon="5.8557317"><ele>520.43</ele></trkpt>
<trkpt lat="43.37263" lon="5.8556967"><ele>521.22</ele></trkpt>
<trkpt lat="43.3726017" lon="5.8556617"><ele>521.67</ele></trkpt>
<trkpt lat="43.3725783" lon="5.855625"><ele>522.73</ele></trkpt>
<trkpt lat="43.37255" lon="5.8555933"><ele>523.55</ele></trkpt>
<trkpt lat="43.3725267" lon="5.85556"><ele>524.08</ele></trkpt>
<trkpt lat="43.3725017" lon="5.85552"><ele>524.04</ele></trkpt>
<trkpt lat="43.372475" lon="5.85549"><ele>523.95</ele></trkpt>
<trkpt lat="43.3724517" lon="5.855463299999999"><ele>523.85</ele></trkpt>
<trkpt lat="43.372425" lon="5.8554417"><ele>524.18</ele></trkpt>
<trkpt lat="43.3724" lon="5.855426700000001"><ele>525.24</ele></trkpt>
<trkpt lat="43.3723733" lon="5.855436700000001"><ele>526.06</ele></trkpt>
<trkpt lat="43.372345" lon="5.855451699999999"><ele>526.6</ele></trkpt>
<trkpt lat="43.3723183" lon="5.855438300000001"><ele>527.66</ele></trkpt>
<trkpt lat="43.3723017" lon="5.855408299999999"><ele>527.65</ele></trkpt>
<trkpt lat="43.3723" lon="5.8553667"><ele>527.94</ele></trkpt>
<trkpt lat="43.372295" lon="5.8553217"><ele>527.85</ele></trkpt>
<trkpt lat="43.3722717" lon="5.8553"><ele>527.75</ele></trkpt>
<trkpt lat="43.3723067" lon="5.855295"><ele>526.69</ele></trkpt>
<trkpt lat="43.3722433" lon="5.855385"><ele>525.74</ele></trkpt>
<trkpt lat="43.3721517" lon="5.855359999999999"><ele>525.46</ele></trkpt>
<trkpt lat="43.3722217" lon="5.8552683"><ele>525.28</ele></trkpt>
<trkpt lat="43.3722267" lon="5.85531"><ele>524.65</ele></trkpt>
<trkpt lat="43.3722" lon="5.855301699999999"><ele>525.26</ele></trkpt>
<trkpt lat="43.37217" lon="5.8552783"><ele>525.24</ele></trkpt>
<trkpt lat="43.372145" lon="5.855245000000001"><ele>525.22</ele></trkpt>
<trkpt lat="43.3721267" lon="5.8552083"><ele>525.25</ele></trkpt>
<trkpt lat="43.372105" lon="5.8551733"><ele>525.31</ele></trkpt>
<trkpt lat="43.3720783" lon="5.8551533"><ele>525.54</ele></trkpt>
<trkpt lat="43.3720483" lon="5.8551633"><ele>525.88</ele></trkpt>
<trkpt lat="43.3720217" lon="5.855155000000001"><ele>526.16</ele></trkpt>
<trkpt lat="43.3719983" lon="5.855133299999999"><ele>526.31</ele></trkpt>
<trkpt lat="43.372035" lon="5.8551"><ele>526.5</ele></trkpt>
<trkpt lat="43.372065" lon="5.855096700000001"><ele>526.55</ele></trkpt>
<trkpt lat="43.3720933" lon="5.8551017"><ele>526.55</ele></trkpt>
<trkpt lat="43.3721217" lon="5.855109999999999"><ele>526.66</ele></trkpt>
<trkpt lat="43.372155" lon="5.85513"><ele>526.79</ele></trkpt>
<trkpt lat="43.3721833" lon="5.8551483"><ele>527.26</ele></trkpt>
<trkpt lat="43.3722033" lon="5.855176699999999"><ele>527.51</ele></trkpt>
<trkpt lat="43.3722183" lon="5.855211699999999"><ele>527.88</ele></trkpt>
<trkpt lat="43.3722367" lon="5.855245000000001"><ele>528.04</ele></trkpt>
<trkpt lat="43.37225" lon="5.85528"><ele>527.4</ele></trkpt>
<trkpt lat="43.3722817" lon="5.8552917"><ele>526.98</ele></trkpt>
<trkpt lat="43.3723067" lon="5.855269999999999"><ele>526.3</ele></trkpt>
<trkpt lat="43.3722617" lon="5.8553067"><ele>526.37</ele></trkpt>
<trkpt lat="43.3722333" lon="5.855325000000001"><ele>526.82</ele></trkpt>
<trkpt lat="43.3722117" lon="5.8553517"><ele>526.72</ele></trkpt>
<trkpt lat="43.372185" lon="5.8553667"><ele>526.7</ele></trkpt>
<trkpt lat="43.372155" lon="5.855359999999999"><ele>526.55</ele></trkpt>
<trkpt lat="43.372125" lon="5.8553617"><ele>526.65</ele></trkpt>
<trkpt lat="43.372095" lon="5.855355"><ele>526.97</ele></trkpt>
<trkpt lat="43.37207" lon="5.855335000000001"><ele>527.14</ele></trkpt>
<trkpt lat="43.3720433" lon="5.855305"><ele>527.21</ele></trkpt>
<trkpt lat="43.3720083" lon="5.8552867"><ele>527.57</ele></trkpt>
<trkpt lat="43.3719783" lon="5.8552867"><ele>527.93</ele></trkpt>
<trkpt lat="43.3719467" lon="5.8552667"><ele>528.24</ele></trkpt>
<trkpt lat="43.3719217" lon="5.8552483"><ele>528.54</ele></trkpt>
<trkpt lat="43.3718917" lon="5.8552417"><ele>529</ele></trkpt>
<trkpt lat="43.37186" lon="5.8552417"><ele>529.4</ele></trkpt>
<trkpt lat="43.37183" lon="5.8552417"><ele>529.8</ele></trkpt>
<trkpt lat="43.3718" lon="5.855224999999999"><ele>530.1</ele></trkpt>
<trkpt lat="43.37177" lon="5.8552217"><ele>530.62</ele></trkpt>
<trkpt lat="43.3717367" lon="5.855211699999999"><ele>531.28</ele></trkpt>
<trkpt lat="43.371705" lon="5.8551917"><ele>531.8</ele></trkpt>
<trkpt lat="43.3716767" lon="5.8551783"><ele>532.34</ele></trkpt>
<trkpt lat="43.371645" lon="5.855166699999999"><ele>532.79</ele></trkpt>
<trkpt lat="43.37162" lon="5.85515"><ele>533.04</ele></trkpt>
<trkpt lat="43.3715883" lon="5.855135"><ele>533.04</ele></trkpt>
<trkpt lat="43.3715567" lon="5.8551117"><ele>532.97</ele></trkpt>
<trkpt lat="43.3715317" lon="5.8550917"><ele>533.04</ele></trkpt>
<trkpt lat="43.37151" lon="5.8550683"><ele>532.62</ele></trkpt>
<trkpt lat="43.3714883" lon="5.8550417"><ele>532.2</ele></trkpt>
<trkpt lat="43.37147" lon="5.8550133"><ele>531.89</ele></trkpt>
<trkpt lat="43.3714467" lon="5.85499"><ele>531.52</ele></trkpt>
<trkpt lat="43.3714183" lon="5.854974999999999"><ele>531.19</ele></trkpt>
<trkpt lat="43.3713883" lon="5.8549583"><ele>531.09</ele></trkpt>
<trkpt lat="43.3713583" lon="5.854946700000001"><ele>531</ele></trkpt>
<trkpt lat="43.371325" lon="5.854935"><ele>531.16</ele></trkpt>
<trkpt lat="43.371295" lon="5.854935"><ele>531.65</ele></trkpt>
<trkpt lat="43.3712667" lon="5.8549367"><ele>532</ele></trkpt>
<trkpt lat="43.3712383" lon="5.8549317"><ele>532.14</ele></trkpt>
<trkpt lat="43.371205" lon="5.8549333"><ele>531.95</ele></trkpt>
<trkpt lat="43.37117" lon="5.854926699999999"><ele>531.68</ele></trkpt>
<trkpt lat="43.3711433" lon="5.8549067"><ele>531.48</ele></trkpt>
<trkpt lat="43.371115" lon="5.85488"><ele>531.62</ele></trkpt>
<trkpt lat="43.3710883" lon="5.85485"><ele>531.24</ele></trkpt>
<trkpt lat="43.371055" lon="5.854824999999999"><ele>530.79</ele></trkpt>
<trkpt lat="43.3710267" lon="5.8547983"><ele>530.62</ele></trkpt>
<trkpt lat="43.3710017" lon="5.854778300000001"><ele>530.22</ele></trkpt>
<trkpt lat="43.3709767" lon="5.8547567"><ele>529.89</ele></trkpt>
<trkpt lat="43.37095" lon="5.8547383"><ele>529.23</ele></trkpt>
<trkpt lat="43.3709217" lon="5.8547117"><ele>528.87</ele></trkpt>
<trkpt lat="43.370895" lon="5.854688299999999"><ele>528.35</ele></trkpt>
<trkpt lat="43.37087" lon="5.854665000000001"><ele>527.9</ele></trkpt>
<trkpt lat="43.3708483" lon="5.8546383"><ele>527.65</ele></trkpt>
<trkpt lat="43.37082" lon="5.8546033"><ele>527.57</ele></trkpt>
<trkpt lat="43.3707933" lon="5.854575000000001"><ele>527.79</ele></trkpt>
<trkpt lat="43.37076" lon="5.8545483"><ele>528.36</ele></trkpt>
<trkpt lat="43.3707267" lon="5.8545217"><ele>528.96</ele></trkpt>
<trkpt lat="43.3707033" lon="5.8545017"><ele>529.21</ele></trkpt>
<trkpt lat="43.3706717" lon="5.8544733"><ele>529.88</ele></trkpt>
<trkpt lat="43.37064" lon="5.8544483"><ele>530.64</ele></trkpt>
<trkpt lat="43.3706133" lon="5.8544267"><ele>531.33</ele></trkpt>
<trkpt lat="43.3705817" lon="5.8544033"><ele>531.84</ele></trkpt>
<trkpt lat="43.3705517" lon="5.8543717"><ele>532.36</ele></trkpt>
<trkpt lat="43.3705217" lon="5.8543433"><ele>532.86</ele></trkpt>
<trkpt lat="43.3704917" lon="5.854311699999999"><ele>533.29</ele></trkpt>
<trkpt lat="43.370465" lon="5.854285"><ele>533.08</ele></trkpt>
<trkpt lat="43.3704417" lon="5.8542633"><ele>532.95</ele></trkpt>
<trkpt lat="43.370415" lon="5.8542467"><ele>533.07</ele></trkpt>
<trkpt lat="43.3703883" lon="5.854233300000001"><ele>533.49</ele></trkpt>
<trkpt lat="43.370365" lon="5.854213299999999"><ele>533.77</ele></trkpt>
<trkpt lat="43.3703417" lon="5.8541933"><ele>533.91</ele></trkpt>
<trkpt lat="43.3703167" lon="5.8541717"><ele>533.85</ele></trkpt>
<trkpt lat="43.3702883" lon="5.8541633"><ele>533.51</ele></trkpt>
<trkpt lat="43.370255" lon="5.8541633"><ele>533.25</ele></trkpt>
<trkpt lat="43.3702267" lon="5.854175"><ele>532.83</ele></trkpt>
<trkpt lat="43.370195" lon="5.85417"><ele>533</ele></trkpt>
<trkpt lat="43.3701583" lon="5.854164999999999"><ele>533.24</ele></trkpt>
<trkpt lat="43.3701217" lon="5.854164999999999"><ele>532.99</ele></trkpt>
<trkpt lat="43.3700883" lon="5.854145"><ele>532.78</ele></trkpt>
<trkpt lat="43.3700633" lon="5.854108300000001"><ele>532.37</ele></trkpt>
<trkpt lat="43.3700367" lon="5.8540667"><ele>532.01</ele></trkpt>
<trkpt lat="43.3700133" lon="5.8540283"><ele>531.82</ele></trkpt>
<trkpt lat="43.3699883" lon="5.8539983"><ele>531.74</ele></trkpt>
<trkpt lat="43.3699567" lon="5.8539667"><ele>531.73</ele></trkpt>
<trkpt lat="43.369925" lon="5.853945"><ele>531.73</ele></trkpt>
<trkpt lat="43.3698933" lon="5.8539417"><ele>532.09</ele></trkpt>
<trkpt lat="43.369865" lon="5.8539433"><ele>532.82</ele></trkpt>
<trkpt lat="43.36983" lon="5.8539517"><ele>533.19</ele></trkpt>
<trkpt lat="43.3697933" lon="5.853948300000001"><ele>534.21</ele></trkpt>
<trkpt lat="43.3697583" lon="5.85395"><ele>535.15</ele></trkpt>
<trkpt lat="43.3697267" lon="5.853946700000001"><ele>535.59</ele></trkpt>
<trkpt lat="43.3697033" lon="5.853924999999999"><ele>535.9</ele></trkpt>
<trkpt lat="43.36968" lon="5.853895"><ele>536.1</ele></trkpt>
<trkpt lat="43.36966" lon="5.853856700000001"><ele>536.4</ele></trkpt>
<trkpt lat="43.3696433" lon="5.8538167"><ele>536.51</ele></trkpt>
<trkpt lat="43.3696283" lon="5.853775"><ele>536.8</ele></trkpt>
<trkpt lat="43.3696133" lon="5.8537383"><ele>536.84</ele></trkpt>
<trkpt lat="43.36959" lon="5.8537117"><ele>537.12</ele></trkpt>
<trkpt lat="43.36956" lon="5.8536833"><ele>537.33</ele></trkpt>
<trkpt lat="43.369535" lon="5.853663300000001"><ele>537.6</ele></trkpt>
<trkpt lat="43.3695117" lon="5.8536383"><ele>537.73</ele></trkpt>
<trkpt lat="43.3694883" lon="5.853616700000001"><ele>537.86</ele></trkpt>
<trkpt lat="43.3694633" lon="5.8536017"><ele>537.75</ele></trkpt>
<trkpt lat="43.369435" lon="5.8535917"><ele>537.83</ele></trkpt>
<trkpt lat="43.3694033" lon="5.853583300000001"><ele>537.75</ele></trkpt>
<trkpt lat="43.3693733" lon="5.8535883"><ele>537.94</ele></trkpt>
<trkpt lat="43.369345" lon="5.8535783"><ele>538.22</ele></trkpt>
<trkpt lat="43.3693167" lon="5.8535667"><ele>538.5</ele></trkpt>
<trkpt lat="43.369285" lon="5.8535683"><ele>538.98</ele></trkpt>
<trkpt lat="43.3692567" lon="5.853571700000001"><ele>539.39</ele></trkpt>
<trkpt lat="43.369225" lon="5.853565"><ele>539.01</ele></trkpt>
<trkpt lat="43.36919" lon="5.85356"><ele>538.67</ele></trkpt>
<trkpt lat="43.36917" lon="5.853594999999999"><ele>537.53</ele></trkpt>
<trkpt lat="43.3691933" lon="5.853616700000001"><ele>539.86</ele></trkpt>
<trkpt lat="43.3692017" lon="5.853655"><ele>541.35</ele></trkpt>
<trkpt lat="43.3692183" lon="5.853695"><ele>541.5</ele></trkpt>
<trkpt lat="43.369235" lon="5.8537283"><ele>541.69</ele></trkpt>
<trkpt lat="43.369255" lon="5.8537617"><ele>542.42</ele></trkpt>
<trkpt lat="43.3692717" lon="5.8537983"><ele>543.81</ele></trkpt>
<trkpt lat="43.3692883" lon="5.8538417"><ele>544.58</ele></trkpt>
<trkpt lat="43.3693083" lon="5.853879999999999"><ele>544.99</ele></trkpt>
<trkpt lat="43.3693233" lon="5.853911700000001"><ele>545.35</ele></trkpt>
<trkpt lat="43.36934" lon="5.8539417"><ele>545.91</ele></trkpt>
<trkpt lat="43.3693567" lon="5.8539867"><ele>546.48</ele></trkpt>
<trkpt lat="43.36936" lon="5.854025"><ele>546.6</ele></trkpt>
<trkpt lat="43.369365" lon="5.8540783"><ele>546.73</ele></trkpt>
<trkpt lat="43.3693683" lon="5.854125"><ele>546.65</ele></trkpt>
<trkpt lat="43.3693717" lon="5.854164999999999"><ele>546.54</ele></trkpt>
<trkpt lat="43.3693867" lon="5.854196700000001"><ele>546.7</ele></trkpt>
<trkpt lat="43.3694" lon="5.854235"><ele>547.12</ele></trkpt>
<trkpt lat="43.36942" lon="5.8542733"><ele>547.37</ele></trkpt>
<trkpt lat="43.36943" lon="5.85432"><ele>547.51</ele></trkpt>
<trkpt lat="43.3694467" lon="5.8543717"><ele>547.38</ele></trkpt>
<trkpt lat="43.3694583" lon="5.8544117"><ele>547.18</ele></trkpt>
<trkpt lat="43.369485" lon="5.8544567"><ele>547.29</ele></trkpt>
<trkpt lat="43.369495" lon="5.8545"><ele>547.26</ele></trkpt>
<trkpt lat="43.3695083" lon="5.854543299999999"><ele>547.54</ele></trkpt>
<trkpt lat="43.3695133" lon="5.8545833"><ele>548.05</ele></trkpt>
<trkpt lat="43.36952" lon="5.8546267"><ele>547.75</ele></trkpt>
<trkpt lat="43.3695333" lon="5.8546667"><ele>547.55</ele></trkpt>
<trkpt lat="43.3695517" lon="5.854703299999999"><ele>547.38</ele></trkpt>
<trkpt lat="43.3695667" lon="5.8547367"><ele>547.27</ele></trkpt>
<trkpt lat="43.3695767" lon="5.8547717"><ele>547.24</ele></trkpt>
<trkpt lat="43.3695917" lon="5.85482"><ele>547.2</ele></trkpt>
<trkpt lat="43.369605" lon="5.8548533"><ele>547.42</ele></trkpt>
<trkpt lat="43.3696133" lon="5.8548933"><ele>547.67</ele></trkpt>
<trkpt lat="43.3696233" lon="5.85493"><ele>547.93</ele></trkpt>
<trkpt lat="43.3696283" lon="5.85497"><ele>548.27</ele></trkpt>
<trkpt lat="43.3696317" lon="5.85501"><ele>548.44</ele></trkpt>
<trkpt lat="43.3696383" lon="5.855051700000001"><ele>548.21</ele></trkpt>
<trkpt lat="43.3696483" lon="5.8551017"><ele>548.06</ele></trkpt>
<trkpt lat="43.3696617" lon="5.8551467"><ele>547.93</ele></trkpt>
<trkpt lat="43.369675" lon="5.85519"><ele>548.1</ele></trkpt>
<trkpt lat="43.3696917" lon="5.8552217"><ele>548.45</ele></trkpt>
<trkpt lat="43.3697183" lon="5.8552533"><ele>548.47</ele></trkpt>
<trkpt lat="43.3697417" lon="5.8552867"><ele>548.51</ele></trkpt>
<trkpt lat="43.3697617" lon="5.85532"><ele>548.59</ele></trkpt>
<trkpt lat="43.369785" lon="5.855355"><ele>548.55</ele></trkpt>
<trkpt lat="43.3698033" lon="5.855391700000001"><ele>548.9</ele></trkpt>
<trkpt lat="43.3698183" lon="5.8554233"><ele>549.31</ele></trkpt>
<trkpt lat="43.3698417" lon="5.8554467"><ele>549.14</ele></trkpt>
<trkpt lat="43.3698583" lon="5.8554767"><ele>549.33</ele></trkpt>
<trkpt lat="43.3698867" lon="5.855496699999999"><ele>549.44</ele></trkpt>
<trkpt lat="43.369915" lon="5.855505"><ele>549.63</ele></trkpt>
<trkpt lat="43.3699417" lon="5.85552"><ele>549.74</ele></trkpt>
<trkpt lat="43.36997" lon="5.8555333"><ele>549.93</ele></trkpt>
<trkpt lat="43.3699983" lon="5.8555567"><ele>550.06</ele></trkpt>
<trkpt lat="43.370025" lon="5.8555917"><ele>549.95</ele></trkpt>
<trkpt lat="43.3700517" lon="5.8556233"><ele>549.94</ele></trkpt>
<trkpt lat="43.3700767" lon="5.855655"><ele>549.94</ele></trkpt>
<trkpt lat="43.370105" lon="5.855685"><ele>549.89</ele></trkpt>
<trkpt lat="43.3701317" lon="5.8557"><ele>549.74</ele></trkpt>
<trkpt lat="43.3701667" lon="5.8557183"><ele>549.84</ele></trkpt>
<trkpt lat="43.370195" lon="5.8557283"><ele>549.65</ele></trkpt>
<trkpt lat="43.3702217" lon="5.855738299999999"><ele>549.56</ele></trkpt>
<trkpt lat="43.370255" lon="5.855736699999999"><ele>548.99</ele></trkpt>
<trkpt lat="43.3702883" lon="5.8557333"><ele>548.22</ele></trkpt>
<trkpt lat="43.3703217" lon="5.855725000000001"><ele>547.62</ele></trkpt>
<trkpt lat="43.370355" lon="5.85572"><ele>547.58</ele></trkpt>
<trkpt lat="43.3703917" lon="5.8557283"><ele>548.29</ele></trkpt>
<trkpt lat="43.3704183" lon="5.85575"><ele>549.23</ele></trkpt>
<trkpt lat="43.37044" lon="5.8557783"><ele>549.53</ele></trkpt>
<trkpt lat="43.3704633" lon="5.8558083"><ele>549.55</ele></trkpt>
<trkpt lat="43.370485" lon="5.855838299999999"><ele>550.05</ele></trkpt>
<trkpt lat="43.3705067" lon="5.855871699999999"><ele>550.58</ele></trkpt>
<trkpt lat="43.3705233" lon="5.8559033"><ele>550.92</ele></trkpt>
<trkpt lat="43.3705467" lon="5.8559383"><ele>551.31</ele></trkpt>
<trkpt lat="43.3705683" lon="5.85597"><ele>551.61</ele></trkpt>
<trkpt lat="43.3705933" lon="5.855988299999999"><ele>552.07</ele></trkpt>
<trkpt lat="43.3706217" lon="5.856005"><ele>552.56</ele></trkpt>
<trkpt lat="43.370645" lon="5.856033299999999"><ele>552.92</ele></trkpt>
<trkpt lat="43.37066" lon="5.8560717"><ele>553.27</ele></trkpt>
<trkpt lat="43.3706683" lon="5.85612"><ele>553.5</ele></trkpt>
<trkpt lat="43.3706733" lon="5.856165"><ele>553.64</ele></trkpt>
<trkpt lat="43.37068" lon="5.856203300000001"><ele>553.64</ele></trkpt>
<trkpt lat="43.3707033" lon="5.8562417"><ele>553.83</ele></trkpt>
<trkpt lat="43.370725" lon="5.8562767"><ele>553.84</ele></trkpt>
<trkpt lat="43.3707417" lon="5.856318299999999"><ele>553.85</ele></trkpt>
<trkpt lat="43.3707417" lon="5.8563583"><ele>554.04</ele></trkpt>
<trkpt lat="43.370735" lon="5.856395000000001"><ele>554.05</ele></trkpt>
<trkpt lat="43.3707483" lon="5.8564383"><ele>554.01</ele></trkpt>
<trkpt lat="43.37077" lon="5.8564667"><ele>554.31</ele></trkpt>
<trkpt lat="43.3707933" lon="5.856499999999999"><ele>554.43</ele></trkpt>
<trkpt lat="43.3708117" lon="5.856531700000001"><ele>554.7</ele></trkpt>
<trkpt lat="43.3708283" lon="5.8565617"><ele>554.87</ele></trkpt>
<trkpt lat="43.3708433" lon="5.856599999999999"><ele>555.47</ele></trkpt>
<trkpt lat="43.37086" lon="5.85663"><ele>555.43</ele></trkpt>
<trkpt lat="43.3708683" lon="5.85667"><ele>555.28</ele></trkpt>
<trkpt lat="43.3708733" lon="5.8567233"><ele>554.38</ele></trkpt>
<trkpt lat="43.3708783" lon="5.85676"><ele>554.39</ele></trkpt>
<trkpt lat="43.3708917" lon="5.856805"><ele>554.6</ele></trkpt>
<trkpt lat="43.3709067" lon="5.8568517"><ele>554.54</ele></trkpt>
<trkpt lat="43.37092" lon="5.856884999999999"><ele>554.2</ele></trkpt>
<trkpt lat="43.3709367" lon="5.856929999999999"><ele>553.8</ele></trkpt>
<trkpt lat="43.3709517" lon="5.85697"><ele>553.48</ele></trkpt>
<trkpt lat="43.3709667" lon="5.857015"><ele>553.07</ele></trkpt>
<trkpt lat="43.3709783" lon="5.8570567"><ele>553.09</ele></trkpt>
<trkpt lat="43.3709933" lon="5.8570883"><ele>552.94</ele></trkpt>
<trkpt lat="43.3710083" lon="5.8571283"><ele>552.94</ele></trkpt>
<trkpt lat="43.3710267" lon="5.8571667"><ele>553.01</ele></trkpt>
<trkpt lat="43.371045" lon="5.8572"><ele>553.3</ele></trkpt>
<trkpt lat="43.371055" lon="5.857238300000001"><ele>553.57</ele></trkpt>
<trkpt lat="43.3710633" lon="5.8572767"><ele>554.12</ele></trkpt>
<trkpt lat="43.3710767" lon="5.857316699999999"><ele>554.5</ele></trkpt>
<trkpt lat="43.3710833" lon="5.85736"><ele>554.54</ele></trkpt>
<trkpt lat="43.3710883" lon="5.857409999999999"><ele>554.63</ele></trkpt>
<trkpt lat="43.371095" lon="5.8574467"><ele>554.71</ele></trkpt>
<trkpt lat="43.3711017" lon="5.8574967"><ele>554.66</ele></trkpt>
<trkpt lat="43.3711117" lon="5.8575483"><ele>554.73</ele></trkpt>
<trkpt lat="43.37112" lon="5.857589999999999"><ele>554.72</ele></trkpt>
<trkpt lat="43.371135" lon="5.8576317"><ele>554.94</ele></trkpt>
<trkpt lat="43.371155" lon="5.8576683"><ele>554.78</ele></trkpt>
<trkpt lat="43.3711767" lon="5.8577"><ele>554.32</ele></trkpt>
<trkpt lat="43.3712067" lon="5.8577233"><ele>553.56</ele></trkpt>
<trkpt lat="43.3712417" lon="5.857739999999999"><ele>553.28</ele></trkpt>
<trkpt lat="43.3712767" lon="5.8577433"><ele>553.17</ele></trkpt>
<trkpt lat="43.3713133" lon="5.8577467"><ele>553.14</ele></trkpt>
<trkpt lat="43.3713483" lon="5.8577433"><ele>552.77</ele></trkpt>
<trkpt lat="43.3713783" lon="5.857739999999999"><ele>552.58</ele></trkpt>
<trkpt lat="43.37141" lon="5.857749999999999"><ele>552.29</ele></trkpt>
<trkpt lat="43.3714417" lon="5.8577583"><ele>552.17</ele></trkpt>
<trkpt lat="43.3714717" lon="5.857775"><ele>552.11</ele></trkpt>
<trkpt lat="43.3715033" lon="5.85779"><ele>552.93</ele></trkpt>
<trkpt lat="43.37153" lon="5.8578017"><ele>553.3</ele></trkpt>
<trkpt lat="43.3715583" lon="5.8578367"><ele>553.44</ele></trkpt>
<trkpt lat="43.3715833" lon="5.857865"><ele>553.64</ele></trkpt>
<trkpt lat="43.3715983" lon="5.857906700000001"><ele>553.83</ele></trkpt>
<trkpt lat="43.37162" lon="5.857933299999999"><ele>553.08</ele></trkpt>
<trkpt lat="43.3716183" lon="5.857976699999999"><ele>552.94</ele></trkpt>
<trkpt lat="43.371605" lon="5.858015"><ele>552.78</ele></trkpt>
<trkpt lat="43.3715767" lon="5.8580367"><ele>552.56</ele></trkpt>
<trkpt lat="43.371545" lon="5.8580367"><ele>552.38</ele></trkpt>
<trkpt lat="43.371515" lon="5.858034999999999"><ele>552.43</ele></trkpt>
<trkpt lat="43.371485" lon="5.858034999999999"><ele>552.25</ele></trkpt>
<trkpt lat="43.371455" lon="5.858024999999999"><ele>552.17</ele></trkpt>
<trkpt lat="43.3714267" lon="5.8580017"><ele>552.07</ele></trkpt>
<trkpt lat="43.3713967" lon="5.8579817"><ele>551.81</ele></trkpt>
<trkpt lat="43.371365" lon="5.85797"><ele>551.39</ele></trkpt>
<trkpt lat="43.371335" lon="5.857965000000001"><ele>550.92</ele></trkpt>
<trkpt lat="43.3713067" lon="5.85797"><ele>550.08</ele></trkpt>
<trkpt lat="43.3712683" lon="5.8579717"><ele>549</ele></trkpt>
<trkpt lat="43.3712383" lon="5.8579817"><ele>548.4</ele></trkpt>
<trkpt lat="43.3712083" lon="5.8579883"><ele>547.73</ele></trkpt>
<trkpt lat="43.371185" lon="5.8580183"><ele>547.29</ele></trkpt>
<trkpt lat="43.3711583" lon="5.8580433"><ele>547.27</ele></trkpt>
<trkpt lat="43.3711267" lon="5.858055000000001"><ele>546.87</ele></trkpt>
<trkpt lat="43.3710967" lon="5.858075"><ele>546.65</ele></trkpt>
<trkpt lat="43.3710683" lon="5.8580917"><ele>546.45</ele></trkpt>
<trkpt lat="43.3710417" lon="5.8581067"><ele>546.13</ele></trkpt>
<trkpt lat="43.3710117" lon="5.8581267"><ele>545.92</ele></trkpt>
<trkpt lat="43.3709833" lon="5.858145000000001"><ele>546.32</ele></trkpt>
<trkpt lat="43.370955" lon="5.858155"><ele>546.25</ele></trkpt>
<trkpt lat="43.3709283" lon="5.858165"><ele>546.08</ele></trkpt>
<trkpt lat="43.370895" lon="5.858165"><ele>546.13</ele></trkpt>
<trkpt lat="43.370865" lon="5.8581533"><ele>545.88</ele></trkpt>
<trkpt lat="43.3708383" lon="5.8581383"><ele>545.49</ele></trkpt>
<trkpt lat="43.370805" lon="5.8581267"><ele>545.18</ele></trkpt>
<trkpt lat="43.3707733" lon="5.85812"><ele>544.81</ele></trkpt>
<trkpt lat="43.3708083" lon="5.8581617"><ele>547.99</ele></trkpt>
<trkpt lat="43.3708317" lon="5.8581817"><ele>548.54</ele></trkpt>
<trkpt lat="43.3708617" lon="5.858185"><ele>548.8</ele></trkpt>
<trkpt lat="43.3708917" lon="5.8581783"><ele>549</ele></trkpt>
<trkpt lat="43.37092" lon="5.8581683"><ele>549.31</ele></trkpt>
<trkpt lat="43.37095" lon="5.858156700000001"><ele>549.43</ele></trkpt>
<trkpt lat="43.370975" lon="5.8581417"><ele>549.7</ele></trkpt>
<trkpt lat="43.3710067" lon="5.858124999999999"><ele>549.93</ele></trkpt>
<trkpt lat="43.3710367" lon="5.858105"><ele>550.36</ele></trkpt>
<trkpt lat="43.37107" lon="5.8580883"><ele>550.98</ele></trkpt>
<trkpt lat="43.371095" lon="5.8580733"><ele>550.95</ele></trkpt>
<trkpt lat="43.3711217" lon="5.858055000000001"><ele>551.36</ele></trkpt>
<trkpt lat="43.3711417" lon="5.858023299999999"><ele>551.64</ele></trkpt>
<trkpt lat="43.37117" lon="5.8580033"><ele>552.14</ele></trkpt>
<trkpt lat="43.371205" lon="5.8579917"><ele>552.47</ele></trkpt>
<trkpt lat="43.3712367" lon="5.8579717"><ele>552.82</ele></trkpt>
<trkpt lat="43.3712717" lon="5.85796"><ele>553.4</ele></trkpt>
<trkpt lat="43.3713017" lon="5.857955"><ele>553.44</ele></trkpt>
<trkpt lat="43.3713317" lon="5.857951700000001"><ele>552.96</ele></trkpt>
<trkpt lat="43.3713617" lon="5.857951700000001"><ele>552.39</ele></trkpt>
<trkpt lat="43.37139" lon="5.8579633"><ele>551.93</ele></trkpt>
<trkpt lat="43.371415" lon="5.85798"><ele>552</ele></trkpt>
<trkpt lat="43.3714417" lon="5.8579983"><ele>552.46</ele></trkpt>
<trkpt lat="43.3714783" lon="5.85802"><ele>552.95</ele></trkpt>
<trkpt lat="43.371505" lon="5.858041700000001"><ele>553.33</ele></trkpt>
<trkpt lat="43.37154" lon="5.8580517"><ele>552.95</ele></trkpt>
<trkpt lat="43.3715833" lon="5.8580467"><ele>552.69</ele></trkpt>
<trkpt lat="43.3716117" lon="5.85803"><ele>552.29</ele></trkpt>
<trkpt lat="43.3716483" lon="5.8580333"><ele>552.15</ele></trkpt>
<trkpt lat="43.371675" lon="5.858075"><ele>552.22</ele></trkpt>
<trkpt lat="43.371685" lon="5.858111699999999"><ele>552.72</ele></trkpt>
<trkpt lat="43.3716883" lon="5.8581617"><ele>553.69</ele></trkpt>
<trkpt lat="43.371695" lon="5.8582"><ele>554.45</ele></trkpt>
<trkpt lat="43.3717067" lon="5.858235"><ele>554.93</ele></trkpt>
<trkpt lat="43.3717167" lon="5.8582867"><ele>555.82</ele></trkpt>
<trkpt lat="43.3717183" lon="5.858340000000001"><ele>555.68</ele></trkpt>
<trkpt lat="43.371725" lon="5.8583817"><ele>555.72</ele></trkpt>
<trkpt lat="43.371735" lon="5.85842"><ele>555.83</ele></trkpt>
<trkpt lat="43.3717433" lon="5.8584617"><ele>554.7</ele></trkpt>
<trkpt lat="43.3717517" lon="5.8585067"><ele>554.72</ele></trkpt>
<trkpt lat="43.3717533" lon="5.858565"><ele>551.67</ele></trkpt>
<trkpt lat="43.3717533" lon="5.8586033"><ele>552.39</ele></trkpt>
<trkpt lat="43.3717583" lon="5.8586433"><ele>553.02</ele></trkpt>
<trkpt lat="43.3717633" lon="5.858694999999999"><ele>553.64</ele></trkpt>
<trkpt lat="43.371775" lon="5.8587433"><ele>554.63</ele></trkpt>
<trkpt lat="43.37179" lon="5.8587833"><ele>555.26</ele></trkpt>
<trkpt lat="43.37179" lon="5.8588233"><ele>555.59</ele></trkpt>
<trkpt lat="43.3717967" lon="5.858865000000001"><ele>553.36</ele></trkpt>
<trkpt lat="43.3718033" lon="5.8589167"><ele>553.72</ele></trkpt>
<trkpt lat="43.37181" lon="5.8589533"><ele>554.06</ele></trkpt>
<trkpt lat="43.371815" lon="5.8589967"><ele>554.98</ele></trkpt>
<trkpt lat="43.3718067" lon="5.8590367"><ele>556.54</ele></trkpt>
<trkpt lat="43.3717883" lon="5.8590667"><ele>559.47</ele></trkpt>
<trkpt lat="43.3717917" lon="5.859015"><ele>559.35</ele></trkpt>
<trkpt lat="43.37179" lon="5.858975"><ele>558</ele></trkpt>
<trkpt lat="43.3717917" lon="5.8590183"><ele>553.53</ele></trkpt>
<trkpt lat="43.3717817" lon="5.8590617"><ele>552.63</ele></trkpt>
<trkpt lat="43.3717683" lon="5.85911"><ele>552.06</ele></trkpt>
<trkpt lat="43.3717633" lon="5.859146700000001"><ele>552.08</ele></trkpt>
<trkpt lat="43.3717417" lon="5.85918"><ele>552.38</ele></trkpt>
<trkpt lat="43.371715" lon="5.859208300000001"><ele>552.34</ele></trkpt>
<trkpt lat="43.3716933" lon="5.859235"><ele>552.18</ele></trkpt>
<trkpt lat="43.3716733" lon="5.859261699999999"><ele>552.17</ele></trkpt>
<trkpt lat="43.37165" lon="5.859285000000001"><ele>552.23</ele></trkpt>
<trkpt lat="43.37162" lon="5.8593117"><ele>551.5</ele></trkpt>
<trkpt lat="43.37159" lon="5.859341700000001"><ele>551.39</ele></trkpt>
<trkpt lat="43.3715767" lon="5.85938"><ele>551.8</ele></trkpt>
<trkpt lat="43.37156" lon="5.8594183"><ele>551.84</ele></trkpt>
<trkpt lat="43.37154" lon="5.8594483"><ele>551.8</ele></trkpt>
<trkpt lat="43.3715183" lon="5.8594817"><ele>551.73</ele></trkpt>
<trkpt lat="43.371485" lon="5.8594817"><ele>550.95</ele></trkpt>
<trkpt lat="43.371455" lon="5.8594883"><ele>550.28</ele></trkpt>
<trkpt lat="43.371425" lon="5.8595"><ele>549.8</ele></trkpt>
<trkpt lat="43.3713933" lon="5.8595117"><ele>549.39</ele></trkpt>
<trkpt lat="43.371365" lon="5.85952"><ele>548.41</ele></trkpt>
<trkpt lat="43.3713317" lon="5.8595283"><ele>547.7</ele></trkpt>
<trkpt lat="43.3712967" lon="5.859525000000001"><ele>547.3</ele></trkpt>
<trkpt lat="43.3712617" lon="5.8595183"><ele>547.51</ele></trkpt>
<trkpt lat="43.3712317" lon="5.85952"><ele>548.11</ele></trkpt>
<trkpt lat="43.3712017" lon="5.859525000000001"><ele>548.78</ele></trkpt>
<trkpt lat="43.37117" lon="5.85953"><ele>550.02</ele></trkpt>
<trkpt lat="43.3711433" lon="5.859521700000001"><ele>550.75</ele></trkpt>
<trkpt lat="43.3711117" lon="5.8595167"><ele>551.03</ele></trkpt>
<trkpt lat="43.3710833" lon="5.8595233"><ele>550.74</ele></trkpt>
<trkpt lat="43.3710533" lon="5.859525000000001"><ele>549.85</ele></trkpt>
<trkpt lat="43.3710283" lon="5.859505"><ele>547.91</ele></trkpt>
<trkpt lat="43.37101" lon="5.85947"><ele>546.85</ele></trkpt>
<trkpt lat="43.3710017" lon="5.859433300000001"><ele>546.33</ele></trkpt>
<trkpt lat="43.37098" lon="5.8593983"><ele>545.71</ele></trkpt>
<trkpt lat="43.370955" lon="5.8593717"><ele>545.25</ele></trkpt>
<trkpt lat="43.3709333" lon="5.859343300000001"><ele>544.31</ele></trkpt>
<trkpt lat="43.370915" lon="5.859306699999999"><ele>542.73</ele></trkpt>
<trkpt lat="43.3708983" lon="5.8592767"><ele>542.11</ele></trkpt>
<trkpt lat="43.3708717" lon="5.85926"><ele>541.73</ele></trkpt>
<trkpt lat="43.3708433" lon="5.8592483"><ele>541.19</ele></trkpt>
<trkpt lat="43.370815" lon="5.8592383"><ele>540.92</ele></trkpt>
<trkpt lat="43.3707867" lon="5.859235"><ele>540.05</ele></trkpt>
<trkpt lat="43.3707567" lon="5.859245"><ele>539.45</ele></trkpt>
<trkpt lat="43.3707333" lon="5.8592767"><ele>538.88</ele></trkpt>
<trkpt lat="43.370705" lon="5.859295000000001"><ele>537.84</ele></trkpt>
<trkpt lat="43.3706767" lon="5.8592867"><ele>537.58</ele></trkpt>
<trkpt lat="43.3706483" lon="5.8592783"><ele>537.47</ele></trkpt>
<trkpt lat="43.3706133" lon="5.8592567"><ele>536.98</ele></trkpt>
<trkpt lat="43.3705767" lon="5.8592433"><ele>536.84</ele></trkpt>
<trkpt lat="43.3705417" lon="5.859261699999999"><ele>536.52</ele></trkpt>
<trkpt lat="43.3705067" lon="5.85926"><ele>535.98</ele></trkpt>
<trkpt lat="43.3704733" lon="5.8592717"><ele>534.95</ele></trkpt>
<trkpt lat="43.3704467" lon="5.8592933"><ele>534.87</ele></trkpt>
<trkpt lat="43.370415" lon="5.8592917"><ele>535.23</ele></trkpt>
<trkpt lat="43.370385" lon="5.8592883"><ele>536.17</ele></trkpt>
<trkpt lat="43.370355" lon="5.8592867"><ele>536.56</ele></trkpt>
<trkpt lat="43.37032" lon="5.8592917"><ele>536.51</ele></trkpt>
<trkpt lat="43.3702933" lon="5.8593"><ele>537.05</ele></trkpt>
<trkpt lat="43.3702633" lon="5.8593183"><ele>537.66</ele></trkpt>
<trkpt lat="43.3702517" lon="5.859353300000001"><ele>538.31</ele></trkpt>
<trkpt lat="43.3702833" lon="5.8593567"><ele>537.4</ele></trkpt>
<trkpt lat="43.3702767" lon="5.859399999999999"><ele>535.69</ele></trkpt>
<trkpt lat="43.370255" lon="5.8594283"><ele>535.63</ele></trkpt>
<trkpt lat="43.3702317" lon="5.85946"><ele>535.99</ele></trkpt>
<trkpt lat="43.370205" lon="5.8594433"><ele>536.39</ele></trkpt>
<trkpt lat="43.3701767" lon="5.859433300000001"><ele>537.16</ele></trkpt>
<trkpt lat="43.3701617" lon="5.8594017"><ele>537.52</ele></trkpt>
<trkpt lat="43.3701367" lon="5.85942"><ele>536.85</ele></trkpt>
<trkpt lat="43.3701117" lon="5.859435"><ele>536.91</ele></trkpt>
<trkpt lat="43.3700833" lon="5.859455"><ele>536.56</ele></trkpt>
<trkpt lat="43.3700817" lon="5.8594933"><ele>536.7</ele></trkpt>
<trkpt lat="43.3700817" lon="5.8595317"><ele>536.34</ele></trkpt>
<trkpt lat="43.370095" lon="5.8594983"><ele>535.26</ele></trkpt>
<trkpt lat="43.3700817" lon="5.8595317"><ele>530.78</ele></trkpt>
<trkpt lat="43.370065" lon="5.8595633"><ele>530.57</ele></trkpt>
<trkpt lat="43.3700583" lon="5.8596"><ele>529.81</ele></trkpt>
<trkpt lat="43.3700467" lon="5.8596467"><ele>528.92</ele></trkpt>
<trkpt lat="43.37004" lon="5.8596867"><ele>528.21</ele></trkpt>
<trkpt lat="43.3700333" lon="5.859725"><ele>527.45</ele></trkpt>
<trkpt lat="43.3700267" lon="5.859765"><ele>526.84</ele></trkpt>
<trkpt lat="43.3700217" lon="5.8598017"><ele>525.71</ele></trkpt>
<trkpt lat="43.37002" lon="5.8598467"><ele>524.68</ele></trkpt>
<trkpt lat="43.3700183" lon="5.8598933"><ele>523.88</ele></trkpt>
<trkpt lat="43.3700333" lon="5.859934999999999"><ele>522.3</ele></trkpt>
<trkpt lat="43.370055" lon="5.8599617"><ele>521.09</ele></trkpt>
<trkpt lat="43.3700533" lon="5.860001700000001"><ele>520.31</ele></trkpt>
<trkpt lat="43.370035" lon="5.8600533"><ele>519.74</ele></trkpt>
<trkpt lat="43.3700233" lon="5.86009"><ele>519.05</ele></trkpt>
<trkpt lat="43.37005" lon="5.86012"><ele>518.34</ele></trkpt>
<trkpt lat="43.3700783" lon="5.86014"><ele>518.13</ele></trkpt>
<trkpt lat="43.3700867" lon="5.8601783"><ele>516.91</ele></trkpt>
<trkpt lat="43.37005" lon="5.8602167"><ele>516.3</ele></trkpt>
<trkpt lat="43.3700233" lon="5.8602267"><ele>516.32</ele></trkpt>
<trkpt lat="43.3700517" lon="5.8602217"><ele>516.78</ele></trkpt>
<trkpt lat="43.3699967" lon="5.8602217"><ele>515.31</ele></trkpt>
<trkpt lat="43.3699383" lon="5.860278299999999"><ele>514.99</ele></trkpt>
<trkpt lat="43.369935" lon="5.8603183"><ele>515.13</ele></trkpt>
<trkpt lat="43.3699267" lon="5.860358299999999"><ele>514.32</ele></trkpt>
<trkpt lat="43.3699233" lon="5.8604067"><ele>513.97</ele></trkpt>
<trkpt lat="43.36991" lon="5.860445000000001"><ele>513.39</ele></trkpt>
<trkpt lat="43.3698983" lon="5.860480000000001"><ele>512.9</ele></trkpt>
<trkpt lat="43.3698817" lon="5.860514999999999"><ele>512.18</ele></trkpt>
<trkpt lat="43.3698667" lon="5.8605467"><ele>511.6100000000001</ele></trkpt>
<trkpt lat="43.3698433" lon="5.860570000000001"><ele>511.0199999999999</ele></trkpt>
<trkpt lat="43.3698183" lon="5.860585"><ele>510.29</ele></trkpt>
<trkpt lat="43.3698083" lon="5.860626700000001"><ele>509.94</ele></trkpt>
<trkpt lat="43.3698033" lon="5.860665"><ele>509.5699999999999</ele></trkpt>
<trkpt lat="43.3697833" lon="5.8606917"><ele>508.66</ele></trkpt>
<trkpt lat="43.36977" lon="5.860730000000001"><ele>508.0899999999999</ele></trkpt>
<trkpt lat="43.3697433" lon="5.860754999999999"><ele>507.33</ele></trkpt>
<trkpt lat="43.36972" lon="5.86078"><ele>506.1899999999999</ele></trkpt>
<trkpt lat="43.3696917" lon="5.860788299999999"><ele>505.61</ele></trkpt>
<trkpt lat="43.3696617" lon="5.860786699999999"><ele>504.86</ele></trkpt>
<trkpt lat="43.36963" lon="5.860775000000001"><ele>503.42</ele></trkpt>
<trkpt lat="43.3696083" lon="5.8607517"><ele>502.1299999999999</ele></trkpt>
<trkpt lat="43.369575" lon="5.8607483"><ele>500.76</ele></trkpt>
<trkpt lat="43.3695633" lon="5.860785"><ele>498.61</ele></trkpt>
<trkpt lat="43.3695733" lon="5.860823300000001"><ele>497.13</ele></trkpt>
<trkpt lat="43.3695667" lon="5.8608633"><ele>496.3899999999999</ele></trkpt>
<trkpt lat="43.369545" lon="5.8608883"><ele>495.66</ele></trkpt>
<trkpt lat="43.3695333" lon="5.8609233"><ele>494.73</ele></trkpt>
<trkpt lat="43.3695167" lon="5.8609533"><ele>493.66</ele></trkpt>
<trkpt lat="43.3694983" lon="5.8609883"><ele>492.06</ele></trkpt>
<trkpt lat="43.3694717" lon="5.8610117"><ele>490.72</ele></trkpt>
<trkpt lat="43.3694433" lon="5.8610333"><ele>490.11</ele></trkpt>
<trkpt lat="43.3694267" lon="5.8610683"><ele>489.51</ele></trkpt>
<trkpt lat="43.36941" lon="5.8611017"><ele>489.03</ele></trkpt>
<trkpt lat="43.3694" lon="5.8611367"><ele>490.1899999999999</ele></trkpt>
<trkpt lat="43.3693767" lon="5.86116"><ele>490.2</ele></trkpt>
<trkpt lat="43.3693633" lon="5.8611933"><ele>490.37</ele></trkpt>
<trkpt lat="43.36934" lon="5.861219999999999"><ele>490.62</ele></trkpt>
<trkpt lat="43.3692783" lon="5.86123"><ele>490.27</ele></trkpt>
<trkpt lat="43.3692567" lon="5.861255000000001"><ele>489.5599999999999</ele></trkpt>
<trkpt lat="43.369245" lon="5.861215"><ele>489.67</ele></trkpt>
<trkpt lat="43.3692383" lon="5.8611683"><ele>489.61</ele></trkpt>
<trkpt lat="43.36925" lon="5.861133299999999"><ele>489.38</ele></trkpt>
<trkpt lat="43.3692683" lon="5.8611"><ele>489.61</ele></trkpt>
<trkpt lat="43.369285" lon="5.86107"><ele>489.8</ele></trkpt>
<trkpt lat="43.3692867" lon="5.8610317"><ele>489.81</ele></trkpt>
<trkpt lat="43.3692717" lon="5.8609967"><ele>491.46</ele></trkpt>
<trkpt lat="43.36927" lon="5.860955"><ele>491.43</ele></trkpt>
<trkpt lat="43.3692717" lon="5.8609083"><ele>491.89</ele></trkpt>
<trkpt lat="43.3692717" lon="5.860865000000001"><ele>492.03</ele></trkpt>
<trkpt lat="43.3692767" lon="5.860823300000001"><ele>492.03</ele></trkpt>
<trkpt lat="43.36929" lon="5.86078"><ele>491.68</ele></trkpt>
<trkpt lat="43.369295" lon="5.860743299999999"><ele>491.64</ele></trkpt>
<trkpt lat="43.3693033" lon="5.8607033"><ele>491.5599999999999</ele></trkpt>
<trkpt lat="43.3693083" lon="5.8606583"><ele>491.35</ele></trkpt>
<trkpt lat="43.369315" lon="5.8606167"><ele>491.24</ele></trkpt>
<trkpt lat="43.3693217" lon="5.860570000000001"><ele>491.2599999999999</ele></trkpt>
<trkpt lat="43.369325" lon="5.86052"><ele>491.33</ele></trkpt>
<trkpt lat="43.3693267" lon="5.8604783"><ele>491.33</ele></trkpt>
<trkpt lat="43.3693283" lon="5.8604383"><ele>491.5299999999999</ele></trkpt>
<trkpt lat="43.369325" lon="5.8603933"><ele>491.3000000000001</ele></trkpt>
<trkpt lat="43.36931" lon="5.8603483"><ele>490.98</ele></trkpt>
<trkpt lat="43.3692967" lon="5.8603033"><ele>490.68</ele></trkpt>
<trkpt lat="43.3692867" lon="5.8602633"><ele>490.47</ele></trkpt>
<trkpt lat="43.3692817" lon="5.8602267"><ele>490.53</ele></trkpt>
<trkpt lat="43.3692767" lon="5.8601817"><ele>490.52</ele></trkpt>
<trkpt lat="43.3692617" lon="5.86014"><ele>490.1799999999999</ele></trkpt>
<trkpt lat="43.3692483" lon="5.860101700000001"><ele>490.11</ele></trkpt>
<trkpt lat="43.36923" lon="5.8600633"><ele>490.04</ele></trkpt>
<trkpt lat="43.36921" lon="5.8600233"><ele>489.94</ele></trkpt>
<trkpt lat="43.3691933" lon="5.8599917"><ele>489.94</ele></trkpt>
<trkpt lat="43.369175" lon="5.8599467"><ele>490.05</ele></trkpt>
<trkpt lat="43.36916" lon="5.8599017"><ele>489.66</ele></trkpt>
<trkpt lat="43.369145" lon="5.8598667"><ele>489.8199999999999</ele></trkpt>
<trkpt lat="43.3691317" lon="5.859833299999999"><ele>490.02</ele></trkpt>
<trkpt lat="43.3691183" lon="5.8597933"><ele>489.8699999999999</ele></trkpt>
<trkpt lat="43.369105" lon="5.859753299999999"><ele>489.74</ele></trkpt>
<trkpt lat="43.3690867" lon="5.859715"><ele>489.48</ele></trkpt>
<trkpt lat="43.3690617" lon="5.85968"><ele>489.34</ele></trkpt>
<trkpt lat="43.3690517" lon="5.8596433"><ele>489.19</ele></trkpt>
<trkpt lat="43.3690317" lon="5.8596067"><ele>488.77</ele></trkpt>
<trkpt lat="43.3690233" lon="5.859555"><ele>488.17</ele></trkpt>
<trkpt lat="43.3690183" lon="5.8595133"><ele>488.1299999999999</ele></trkpt>
<trkpt lat="43.3690167" lon="5.8594717"><ele>488.11</ele></trkpt>
<trkpt lat="43.369005" lon="5.8594267"><ele>488.3899999999999</ele></trkpt>
<trkpt lat="43.3689817" lon="5.859388300000001"><ele>488.52</ele></trkpt>
<trkpt lat="43.3689567" lon="5.859354999999999"><ele>488.6899999999999</ele></trkpt>
<trkpt lat="43.368955" lon="5.8593133"><ele>489.08</ele></trkpt>
<trkpt lat="43.3689633" lon="5.8592667"><ele>489.2699999999999</ele></trkpt>
<trkpt lat="43.3689417" lon="5.859225"><ele>489.7</ele></trkpt>
<trkpt lat="43.3689217" lon="5.8591833"><ele>490.0899999999999</ele></trkpt>
<trkpt lat="43.368915" lon="5.859145"><ele>490.31</ele></trkpt>
<trkpt lat="43.3689067" lon="5.859095"><ele>490.36</ele></trkpt>
<trkpt lat="43.368905" lon="5.859056700000001"><ele>490.57</ele></trkpt>
<trkpt lat="43.3688933" lon="5.85901"><ele>490.99</ele></trkpt>
<trkpt lat="43.368885" lon="5.858968300000001"><ele>491.1</ele></trkpt>
<trkpt lat="43.36888" lon="5.858920000000001"><ele>491.7799999999999</ele></trkpt>
<trkpt lat="43.3688783" lon="5.8588717"><ele>492.68</ele></trkpt>
<trkpt lat="43.3688733" lon="5.8588267"><ele>493.19</ele></trkpt>
<trkpt lat="43.3688667" lon="5.858784999999999"><ele>493.75</ele></trkpt>
<trkpt lat="43.368865" lon="5.8587433"><ele>494.61</ele></trkpt>
<trkpt lat="43.36887" lon="5.8587"><ele>495.47</ele></trkpt>
<trkpt lat="43.3688717" lon="5.8586533"><ele>496.56</ele></trkpt>
<trkpt lat="43.3688583" lon="5.85861"><ele>497.07</ele></trkpt>
<trkpt lat="43.3688483" lon="5.8585717"><ele>497.36</ele></trkpt>
<trkpt lat="43.3688333" lon="5.85853"><ele>497.38</ele></trkpt>
<trkpt lat="43.3688033" lon="5.858499999999999"><ele>497.22</ele></trkpt>
<trkpt lat="43.36877" lon="5.8584733"><ele>497.2699999999999</ele></trkpt>
<trkpt lat="43.3687417" lon="5.8584483"><ele>497.2099999999999</ele></trkpt>
<trkpt lat="43.368725" lon="5.858415"><ele>497.41</ele></trkpt>
<trkpt lat="43.368715" lon="5.8583767"><ele>497.2</ele></trkpt>
<trkpt lat="43.36869" lon="5.8583367"><ele>496.94</ele></trkpt>
<trkpt lat="43.3686633" lon="5.858319999999999"><ele>497.09</ele></trkpt>
<trkpt lat="43.3686383" lon="5.8583"><ele>497.36</ele></trkpt>
<trkpt lat="43.3686167" lon="5.8582583"><ele>497.1</ele></trkpt>
<trkpt lat="43.3685967" lon="5.858216699999999"><ele>496.35</ele></trkpt>
<trkpt lat="43.3685683" lon="5.8581817"><ele>495.69</ele></trkpt>
<trkpt lat="43.3685367" lon="5.858155"><ele>494.98</ele></trkpt>
<trkpt lat="43.3685117" lon="5.8581267"><ele>494.16</ele></trkpt>
<trkpt lat="43.36849" lon="5.8580883"><ele>493.17</ele></trkpt>
<trkpt lat="43.3684717" lon="5.8580467"><ele>492.51</ele></trkpt>
<trkpt lat="43.3684517" lon="5.8580067"><ele>492.0799999999999</ele></trkpt>
<trkpt lat="43.36843" lon="5.8579633"><ele>491.5199999999999</ele></trkpt>
<trkpt lat="43.3684117" lon="5.8579217"><ele>491.43</ele></trkpt>
<trkpt lat="43.3683917" lon="5.85788"><ele>491.24</ele></trkpt>
<trkpt lat="43.3683833" lon="5.8578417"><ele>491.2099999999999</ele></trkpt>
<trkpt lat="43.3683583" lon="5.857816700000001"><ele>491.2</ele></trkpt>
<trkpt lat="43.368345" lon="5.8577783"><ele>491.5</ele></trkpt>
<trkpt lat="43.3683267" lon="5.8577417"><ele>491.8199999999999</ele></trkpt>
<trkpt lat="43.3683133" lon="5.857665"><ele>496.64</ele></trkpt>
<trkpt lat="43.3683067" lon="5.857621700000001"><ele>496.72</ele></trkpt>
<trkpt lat="43.3683033" lon="5.8575833"><ele>496.82</ele></trkpt>
<trkpt lat="43.3683" lon="5.857535"><ele>496.99</ele></trkpt>
<trkpt lat="43.368295" lon="5.8574817"><ele>497.15</ele></trkpt>
<trkpt lat="43.368285" lon="5.857443300000001"><ele>496.79</ele></trkpt>
<trkpt lat="43.3682733" lon="5.857408299999999"><ele>496.51</ele></trkpt>
<trkpt lat="43.3682533" lon="5.8573717"><ele>496.37</ele></trkpt>
<trkpt lat="43.3682433" lon="5.857336700000001"><ele>496.1700000000001</ele></trkpt>
<trkpt lat="43.3682417" lon="5.8572883"><ele>496.6499999999999</ele></trkpt>
<trkpt lat="43.3682367" lon="5.857236700000001"><ele>497.09</ele></trkpt>
<trkpt lat="43.3682367" lon="5.8571983"><ele>497.61</ele></trkpt>
<trkpt lat="43.3682417" lon="5.8571467"><ele>498.3999999999999</ele></trkpt>
<trkpt lat="43.368235" lon="5.8571067"><ele>498.7499999999999</ele></trkpt>
<trkpt lat="43.36823" lon="5.8570583"><ele>499.33</ele></trkpt>
<trkpt lat="43.3682267" lon="5.857008300000001"><ele>499.85</ele></trkpt>
<trkpt lat="43.3682333" lon="5.856963300000001"><ele>500.37</ele></trkpt>
<trkpt lat="43.3682417" lon="5.856919999999999"><ele>501.11</ele></trkpt>
<trkpt lat="43.3682467" lon="5.856871699999999"><ele>501.47</ele></trkpt>
<trkpt lat="43.3682483" lon="5.856826699999999"><ele>501.96</ele></trkpt>
<trkpt lat="43.3682283" lon="5.856785"><ele>502.58</ele></trkpt>
<trkpt lat="43.3682117" lon="5.8567517"><ele>503.04</ele></trkpt>
<trkpt lat="43.3682017" lon="5.856715"><ele>503.23</ele></trkpt>
<trkpt lat="43.3681983" lon="5.856668300000001"><ele>503.8799999999999</ele></trkpt>
<trkpt lat="43.3682033" lon="5.856631700000001"><ele>505.2</ele></trkpt>
<trkpt lat="43.36821" lon="5.856586699999999"><ele>506.95</ele></trkpt>
<trkpt lat="43.3682117" lon="5.8565467"><ele>507.9299999999999</ele></trkpt>
<trkpt lat="43.3681933" lon="5.8565133"><ele>508.52</ele></trkpt>
<trkpt lat="43.36817" lon="5.8564933"><ele>508.88</ele></trkpt>
<trkpt lat="43.36814" lon="5.8564667"><ele>509.09</ele></trkpt>
<trkpt lat="43.36812" lon="5.8564217"><ele>509.15</ele></trkpt>
<trkpt lat="43.3680983" lon="5.85638"><ele>509.22</ele></trkpt>
<trkpt lat="43.368085" lon="5.856345"><ele>509.33</ele></trkpt>
<trkpt lat="43.3680717" lon="5.856304999999999"><ele>509.59</ele></trkpt>
<trkpt lat="43.3680583" lon="5.856255"><ele>509.73</ele></trkpt>
<trkpt lat="43.3680483" lon="5.8562067"><ele>509.82</ele></trkpt>
<trkpt lat="43.368025" lon="5.856175"><ele>509.9</ele></trkpt>
<trkpt lat="43.3680083" lon="5.8561283"><ele>509.74</ele></trkpt>
<trkpt lat="43.3679883" lon="5.8560883"><ele>509.8299999999999</ele></trkpt>
<trkpt lat="43.367975" lon="5.856055"><ele>510</ele></trkpt>
<trkpt lat="43.3679667" lon="5.85601"><ele>510.1</ele></trkpt>
<trkpt lat="43.36797" lon="5.855965"><ele>510.1299999999999</ele></trkpt>
<trkpt lat="43.36798" lon="5.85592"><ele>510.2</ele></trkpt>
<trkpt lat="43.36799" lon="5.855875"><ele>510.23</ele></trkpt>
<trkpt lat="43.3679983" lon="5.855835"><ele>510.04</ele></trkpt>
<trkpt lat="43.3680083" lon="5.8557883"><ele>509.94</ele></trkpt>
<trkpt lat="43.3680183" lon="5.85575"><ele>509.9299999999999</ele></trkpt>
<trkpt lat="43.3680217" lon="5.85571"><ele>509.76</ele></trkpt>
<trkpt lat="43.3680183" lon="5.855665000000001"><ele>509.64</ele></trkpt>
<trkpt lat="43.36801" lon="5.855625"><ele>509.6299999999999</ele></trkpt>
<trkpt lat="43.3679983" lon="5.855585"><ele>509.2699999999999</ele></trkpt>
<trkpt lat="43.3679967" lon="5.855545"><ele>509.21</ele></trkpt>
<trkpt lat="43.3680017" lon="5.8555"><ele>509.2599999999999</ele></trkpt>
<trkpt lat="43.3680033" lon="5.8554583"><ele>509.07</ele></trkpt>
<trkpt lat="43.3680017" lon="5.8554117"><ele>508.84</ele></trkpt>
<trkpt lat="43.367995" lon="5.8553667"><ele>508.64</ele></trkpt>
<trkpt lat="43.36799" lon="5.8553283"><ele>508.63</ele></trkpt>
<trkpt lat="43.3679783" lon="5.8552867"><ele>508.63</ele></trkpt>
<trkpt lat="43.367965" lon="5.85524"><ele>508.54</ele></trkpt>
<trkpt lat="43.36796" lon="5.8552033"><ele>508.37</ele></trkpt>
<trkpt lat="43.3679583" lon="5.8551567"><ele>508.11</ele></trkpt>
<trkpt lat="43.3679617" lon="5.8551167"><ele>508.3899999999999</ele></trkpt>
<trkpt lat="43.3679567" lon="5.8550717"><ele>508.52</ele></trkpt>
<trkpt lat="43.3679667" lon="5.8550317"><ele>508.4399999999999</ele></trkpt>
<trkpt lat="43.36797" lon="5.854984999999999"><ele>508.46</ele></trkpt>
<trkpt lat="43.367975" lon="5.854945"><ele>508.79</ele></trkpt>
<trkpt lat="43.3679917" lon="5.85491"><ele>509.7799999999999</ele></trkpt>
<trkpt lat="43.368025" lon="5.854915000000001"><ele>510.02</ele></trkpt>
<trkpt lat="43.3680567" lon="5.85491"><ele>510.2200000000001</ele></trkpt>
<trkpt lat="43.3680633" lon="5.8548683"><ele>510.6</ele></trkpt>
<trkpt lat="43.3680733" lon="5.8548333"><ele>510.89</ele></trkpt>
<trkpt lat="43.368085" lon="5.854795"><ele>511.47</ele></trkpt>
<trkpt lat="43.3681033" lon="5.8547633"><ele>512.12</ele></trkpt>
<trkpt lat="43.36813" lon="5.854734999999999"><ele>512.4</ele></trkpt>
<trkpt lat="43.3681583" lon="5.854710000000001"><ele>512.53</ele></trkpt>
<trkpt lat="43.3681833" lon="5.8546917"><ele>512.94</ele></trkpt>
<trkpt lat="43.368205" lon="5.8546567"><ele>513.24</ele></trkpt>
<trkpt lat="43.3682233" lon="5.8546283"><ele>513.34</ele></trkpt>
<trkpt lat="43.368245" lon="5.8546033"><ele>513.82</ele></trkpt>
<trkpt lat="43.3682617" lon="5.8545683"><ele>513.9</ele></trkpt>
<trkpt lat="43.3682783" lon="5.8545317"><ele>514.12</ele></trkpt>
<trkpt lat="43.3682967" lon="5.8545033"><ele>514.13</ele></trkpt>
<trkpt lat="43.3683183" lon="5.8544733"><ele>514.22</ele></trkpt>
<trkpt lat="43.3683383" lon="5.8544483"><ele>514.69</ele></trkpt>
<trkpt lat="43.3683583" lon="5.8544233"><ele>515.02</ele></trkpt>
<trkpt lat="43.3683767" lon="5.854391699999999"><ele>515.17</ele></trkpt>
<trkpt lat="43.3683867" lon="5.854356699999999"><ele>515.66</ele></trkpt>
<trkpt lat="43.3684017" lon="5.854311699999999"><ele>516.28</ele></trkpt>
<trkpt lat="43.36842" lon="5.854276700000001"><ele>516.98</ele></trkpt>
<trkpt lat="43.3684417" lon="5.854245000000001"><ele>517.42</ele></trkpt>
<trkpt lat="43.3684667" lon="5.854211699999999"><ele>517.79</ele></trkpt>
<trkpt lat="43.3684967" lon="5.8542017"><ele>517.97</ele></trkpt>
<trkpt lat="43.3685183" lon="5.8541767"><ele>518.7</ele></trkpt>
<trkpt lat="43.3685367" lon="5.854145"><ele>519.13</ele></trkpt>
<trkpt lat="43.368545" lon="5.854108300000001"><ele>519.39</ele></trkpt>
<trkpt lat="43.3685483" lon="5.854063300000001"><ele>520.32</ele></trkpt>
<trkpt lat="43.3685633" lon="5.8540317"><ele>520.79</ele></trkpt>
<trkpt lat="43.368575" lon="5.8539883"><ele>521.09</ele></trkpt>
<trkpt lat="43.3685933" lon="5.85395"><ele>521.56</ele></trkpt>
<trkpt lat="43.3685983" lon="5.853913300000001"><ele>522.35</ele></trkpt>
<trkpt lat="43.3686133" lon="5.8538783"><ele>523.98</ele></trkpt>
<trkpt lat="43.3686417" lon="5.8538617"><ele>524.22</ele></trkpt>
<trkpt lat="43.3686717" lon="5.8538533"><ele>524.7</ele></trkpt>
<trkpt lat="43.3687017" lon="5.853838299999999"><ele>525.48</ele></trkpt>
<trkpt lat="43.36873" lon="5.85384"><ele>526.39</ele></trkpt>
<trkpt lat="43.36876" lon="5.853845"><ele>526.99</ele></trkpt>
<trkpt lat="43.368785" lon="5.85383"><ele>528.22</ele></trkpt>
<trkpt lat="43.3688167" lon="5.8538167"><ele>528.8</ele></trkpt>
<trkpt lat="43.3688467" lon="5.853834999999999"><ele>529.1</ele></trkpt>
<trkpt lat="43.3688817" lon="5.853845"><ele>529.57</ele></trkpt>
<trkpt lat="43.3688983" lon="5.853811700000001"><ele>530.5</ele></trkpt>
<trkpt lat="43.36892" lon="5.853785"><ele>531.77</ele></trkpt>
<trkpt lat="43.3690167" lon="5.8538633"><ele>533.87</ele></trkpt>
<trkpt lat="43.3690483" lon="5.8538633"><ele>535.25</ele></trkpt>
<trkpt lat="43.3690783" lon="5.85384"><ele>535.27</ele></trkpt>
<trkpt lat="43.36909" lon="5.8538017"><ele>535.21</ele></trkpt>
<trkpt lat="43.3691083" lon="5.8537633"><ele>535.24</ele></trkpt>
<trkpt lat="43.369125" lon="5.853733299999999"><ele>535.69</ele></trkpt>
<trkpt lat="43.3691467" lon="5.853706700000001"><ele>536.93</ele></trkpt>
<trkpt lat="43.3691567" lon="5.8536017"><ele>537.14</ele></trkpt>
<trkpt lat="43.3691533" lon="5.85356"><ele>537.31</ele></trkpt>
<trkpt lat="43.36915" lon="5.8535167"><ele>537.79</ele></trkpt>
<trkpt lat="43.3691517" lon="5.8534767"><ele>538.05</ele></trkpt>
<trkpt lat="43.369155" lon="5.8534317"><ele>538.02</ele></trkpt>
<trkpt lat="43.369155" lon="5.8533817"><ele>538.37</ele></trkpt>
<trkpt lat="43.36916" lon="5.8533383"><ele>538.62</ele></trkpt>
<trkpt lat="43.3691667" lon="5.8532967"><ele>538.82</ele></trkpt>
<trkpt lat="43.3691667" lon="5.85325"><ele>539.19</ele></trkpt>
<trkpt lat="43.369185" lon="5.853209999999999"><ele>539.24</ele></trkpt>
<trkpt lat="43.369205" lon="5.8531783"><ele>539.56</ele></trkpt>
<trkpt lat="43.3692233" lon="5.8531283"><ele>539.76</ele></trkpt>
<trkpt lat="43.3692283" lon="5.853091700000001"><ele>540.06</ele></trkpt>
<trkpt lat="43.3692517" lon="5.853061699999999"><ele>540.94</ele></trkpt>
<trkpt lat="43.3692767" lon="5.8530317"><ele>541.53</ele></trkpt>
<trkpt lat="43.3692833" lon="5.8529933"><ele>541.99</ele></trkpt>
<trkpt lat="43.369295" lon="5.8529433"><ele>542.55</ele></trkpt>
<trkpt lat="43.36931" lon="5.852900000000001"><ele>543.08</ele></trkpt>
<trkpt lat="43.36932" lon="5.8528633"><ele>543.42</ele></trkpt>
<trkpt lat="43.3693383" lon="5.852821699999999"><ele>543.67</ele></trkpt>
<trkpt lat="43.3693583" lon="5.852785"><ele>543.92</ele></trkpt>
<trkpt lat="43.369375" lon="5.852751700000001"><ele>544.55</ele></trkpt>
<trkpt lat="43.3693917" lon="5.8527117"><ele>545.09</ele></trkpt>
<trkpt lat="43.3694083" lon="5.8526767"><ele>545.32</ele></trkpt>
<trkpt lat="43.369435" lon="5.8526433"><ele>545.5</ele></trkpt>
<trkpt lat="43.3694633" lon="5.852605"><ele>545.8</ele></trkpt>
<trkpt lat="43.3694867" lon="5.8525767"><ele>546.29</ele></trkpt>
<trkpt lat="43.369505" lon="5.8525433"><ele>546.89</ele></trkpt>
<trkpt lat="43.3695233" lon="5.8525083"><ele>547.19</ele></trkpt>
<trkpt lat="43.369545" lon="5.85247"><ele>547.57</ele></trkpt>
<trkpt lat="43.3695667" lon="5.8524433"><ele>547.73</ele></trkpt>
<trkpt lat="43.36958" lon="5.852405"><ele>547.81</ele></trkpt>
<trkpt lat="43.3696017" lon="5.85237"><ele>548.2</ele></trkpt>
<trkpt lat="43.3696167" lon="5.8523267"><ele>548.59</ele></trkpt>
<trkpt lat="43.3696283" lon="5.8522783"><ele>549.18</ele></trkpt>
<trkpt lat="43.3696367" lon="5.852240000000001"><ele>549.53</ele></trkpt>
<trkpt lat="43.3696583" lon="5.852215"><ele>549.93</ele></trkpt>
<trkpt lat="43.3696783" lon="5.852185"><ele>550.04</ele></trkpt>
<trkpt lat="43.3697083" lon="5.85216"><ele>550.23</ele></trkpt>
<trkpt lat="43.369725" lon="5.85213"><ele>550.31</ele></trkpt>
<trkpt lat="43.3697333" lon="5.85209"><ele>550.73</ele></trkpt>
<trkpt lat="43.3697517" lon="5.8520617"><ele>551.1</ele></trkpt>
<trkpt lat="43.36978" lon="5.8520517"><ele>551.43</ele></trkpt>
<trkpt lat="43.36981" lon="5.8520433"><ele>551.7</ele></trkpt>
<trkpt lat="43.369845" lon="5.8520433"><ele>551.96</ele></trkpt>
<trkpt lat="43.36988" lon="5.8520433"><ele>552.11</ele></trkpt>
<trkpt lat="43.3699133" lon="5.85204"><ele>552.4</ele></trkpt>
<trkpt lat="43.36994" lon="5.8520333"><ele>552.7</ele></trkpt>
<trkpt lat="43.36997" lon="5.852024999999999"><ele>553.13</ele></trkpt>
<trkpt lat="43.3700017" lon="5.852014999999999"><ele>553.6</ele></trkpt>
<trkpt lat="43.370035" lon="5.85201"><ele>554.13</ele></trkpt>
<trkpt lat="43.37006" lon="5.8519883"><ele>554.61</ele></trkpt>
<trkpt lat="43.3700917" lon="5.8519917"><ele>554.9</ele></trkpt>
<trkpt lat="43.3701183" lon="5.852001700000001"><ele>555.3</ele></trkpt>
<trkpt lat="43.3701467" lon="5.8519983"><ele>555.86</ele></trkpt>
<trkpt lat="43.370175" lon="5.852001700000001"><ele>556.2</ele></trkpt>
<trkpt lat="43.3702017" lon="5.851990000000001"><ele>556.63</ele></trkpt>
<trkpt lat="43.370215" lon="5.8519533"><ele>557.16</ele></trkpt>
<trkpt lat="43.3702183" lon="5.8519083"><ele>557.76</ele></trkpt>
<trkpt lat="43.3702217" lon="5.8518683"><ele>558.59</ele></trkpt>
<trkpt lat="43.3702267" lon="5.8518267"><ele>558.97</ele></trkpt>
<trkpt lat="43.37023" lon="5.851788299999999"><ele>559.4</ele></trkpt>
<trkpt lat="43.37024" lon="5.851743299999999"><ele>560.04</ele></trkpt>
<trkpt lat="43.3702483" lon="5.8517033"><ele>561.09</ele></trkpt>
<trkpt lat="43.3702633" lon="5.8516633"><ele>562.19</ele></trkpt>
<trkpt lat="43.370285" lon="5.851638299999999"><ele>562.52</ele></trkpt>
<trkpt lat="43.37031" lon="5.8516217"><ele>562.61</ele></trkpt>
<trkpt lat="43.3703433" lon="5.8515967"><ele>562.55</ele></trkpt>
<trkpt lat="43.3703683" lon="5.851570000000001"><ele>562.57</ele></trkpt>
<trkpt lat="43.3703883" lon="5.851536699999999"><ele>562.81</ele></trkpt>
<trkpt lat="43.3703983" lon="5.8514967"><ele>563.23</ele></trkpt>
<trkpt lat="43.3704217" lon="5.85147"><ele>563.41</ele></trkpt>
<trkpt lat="43.3704333" lon="5.851431700000001"><ele>563.6</ele></trkpt>
<trkpt lat="43.3704433" lon="5.85139"><ele>563.71</ele></trkpt>
<trkpt lat="43.370445" lon="5.85135"><ele>563.74</ele></trkpt>
<trkpt lat="43.3704517" lon="5.851305"><ele>563.84</ele></trkpt>
<trkpt lat="43.3704583" lon="5.8512667"><ele>564</ele></trkpt>
<trkpt lat="43.370475" lon="5.8512233"><ele>564.11</ele></trkpt>
<trkpt lat="43.3704917" lon="5.851185"><ele>564.69</ele></trkpt>
<trkpt lat="43.3704983" lon="5.851138300000001"><ele>564.91</ele></trkpt>
<trkpt lat="43.3705" lon="5.8510917"><ele>564.94</ele></trkpt>
<trkpt lat="43.3705017" lon="5.8510483"><ele>564.85</ele></trkpt>
<trkpt lat="43.3705033" lon="5.851005"><ele>565.2</ele></trkpt>
<trkpt lat="43.3705033" lon="5.850966699999999"><ele>565.5</ele></trkpt>
<trkpt lat="43.3705083" lon="5.850925"><ele>566</ele></trkpt>
<trkpt lat="43.3705133" lon="5.8508817"><ele>566.11</ele></trkpt>
<trkpt lat="43.3705117" lon="5.85084"><ele>566.3</ele></trkpt>
<trkpt lat="43.3705133" lon="5.850795"><ele>566.41</ele></trkpt>
<trkpt lat="43.3705283" lon="5.8507517"><ele>566.34</ele></trkpt>
<trkpt lat="43.3705317" lon="5.8507133"><ele>566.64</ele></trkpt>
<trkpt lat="43.37053" lon="5.8506667"><ele>566.92</ele></trkpt>
<trkpt lat="43.3705333" lon="5.8506233"><ele>567.39</ele></trkpt>
<trkpt lat="43.3705383" lon="5.850580000000001"><ele>567.37</ele></trkpt>
<trkpt lat="43.3705417" lon="5.8505367"><ele>567.34</ele></trkpt>
<trkpt lat="43.3705267" lon="5.850501699999999"><ele>567.41</ele></trkpt>
<trkpt lat="43.37052" lon="5.8504633"><ele>567.7</ele></trkpt>
<trkpt lat="43.3705133" lon="5.8504183"><ele>567.93</ele></trkpt>
<trkpt lat="43.3705133" lon="5.850371700000001"><ele>568.27</ele></trkpt>
<trkpt lat="43.37052" lon="5.8503317"><ele>568.9</ele></trkpt>
<trkpt lat="43.370525" lon="5.850283300000001"><ele>569.5</ele></trkpt>
<trkpt lat="43.3705333" lon="5.850238300000001"><ele>570.15</ele></trkpt>
<trkpt lat="43.37054" lon="5.850191700000001"><ele>570.69</ele></trkpt>
<trkpt lat="43.370555" lon="5.850159999999999"><ele>571.2</ele></trkpt>
<trkpt lat="43.3705683" lon="5.8501167"><ele>571.53</ele></trkpt>
<trkpt lat="43.3705833" lon="5.850085"><ele>571.54</ele></trkpt>
<trkpt lat="43.3705967" lon="5.85005"><ele>572.1</ele></trkpt>
<trkpt lat="43.3706033" lon="5.8500083"><ele>572.26</ele></trkpt>
<trkpt lat="43.370605" lon="5.8499633"><ele>572.44</ele></trkpt>
<trkpt lat="43.370605" lon="5.8499167"><ele>571.23</ele></trkpt>
<trkpt lat="43.3706" lon="5.8498667"><ele>570.67</ele></trkpt>
<trkpt lat="43.3706017" lon="5.8498217"><ele>570.66</ele></trkpt>
<trkpt lat="43.3706167" lon="5.849783299999999"><ele>570.64</ele></trkpt>
<trkpt lat="43.3706267" lon="5.849738299999999"><ele>570.48</ele></trkpt>
<trkpt lat="43.3706383" lon="5.8496967"><ele>570.35</ele></trkpt>
<trkpt lat="43.3706483" lon="5.8496517"><ele>570.76</ele></trkpt>
<trkpt lat="43.37066" lon="5.849605"><ele>571.43</ele></trkpt>
<trkpt lat="43.3706683" lon="5.8495567"><ele>571.9</ele></trkpt>
<trkpt lat="43.3706817" lon="5.8495083"><ele>572.42</ele></trkpt>
<trkpt lat="43.3706883" lon="5.84947"><ele>573.13</ele></trkpt>
<trkpt lat="43.3706967" lon="5.8494283"><ele>574.27</ele></trkpt>
<trkpt lat="43.3707067" lon="5.8493917"><ele>575.05</ele></trkpt>
<trkpt lat="43.3707183" lon="5.8493567"><ele>575.52</ele></trkpt>
<trkpt lat="43.3707317" lon="5.8493233"><ele>575.73</ele></trkpt>
<trkpt lat="43.370745" lon="5.84929"><ele>575.81</ele></trkpt>
<trkpt lat="43.3707517" lon="5.849245"><ele>576.1</ele></trkpt>
<trkpt lat="43.37076" lon="5.8492067"><ele>576.4</ele></trkpt>
<trkpt lat="43.37078" lon="5.8491633"><ele>576.63</ele></trkpt>
<trkpt lat="43.3707883" lon="5.84912"><ele>577.16</ele></trkpt>
<trkpt lat="43.3707967" lon="5.849075"><ele>577.61</ele></trkpt>
<trkpt lat="43.3707983" lon="5.8490367"><ele>578</ele></trkpt>
<trkpt lat="43.370805" lon="5.848996700000001"><ele>578.02</ele></trkpt>
<trkpt lat="43.3708117" lon="5.848953300000001"><ele>578.2</ele></trkpt>
<trkpt lat="43.370805" lon="5.848916699999999"><ele>578.41</ele></trkpt>
<trkpt lat="43.3707933" lon="5.848873299999999"><ele>578.53</ele></trkpt>
<trkpt lat="43.3707767" lon="5.848835"><ele>578.61</ele></trkpt>
<trkpt lat="43.3707717" lon="5.8487933"><ele>578.64</ele></trkpt>
<trkpt lat="43.37077" lon="5.8487533"><ele>578.64</ele></trkpt>
<trkpt lat="43.3707717" lon="5.848713300000001"><ele>578.74</ele></trkpt>
<trkpt lat="43.3707917" lon="5.8486717"><ele>579.03</ele></trkpt>
<trkpt lat="43.3708117" lon="5.848631699999999"><ele>579.07</ele></trkpt>
<trkpt lat="43.3708217" lon="5.848588299999999"><ele>579.3</ele></trkpt>
<trkpt lat="43.3708217" lon="5.84855"><ele>579.51</ele></trkpt>
<trkpt lat="43.3708183" lon="5.84851"><ele>579.64</ele></trkpt>
<trkpt lat="43.37081" lon="5.8484633"><ele>579.67</ele></trkpt>
<trkpt lat="43.370805" lon="5.8484217"><ele>579.55</ele></trkpt>
<trkpt lat="43.370795" lon="5.848383300000001"><ele>579.55</ele></trkpt>
<trkpt lat="43.37078" lon="5.8483433"><ele>579.54</ele></trkpt>
<trkpt lat="43.3707583" lon="5.848314999999999"><ele>579.54</ele></trkpt>
<trkpt lat="43.3707333" lon="5.848285"><ele>579.63</ele></trkpt>
<trkpt lat="43.370705" lon="5.84825"><ele>579.92</ele></trkpt>
<trkpt lat="43.37069" lon="5.848211699999999"><ele>580.23</ele></trkpt>
<trkpt lat="43.370685" lon="5.8481717"><ele>580.34</ele></trkpt>
<trkpt lat="43.3706767" lon="5.8481283"><ele>580.35</ele></trkpt>
<trkpt lat="43.3706717" lon="5.84809"><ele>580.25</ele></trkpt>
<trkpt lat="43.3706567" lon="5.84805"><ele>579.89</ele></trkpt>
<trkpt lat="43.3706417" lon="5.8480133"><ele>579.84</ele></trkpt>
<trkpt lat="43.3706183" lon="5.84798"><ele>580.2</ele></trkpt>
<trkpt lat="43.3706067" lon="5.8479433"><ele>580.31</ele></trkpt>
<trkpt lat="43.3705933" lon="5.8479067"><ele>580.34</ele></trkpt>
<trkpt lat="43.3705833" lon="5.847869999999999"><ele>580.41</ele></trkpt>
<trkpt lat="43.3705717" lon="5.847835"><ele>580.52</ele></trkpt>
<trkpt lat="43.3705617" lon="5.8477983"><ele>580.45</ele></trkpt>
<trkpt lat="43.370545" lon="5.8477533"><ele>580.54</ele></trkpt>
<trkpt lat="43.3705367" lon="5.847715"><ele>580.56</ele></trkpt>
<trkpt lat="43.37054" lon="5.847676699999999"><ele>580.45</ele></trkpt>
<trkpt lat="43.3705517" lon="5.847635"><ele>580.25</ele></trkpt>
<trkpt lat="43.3705583" lon="5.8475983"><ele>580.33</ele></trkpt>
<trkpt lat="43.3705633" lon="5.8475567"><ele>580.53</ele></trkpt>
<trkpt lat="43.37056" lon="5.847516700000001"><ele>580.73</ele></trkpt>
<trkpt lat="43.37055" lon="5.847470000000001"><ele>580.91</ele></trkpt>
<trkpt lat="43.37054" lon="5.847426700000001"><ele>581.11</ele></trkpt>
<trkpt lat="43.3705383" lon="5.847383300000001"><ele>581.24</ele></trkpt>
<trkpt lat="43.3705367" lon="5.84734"><ele>581.05</ele></trkpt>
<trkpt lat="43.370535" lon="5.8472917"><ele>581.13</ele></trkpt>
<trkpt lat="43.3705417" lon="5.8472467"><ele>581.14</ele></trkpt>
<trkpt lat="43.37055" lon="5.8472067"><ele>581.23</ele></trkpt>
<trkpt lat="43.37055" lon="5.84716"><ele>583.03</ele></trkpt>
<trkpt lat="43.3705633" lon="5.847123299999999"><ele>583.31</ele></trkpt>
<trkpt lat="43.3705733" lon="5.8470783"><ele>583.35</ele></trkpt>
<trkpt lat="43.3705783" lon="5.8470383"><ele>583.6</ele></trkpt>
<trkpt lat="43.3705933" lon="5.8469967"><ele>584</ele></trkpt>
<trkpt lat="43.3705883" lon="5.8469567"><ele>584.4</ele></trkpt>
<trkpt lat="43.3705917" lon="5.8469167"><ele>584.61</ele></trkpt>
<trkpt lat="43.370595" lon="5.8468783"><ele>584.71</ele></trkpt>
<trkpt lat="43.37059" lon="5.8468367"><ele>585</ele></trkpt>
<trkpt lat="43.370585" lon="5.8467933"><ele>585.3</ele></trkpt>
<trkpt lat="43.370575" lon="5.8467533"><ele>585.85</ele></trkpt>
<trkpt lat="43.3705667" lon="5.8467167"><ele>586.2</ele></trkpt>
<trkpt lat="43.3705617" lon="5.846675000000001"><ele>586.41</ele></trkpt>
<trkpt lat="43.3705517" lon="5.8466283"><ele>586.37</ele></trkpt>
<trkpt lat="43.3705433" lon="5.8465833"><ele>586.27</ele></trkpt>
<trkpt lat="43.3705317" lon="5.846545"><ele>586.22</ele></trkpt>
<trkpt lat="43.370525" lon="5.8465083"><ele>586.08</ele></trkpt>
<trkpt lat="43.37051" lon="5.8464767"><ele>586.02</ele></trkpt>
<trkpt lat="43.3704917" lon="5.846435"><ele>586.2</ele></trkpt>
<trkpt lat="43.3704833" lon="5.846393299999999"><ele>586.05</ele></trkpt>
<trkpt lat="43.3704683" lon="5.84635"><ele>586.12</ele></trkpt>
<trkpt lat="43.3704467" lon="5.846305"><ele>586.51</ele></trkpt>
<trkpt lat="43.3704333" lon="5.84626"><ele>586.61</ele></trkpt>
<trkpt lat="43.370425" lon="5.8462233"><ele>586.64</ele></trkpt>
<trkpt lat="43.37041" lon="5.8461833"><ele>587</ele></trkpt>
<trkpt lat="43.3704" lon="5.8461417"><ele>587.41</ele></trkpt>
<trkpt lat="43.3703867" lon="5.8460967"><ele>588.14</ele></trkpt>
<trkpt lat="43.370375" lon="5.846055"><ele>588.59</ele></trkpt>
<trkpt lat="43.37036" lon="5.8460083"><ele>588.74</ele></trkpt>
<trkpt lat="43.3703483" lon="5.8459683"><ele>588.76</ele></trkpt>
<trkpt lat="43.3703367" lon="5.8459233"><ele>588.67</ele></trkpt>
<trkpt lat="43.3703283" lon="5.845883299999999"><ele>588.55</ele></trkpt>
<trkpt lat="43.3703183" lon="5.845841700000001"><ele>588.63</ele></trkpt>
<trkpt lat="43.37031" lon="5.845796700000001"><ele>588.71</ele></trkpt>
<trkpt lat="43.3703017" lon="5.845755"><ele>588.67</ele></trkpt>
<trkpt lat="43.3702983" lon="5.8457167"><ele>588.53</ele></trkpt>
<trkpt lat="43.37029" lon="5.8456767"><ele>588.79</ele></trkpt>
<trkpt lat="43.3702767" lon="5.8456317"><ele>589.15</ele></trkpt>
<trkpt lat="43.3702667" lon="5.8455883"><ele>589.26</ele></trkpt>
<trkpt lat="43.37026" lon="5.8455433"><ele>588.87</ele></trkpt>
<trkpt lat="43.37025" lon="5.8455033"><ele>589.12</ele></trkpt>
<trkpt lat="43.3702383" lon="5.8454633"><ele>589.05</ele></trkpt>
<trkpt lat="43.370225" lon="5.845425000000001"><ele>588.86</ele></trkpt>
<trkpt lat="43.3702083" lon="5.84538"><ele>588.17</ele></trkpt>
<trkpt lat="43.3701933" lon="5.8453417"><ele>587.91</ele></trkpt>
<trkpt lat="43.37018" lon="5.8453067"><ele>587.99</ele></trkpt>
<trkpt lat="43.3701667" lon="5.8452633"><ele>588.2</ele></trkpt>
<trkpt lat="43.3701533" lon="5.845215"><ele>588.21</ele></trkpt>
<trkpt lat="43.37014" lon="5.8451683"><ele>588.2</ele></trkpt>
<trkpt lat="43.3701267" lon="5.845125"><ele>587.96</ele></trkpt>
<trkpt lat="43.3701133" lon="5.845081700000001"><ele>587.85</ele></trkpt>
<trkpt lat="43.3700983" lon="5.8450317"><ele>587.82</ele></trkpt>
<trkpt lat="43.3700817" lon="5.844990000000001"><ele>588.01</ele></trkpt>
<trkpt lat="43.3700683" lon="5.84495"><ele>588.18</ele></trkpt>
<trkpt lat="43.3700533" lon="5.844905"><ele>588.08</ele></trkpt>
<trkpt lat="43.370045" lon="5.8448617"><ele>587.97</ele></trkpt>
<trkpt lat="43.37004" lon="5.8448167"><ele>588.04</ele></trkpt>
<trkpt lat="43.370035" lon="5.84477"><ele>588.36</ele></trkpt>
<trkpt lat="43.3700267" lon="5.8447233"><ele>589.12</ele></trkpt>
<trkpt lat="43.3700067" lon="5.844686699999999"><ele>589.52</ele></trkpt>
<trkpt lat="43.3699817" lon="5.844663300000001"><ele>589.64</ele></trkpt>
<trkpt lat="43.3699533" lon="5.8446483"><ele>589.57</ele></trkpt>
<trkpt lat="43.3699233" lon="5.8446433"><ele>589.35</ele></trkpt>
<trkpt lat="43.3698917" lon="5.84465"><ele>589.2</ele></trkpt>
<trkpt lat="43.3698733" lon="5.8446217"><ele>589.4</ele></trkpt>
<trkpt lat="43.3698567" lon="5.8445917"><ele>589.21</ele></trkpt>
<trkpt lat="43.369835" lon="5.8445667"><ele>587.39</ele></trkpt>
<trkpt lat="43.369815" lon="5.844538299999999"><ele>587.41</ele></trkpt>
<trkpt lat="43.3697967" lon="5.844505"><ele>587.24</ele></trkpt>
<trkpt lat="43.3697867" lon="5.844468300000001"><ele>586.83</ele></trkpt>
<trkpt lat="43.3697917" lon="5.844425"><ele>586.17</ele></trkpt>
<trkpt lat="43.3697967" lon="5.8443817"><ele>586.1</ele></trkpt>
<trkpt lat="43.3698" lon="5.84434"><ele>586.44</ele></trkpt>
<trkpt lat="43.3698067" lon="5.844296699999999"><ele>586.37</ele></trkpt>
<trkpt lat="43.3698067" lon="5.8442583"><ele>586.53</ele></trkpt>
<trkpt lat="43.3698" lon="5.8442133"><ele>586.81</ele></trkpt>
<trkpt lat="43.3697917" lon="5.8441767"><ele>587.01</ele></trkpt>
<trkpt lat="43.36978" lon="5.844136700000001"><ele>587.14</ele></trkpt>
<trkpt lat="43.369765" lon="5.844095"><ele>586.94</ele></trkpt>
<trkpt lat="43.3697517" lon="5.8440617"><ele>586.75</ele></trkpt>
<trkpt lat="43.3697383" lon="5.8440217"><ele>586.57</ele></trkpt>
<trkpt lat="43.369725" lon="5.8439883"><ele>586.41</ele></trkpt>
<trkpt lat="43.3696967" lon="5.8439917"><ele>586.81</ele></trkpt>
<trkpt lat="43.3696633" lon="5.8439917"><ele>586.64</ele></trkpt>
<trkpt lat="43.369635" lon="5.8439833"><ele>586.57</ele></trkpt>
<trkpt lat="43.3696083" lon="5.8439767"><ele>586.54</ele></trkpt>
<trkpt lat="43.3695817" lon="5.843965"><ele>586.84</ele></trkpt>
<trkpt lat="43.3695533" lon="5.8439483"><ele>586.92</ele></trkpt>
<trkpt lat="43.369525" lon="5.8439267"><ele>587.05</ele></trkpt>
<trkpt lat="43.3695017" lon="5.8439067"><ele>588.62</ele></trkpt>
<trkpt lat="43.3694967" lon="5.8438633"><ele>588.83</ele></trkpt>
<trkpt lat="43.369485" lon="5.8438283"><ele>588.94</ele></trkpt>
<trkpt lat="43.3694667" lon="5.84379"><ele>588.91</ele></trkpt>
<trkpt lat="43.369445" lon="5.84376"><ele>589.32</ele></trkpt>
<trkpt lat="43.369415" lon="5.8437567"><ele>590.13</ele></trkpt>
<trkpt lat="43.3693867" lon="5.8437817"><ele>590.66</ele></trkpt>
<trkpt lat="43.369355" lon="5.8437917"><ele>590.98</ele></trkpt>
<trkpt lat="43.3693267" lon="5.84379"><ele>590.94</ele></trkpt>
<trkpt lat="43.3692967" lon="5.843765"><ele>590.49</ele></trkpt>
<trkpt lat="43.369275" lon="5.8437233"><ele>590.09</ele></trkpt>
<trkpt lat="43.3692567" lon="5.843695"><ele>589.88</ele></trkpt>
<trkpt lat="43.3692433" lon="5.843660000000001"><ele>590.07</ele></trkpt>
<trkpt lat="43.369235" lon="5.843611700000001"><ele>590.4</ele></trkpt>
<trkpt lat="43.3692283" lon="5.8435733"><ele>590.91</ele></trkpt>
<trkpt lat="43.3692233" lon="5.8435333"><ele>590.96</ele></trkpt>
<trkpt lat="43.3692183" lon="5.8434967"><ele>590.68</ele></trkpt>
<trkpt lat="43.36921" lon="5.8434517"><ele>590.78</ele></trkpt>
<trkpt lat="43.3692" lon="5.84341"><ele>591.26</ele></trkpt>
<trkpt lat="43.3691933" lon="5.8433667"><ele>591.69</ele></trkpt>
<trkpt lat="43.369185" lon="5.8433233"><ele>592.09</ele></trkpt>
<trkpt lat="43.36918" lon="5.843285000000001"><ele>592.49</ele></trkpt>
<trkpt lat="43.36917" lon="5.843238300000001"><ele>592.2</ele></trkpt>
<trkpt lat="43.36916" lon="5.843194999999999"><ele>592.07</ele></trkpt>
<trkpt lat="43.369145" lon="5.8431583"><ele>591.88</ele></trkpt>
<trkpt lat="43.3691317" lon="5.8431217"><ele>591.66</ele></trkpt>
<trkpt lat="43.3691233" lon="5.8430833"><ele>591.21</ele></trkpt>
<trkpt lat="43.3691083" lon="5.843045000000001"><ele>590.86</ele></trkpt>
<trkpt lat="43.3691" lon="5.8430083"><ele>590.84</ele></trkpt>
<trkpt lat="43.3690867" lon="5.8429717"><ele>590.68</ele></trkpt>
<trkpt lat="43.3690733" lon="5.842935"><ele>590.35</ele></trkpt>
<trkpt lat="43.369055" lon="5.8429"><ele>590.25</ele></trkpt>
<trkpt lat="43.369035" lon="5.842863300000001"><ele>590.14</ele></trkpt>
<trkpt lat="43.3690183" lon="5.8428233"><ele>590.14</ele></trkpt>
<trkpt lat="43.3690083" lon="5.8427833"><ele>590.14</ele></trkpt>
<trkpt lat="43.3689933" lon="5.842739999999999"><ele>590.23</ele></trkpt>
<trkpt lat="43.3689783" lon="5.8427"><ele>590.15</ele></trkpt>
<trkpt lat="43.3689617" lon="5.842656700000001"><ele>590.14</ele></trkpt>
<trkpt lat="43.368945" lon="5.84262"><ele>590.24</ele></trkpt>
<trkpt lat="43.3689233" lon="5.842595"><ele>590.41</ele></trkpt>
<trkpt lat="43.3688883" lon="5.8425817"><ele>590.63</ele></trkpt>
<trkpt lat="43.3688567" lon="5.842565"><ele>590.74</ele></trkpt>
<trkpt lat="43.3688317" lon="5.842533300000001"><ele>590.84</ele></trkpt>
<trkpt lat="43.368815" lon="5.8424933"><ele>591.11</ele></trkpt>
<trkpt lat="43.3688017" lon="5.842454999999999"><ele>590.97</ele></trkpt>
<trkpt lat="43.3687833" lon="5.8424183"><ele>591.03</ele></trkpt>
<trkpt lat="43.36876" lon="5.8423817"><ele>591.14</ele></trkpt>
<trkpt lat="43.3687433" lon="5.842345"><ele>591.4</ele></trkpt>
<trkpt lat="43.3687183" lon="5.84233"><ele>591.9</ele></trkpt>
<trkpt lat="43.3686883" lon="5.84233"><ele>592.03</ele></trkpt>
<trkpt lat="43.36867" lon="5.8423017"><ele>592.14</ele></trkpt>
<trkpt lat="43.3686583" lon="5.8422667"><ele>592.23</ele></trkpt>
<trkpt lat="43.368655" lon="5.8422283"><ele>592.52</ele></trkpt>
<trkpt lat="43.36866" lon="5.842191699999999"><ele>592.52</ele></trkpt>
<trkpt lat="43.3686683" lon="5.8421517"><ele>592.26</ele></trkpt>
<trkpt lat="43.36869" lon="5.8421283"><ele>592.33</ele></trkpt>
<trkpt lat="43.3687117" lon="5.8420983"><ele>592.24</ele></trkpt>
<trkpt lat="43.368705" lon="5.842135000000001"><ele>592.34</ele></trkpt>
<trkpt lat="43.3687067" lon="5.842180000000001"><ele>592.24</ele></trkpt>
<trkpt lat="43.36868" lon="5.8422067"><ele>592.6</ele></trkpt>
<trkpt lat="43.3686533" lon="5.8421967"><ele>592.09</ele></trkpt>
<trkpt lat="43.3686267" lon="5.8421733"><ele>591.75</ele></trkpt>
<trkpt lat="43.368615" lon="5.8421267"><ele>591.29</ele></trkpt>
<trkpt lat="43.368595" lon="5.8420933"><ele>591.34</ele></trkpt>
<trkpt lat="43.36858" lon="5.84206"><ele>591.41</ele></trkpt>
<trkpt lat="43.368565" lon="5.842025"><ele>591.83</ele></trkpt>
<trkpt lat="43.368555" lon="5.841985000000001"><ele>592.36</ele></trkpt>
<trkpt lat="43.3685483" lon="5.841945"><ele>592.72</ele></trkpt>
<trkpt lat="43.368535" lon="5.8419033"><ele>593</ele></trkpt>
<trkpt lat="43.368515" lon="5.841865"><ele>593.2</ele></trkpt>
<trkpt lat="43.368495" lon="5.8418333"><ele>593.24</ele></trkpt>
<trkpt lat="43.3684717" lon="5.8418"><ele>593.5</ele></trkpt>
<trkpt lat="43.3684467" lon="5.8417683"><ele>593.89</ele></trkpt>
<trkpt lat="43.368425" lon="5.8417333"><ele>594.27</ele></trkpt>
<trkpt lat="43.3684067" lon="5.841701700000001"><ele>594.6</ele></trkpt>
<trkpt lat="43.3683817" lon="5.841666700000001"><ele>595.16</ele></trkpt>
<trkpt lat="43.36836" lon="5.8416433"><ele>595.24</ele></trkpt>
<trkpt lat="43.36833" lon="5.84163"><ele>595.33</ele></trkpt>
<trkpt lat="43.3683033" lon="5.84162"><ele>595.34</ele></trkpt>
<trkpt lat="43.36827" lon="5.841605"><ele>595.25</ele></trkpt>
<trkpt lat="43.3682433" lon="5.8415983"><ele>595.57</ele></trkpt>
<trkpt lat="43.368215" lon="5.8415817"><ele>595.89</ele></trkpt>
<trkpt lat="43.3681917" lon="5.8415567"><ele>596.29</ele></trkpt>
<trkpt lat="43.36817" lon="5.8415233"><ele>596.79</ele></trkpt>
<trkpt lat="43.368145" lon="5.841495"><ele>597.22</ele></trkpt>
<trkpt lat="43.3681233" lon="5.8414683"><ele>597.49</ele></trkpt>
<trkpt lat="43.3680983" lon="5.8414317"><ele>597.77</ele></trkpt>
<trkpt lat="43.368075" lon="5.841408299999999"><ele>598.02</ele></trkpt>
<trkpt lat="43.3680433" lon="5.841381700000001"><ele>598.3</ele></trkpt>
<trkpt lat="43.368025" lon="5.841351699999999"><ele>598.59</ele></trkpt>
<trkpt lat="43.3680067" lon="5.8413183"><ele>598.98</ele></trkpt>
<trkpt lat="43.3679933" lon="5.841285"><ele>599.56</ele></trkpt>
<trkpt lat="43.3679867" lon="5.8412417"><ele>600.15</ele></trkpt>
<trkpt lat="43.3679783" lon="5.8411967"><ele>600.84</ele></trkpt>
<trkpt lat="43.3679783" lon="5.84115"><ele>601.39</ele></trkpt>
<trkpt lat="43.3679783" lon="5.84111"><ele>601.69</ele></trkpt>
<trkpt lat="43.3679733" lon="5.8410717"><ele>602.09</ele></trkpt>
<trkpt lat="43.3679717" lon="5.841023299999999"><ele>602.5</ele></trkpt>
<trkpt lat="43.3679733" lon="5.8409767"><ele>602.73</ele></trkpt>
<trkpt lat="43.3679717" lon="5.840935"><ele>603.13</ele></trkpt>
<trkpt lat="43.3679717" lon="5.840891700000001"><ele>603.42</ele></trkpt>
<trkpt lat="43.3679683" lon="5.8408433"><ele>603.98</ele></trkpt>
<trkpt lat="43.3679533" lon="5.8408083"><ele>604.51</ele></trkpt>
<trkpt lat="43.3679367" lon="5.8407717"><ele>604.64</ele></trkpt>
<trkpt lat="43.36791" lon="5.8407617"><ele>604.83</ele></trkpt>
<trkpt lat="43.3678817" lon="5.840756700000001"><ele>605.03</ele></trkpt>
<trkpt lat="43.3678467" lon="5.840755"><ele>605.04</ele></trkpt>
<trkpt lat="43.367815" lon="5.84075"><ele>605.22</ele></trkpt>
<trkpt lat="43.3677883" lon="5.8407417"><ele>605.33</ele></trkpt>
<trkpt lat="43.3677567" lon="5.840735"><ele>605.41</ele></trkpt>
<trkpt lat="43.3677283" lon="5.84073"><ele>605.5</ele></trkpt>
<trkpt lat="43.3676967" lon="5.840715"><ele>605.53</ele></trkpt>
<trkpt lat="43.3676633" lon="5.840695"><ele>605.95</ele></trkpt>
<trkpt lat="43.367645" lon="5.8406617"><ele>605.96</ele></trkpt>
<trkpt lat="43.3676283" lon="5.840621699999999"><ele>606.01</ele></trkpt>
<trkpt lat="43.3676133" lon="5.840585"><ele>606.03</ele></trkpt>
<trkpt lat="43.3675983" lon="5.840551700000001"><ele>606.2</ele></trkpt>
<trkpt lat="43.3675833" lon="5.840516700000001"><ele>606.65</ele></trkpt>
<trkpt lat="43.3675717" lon="5.84048"><ele>606.99</ele></trkpt>
<trkpt lat="43.367565" lon="5.8404317"><ele>607.26</ele></trkpt>
<trkpt lat="43.3675583" lon="5.840381699999999"><ele>607.05</ele></trkpt>
<trkpt lat="43.36755" lon="5.840335"><ele>607.2</ele></trkpt>
<trkpt lat="43.3675417" lon="5.8402983"><ele>607.59</ele></trkpt>
<trkpt lat="43.3675317" lon="5.840255"><ele>608.16</ele></trkpt>
<trkpt lat="43.3675267" lon="5.8402167"><ele>608.69</ele></trkpt>
<trkpt lat="43.367525" lon="5.840176700000001"><ele>609.46</ele></trkpt>
<trkpt lat="43.367515" lon="5.840125"><ele>609.87</ele></trkpt>
<trkpt lat="43.3675067" lon="5.8400783"><ele>610.12</ele></trkpt>
<trkpt lat="43.3674983" lon="5.8400367"><ele>610.13</ele></trkpt>
<trkpt lat="43.3674867" lon="5.8399983"><ele>610.3</ele></trkpt>
<trkpt lat="43.3674717" lon="5.8399517"><ele>610.5</ele></trkpt>
<trkpt lat="43.3674567" lon="5.8399117"><ele>610.88</ele></trkpt>
<trkpt lat="43.3674367" lon="5.83988"><ele>611.48</ele></trkpt>
<trkpt lat="43.3674167" lon="5.839848300000001"><ele>612.08</ele></trkpt>
<trkpt lat="43.36741" lon="5.8398083"><ele>612.49</ele></trkpt>
<trkpt lat="43.36739" lon="5.839779999999999"><ele>612.99</ele></trkpt>
<trkpt lat="43.36737" lon="5.8397533"><ele>613.22</ele></trkpt>
<trkpt lat="43.36735" lon="5.8397267"><ele>613.59</ele></trkpt>
<trkpt lat="43.3673383" lon="5.8396917"><ele>613.99</ele></trkpt>
<trkpt lat="43.36732" lon="5.8396483"><ele>614.16</ele></trkpt>
<trkpt lat="43.3673033" lon="5.839605"><ele>614.3</ele></trkpt>
<trkpt lat="43.3673" lon="5.8395667"><ele>614.52</ele></trkpt>
<trkpt lat="43.367305" lon="5.839515"><ele>614.37</ele></trkpt>
<trkpt lat="43.3673017" lon="5.839470000000001"><ele>614.5</ele></trkpt>
<trkpt lat="43.367295" lon="5.8394217"><ele>614.56</ele></trkpt>
<trkpt lat="43.367285" lon="5.8393783"><ele>614.51</ele></trkpt>
<trkpt lat="43.36728" lon="5.839336699999999"><ele>614.79</ele></trkpt>
<trkpt lat="43.3672767" lon="5.839295"><ele>614.83</ele></trkpt>
<trkpt lat="43.3672667" lon="5.8392517"><ele>614.76</ele></trkpt>
<trkpt lat="43.3672483" lon="5.839220000000001"><ele>614.57</ele></trkpt>
<trkpt lat="43.3672283" lon="5.83918"><ele>614.7</ele></trkpt>
<trkpt lat="43.3672067" lon="5.839154999999999"><ele>614.67</ele></trkpt>
<trkpt lat="43.3671933" lon="5.8391217"><ele>615.08</ele></trkpt>
<trkpt lat="43.36718" lon="5.839085000000001"><ele>615.3</ele></trkpt>
<trkpt lat="43.367165" lon="5.839051699999999"><ele>615.36</ele></trkpt>
<trkpt lat="43.3671467" lon="5.839018299999999"><ele>615.41</ele></trkpt>
<trkpt lat="43.3671333" lon="5.838985"><ele>615.68</ele></trkpt>
<trkpt lat="43.3671217" lon="5.838935000000001"><ele>615.8</ele></trkpt>
<trkpt lat="43.3671233" lon="5.838895"><ele>616.19</ele></trkpt>
<trkpt lat="43.367125" lon="5.83885"><ele>616.79</ele></trkpt>
<trkpt lat="43.367125" lon="5.8388067"><ele>617.1</ele></trkpt>
<trkpt lat="43.3671167" lon="5.838768299999999"><ele>617.13</ele></trkpt>
<trkpt lat="43.36709" lon="5.83875"><ele>617.32</ele></trkpt>
<trkpt lat="43.36706" lon="5.838731699999999"><ele>617.41</ele></trkpt>
<trkpt lat="43.3670417" lon="5.8386933"><ele>617.43</ele></trkpt>
<trkpt lat="43.3670267" lon="5.838645"><ele>617.59</ele></trkpt>
<trkpt lat="43.3670133" lon="5.83861"><ele>617.61</ele></trkpt>
<trkpt lat="43.3669983" lon="5.838565"><ele>617.89</ele></trkpt>
<trkpt lat="43.3669833" lon="5.838525"><ele>618.27</ele></trkpt>
<trkpt lat="43.3669717" lon="5.8384883"><ele>618.65</ele></trkpt>
<trkpt lat="43.3669567" lon="5.8384433"><ele>619.02</ele></trkpt>
<trkpt lat="43.36694" lon="5.8384017"><ele>619.2</ele></trkpt>
<trkpt lat="43.3669283" lon="5.838358299999999"><ele>619.49</ele></trkpt>
<trkpt lat="43.3669333" lon="5.838315"><ele>619.15</ele></trkpt>
<trkpt lat="43.366935" lon="5.83827"><ele>618.92</ele></trkpt>
<trkpt lat="43.3669283" lon="5.838230000000001"><ele>618.84</ele></trkpt>
<trkpt lat="43.3669233" lon="5.838188300000001"><ele>618.74</ele></trkpt>
<trkpt lat="43.3669067" lon="5.8381583"><ele>619.48</ele></trkpt>
<trkpt lat="43.3668867" lon="5.83811"><ele>620.06</ele></trkpt>
<trkpt lat="43.3668717" lon="5.8380767"><ele>620.49</ele></trkpt>
<trkpt lat="43.3668667" lon="5.838035"><ele>620.99</ele></trkpt>
<trkpt lat="43.36685" lon="5.837993300000001"><ele>621.2</ele></trkpt>
<trkpt lat="43.3668317" lon="5.8379533"><ele>621.52</ele></trkpt>
<trkpt lat="43.3668233" lon="5.837905"><ele>621.86</ele></trkpt>
<trkpt lat="43.36683" lon="5.837856699999999"><ele>622.22</ele></trkpt>
<trkpt lat="43.366835" lon="5.8378183"><ele>622.32</ele></trkpt>
<trkpt lat="43.3668333" lon="5.8377733"><ele>622.33</ele></trkpt>
<trkpt lat="43.366825" lon="5.8377367"><ele>622.42</ele></trkpt>
<trkpt lat="43.36682" lon="5.8376933"><ele>622.27</ele></trkpt>
<trkpt lat="43.3668183" lon="5.837645"><ele>622.32</ele></trkpt>
<trkpt lat="43.3668167" lon="5.8376"><ele>622.34</ele></trkpt>
<trkpt lat="43.366815" lon="5.837560000000001"><ele>622.43</ele></trkpt>
<trkpt lat="43.36681" lon="5.837515000000001"><ele>622.76</ele></trkpt>
<trkpt lat="43.3668067" lon="5.837470000000001"><ele>622.9</ele></trkpt>
<trkpt lat="43.3668017" lon="5.8374283"><ele>622.68</ele></trkpt>
<trkpt lat="43.3667917" lon="5.837379999999999"><ele>622.56</ele></trkpt>
<trkpt lat="43.3667817" lon="5.837333300000001"><ele>622.53</ele></trkpt>
<trkpt lat="43.36677" lon="5.8372917"><ele>622.37</ele></trkpt>
<trkpt lat="43.366755" lon="5.8372533"><ele>621.99</ele></trkpt>
<trkpt lat="43.366735" lon="5.8372183"><ele>621.86</ele></trkpt>
<trkpt lat="43.3667217" lon="5.8371783"><ele>621.81</ele></trkpt>
<trkpt lat="43.3667117" lon="5.837135"><ele>622.09</ele></trkpt>
<trkpt lat="43.3667067" lon="5.837093300000001"><ele>622.95</ele></trkpt>
<trkpt lat="43.3667167" lon="5.8370583"><ele>624.19</ele></trkpt>
<trkpt lat="43.3667" lon="5.8370133"><ele>624.36</ele></trkpt>
<trkpt lat="43.366685" lon="5.836975"><ele>623.98</ele></trkpt>
<trkpt lat="43.3666667" lon="5.8369333"><ele>623.58</ele></trkpt>
<trkpt lat="43.3666483" lon="5.836900000000001"><ele>623.28</ele></trkpt>
<trkpt lat="43.3666283" lon="5.836868299999999"><ele>622.98</ele></trkpt>
<trkpt lat="43.36661" lon="5.836833299999999"><ele>622.93</ele></trkpt>
<trkpt lat="43.3665933" lon="5.836798300000001"><ele>623.12</ele></trkpt>
<trkpt lat="43.3665667" lon="5.83677"><ele>623.41</ele></trkpt>
<trkpt lat="43.3665417" lon="5.836750000000001"><ele>623.33</ele></trkpt>
<trkpt lat="43.3665183" lon="5.836729999999999"><ele>623.26</ele></trkpt>
<trkpt lat="43.366485" lon="5.836716699999999"><ele>623.14</ele></trkpt>
<trkpt lat="43.3664567" lon="5.836705000000001"><ele>623.13</ele></trkpt>
<trkpt lat="43.3664283" lon="5.8366817"><ele>623.16</ele></trkpt>
<trkpt lat="43.366405" lon="5.8366567"><ele>623.14</ele></trkpt>
<trkpt lat="43.366395" lon="5.8366217"><ele>623.4</ele></trkpt>
<trkpt lat="43.3663667" lon="5.836581699999999"><ele>623.36</ele></trkpt>
<trkpt lat="43.3663617" lon="5.8365417"><ele>623.14</ele></trkpt>
<trkpt lat="43.3663933" lon="5.8365283"><ele>623.03</ele></trkpt>
<trkpt lat="43.3664217" lon="5.836511700000001"><ele>622.59</ele></trkpt>
<trkpt lat="43.36645" lon="5.8364967"><ele>622.28</ele></trkpt>
<trkpt lat="43.36648" lon="5.8364917"><ele>622.23</ele></trkpt>
<trkpt lat="43.36651" lon="5.83649"><ele>622.01</ele></trkpt>
<trkpt lat="43.3665417" lon="5.83649"><ele>621.8</ele></trkpt>
<trkpt lat="43.366565" lon="5.836466700000001"><ele>622.88</ele></trkpt>
<trkpt lat="43.3665883" lon="5.8364467"><ele>623.19</ele></trkpt>
<trkpt lat="43.366615" lon="5.8364367"><ele>622.97</ele></trkpt>
<trkpt lat="43.3666433" lon="5.8364367"><ele>622.83</ele></trkpt>
<trkpt lat="43.366745" lon="5.8364017"><ele>623.2</ele></trkpt>
<trkpt lat="43.366835" lon="5.836331699999999"><ele>622.54</ele></trkpt>
<trkpt lat="43.36686" lon="5.836315"><ele>622.33</ele></trkpt>
<trkpt lat="43.366885" lon="5.836298299999999"><ele>621.85</ele></trkpt>
<trkpt lat="43.3669183" lon="5.836298299999999"><ele>621.58</ele></trkpt>
<trkpt lat="43.366955" lon="5.83631"><ele>621.44</ele></trkpt>
<trkpt lat="43.3669833" lon="5.8363367"><ele>620.98</ele></trkpt>
<trkpt lat="43.3670083" lon="5.836354999999999"><ele>620.67</ele></trkpt>
<trkpt lat="43.3670333" lon="5.836378300000001"><ele>620.35</ele></trkpt>
<trkpt lat="43.367045" lon="5.836421700000001"><ele>619.88</ele></trkpt>
<trkpt lat="43.3670733" lon="5.8364283"><ele>619.37</ele></trkpt>
<trkpt lat="43.3670983" lon="5.836444999999999"><ele>619.29</ele></trkpt>
<trkpt lat="43.3671267" lon="5.836465"><ele>619.27</ele></trkpt>
<trkpt lat="43.3671483" lon="5.83649"><ele>618.81</ele></trkpt>
<trkpt lat="43.3671667" lon="5.8365183"><ele>618.27</ele></trkpt>
<trkpt lat="43.36717" lon="5.8365683"><ele>618.17</ele></trkpt>
<trkpt lat="43.367185" lon="5.836601700000001"><ele>618.14</ele></trkpt>
<trkpt lat="43.367205" lon="5.836639999999999"><ele>618.95</ele></trkpt>
<trkpt lat="43.3672267" lon="5.836673299999999"><ele>619.14</ele></trkpt>
<trkpt lat="43.3672383" lon="5.836708300000001"><ele>619.75</ele></trkpt>
<trkpt lat="43.3672717" lon="5.8367117"><ele>620.05</ele></trkpt>
<trkpt lat="43.3672983" lon="5.8367033"><ele>619.97</ele></trkpt>
<trkpt lat="43.3673317" lon="5.8367117"><ele>619.67</ele></trkpt>
<trkpt lat="43.3673567" lon="5.836691700000001"><ele>619.64</ele></trkpt>
<trkpt lat="43.36741" lon="5.8366133"><ele>619.76</ele></trkpt>
<trkpt lat="43.367415" lon="5.8365233"><ele>618</ele></trkpt>
<trkpt lat="43.3674083" lon="5.8364867"><ele>617.08</ele></trkpt>
<trkpt lat="43.3674233" lon="5.8364517"><ele>615.75</ele></trkpt>
<trkpt lat="43.36746" lon="5.836433300000001"><ele>614.8</ele></trkpt>
<trkpt lat="43.367465" lon="5.8363933"><ele>614.54</ele></trkpt>
<trkpt lat="43.3674833" lon="5.8363633"><ele>614.18</ele></trkpt>
<trkpt lat="43.3675117" lon="5.8363583"><ele>613.96</ele></trkpt>
<trkpt lat="43.3675467" lon="5.8363583"><ele>613.45</ele></trkpt>
<trkpt lat="43.3675733" lon="5.836343299999999"><ele>613.06</ele></trkpt>
<trkpt lat="43.3676" lon="5.8363567"><ele>612.15</ele></trkpt>
<trkpt lat="43.36763" lon="5.836354999999999"><ele>611.59</ele></trkpt>
<trkpt lat="43.36764" lon="5.8363133"><ele>611</ele></trkpt>
<trkpt lat="43.3676367" lon="5.836255"><ele>610.44</ele></trkpt>
<trkpt lat="43.36762" lon="5.836218300000001"><ele>610.34</ele></trkpt>
<trkpt lat="43.3676" lon="5.8361933"><ele>610.2</ele></trkpt>
<trkpt lat="43.36758" lon="5.8360817"><ele>610.76</ele></trkpt>
<trkpt lat="43.36758" lon="5.83604"><ele>610.87</ele></trkpt>
<trkpt lat="43.3675783" lon="5.836001699999999"><ele>610.77</ele></trkpt>
<trkpt lat="43.367585" lon="5.835958299999999"><ele>610.38</ele></trkpt>
<trkpt lat="43.3676017" lon="5.8359183"><ele>609.72</ele></trkpt>
<trkpt lat="43.3675917" lon="5.83588"><ele>608.99</ele></trkpt>
<trkpt lat="43.3675817" lon="5.835845"><ele>608.59</ele></trkpt>
<trkpt lat="43.367565" lon="5.835806699999999"><ele>608.54</ele></trkpt>
<trkpt lat="43.3675483" lon="5.835774999999999"><ele>608.21</ele></trkpt>
<trkpt lat="43.3675317" lon="5.8357433"><ele>608.13</ele></trkpt>
<trkpt lat="43.3675267" lon="5.8357"><ele>608.06</ele></trkpt>
<trkpt lat="43.367515" lon="5.8356617"><ele>607.16</ele></trkpt>
<trkpt lat="43.3675017" lon="5.8356233"><ele>606.61</ele></trkpt>
<trkpt lat="43.3675067" lon="5.8355717"><ele>606.77</ele></trkpt>
<trkpt lat="43.3675133" lon="5.8355267"><ele>607.32</ele></trkpt>
<trkpt lat="43.3675167" lon="5.8354817"><ele>607.95</ele></trkpt>
<trkpt lat="43.3675133" lon="5.83544"><ele>608.52</ele></trkpt>
<trkpt lat="43.3675133" lon="5.8354017"><ele>608.99</ele></trkpt>
<trkpt lat="43.3675183" lon="5.8353567"><ele>609.14</ele></trkpt>
<trkpt lat="43.367515" lon="5.835316700000001"><ele>609.14</ele></trkpt>
<trkpt lat="43.3675017" lon="5.8352783"><ele>609.48</ele></trkpt>
<trkpt lat="43.3674867" lon="5.8352417"><ele>610.05</ele></trkpt>
<trkpt lat="43.3674733" lon="5.8352017"><ele>610.2</ele></trkpt>
<trkpt lat="43.367465" lon="5.8351633"><ele>610.33</ele></trkpt>
<trkpt lat="43.367455" lon="5.8351267"><ele>610.55</ele></trkpt>
<trkpt lat="43.3674417" lon="5.835085"><ele>610.28</ele></trkpt>
<trkpt lat="43.3674383" lon="5.835045000000001"><ele>610.03</ele></trkpt>
<trkpt lat="43.3674317" lon="5.834995"><ele>609.88</ele></trkpt>
<trkpt lat="43.367425" lon="5.8349467"><ele>609.67</ele></trkpt>
<trkpt lat="43.3674133" lon="5.834908300000001"><ele>609.38</ele></trkpt>
<trkpt lat="43.3673967" lon="5.834874999999999"><ele>608.99</ele></trkpt>
<trkpt lat="43.367375" lon="5.834845"><ele>608.65</ele></trkpt>
<trkpt lat="43.3673533" lon="5.834815"><ele>608.48</ele></trkpt>
<trkpt lat="43.3673333" lon="5.8347783"><ele>607.98</ele></trkpt>
<trkpt lat="43.36731" lon="5.8347383"><ele>608.1</ele></trkpt>
<trkpt lat="43.3672917" lon="5.8346983"><ele>608.3</ele></trkpt>
<trkpt lat="43.3672817" lon="5.8346617"><ele>608.59</ele></trkpt>
<trkpt lat="43.3672667" lon="5.83462"><ele>609.01</ele></trkpt>
<trkpt lat="43.3672567" lon="5.8345717"><ele>609.36</ele></trkpt>
<trkpt lat="43.3672433" lon="5.834521699999999"><ele>610.19</ele></trkpt>
<trkpt lat="43.3672383" lon="5.8344833"><ele>610.55</ele></trkpt>
<trkpt lat="43.36723" lon="5.8344367"><ele>610.53</ele></trkpt>
<trkpt lat="43.3672283" lon="5.834388299999999"><ele>610.98</ele></trkpt>
<trkpt lat="43.3672333" lon="5.8343417"><ele>610.96</ele></trkpt>
<trkpt lat="43.3672417" lon="5.8343033"><ele>610.51</ele></trkpt>
<trkpt lat="43.3672383" lon="5.8342617"><ele>610.6</ele></trkpt>
<trkpt lat="43.3672333" lon="5.83421"><ele>610.66</ele></trkpt>
<trkpt lat="43.3672383" lon="5.8341717"><ele>610.36</ele></trkpt>
<trkpt lat="43.3672433" lon="5.8341267"><ele>610.57</ele></trkpt>
<trkpt lat="43.36724" lon="5.8340833"><ele>611.09</ele></trkpt>
<trkpt lat="43.367235" lon="5.834044999999999"><ele>611.23</ele></trkpt>
<trkpt lat="43.3672217" lon="5.8340033"><ele>611.54</ele></trkpt>
<trkpt lat="43.36721" lon="5.8339667"><ele>611.63</ele></trkpt>
<trkpt lat="43.367205" lon="5.8339283"><ele>611.74</ele></trkpt>
<trkpt lat="43.367205" lon="5.8338833"><ele>611.74</ele></trkpt>
<trkpt lat="43.3672133" lon="5.833759999999999"><ele>612.07</ele></trkpt>
<trkpt lat="43.36721" lon="5.83372"><ele>612.52</ele></trkpt>
<trkpt lat="43.367205" lon="5.833683299999999"><ele>612.79</ele></trkpt>
<trkpt lat="43.3671933" lon="5.8336467"><ele>612.92</ele></trkpt>
<trkpt lat="43.3671817" lon="5.833595"><ele>612.84</ele></trkpt>
<trkpt lat="43.3671717" lon="5.83355"><ele>612.67</ele></trkpt>
<trkpt lat="43.3671667" lon="5.8335033"><ele>612.73</ele></trkpt>
<trkpt lat="43.3671533" lon="5.833465"><ele>612.76</ele></trkpt>
<trkpt lat="43.3671333" lon="5.8334233"><ele>612.39</ele></trkpt>
<trkpt lat="43.3671133" lon="5.833383300000001"><ele>612.12</ele></trkpt>
<trkpt lat="43.3670983" lon="5.833336699999999"><ele>611.93</ele></trkpt>
<trkpt lat="43.367085" lon="5.8333017"><ele>611.82</ele></trkpt>
<trkpt lat="43.36708" lon="5.833255"><ele>612.19</ele></trkpt>
<trkpt lat="43.3670717" lon="5.83321"><ele>612.82</ele></trkpt>
<trkpt lat="43.3670583" lon="5.83317"><ele>613.46</ele></trkpt>
<trkpt lat="43.36705" lon="5.83313"><ele>613.95</ele></trkpt>
<trkpt lat="43.3670317" lon="5.833099999999999"><ele>614.23</ele></trkpt>
<trkpt lat="43.3670083" lon="5.8330633"><ele>614.4</ele></trkpt>
<trkpt lat="43.36699" lon="5.833030000000001"><ele>614.55</ele></trkpt>
<trkpt lat="43.3669683" lon="5.832998300000001"><ele>614.79</ele></trkpt>
<trkpt lat="43.36695" lon="5.8329567"><ele>615.09</ele></trkpt>
<trkpt lat="43.366935" lon="5.8329233"><ele>615.57</ele></trkpt>
<trkpt lat="43.3669117" lon="5.832885"><ele>616.35</ele></trkpt>
<trkpt lat="43.3668917" lon="5.832846700000001"><ele>616.25</ele></trkpt>
<trkpt lat="43.3668767" lon="5.83281"><ele>616.3</ele></trkpt>
<trkpt lat="43.3668633" lon="5.832775"><ele>615.97</ele></trkpt>
<trkpt lat="43.3668467" lon="5.83274"><ele>615.94</ele></trkpt>
<trkpt lat="43.3668267" lon="5.832713300000001"><ele>616.03</ele></trkpt>
<trkpt lat="43.3668" lon="5.832685"><ele>616.06</ele></trkpt>
<trkpt lat="43.3667717" lon="5.8326483"><ele>615.85</ele></trkpt>
<trkpt lat="43.3667517" lon="5.832610000000001"><ele>615.83</ele></trkpt>
<trkpt lat="43.36674" lon="5.83257"><ele>615.93</ele></trkpt>
<trkpt lat="43.36673" lon="5.8325267"><ele>615.93</ele></trkpt>
<trkpt lat="43.366725" lon="5.8324817"><ele>616</ele></trkpt>
<trkpt lat="43.3667833" lon="5.8324233"><ele>614.43</ele></trkpt>
<trkpt lat="43.3668267" lon="5.8324933"><ele>612.82</ele></trkpt>
<trkpt lat="43.366815" lon="5.832535"><ele>612.35</ele></trkpt>
<trkpt lat="43.3668133" lon="5.832488299999999"><ele>612.34</ele></trkpt>
<trkpt lat="43.3668133" lon="5.8325267"><ele>612.43</ele></trkpt>
<trkpt lat="43.36681" lon="5.832486699999999"><ele>612.76</ele></trkpt>
<trkpt lat="43.3668633" lon="5.8324517"><ele>611.02</ele></trkpt>
<trkpt lat="43.3668367" lon="5.8324433"><ele>610.63</ele></trkpt>
<trkpt lat="43.3668683" lon="5.832428300000001"><ele>611.34</ele></trkpt>
<trkpt lat="43.366895" lon="5.83245"><ele>611.15</ele></trkpt>
<trkpt lat="43.366925" lon="5.832461700000001"><ele>610.97</ele></trkpt>
<trkpt lat="43.3669567" lon="5.832461700000001"><ele>610.48</ele></trkpt>
<trkpt lat="43.366985" lon="5.8324567"><ele>610.47</ele></trkpt>
<trkpt lat="43.3670133" lon="5.83247"><ele>610.47</ele></trkpt>
<trkpt lat="43.3670433" lon="5.832484999999999"><ele>610.25</ele></trkpt>
<trkpt lat="43.3670717" lon="5.8324783"><ele>610.07</ele></trkpt>
<trkpt lat="43.367105" lon="5.832488299999999"><ele>609.34</ele></trkpt>
<trkpt lat="43.367135" lon="5.8324917"><ele>608.98</ele></trkpt>
<trkpt lat="43.3671717" lon="5.832495"><ele>608.87</ele></trkpt>
<trkpt lat="43.3671983" lon="5.8325033"><ele>608.77</ele></trkpt>
<trkpt lat="43.36723" lon="5.832508300000001"><ele>608.1</ele></trkpt>
<trkpt lat="43.3672567" lon="5.832519999999999"><ele>607.41</ele></trkpt>
<trkpt lat="43.3672933" lon="5.8325283"><ele>607.05</ele></trkpt>
<trkpt lat="43.3673217" lon="5.8325367"><ele>606.95</ele></trkpt>
<trkpt lat="43.3673517" lon="5.832553300000001"><ele>606.41</ele></trkpt>
<trkpt lat="43.3673783" lon="5.832561700000001"><ele>606.24</ele></trkpt>
<trkpt lat="43.3674133" lon="5.8325683"><ele>606.15</ele></trkpt>
<trkpt lat="43.3674417" lon="5.83258"><ele>606.14</ele></trkpt>
<trkpt lat="43.36747" lon="5.832588299999999"><ele>606.21</ele></trkpt>
<trkpt lat="43.3675017" lon="5.832598300000001"><ele>605.88</ele></trkpt>
<trkpt lat="43.367535" lon="5.832595"><ele>605.31</ele></trkpt>
<trkpt lat="43.3675617" lon="5.832608300000001"><ele>604.97</ele></trkpt>
<trkpt lat="43.3675917" lon="5.8326167"><ele>604.77</ele></trkpt>
<trkpt lat="43.3676283" lon="5.832623299999999"><ele>604.67</ele></trkpt>
<trkpt lat="43.367655" lon="5.832651700000001"><ele>604.64</ele></trkpt>
<trkpt lat="43.3676783" lon="5.8326833"><ele>604.45</ele></trkpt>
<trkpt lat="43.3677067" lon="5.8327183"><ele>604.44</ele></trkpt>
<trkpt lat="43.36773" lon="5.83275"><ele>604.44</ele></trkpt>
<trkpt lat="43.3677483" lon="5.8327883"><ele>604.37</ele></trkpt>
<trkpt lat="43.36777" lon="5.8328233"><ele>604.25</ele></trkpt>
<trkpt lat="43.3677917" lon="5.832863299999999"><ele>604.34</ele></trkpt>
<trkpt lat="43.3678217" lon="5.832883300000001"><ele>604.37</ele></trkpt>
<trkpt lat="43.367855" lon="5.8329017"><ele>604.27</ele></trkpt>
<trkpt lat="43.3678717" lon="5.832936700000001"><ele>603.67</ele></trkpt>
<trkpt lat="43.3678967" lon="5.8329567"><ele>603.6</ele></trkpt>
<trkpt lat="43.3679217" lon="5.8329783"><ele>603.55</ele></trkpt>
<trkpt lat="43.3679483" lon="5.8329917"><ele>603.38</ele></trkpt>
<trkpt lat="43.3679783" lon="5.8330017"><ele>603.25</ele></trkpt>
<trkpt lat="43.3680083" lon="5.8330133"><ele>602.9</ele></trkpt>
<trkpt lat="43.3680417" lon="5.833035"><ele>602.68</ele></trkpt>
<trkpt lat="43.36807" lon="5.8330483"><ele>602.48</ele></trkpt>
<trkpt lat="43.3680983" lon="5.8330617"><ele>602.18</ele></trkpt>
<trkpt lat="43.36812" lon="5.833085"><ele>601.79</ele></trkpt>
<trkpt lat="43.36815" lon="5.83311"><ele>601.31</ele></trkpt>
<trkpt lat="43.3681817" lon="5.833125"><ele>600.89</ele></trkpt>
<trkpt lat="43.3682133" lon="5.8331367"><ele>600.67</ele></trkpt>
<trkpt lat="43.3682517" lon="5.833144999999999"><ele>600.37</ele></trkpt>
<trkpt lat="43.3682783" lon="5.8331667"><ele>599.92</ele></trkpt>
<trkpt lat="43.3683083" lon="5.8331967"><ele>599.75</ele></trkpt>
<trkpt lat="43.3683317" lon="5.8332333"><ele>599.57</ele></trkpt>
<trkpt lat="43.36835" lon="5.8332633"><ele>599.45</ele></trkpt>
<trkpt lat="43.36837" lon="5.8333017"><ele>599.43</ele></trkpt>
<trkpt lat="43.3683983" lon="5.8333333"><ele>599.31</ele></trkpt>
<trkpt lat="43.3684267" lon="5.8333633"><ele>599.25</ele></trkpt>
<trkpt lat="43.3684517" lon="5.833383300000001"><ele>599.14</ele></trkpt>
<trkpt lat="43.3684783" lon="5.8334067"><ele>598.78</ele></trkpt>
<trkpt lat="43.36851" lon="5.8334233"><ele>598.29</ele></trkpt>
<trkpt lat="43.36854" lon="5.8334333"><ele>597.84</ele></trkpt>
<trkpt lat="43.3685717" lon="5.8334483"><ele>597.29</ele></trkpt>
<trkpt lat="43.3685983" lon="5.8334567"><ele>596.98</ele></trkpt>
<trkpt lat="43.3686183" lon="5.833485"><ele>596.58</ele></trkpt>
<trkpt lat="43.3686517" lon="5.8335033"><ele>596.16</ele></trkpt>
<trkpt lat="43.36868" lon="5.8335217"><ele>596.23</ele></trkpt>
<trkpt lat="43.368705" lon="5.8335417"><ele>596.04</ele></trkpt>
<trkpt lat="43.3687333" lon="5.8335467"><ele>595.18</ele></trkpt>
<trkpt lat="43.3687583" lon="5.8335667"><ele>594.68</ele></trkpt>
<trkpt lat="43.3687883" lon="5.8335867"><ele>595.09</ele></trkpt>
<trkpt lat="43.3688217" lon="5.833589999999999"><ele>594.73</ele></trkpt>
<trkpt lat="43.3688517" lon="5.8336017"><ele>594.45</ele></trkpt>
<trkpt lat="43.3688917" lon="5.8336033"><ele>594.38</ele></trkpt>
<trkpt lat="43.36892" lon="5.833615"><ele>594.01</ele></trkpt>
<trkpt lat="43.3689467" lon="5.833638299999999"><ele>593.69</ele></trkpt>
<trkpt lat="43.3689683" lon="5.8336733"><ele>593.22</ele></trkpt>
<trkpt lat="43.36899" lon="5.833700000000001"><ele>592.4</ele></trkpt>
<trkpt lat="43.3690133" lon="5.83372"><ele>591.92</ele></trkpt>
<trkpt lat="43.3690367" lon="5.8337433"><ele>591.42</ele></trkpt>
<trkpt lat="43.3690617" lon="5.833773299999999"><ele>591.15</ele></trkpt>
<trkpt lat="43.3690883" lon="5.8337967"><ele>590.69</ele></trkpt>
<trkpt lat="43.3691133" lon="5.833818299999999"><ele>590.22</ele></trkpt>
<trkpt lat="43.3691383" lon="5.83384"><ele>589.98</ele></trkpt>
<trkpt lat="43.3691633" lon="5.833855"><ele>590.04</ele></trkpt>
<trkpt lat="43.3691933" lon="5.833863299999999"><ele>589.85</ele></trkpt>
<trkpt lat="43.3692283" lon="5.8338733"><ele>589.68</ele></trkpt>
<trkpt lat="43.3692583" lon="5.8338717"><ele>589.48</ele></trkpt>
<trkpt lat="43.3692933" lon="5.8338833"><ele>589.28</ele></trkpt>
<trkpt lat="43.3693233" lon="5.8338983"><ele>589.08</ele></trkpt>
<trkpt lat="43.3693533" lon="5.8339167"><ele>588.59</ele></trkpt>
<trkpt lat="43.36938" lon="5.8339317"><ele>588.47</ele></trkpt>
<trkpt lat="43.3694117" lon="5.8339383"><ele>588.35</ele></trkpt>
<trkpt lat="43.369445" lon="5.83395"><ele>588.34</ele></trkpt>
<trkpt lat="43.3694717" lon="5.8339617"><ele>588.18</ele></trkpt>
<trkpt lat="43.3695" lon="5.83399"><ele>587.98</ele></trkpt>
<trkpt lat="43.3695267" lon="5.8340233"><ele>587.69</ele></trkpt>
<trkpt lat="43.3695517" lon="5.834058299999999"><ele>587.23</ele></trkpt>
<trkpt lat="43.3695683" lon="5.834088300000001"><ele>586.87</ele></trkpt>
<trkpt lat="43.3695883" lon="5.834121700000001"><ele>586.68</ele></trkpt>
<trkpt lat="43.3696083" lon="5.834155"><ele>586.46</ele></trkpt>
<trkpt lat="43.3696317" lon="5.834180000000001"><ele>586.52</ele></trkpt>
<trkpt lat="43.36966" lon="5.8342133"><ele>586.36</ele></trkpt>
<trkpt lat="43.3696883" lon="5.8342333"><ele>586.51</ele></trkpt>
<trkpt lat="43.3697283" lon="5.83424"><ele>586.87</ele></trkpt>
<trkpt lat="43.3697567" lon="5.8342483"><ele>587.26</ele></trkpt>
<trkpt lat="43.3697833" lon="5.8342567"><ele>587.66</ele></trkpt>
<trkpt lat="43.369815" lon="5.834265"><ele>587.98</ele></trkpt>
<trkpt lat="43.3698467" lon="5.8342733"><ele>588.3</ele></trkpt>
<trkpt lat="43.3698783" lon="5.834281699999999"><ele>588.65</ele></trkpt>
<trkpt lat="43.3699117" lon="5.834315000000001"><ele>588.74</ele></trkpt>
<trkpt lat="43.3699383" lon="5.8343383"><ele>588.51</ele></trkpt>
<trkpt lat="43.3699667" lon="5.834363300000001"><ele>588</ele></trkpt>
<trkpt lat="43.36999" lon="5.834386699999999"><ele>587.62</ele></trkpt>
<trkpt lat="43.3700217" lon="5.83441"><ele>587.1</ele></trkpt>
<trkpt lat="43.370035" lon="5.8344467"><ele>586.62</ele></trkpt>
<trkpt lat="43.3700567" lon="5.8344717"><ele>586.06</ele></trkpt>
<trkpt lat="43.3700783" lon="5.8345017"><ele>585.62</ele></trkpt>
<trkpt lat="43.3700933" lon="5.8345383"><ele>585.29</ele></trkpt>
<trkpt lat="43.3700983" lon="5.8345767"><ele>584.88</ele></trkpt>
<trkpt lat="43.3701083" lon="5.8346183"><ele>584.66</ele></trkpt>
<trkpt lat="43.3701167" lon="5.83466"><ele>584.31</ele></trkpt>
<trkpt lat="43.3701317" lon="5.8346917"><ele>583.72</ele></trkpt>
<trkpt lat="43.3701533" lon="5.834728299999999"><ele>583.19</ele></trkpt>
<trkpt lat="43.370175" lon="5.8347583"><ele>582.75</ele></trkpt>
<trkpt lat="43.3702" lon="5.83479"><ele>582.39</ele></trkpt>
<trkpt lat="43.3702283" lon="5.834815"><ele>582.07</ele></trkpt>
<trkpt lat="43.3702583" lon="5.834840000000001"><ele>582.12</ele></trkpt>
<trkpt lat="43.37029" lon="5.83486"><ele>582.04</ele></trkpt>
<trkpt lat="43.3703167" lon="5.83487"><ele>582.3</ele></trkpt>
<trkpt lat="43.3703383" lon="5.834895000000001"><ele>582.37</ele></trkpt>
<trkpt lat="43.3703683" lon="5.834906699999999"><ele>582.23</ele></trkpt>
<trkpt lat="43.3704017" lon="5.8349117"><ele>582.13</ele></trkpt>
<trkpt lat="43.3704367" lon="5.834909999999999"><ele>582.34</ele></trkpt>
<trkpt lat="43.3705033" lon="5.835238300000001"><ele>581.85</ele></trkpt>
<trkpt lat="43.37046" lon="5.835318300000001"><ele>577.65</ele></trkpt>
<trkpt lat="43.3704267" lon="5.8353317"><ele>578.63</ele></trkpt>
<trkpt lat="43.3704383" lon="5.8353667"><ele>577.86</ele></trkpt>
<trkpt lat="43.3704183" lon="5.8353917"><ele>584.19</ele></trkpt>
<trkpt lat="43.37042" lon="5.835444999999999"><ele>584.92</ele></trkpt>
<trkpt lat="43.3704217" lon="5.8354933"><ele>584.76</ele></trkpt>
<trkpt lat="43.370425" lon="5.835534999999999"><ele>584.48</ele></trkpt>
<trkpt lat="43.3704283" lon="5.8355767"><ele>583.42</ele></trkpt>
<trkpt lat="43.3704817" lon="5.835685"><ele>585.89</ele></trkpt>
<trkpt lat="43.3705033" lon="5.835716699999999"><ele>585.91</ele></trkpt>
<trkpt lat="43.3705183" lon="5.8357483"><ele>585.33</ele></trkpt>
<trkpt lat="43.3705383" lon="5.83578"><ele>584.6</ele></trkpt>
<trkpt lat="43.370565" lon="5.835815"><ele>584</ele></trkpt>
<trkpt lat="43.3705817" lon="5.835853300000001"><ele>583.68</ele></trkpt>
<trkpt lat="43.3706083" lon="5.8358917"><ele>583.32</ele></trkpt>
<trkpt lat="43.3706283" lon="5.835933300000001"><ele>582.83</ele></trkpt>
<trkpt lat="43.3706317" lon="5.8359733"><ele>582.24</ele></trkpt>
<trkpt lat="43.3706367" lon="5.8360183"><ele>581.56</ele></trkpt>
<trkpt lat="43.3706367" lon="5.8360617"><ele>581.09</ele></trkpt>
<trkpt lat="43.3706433" lon="5.8361033"><ele>580.69</ele></trkpt>
<trkpt lat="43.3706433" lon="5.8361517"><ele>580.72</ele></trkpt>
<trkpt lat="43.3706517" lon="5.8361917"><ele>580.91</ele></trkpt>
<trkpt lat="43.3706617" lon="5.836245"><ele>580.88</ele></trkpt>
<trkpt lat="43.37068" lon="5.8362767"><ele>580.65</ele></trkpt>
<trkpt lat="43.3706883" lon="5.8363217"><ele>580.56</ele></trkpt>
<trkpt lat="43.3706883" lon="5.83636"><ele>580.64</ele></trkpt>
<trkpt lat="43.370695" lon="5.836405"><ele>580.98</ele></trkpt>
<trkpt lat="43.3707083" lon="5.836444999999999"><ele>581.33</ele></trkpt>
<trkpt lat="43.3707233" lon="5.8364883"><ele>581.84</ele></trkpt>
<trkpt lat="43.3707433" lon="5.8365283"><ele>581.76</ele></trkpt>
<trkpt lat="43.3707583" lon="5.8365617"><ele>582.08</ele></trkpt>
<trkpt lat="43.3707733" lon="5.8365983"><ele>582.31</ele></trkpt>
<trkpt lat="43.37079" lon="5.836646700000001"><ele>582.26</ele></trkpt>
<trkpt lat="43.37079" lon="5.836691700000001"><ele>582.24</ele></trkpt>
<trkpt lat="43.3708017" lon="5.8367383"><ele>581.89</ele></trkpt>
<trkpt lat="43.3708167" lon="5.8367817"><ele>581.66</ele></trkpt>
<trkpt lat="43.3708283" lon="5.8368183"><ele>581.65</ele></trkpt>
<trkpt lat="43.37084" lon="5.836868299999999"><ele>581.17</ele></trkpt>
<trkpt lat="43.3708383" lon="5.83691"><ele>580.55</ele></trkpt>
<trkpt lat="43.3708267" lon="5.83695"><ele>580.16</ele></trkpt>
<trkpt lat="43.370805" lon="5.836985"><ele>579.79</ele></trkpt>
<trkpt lat="43.3707833" lon="5.8370217"><ele>579.65</ele></trkpt>
<trkpt lat="43.37078" lon="5.8370617"><ele>579.37</ele></trkpt>
<trkpt lat="43.3707917" lon="5.8371033"><ele>579.5</ele></trkpt>
<trkpt lat="43.37081" lon="5.837135"><ele>579.9</ele></trkpt>
<trkpt lat="43.3708283" lon="5.837171700000001"><ele>579.76</ele></trkpt>
<trkpt lat="43.3708283" lon="5.837209999999999"><ele>579.49</ele></trkpt>
<trkpt lat="43.3708283" lon="5.8372567"><ele>579.26</ele></trkpt>
<trkpt lat="43.3708267" lon="5.837299999999999"><ele>578.9</ele></trkpt>
<trkpt lat="43.370825" lon="5.8373433"><ele>578.85</ele></trkpt>
<trkpt lat="43.3708383" lon="5.8373833"><ele>578.83</ele></trkpt>
<trkpt lat="43.3708467" lon="5.8374267"><ele>578.93</ele></trkpt>
<trkpt lat="43.3708583" lon="5.8374633"><ele>579.18</ele></trkpt>
<trkpt lat="43.370865" lon="5.8375083"><ele>579.5</ele></trkpt>
<trkpt lat="43.3708817" lon="5.8375417"><ele>579.64</ele></trkpt>
<trkpt lat="43.3709067" lon="5.837573300000001"><ele>579.56</ele></trkpt>
<trkpt lat="43.3709233" lon="5.8376133"><ele>579.55</ele></trkpt>
<trkpt lat="43.3709317" lon="5.8376667"><ele>579.53</ele></trkpt>
<trkpt lat="43.3709367" lon="5.837706700000001"><ele>579.45</ele></trkpt>
<trkpt lat="43.37093" lon="5.837745"><ele>579.38</ele></trkpt>
<trkpt lat="43.3709233" lon="5.8377817"><ele>579.39</ele></trkpt>
<trkpt lat="43.3709133" lon="5.8378183"><ele>579.64</ele></trkpt>
<trkpt lat="43.3709083" lon="5.837866699999999"><ele>579.38</ele></trkpt>
<trkpt lat="43.3709" lon="5.8379167"><ele>579.42</ele></trkpt>
<trkpt lat="43.3708917" lon="5.8379533"><ele>579.79</ele></trkpt>
<trkpt lat="43.37088" lon="5.8379967"><ele>579.68</ele></trkpt>
<trkpt lat="43.3708667" lon="5.8380417"><ele>578.96</ele></trkpt>
<trkpt lat="43.3708517" lon="5.8380767"><ele>578.17</ele></trkpt>
<trkpt lat="43.3708367" lon="5.8381117"><ele>577.89</ele></trkpt>
<trkpt lat="43.3708233" lon="5.838153299999999"><ele>577.52</ele></trkpt>
<trkpt lat="43.37082" lon="5.8381917"><ele>577.43</ele></trkpt>
<trkpt lat="43.3708117" lon="5.838231700000001"><ele>577.63</ele></trkpt>
<trkpt lat="43.37079" lon="5.838258299999999"><ele>577.12</ele></trkpt>
<trkpt lat="43.3707717" lon="5.838288300000001"><ele>576.43</ele></trkpt>
<trkpt lat="43.3707567" lon="5.838331700000001"><ele>576.1</ele></trkpt>
<trkpt lat="43.3707417" lon="5.8383783"><ele>575.89</ele></trkpt>
<trkpt lat="43.3707333" lon="5.8384217"><ele>575.27</ele></trkpt>
<trkpt lat="43.3707283" lon="5.8384683"><ele>574.63</ele></trkpt>
<trkpt lat="43.370725" lon="5.83852"><ele>573.57</ele></trkpt>
<trkpt lat="43.370735" lon="5.838555"><ele>573.09</ele></trkpt>
<trkpt lat="43.3707567" lon="5.838586699999999"><ele>572.86</ele></trkpt>
<trkpt lat="43.3707833" lon="5.8386133"><ele>572.85</ele></trkpt>
<trkpt lat="43.3708033" lon="5.8386467"><ele>572.58</ele></trkpt>
<trkpt lat="43.3708233" lon="5.838674999999999"><ele>572.37</ele></trkpt>
<trkpt lat="43.3708533" lon="5.8387017"><ele>571.9</ele></trkpt>
<trkpt lat="43.3708767" lon="5.838721699999999"><ele>571.76</ele></trkpt>
<trkpt lat="43.3709083" lon="5.838725"><ele>571.56</ele></trkpt>
<trkpt lat="43.3709383" lon="5.838731699999999"><ele>571.29</ele></trkpt>
<trkpt lat="43.3709633" lon="5.838715"><ele>571.25</ele></trkpt>
<trkpt lat="43.3709983" lon="5.838706700000001"><ele>570.99</ele></trkpt>
<trkpt lat="43.3710333" lon="5.8387"><ele>570.59</ele></trkpt>
<trkpt lat="43.3710633" lon="5.8386817"><ele>570.19</ele></trkpt>
<trkpt lat="43.371095" lon="5.8386667"><ele>569.82</ele></trkpt>
<trkpt lat="43.37112" lon="5.838645"><ele>569.33</ele></trkpt>
<trkpt lat="43.3711417" lon="5.838619999999999"><ele>568.99</ele></trkpt>
<trkpt lat="43.3711633" lon="5.8385967"><ele>568.72</ele></trkpt>
<trkpt lat="43.3711917" lon="5.838586699999999"><ele>568.5</ele></trkpt>
<trkpt lat="43.371225" lon="5.8385783"><ele>568.37</ele></trkpt>
<trkpt lat="43.37126" lon="5.838584999999999"><ele>568.26</ele></trkpt>
<trkpt lat="43.371295" lon="5.8386033"><ele>568.7</ele></trkpt>
<trkpt lat="43.37133" lon="5.838615"><ele>568.98</ele></trkpt>
<trkpt lat="43.3713667" lon="5.838629999999999"><ele>569.14</ele></trkpt>
<trkpt lat="43.3713967" lon="5.838645"><ele>569.05</ele></trkpt>
<trkpt lat="43.371425" lon="5.8386683"><ele>568.63</ele></trkpt>
<trkpt lat="43.3714517" lon="5.8386867"><ele>568.3</ele></trkpt>
<trkpt lat="43.3714767" lon="5.838706700000001"><ele>567.99</ele></trkpt>
<trkpt lat="43.371505" lon="5.838733299999999"><ele>568.02</ele></trkpt>
<trkpt lat="43.371535" lon="5.83875"><ele>568.21</ele></trkpt>
<trkpt lat="43.37156" lon="5.838776699999999"><ele>568.18</ele></trkpt>
<trkpt lat="43.371585" lon="5.8388083"><ele>567.89</ele></trkpt>
<trkpt lat="43.3716083" lon="5.8388417"><ele>567.49</ele></trkpt>
<trkpt lat="43.371635" lon="5.8388717"><ele>567.09</ele></trkpt>
<trkpt lat="43.37166" lon="5.838903300000001"><ele>566.81</ele></trkpt>
<trkpt lat="43.37169" lon="5.8389333"><ele>566.59</ele></trkpt>
<trkpt lat="43.3717117" lon="5.8389583"><ele>566.43</ele></trkpt>
<trkpt lat="43.3717367" lon="5.8389883"><ele>566.2</ele></trkpt>
<trkpt lat="43.37176" lon="5.8390233"><ele>565.63</ele></trkpt>
<trkpt lat="43.37179" lon="5.839045"><ele>564.22</ele></trkpt>
<trkpt lat="43.371825" lon="5.8390467"><ele>563.46</ele></trkpt>
<trkpt lat="43.37186" lon="5.8390433"><ele>562.84</ele></trkpt>
<trkpt lat="43.3718967" lon="5.8390467"><ele>562.38</ele></trkpt>
<trkpt lat="43.3719267" lon="5.839051699999999"><ele>562.09</ele></trkpt>
<trkpt lat="43.37196" lon="5.839061699999999"><ele>561.83</ele></trkpt>
<trkpt lat="43.3719883" lon="5.8390583"><ele>561.85</ele></trkpt>
<trkpt lat="43.37202" lon="5.839061699999999"><ele>561.94</ele></trkpt>
<trkpt lat="43.372055" lon="5.8390683"><ele>562.2</ele></trkpt>
<trkpt lat="43.3720833" lon="5.8390733"><ele>562.38</ele></trkpt>
<trkpt lat="43.37211" lon="5.839085000000001"><ele>562.06</ele></trkpt>
<trkpt lat="43.37214" lon="5.8391017"><ele>562.17</ele></trkpt>
<trkpt lat="43.37217" lon="5.839119999999999"><ele>561.96</ele></trkpt>
<trkpt lat="43.3721983" lon="5.83915"><ele>562.24</ele></trkpt>
<trkpt lat="43.3722233" lon="5.8391667"><ele>562.91</ele></trkpt>
<trkpt lat="43.372255" lon="5.83918"><ele>563.38</ele></trkpt>
<trkpt lat="43.37229" lon="5.8391983"><ele>563.89</ele></trkpt>
<trkpt lat="43.3723117" lon="5.839233300000001"><ele>564.24</ele></trkpt>
<trkpt lat="43.372325" lon="5.8392817"><ele>564.35</ele></trkpt>
<trkpt lat="43.3723417" lon="5.839311700000001"><ele>564.32</ele></trkpt>
<trkpt lat="43.3723733" lon="5.8393083"><ele>564.28</ele></trkpt>
<trkpt lat="43.3724017" lon="5.839315"><ele>564.06</ele></trkpt>
<trkpt lat="43.3724333" lon="5.83932"><ele>564.31</ele></trkpt>
<trkpt lat="43.372465" lon="5.8393133"><ele>564.5</ele></trkpt>
<trkpt lat="43.3724967" lon="5.839311700000001"><ele>564.9</ele></trkpt>
<trkpt lat="43.372525" lon="5.83932"><ele>565.18</ele></trkpt>
<trkpt lat="43.37255" lon="5.8393433"><ele>565.49</ele></trkpt>
<trkpt lat="43.3725767" lon="5.8393633"><ele>565.57</ele></trkpt>
<trkpt lat="43.37261" lon="5.83939"><ele>565.63</ele></trkpt>
<trkpt lat="43.3726317" lon="5.839428300000001"><ele>565.72</ele></trkpt>
<trkpt lat="43.3726467" lon="5.8394783"><ele>565.75</ele></trkpt>
<trkpt lat="43.3726567" lon="5.8395267"><ele>565.5</ele></trkpt>
<trkpt lat="43.3726667" lon="5.8395733"><ele>564.26</ele></trkpt>
<trkpt lat="43.3726867" lon="5.839606700000001"><ele>563.26</ele></trkpt>
<trkpt lat="43.372715" lon="5.8396383"><ele>562.62</ele></trkpt>
<trkpt lat="43.37274" lon="5.839676699999999"><ele>561.97</ele></trkpt>
<trkpt lat="43.3727617" lon="5.839705"><ele>561.6</ele></trkpt>
<trkpt lat="43.372785" lon="5.839738299999999"><ele>561.29</ele></trkpt>
<trkpt lat="43.3728067" lon="5.8397783"><ele>561.44</ele></trkpt>
<trkpt lat="43.3728233" lon="5.8398083"><ele>561.45</ele></trkpt>
<trkpt lat="43.3728433" lon="5.8398433"><ele>561.19</ele></trkpt>
<trkpt lat="43.3728667" lon="5.83988"><ele>561.39</ele></trkpt>
<trkpt lat="43.3728933" lon="5.8399117"><ele>561.78</ele></trkpt>
<trkpt lat="43.37292" lon="5.8399483"><ele>562.09</ele></trkpt>
<trkpt lat="43.37295" lon="5.8399783"><ele>562.67</ele></trkpt>
<trkpt lat="43.3729717" lon="5.8400183"><ele>562.5</ele></trkpt>
<trkpt lat="43.3729933" lon="5.8400467"><ele>562.22</ele></trkpt>
<trkpt lat="43.37301" lon="5.840085000000001"><ele>561.78</ele></trkpt>
<trkpt lat="43.3730233" lon="5.8401183"><ele>561.66</ele></trkpt>
<trkpt lat="43.37304" lon="5.8401517"><ele>560.63</ele></trkpt>
<trkpt lat="43.3730517" lon="5.840203299999999"><ele>559.24</ele></trkpt>
<trkpt lat="43.3730567" lon="5.8402417"><ele>558.07</ele></trkpt>
<trkpt lat="43.3730667" lon="5.840280000000001"><ele>557.37</ele></trkpt>
<trkpt lat="43.3730717" lon="5.8403233"><ele>556.58</ele></trkpt>
<trkpt lat="43.373075" lon="5.8403617"><ele>556.14</ele></trkpt>
<trkpt lat="43.3730767" lon="5.8404117"><ele>556.22</ele></trkpt>
<trkpt lat="43.3730717" lon="5.840463300000001"><ele>556.23</ele></trkpt>
<trkpt lat="43.37307" lon="5.840505"><ele>556.25</ele></trkpt>
<trkpt lat="43.3730767" lon="5.8405483"><ele>556.41</ele></trkpt>
<trkpt lat="43.373075" lon="5.840589999999999"><ele>556.68</ele></trkpt>
<trkpt lat="43.3730633" lon="5.8406367"><ele>556.75</ele></trkpt>
<trkpt lat="43.3730567" lon="5.840676699999999"><ele>556.94</ele></trkpt>
<trkpt lat="43.3730517" lon="5.8407217"><ele>557.12</ele></trkpt>
<trkpt lat="43.3730467" lon="5.8407633"><ele>557.77</ele></trkpt>
<trkpt lat="43.37306" lon="5.840801700000001"><ele>558.25</ele></trkpt>
<trkpt lat="43.3730867" lon="5.8408233"><ele>558.25</ele></trkpt>
<trkpt lat="43.373115" lon="5.840855"><ele>558.35</ele></trkpt>
<trkpt lat="43.3731383" lon="5.84088"><ele>558.71</ele></trkpt>
<trkpt lat="43.3731617" lon="5.84091"><ele>558.91</ele></trkpt>
<trkpt lat="43.3731883" lon="5.840940000000001"><ele>559.05</ele></trkpt>
<trkpt lat="43.3732117" lon="5.8409683"><ele>558.73</ele></trkpt>
<trkpt lat="43.3732333" lon="5.8409933"><ele>557.74</ele></trkpt>
<trkpt lat="43.3732617" lon="5.841019999999999"><ele>556.09</ele></trkpt>
<trkpt lat="43.3732867" lon="5.841045"><ele>555.06</ele></trkpt>
<trkpt lat="43.3733117" lon="5.84107"><ele>554.32</ele></trkpt>
<trkpt lat="43.373335" lon="5.841095"><ele>553.66</ele></trkpt>
<trkpt lat="43.3733667" lon="5.8411267"><ele>553.23</ele></trkpt>
<trkpt lat="43.3734017" lon="5.841156699999999"><ele>553.09</ele></trkpt>
<trkpt lat="43.37343" lon="5.8411817"><ele>552.56</ele></trkpt>
<trkpt lat="43.37345" lon="5.84121"><ele>551.52</ele></trkpt>
<trkpt lat="43.37347" lon="5.84124"><ele>550.63</ele></trkpt>
<trkpt lat="43.37349" lon="5.8412667"><ele>549.04</ele></trkpt>
<trkpt lat="43.373515" lon="5.8412967"><ele>548.13</ele></trkpt>
<trkpt lat="43.37354" lon="5.8413233"><ele>547.35</ele></trkpt>
<trkpt lat="43.3735667" lon="5.8413433"><ele>546.91</ele></trkpt>
<trkpt lat="43.3735917" lon="5.841363299999999"><ele>546.63</ele></trkpt>
<trkpt lat="43.37362" lon="5.841373300000001"><ele>546.01</ele></trkpt>
<trkpt lat="43.3736517" lon="5.8413783"><ele>545.62</ele></trkpt>
<trkpt lat="43.373685" lon="5.8413783"><ele>545.43</ele></trkpt>
<trkpt lat="43.3737183" lon="5.8413767"><ele>545.52</ele></trkpt>
<trkpt lat="43.373755" lon="5.841371700000001"><ele>546.01</ele></trkpt>
<trkpt lat="43.37379" lon="5.8413767"><ele>546.31</ele></trkpt>
<trkpt lat="43.3738183" lon="5.8413867"><ele>546.52</ele></trkpt>
<trkpt lat="43.3738533" lon="5.8414"><ele>546.74</ele></trkpt>
<trkpt lat="43.3738817" lon="5.8414133"><ele>546.69</ele></trkpt>
<trkpt lat="43.3739033" lon="5.841441699999999"><ele>549.12</ele></trkpt>
<trkpt lat="43.3739233" lon="5.8414733"><ele>548.96</ele></trkpt>
<trkpt lat="43.3739433" lon="5.8414983"><ele>549.19</ele></trkpt>
<trkpt lat="43.3739667" lon="5.8415267"><ele>549.75</ele></trkpt>
<trkpt lat="43.3739817" lon="5.8415583"><ele>549.76</ele></trkpt>
<trkpt lat="43.374005" lon="5.841595"><ele>549.57</ele></trkpt>
<trkpt lat="43.3740283" lon="5.8416267"><ele>549.4</ele></trkpt>
<trkpt lat="43.374055" lon="5.84166"><ele>549.08</ele></trkpt>
<trkpt lat="43.37408" lon="5.84169"><ele>548.83</ele></trkpt>
<trkpt lat="43.3741" lon="5.8417233"><ele>547.8</ele></trkpt>
<trkpt lat="43.37412" lon="5.84175"><ele>546.86</ele></trkpt>
<trkpt lat="43.3741467" lon="5.841773299999999"><ele>546.45</ele></trkpt>
<trkpt lat="43.37417" lon="5.8418033"><ele>546.43</ele></trkpt>
<trkpt lat="43.3741917" lon="5.841835"><ele>546.62</ele></trkpt>
<trkpt lat="43.3742183" lon="5.84186"><ele>546.58</ele></trkpt>
<trkpt lat="43.374245" lon="5.8418883"><ele>546.39</ele></trkpt>
<trkpt lat="43.3742783" lon="5.8419117"><ele>546.19</ele></trkpt>
<trkpt lat="43.3743033" lon="5.8419417"><ele>546.42</ele></trkpt>
<trkpt lat="43.3743267" lon="5.8419617"><ele>547.13</ele></trkpt>
<trkpt lat="43.3743483" lon="5.841986700000001"><ele>547.34</ele></trkpt>
<trkpt lat="43.3743733" lon="5.8420033"><ele>547.53</ele></trkpt>
<trkpt lat="43.3743967" lon="5.842023299999999"><ele>547.26</ele></trkpt>
<trkpt lat="43.3744283" lon="5.842041700000001"><ele>546.44</ele></trkpt>
<trkpt lat="43.3744533" lon="5.842056699999999"><ele>546.14</ele></trkpt>
<trkpt lat="43.3744783" lon="5.842075"><ele>546.39</ele></trkpt>
<trkpt lat="43.3744983" lon="5.84211"><ele>547.93</ele></trkpt>
<trkpt lat="43.3745267" lon="5.8421067"><ele>549.21</ele></trkpt>
<trkpt lat="43.37454" lon="5.842146699999999"><ele>551.27</ele></trkpt>
<trkpt lat="43.374565" lon="5.8421783"><ele>550.94</ele></trkpt>
<trkpt lat="43.3745967" lon="5.8422"><ele>549.53</ele></trkpt>
<trkpt lat="43.3746233" lon="5.84221"><ele>548.94</ele></trkpt>
<trkpt lat="43.3746533" lon="5.84223"><ele>548.41</ele></trkpt>
<trkpt lat="43.3746783" lon="5.842245"><ele>548.07</ele></trkpt>
<trkpt lat="43.374705" lon="5.8422617"><ele>548.23</ele></trkpt>
<trkpt lat="43.3747383" lon="5.84228"><ele>548.62</ele></trkpt>
<trkpt lat="43.3747667" lon="5.8422967"><ele>548.75</ele></trkpt>
<trkpt lat="43.3747967" lon="5.842318300000001"><ele>548.54</ele></trkpt>
<trkpt lat="43.3748233" lon="5.8423333"><ele>548.04</ele></trkpt>
<trkpt lat="43.37485" lon="5.842345"><ele>547.73</ele></trkpt>
<trkpt lat="43.374885" lon="5.842339999999999"><ele>546.81</ele></trkpt>
<trkpt lat="43.37492" lon="5.842343299999999"><ele>545.15</ele></trkpt>
<trkpt lat="43.3749467" lon="5.842353299999999"><ele>544.8</ele></trkpt>
<trkpt lat="43.3749783" lon="5.8423667"><ele>544.41</ele></trkpt>
<trkpt lat="43.3750067" lon="5.842361700000001"><ele>544.19</ele></trkpt>
<trkpt lat="43.37504" lon="5.8423483"><ele>543.91</ele></trkpt>
<trkpt lat="43.3750733" lon="5.8423417"><ele>543.51</ele></trkpt>
<trkpt lat="43.3751067" lon="5.8423317"><ele>543.1</ele></trkpt>
<trkpt lat="43.3751333" lon="5.8423217"><ele>542.99</ele></trkpt>
<trkpt lat="43.375155" lon="5.842294999999999"><ele>543.22</ele></trkpt>
<trkpt lat="43.3751783" lon="5.8422617"><ele>543.92</ele></trkpt>
<trkpt lat="43.37519" lon="5.8422167"><ele>544.93</ele></trkpt>
<trkpt lat="43.3751967" lon="5.8421733"><ele>545.88</ele></trkpt>
<trkpt lat="43.3752017" lon="5.8421367"><ele>546.24</ele></trkpt>
<trkpt lat="43.3752067" lon="5.8420983"><ele>546.02</ele></trkpt>
<trkpt lat="43.3752117" lon="5.84206"><ele>545.45</ele></trkpt>
<trkpt lat="43.3752183" lon="5.842023299999999"><ele>544.99</ele></trkpt>
<trkpt lat="43.3752433" lon="5.842000000000001"><ele>545.19</ele></trkpt>
<trkpt lat="43.3752717" lon="5.8420017"><ele>545.72</ele></trkpt>
<trkpt lat="43.3752933" lon="5.842033300000001"><ele>547.15</ele></trkpt>
<trkpt lat="43.3752833" lon="5.842068299999999"><ele>546.8</ele></trkpt>
<trkpt lat="43.3753017" lon="5.84211"><ele>546.01</ele></trkpt>
<trkpt lat="43.3753217" lon="5.8421433"><ele>545.52</ele></trkpt>
<trkpt lat="43.3753333" lon="5.8421883"><ele>544.92</ele></trkpt>
<trkpt lat="43.3753533" lon="5.8422283"><ele>544.63</ele></trkpt>
<trkpt lat="43.375375" lon="5.842263299999999"><ele>544.44</ele></trkpt>
<trkpt lat="43.375395" lon="5.8423033"><ele>544.46</ele></trkpt>
<trkpt lat="43.3754217" lon="5.842328300000001"><ele>543.87</ele></trkpt>
<trkpt lat="43.3754483" lon="5.842339999999999"><ele>543.07</ele></trkpt>
<trkpt lat="43.3754833" lon="5.84235"><ele>542.96</ele></trkpt>
<trkpt lat="43.375515" lon="5.842353299999999"><ele>543.15</ele></trkpt>
<trkpt lat="43.3755433" lon="5.84235"><ele>543.09</ele></trkpt>
<trkpt lat="43.375575" lon="5.84235"><ele>542.85</ele></trkpt>
<trkpt lat="43.3756067" lon="5.8423483"><ele>542.43</ele></trkpt>
<trkpt lat="43.37564" lon="5.84236"><ele>541.37</ele></trkpt>
<trkpt lat="43.3756717" lon="5.8423783"><ele>540.71</ele></trkpt>
<trkpt lat="43.375705" lon="5.84239"><ele>540.02</ele></trkpt>
<trkpt lat="43.3757317" lon="5.842396699999999"><ele>539.7</ele></trkpt>
<trkpt lat="43.375765" lon="5.842405"><ele>539.5</ele></trkpt>
<trkpt lat="43.3757917" lon="5.8424133"><ele>539.2</ele></trkpt>
<trkpt lat="43.3758233" lon="5.842416700000001"><ele>538.9</ele></trkpt>
<trkpt lat="43.3758533" lon="5.842415"><ele>538.51</ele></trkpt>
<trkpt lat="43.3758833" lon="5.8424183"><ele>538.01</ele></trkpt>
<trkpt lat="43.3759133" lon="5.8424183"><ele>537.94</ele></trkpt>
<trkpt lat="43.37594" lon="5.8424117"><ele>538.15</ele></trkpt>
<trkpt lat="43.3759667" lon="5.8424017"><ele>538.25</ele></trkpt>
<trkpt lat="43.3759933" lon="5.84239"><ele>538.36</ele></trkpt>
<trkpt lat="43.3760233" lon="5.842395"><ele>538.27</ele></trkpt>
<trkpt lat="43.3760533" lon="5.8423933"><ele>537.86</ele></trkpt>
<trkpt lat="43.3760883" lon="5.842388299999999"><ele>536.73</ele></trkpt>
<trkpt lat="43.3761217" lon="5.8423783"><ele>536.14</ele></trkpt>
<trkpt lat="43.3761483" lon="5.8423683"><ele>535.69</ele></trkpt>
<trkpt lat="43.3761783" lon="5.842371700000001"><ele>535.57</ele></trkpt>
<trkpt lat="43.3762083" lon="5.842371700000001"><ele>535.07</ele></trkpt>
<trkpt lat="43.3762433" lon="5.8423667"><ele>534.87</ele></trkpt>
<trkpt lat="43.3762767" lon="5.8423683"><ele>535.31</ele></trkpt>
<trkpt lat="43.376305" lon="5.8423683"><ele>535.69</ele></trkpt>
<trkpt lat="43.3763333" lon="5.8423767"><ele>536.48</ele></trkpt>
<trkpt lat="43.37637" lon="5.84238"><ele>536.98</ele></trkpt>
<trkpt lat="43.376405" lon="5.8423833"><ele>537.15</ele></trkpt>
<trkpt lat="43.3764383" lon="5.8423933"><ele>537.51</ele></trkpt>
<trkpt lat="43.3764633" lon="5.84241"><ele>538.01</ele></trkpt>
<trkpt lat="43.3764917" lon="5.84241"><ele>538.16</ele></trkpt>
<trkpt lat="43.376525" lon="5.84241"><ele>538.01</ele></trkpt>
<trkpt lat="43.37656" lon="5.842405"><ele>537.06</ele></trkpt>
<trkpt lat="43.3765933" lon="5.8424183"><ele>536.69</ele></trkpt>
<trkpt lat="43.3766233" lon="5.842433300000001"><ele>536.55</ele></trkpt>
<trkpt lat="43.37665" lon="5.84245"><ele>536.47</ele></trkpt>
<trkpt lat="43.37668" lon="5.842461700000001"><ele>536.21</ele></trkpt>
<trkpt lat="43.3767133" lon="5.842465000000001"><ele>535.44</ele></trkpt>
<trkpt lat="43.3767417" lon="5.842476699999999"><ele>535.01</ele></trkpt>
<trkpt lat="43.3767733" lon="5.8424933"><ele>534.44</ele></trkpt>
<trkpt lat="43.3768017" lon="5.8425133"><ele>534.18</ele></trkpt>
<trkpt lat="43.3768283" lon="5.842531699999999"><ele>534.17</ele></trkpt>
<trkpt lat="43.3768533" lon="5.8425533"><ele>533.98</ele></trkpt>
<trkpt lat="43.37688" lon="5.8425717"><ele>533.64</ele></trkpt>
<trkpt lat="43.3769083" lon="5.842579999999999"><ele>533.34</ele></trkpt>
<trkpt lat="43.376935" lon="5.8425917"><ele>532.72</ele></trkpt>
<trkpt lat="43.3769683" lon="5.842605"><ele>532.15</ele></trkpt>
<trkpt lat="43.377005" lon="5.842611700000001"><ele>531.94</ele></trkpt>
<trkpt lat="43.3770367" lon="5.8426317"><ele>532.43</ele></trkpt>
<trkpt lat="43.377065" lon="5.8426517"><ele>532.99</ele></trkpt>
<trkpt lat="43.3770933" lon="5.84266"><ele>533.44</ele></trkpt>
<trkpt lat="43.377125" lon="5.8426783"><ele>533.44</ele></trkpt>
<trkpt lat="43.3771517" lon="5.8426933"><ele>533.88</ele></trkpt>
<trkpt lat="43.3771833" lon="5.8427117"><ele>534.22</ele></trkpt>
<trkpt lat="43.37721" lon="5.8427183"><ele>534.58</ele></trkpt>
<trkpt lat="43.377245" lon="5.842728299999999"><ele>535.11</ele></trkpt>
<trkpt lat="43.37728" lon="5.842735"><ele>535.13</ele></trkpt>
<trkpt lat="43.3773067" lon="5.8427417"><ele>534.17</ele></trkpt>
<trkpt lat="43.3773333" lon="5.8427533"><ele>533.2</ele></trkpt>
<trkpt lat="43.3773583" lon="5.84277"><ele>532.37</ele></trkpt>
<trkpt lat="43.3773883" lon="5.8427783"><ele>532.36</ele></trkpt>
<trkpt lat="43.3774183" lon="5.8427983"><ele>532.76</ele></trkpt>
<trkpt lat="43.377445" lon="5.842819999999999"><ele>533.38</ele></trkpt>
<trkpt lat="43.377475" lon="5.8428317"><ele>533.75</ele></trkpt>
<trkpt lat="43.3775083" lon="5.842835"><ele>533.91</ele></trkpt>
<trkpt lat="43.377535" lon="5.8428467"><ele>534.39</ele></trkpt>
<trkpt lat="43.377565" lon="5.8428683"><ele>534.56</ele></trkpt>
<trkpt lat="43.3775967" lon="5.842898300000001"><ele>534.99</ele></trkpt>
<trkpt lat="43.3776167" lon="5.8429367"><ele>535.09</ele></trkpt>
<trkpt lat="43.377635" lon="5.842965"><ele>534.83</ele></trkpt>
<trkpt lat="43.377665" lon="5.8429933"><ele>534.23</ele></trkpt>
<trkpt lat="43.3777" lon="5.842995"><ele>533.37</ele></trkpt>
<trkpt lat="43.3777317" lon="5.84299"><ele>532.66</ele></trkpt>
<trkpt lat="43.3777633" lon="5.8429883"><ele>531.98</ele></trkpt>
<trkpt lat="43.377795" lon="5.84299"><ele>531.85</ele></trkpt>
<trkpt lat="43.37783" lon="5.842985"><ele>531.9</ele></trkpt>
<trkpt lat="43.377865" lon="5.8429717"><ele>531.71</ele></trkpt>
<trkpt lat="43.3779067" lon="5.84297"><ele>531.58</ele></trkpt>
<trkpt lat="43.377945" lon="5.842975"><ele>531.64</ele></trkpt>
<trkpt lat="43.3779817" lon="5.8429817"><ele>532.11</ele></trkpt>
<trkpt lat="43.3780117" lon="5.8429817"><ele>532.29</ele></trkpt>
<trkpt lat="43.3780417" lon="5.8429833"><ele>532.17</ele></trkpt>
<trkpt lat="43.378075" lon="5.8429733"><ele>532.16</ele></trkpt>
<trkpt lat="43.37811" lon="5.8429633"><ele>531.82</ele></trkpt>
<trkpt lat="43.3781383" lon="5.84295"><ele>531.25</ele></trkpt>
<trkpt lat="43.378165" lon="5.8429383"><ele>530.91</ele></trkpt>
<trkpt lat="43.3781983" lon="5.842921699999999"><ele>531</ele></trkpt>
<trkpt lat="43.3782333" lon="5.842921699999999"><ele>530.87</ele></trkpt>
<trkpt lat="43.37826" lon="5.8429117"><ele>530.7</ele></trkpt>
<trkpt lat="43.3782883" lon="5.8429"><ele>529.95</ele></trkpt>
<trkpt lat="43.37832" lon="5.8428917"><ele>529.32</ele></trkpt>
<trkpt lat="43.3783467" lon="5.84288"><ele>528.91</ele></trkpt>
<trkpt lat="43.3783667" lon="5.8428433"><ele>528.67</ele></trkpt>
<trkpt lat="43.3783833" lon="5.842806700000001"><ele>528.57</ele></trkpt>
<trkpt lat="43.3784" lon="5.8427767"><ele>529.04</ele></trkpt>
<trkpt lat="43.3784283" lon="5.842761699999999"><ele>529.7</ele></trkpt>
<trkpt lat="43.3784267" lon="5.8426533"><ele>529.92</ele></trkpt>
<trkpt lat="43.3784233" lon="5.842615"><ele>530.08</ele></trkpt>
<trkpt lat="43.3784367" lon="5.8425733"><ele>530.08</ele></trkpt>
<trkpt lat="43.3784567" lon="5.8425417"><ele>530.07</ele></trkpt>
<trkpt lat="43.3784683" lon="5.842506700000001"><ele>530.14</ele></trkpt>
<trkpt lat="43.3784783" lon="5.8424667"><ele>530.46</ele></trkpt>
<trkpt lat="43.3784867" lon="5.8424267"><ele>531</ele></trkpt>
<trkpt lat="43.3784883" lon="5.8423783"><ele>531.79</ele></trkpt>
<trkpt lat="43.378495" lon="5.8423367"><ele>532.42</ele></trkpt>
<trkpt lat="43.3785067" lon="5.8422967"><ele>533.79</ele></trkpt>
<trkpt lat="43.37853" lon="5.842263299999999"><ele>534.24</ele></trkpt>
<trkpt lat="43.3785483" lon="5.8422333"><ele>534.63</ele></trkpt>
<trkpt lat="43.378565" lon="5.8422"><ele>535.17</ele></trkpt>
<trkpt lat="43.3785717" lon="5.8421633"><ele>535.73</ele></trkpt>
<trkpt lat="43.3785783" lon="5.842125"><ele>536.24</ele></trkpt>
<trkpt lat="43.3785967" lon="5.8420917"><ele>536.73</ele></trkpt>
<trkpt lat="43.378595" lon="5.8420533"><ele>537.23</ele></trkpt>
<trkpt lat="43.378585" lon="5.8420183"><ele>537.34</ele></trkpt>
<trkpt lat="43.3785783" lon="5.8419817"><ele>537.93</ele></trkpt>
<trkpt lat="43.3785717" lon="5.8419417"><ele>538.35</ele></trkpt>
<trkpt lat="43.3785583" lon="5.841908300000001"><ele>538.66</ele></trkpt>
<trkpt lat="43.3785567" lon="5.841865"><ele>538.84</ele></trkpt>
<trkpt lat="43.37857" lon="5.8418283"><ele>539.43</ele></trkpt>
<trkpt lat="43.3785867" lon="5.84179"><ele>539.9</ele></trkpt>
<trkpt lat="43.3785983" lon="5.8417533"><ele>540.56</ele></trkpt>
<trkpt lat="43.378615" lon="5.841715000000001"><ele>541.41</ele></trkpt>
<trkpt lat="43.3786317" lon="5.841685"><ele>542.02</ele></trkpt>
<trkpt lat="43.37864" lon="5.841648299999999"><ele>542.63</ele></trkpt>
<trkpt lat="43.3786517" lon="5.8416083"><ele>543.2</ele></trkpt>
<trkpt lat="43.37867" lon="5.84158"><ele>543.53</ele></trkpt>
<trkpt lat="43.378695" lon="5.8415533"><ele>543.9</ele></trkpt>
<trkpt lat="43.378715" lon="5.8415183"><ele>544</ele></trkpt>
<trkpt lat="43.3787317" lon="5.8414833"><ele>544.04</ele></trkpt>
<trkpt lat="43.3787433" lon="5.8414383"><ele>544.43</ele></trkpt>
<trkpt lat="43.3787633" lon="5.841396699999999"><ele>545.11</ele></trkpt>
<trkpt lat="43.37878" lon="5.841363299999999"><ele>545.59</ele></trkpt>
<trkpt lat="43.3787933" lon="5.841326700000001"><ele>545.93</ele></trkpt>
<trkpt lat="43.3788133" lon="5.8412967"><ele>546.56</ele></trkpt>
<trkpt lat="43.378835" lon="5.8412633"><ele>547.29</ele></trkpt>
<trkpt lat="43.3788533" lon="5.8412267"><ele>547.82</ele></trkpt>
<trkpt lat="43.378865" lon="5.8411867"><ele>548.33</ele></trkpt>
<trkpt lat="43.378885" lon="5.84115"><ele>548.47</ele></trkpt>
<trkpt lat="43.3789067" lon="5.841115"><ele>548.5</ele></trkpt>
<trkpt lat="43.3789167" lon="5.841075"><ele>548.5</ele></trkpt>
<trkpt lat="43.3789383" lon="5.841045"><ele>548.38</ele></trkpt>
<trkpt lat="43.3789533" lon="5.841008300000001"><ele>548.33</ele></trkpt>
<trkpt lat="43.3789733" lon="5.840974999999999"><ele>548.18</ele></trkpt>
<trkpt lat="43.3789867" lon="5.8409417"><ele>547.98</ele></trkpt>
<trkpt lat="43.3790033" lon="5.8408967"><ele>548.04</ele></trkpt>
<trkpt lat="43.3790167" lon="5.8408567"><ele>548.43</ele></trkpt>
<trkpt lat="43.379025" lon="5.84082"><ele>548.73</ele></trkpt>
<trkpt lat="43.379025" lon="5.84078"><ele>549.52</ele></trkpt>
<trkpt lat="43.3790283" lon="5.8407367"><ele>549.93</ele></trkpt>
<trkpt lat="43.37902" lon="5.840700000000001"><ele>550.53</ele></trkpt>
<trkpt lat="43.3790083" lon="5.8406633"><ele>551.23</ele></trkpt>
<trkpt lat="43.37899" lon="5.840625"><ele>552.68</ele></trkpt>
<trkpt lat="43.3789867" lon="5.840585"><ele>553.56</ele></trkpt>
<trkpt lat="43.3789883" lon="5.840543299999999"><ele>554.59</ele></trkpt>
<trkpt lat="43.37899" lon="5.8405"><ele>555.3</ele></trkpt>
<trkpt lat="43.3790017" lon="5.840463300000001"><ele>555.76</ele></trkpt>
<trkpt lat="43.3789967" lon="5.8404233"><ele>556.23</ele></trkpt>
<trkpt lat="43.37901" lon="5.840385"><ele>557.03</ele></trkpt>
<trkpt lat="43.3790283" lon="5.8403483"><ele>557.36</ele></trkpt>
<trkpt lat="43.37905" lon="5.840325000000001"><ele>557.82</ele></trkpt>
<trkpt lat="43.3790567" lon="5.8402883"><ele>558.4</ele></trkpt>
<trkpt lat="43.37906" lon="5.840246699999999"><ele>559.06</ele></trkpt>
<trkpt lat="43.3790417" lon="5.840213299999999"><ele>559.23</ele></trkpt>
<trkpt lat="43.3790267" lon="5.840178300000001"><ele>559.03</ele></trkpt>
<trkpt lat="43.379" lon="5.8401233"><ele>558.87</ele></trkpt>
<trkpt lat="43.3789933" lon="5.840086700000001"><ele>558.96</ele></trkpt>
<trkpt lat="43.3789867" lon="5.8400417"><ele>559.08</ele></trkpt>
<trkpt lat="43.378985" lon="5.84"><ele>559.28</ele></trkpt>
<trkpt lat="43.3789783" lon="5.839961699999999"><ele>559.77</ele></trkpt>
<trkpt lat="43.3789967" lon="5.83993"><ele>559.68</ele></trkpt>
<trkpt lat="43.3790183" lon="5.8398967"><ele>559.51</ele></trkpt>
<trkpt lat="43.37904" lon="5.8398617"><ele>559.37</ele></trkpt>
<trkpt lat="43.3790533" lon="5.839828299999999"><ele>559.57</ele></trkpt>
<trkpt lat="43.3790483" lon="5.8397917"><ele>559.83</ele></trkpt>
<trkpt lat="43.3790317" lon="5.83976"><ele>560.06</ele></trkpt>
<trkpt lat="43.3790033" lon="5.839765"><ele>560.26</ele></trkpt>
<trkpt lat="43.3789733" lon="5.839765"><ele>560.36</ele></trkpt>
<trkpt lat="43.3789383" lon="5.839769999999999"><ele>560.82</ele></trkpt>
<trkpt lat="43.3789117" lon="5.8397617"><ele>561.48</ele></trkpt>
<trkpt lat="43.378885" lon="5.8397467"><ele>562.22</ele></trkpt>
<trkpt lat="43.3788583" lon="5.83974"><ele>562.73</ele></trkpt>
<trkpt lat="43.37883" lon="5.8397167"><ele>563.53</ele></trkpt>
<trkpt lat="43.3787983" lon="5.8397017"><ele>564.12</ele></trkpt>
<trkpt lat="43.378765" lon="5.8396933"><ele>564.59</ele></trkpt>
<trkpt lat="43.378735" lon="5.839665000000001"><ele>565.22</ele></trkpt>
<trkpt lat="43.3787183" lon="5.839635"><ele>565.79</ele></trkpt>
<trkpt lat="43.3787133" lon="5.839595"><ele>566.4</ele></trkpt>
<trkpt lat="43.378705" lon="5.8395567"><ele>566.8</ele></trkpt>
<trkpt lat="43.37875" lon="5.83954"><ele>568.65</ele></trkpt>
<trkpt lat="43.3787683" lon="5.839498299999999"><ele>568.91</ele></trkpt>
<trkpt lat="43.378785" lon="5.8394583"><ele>568.68</ele></trkpt>
<trkpt lat="43.3787983" lon="5.8394233"><ele>568.76</ele></trkpt>
<trkpt lat="43.378805" lon="5.839370000000001"><ele>568.82</ele></trkpt>
<trkpt lat="43.3788133" lon="5.8393267"><ele>568.64</ele></trkpt>
<trkpt lat="43.37882" lon="5.8392867"><ele>568.67</ele></trkpt>
<trkpt lat="43.3788217" lon="5.839233300000001"><ele>568.2</ele></trkpt>
<trkpt lat="43.37883" lon="5.839188300000001"><ele>568.17</ele></trkpt>
<trkpt lat="43.3788583" lon="5.8391767"><ele>567.84</ele></trkpt>
<trkpt lat="43.3788917" lon="5.839168299999999"><ele>567.45</ele></trkpt>
<trkpt lat="43.3789283" lon="5.83918"><ele>567.02</ele></trkpt>
<trkpt lat="43.378955" lon="5.8391933"><ele>566.91</ele></trkpt>
<trkpt lat="43.3789867" lon="5.8392167"><ele>566.69</ele></trkpt>
<trkpt lat="43.3790183" lon="5.8392417"><ele>566.76</ele></trkpt>
<trkpt lat="43.379045" lon="5.8392567"><ele>566.93</ele></trkpt>
<trkpt lat="43.37908" lon="5.8392667"><ele>567.16</ele></trkpt>
<trkpt lat="43.3791167" lon="5.83927"><ele>567.27</ele></trkpt>
<trkpt lat="43.3791533" lon="5.839268300000001"><ele>567.18</ele></trkpt>
<trkpt lat="43.37918" lon="5.8392617"><ele>567.43</ele></trkpt>
<trkpt lat="43.3792117" lon="5.839258299999999"><ele>567.7</ele></trkpt>
<trkpt lat="43.3792383" lon="5.8392483"><ele>567.67</ele></trkpt>
<trkpt lat="43.3792667" lon="5.8392517"><ele>567.74</ele></trkpt>
<trkpt lat="43.3793" lon="5.8392517"><ele>567.86</ele></trkpt>
<trkpt lat="43.3793333" lon="5.8392517"><ele>568.14</ele></trkpt>
<trkpt lat="43.379365" lon="5.8392383"><ele>568.44</ele></trkpt>
<trkpt lat="43.3794" lon="5.83923"><ele>568.93</ele></trkpt>
<trkpt lat="43.3794367" lon="5.839205"><ele>569.24</ele></trkpt>
<trkpt lat="43.379465" lon="5.839186700000001"><ele>569.37</ele></trkpt>
<trkpt lat="43.3794967" lon="5.839175000000001"><ele>569.37</ele></trkpt>
<trkpt lat="43.3795283" lon="5.839164999999999"><ele>569.54</ele></trkpt>
<trkpt lat="43.3795567" lon="5.839175000000001"><ele>569.7</ele></trkpt>
<trkpt lat="43.3795917" lon="5.8391767"><ele>569.93</ele></trkpt>
<trkpt lat="43.379625" lon="5.8391733"><ele>571.18</ele></trkpt>
<trkpt lat="43.3796533" lon="5.83917"><ele>571.89</ele></trkpt>
<trkpt lat="43.3796817" lon="5.83917"><ele>572.49</ele></trkpt>
<trkpt lat="43.3797167" lon="5.8391733"><ele>573.32</ele></trkpt>
<trkpt lat="43.37975" lon="5.839168299999999"><ele>573.64</ele></trkpt>
<trkpt lat="43.379785" lon="5.83917"><ele>573.84</ele></trkpt>
<trkpt lat="43.3798183" lon="5.8391733"><ele>574.22</ele></trkpt>
<trkpt lat="43.379845" lon="5.839186700000001"><ele>574.6</ele></trkpt>
<trkpt lat="43.379865" lon="5.839213299999999"><ele>575.02</ele></trkpt>
<trkpt lat="43.3798917" lon="5.8392367"><ele>575.27</ele></trkpt>
<trkpt lat="43.3799217" lon="5.83926"><ele>575.37</ele></trkpt>
<trkpt lat="43.3799467" lon="5.839275"><ele>575.38</ele></trkpt>
<trkpt lat="43.37998" lon="5.83928"><ele>575.47</ele></trkpt>
<trkpt lat="43.3800117" lon="5.839275"><ele>575.5</ele></trkpt>
<trkpt lat="43.3800467" lon="5.8392717"><ele>575.57</ele></trkpt>
<trkpt lat="43.3800767" lon="5.8392967"><ele>575.58</ele></trkpt>
<trkpt lat="43.3801033" lon="5.839323300000001"><ele>575.84</ele></trkpt>
<trkpt lat="43.380135" lon="5.8393417"><ele>576.07</ele></trkpt>
<trkpt lat="43.3801667" lon="5.8393533"><ele>576.08</ele></trkpt>
<trkpt lat="43.3802" lon="5.8393583"><ele>575.88</ele></trkpt>
<trkpt lat="43.3802383" lon="5.8393583"><ele>575.87</ele></trkpt>
<trkpt lat="43.3802767" lon="5.8393583"><ele>576.07</ele></trkpt>
<trkpt lat="43.3803117" lon="5.8393583"><ele>576.34</ele></trkpt>
<trkpt lat="43.3803483" lon="5.839370000000001"><ele>576.64</ele></trkpt>
<trkpt lat="43.3803783" lon="5.8393733"><ele>576.87</ele></trkpt>
<trkpt lat="43.3803983" lon="5.839348299999999"><ele>576.88</ele></trkpt>
<trkpt lat="43.3804217" lon="5.8393167"><ele>576.88</ele></trkpt>
<trkpt lat="43.3804383" lon="5.839278300000001"><ele>577.02</ele></trkpt>
<trkpt lat="43.3804617" lon="5.83925"><ele>577.27</ele></trkpt>
<trkpt lat="43.3804867" lon="5.8392183"><ele>577.28</ele></trkpt>
<trkpt lat="43.3805117" lon="5.839199999999999"><ele>577.54</ele></trkpt>
<trkpt lat="43.3805333" lon="5.839175000000001"><ele>577.77</ele></trkpt>
<trkpt lat="43.38056" lon="5.839164999999999"><ele>577.68</ele></trkpt>
<trkpt lat="43.380595" lon="5.8391633"><ele>577.84</ele></trkpt>
<trkpt lat="43.3806283" lon="5.839168299999999"><ele>578.04</ele></trkpt>
<trkpt lat="43.3806583" lon="5.83918"><ele>578.41</ele></trkpt>
<trkpt lat="43.3806867" lon="5.8391817"><ele>578.83</ele></trkpt>
<trkpt lat="43.38072" lon="5.839185"><ele>579.05</ele></trkpt>
<trkpt lat="43.380755" lon="5.839175000000001"><ele>579.27</ele></trkpt>
<trkpt lat="43.380785" lon="5.8391533"><ele>579.36</ele></trkpt>
<trkpt lat="43.3808117" lon="5.839140000000001"><ele>579.45</ele></trkpt>
<trkpt lat="43.3808483" lon="5.839135"><ele>579.49</ele></trkpt>
<trkpt lat="43.3808817" lon="5.8391283"><ele>579.32</ele></trkpt>
<trkpt lat="43.380915" lon="5.839119999999999"><ele>579.54</ele></trkpt>
<trkpt lat="43.3809483" lon="5.8391217"><ele>579.84</ele></trkpt>
<trkpt lat="43.3809817" lon="5.839125"><ele>579.86</ele></trkpt>
<trkpt lat="43.3810117" lon="5.839130000000001"><ele>579.69</ele></trkpt>
<trkpt lat="43.3810417" lon="5.8391267"><ele>579.67</ele></trkpt>
<trkpt lat="43.381075" lon="5.8391117"><ele>579.61</ele></trkpt>
<trkpt lat="43.3811067" lon="5.8391017"><ele>579.41</ele></trkpt>
<trkpt lat="43.3811367" lon="5.839106699999999"><ele>579.28</ele></trkpt>
<trkpt lat="43.381175" lon="5.8391033"><ele>579.46</ele></trkpt>
<trkpt lat="43.3812067" lon="5.8390933"><ele>579.49</ele></trkpt>
<trkpt lat="43.3812317" lon="5.8390783"><ele>579.59</ele></trkpt>
<trkpt lat="43.3812667" lon="5.8390683"><ele>579.96</ele></trkpt>
<trkpt lat="43.3812967" lon="5.839061699999999"><ele>580.25</ele></trkpt>
<trkpt lat="43.381325" lon="5.8390567"><ele>580.19</ele></trkpt>
<trkpt lat="43.3813567" lon="5.839053299999999"><ele>580.01</ele></trkpt>
<trkpt lat="43.3813867" lon="5.8390433"><ele>579.72</ele></trkpt>
<trkpt lat="43.3814217" lon="5.8390433"><ele>579.59</ele></trkpt>
<trkpt lat="43.3814517" lon="5.8390567"><ele>579.33</ele></trkpt>
<trkpt lat="43.3814883" lon="5.839063299999999"><ele>579.09</ele></trkpt>
<trkpt lat="43.3815183" lon="5.839064999999999"><ele>579.08</ele></trkpt>
<trkpt lat="43.3815517" lon="5.8390833"><ele>579.15</ele></trkpt>
<trkpt lat="43.3815867" lon="5.839075"><ele>579.09</ele></trkpt>
<trkpt lat="43.381615" lon="5.839061699999999"><ele>579.25</ele></trkpt>
<trkpt lat="43.3816433" lon="5.839045"><ele>579.44</ele></trkpt>
<trkpt lat="43.3816767" lon="5.83903"><ele>579.74</ele></trkpt>
<trkpt lat="43.3817033" lon="5.839016699999999"><ele>579.94</ele></trkpt>
<trkpt lat="43.3817333" lon="5.838995000000001"><ele>579.86</ele></trkpt>
<trkpt lat="43.3817633" lon="5.838985"><ele>580.17</ele></trkpt>
<trkpt lat="43.3817917" lon="5.8389867"><ele>580.25</ele></trkpt>
<trkpt lat="43.381825" lon="5.838991700000001"><ele>580.37</ele></trkpt>
<trkpt lat="43.3818583" lon="5.838993300000001"><ele>580.46</ele></trkpt>
<trkpt lat="43.3818867" lon="5.838991700000001"><ele>580.79</ele></trkpt>
<trkpt lat="43.3819117" lon="5.838961699999999"><ele>581.41</ele></trkpt>
<trkpt lat="43.3819317" lon="5.8389333"><ele>581.68</ele></trkpt>
<trkpt lat="43.3819583" lon="5.838903300000001"><ele>582.11</ele></trkpt>
<trkpt lat="43.3819783" lon="5.8388783"><ele>582.43</ele></trkpt>
<trkpt lat="43.38201" lon="5.838865"><ele>582.85</ele></trkpt>
<trkpt lat="43.3820383" lon="5.8388667"><ele>582.98</ele></trkpt>
<trkpt lat="43.3820767" lon="5.8388717"><ele>583.14</ele></trkpt>
<trkpt lat="43.3821067" lon="5.8388967"><ele>583.12</ele></trkpt>
<trkpt lat="43.382135" lon="5.838904999999999"><ele>582.99</ele></trkpt>
<trkpt lat="43.3821683" lon="5.838914999999999"><ele>583.17</ele></trkpt>
<trkpt lat="43.3822017" lon="5.8389"><ele>583.81</ele></trkpt>
<trkpt lat="43.382235" lon="5.8388883"><ele>583.9</ele></trkpt>
<trkpt lat="43.3822633" lon="5.83888"><ele>583.98</ele></trkpt>
<trkpt lat="43.3822933" lon="5.838875"><ele>584.15</ele></trkpt>
<trkpt lat="43.3822933" lon="5.83883"><ele>585.7</ele></trkpt>
<trkpt lat="43.3823133" lon="5.8388033"><ele>584.99</ele></trkpt>
<trkpt lat="43.3823433" lon="5.8387883"><ele>584.48</ele></trkpt>
<trkpt lat="43.3823733" lon="5.8387917"><ele>584.39</ele></trkpt>
<trkpt lat="43.3824033" lon="5.8387967"><ele>584.46</ele></trkpt>
<trkpt lat="43.3824317" lon="5.838815"><ele>584.11</ele></trkpt>
<trkpt lat="43.382465" lon="5.8388067"><ele>584.15</ele></trkpt>
<trkpt lat="43.38249" lon="5.8387783"><ele>584.18</ele></trkpt>
<trkpt lat="43.3825117" lon="5.838751700000001"><ele>584.28</ele></trkpt>
<trkpt lat="43.3825267" lon="5.8387183"><ele>584.65</ele></trkpt>
<trkpt lat="43.3826133" lon="5.8386217"><ele>585.9</ele></trkpt>
<trkpt lat="43.3826617" lon="5.8384983"><ele>587.07</ele></trkpt>
<trkpt lat="43.38265" lon="5.838425000000001"><ele>590.94</ele></trkpt>
<trkpt lat="43.3827017" lon="5.8385183"><ele>592.13</ele></trkpt>
<trkpt lat="43.3827783" lon="5.8385517"><ele>592.1</ele></trkpt>
<trkpt lat="43.3828133" lon="5.8385583"><ele>591.74</ele></trkpt>
<trkpt lat="43.3828483" lon="5.83857"><ele>591.69</ele></trkpt>
<trkpt lat="43.3828717" lon="5.83855"><ele>591.58</ele></trkpt>
<trkpt lat="43.3828967" lon="5.838525"><ele>591.33</ele></trkpt>
<trkpt lat="43.3829233" lon="5.8385"><ele>591.19</ele></trkpt>
<trkpt lat="43.3829467" lon="5.8384733"><ele>591.1</ele></trkpt>
<trkpt lat="43.3829683" lon="5.83844"><ele>590.92</ele></trkpt>
<trkpt lat="43.382995" lon="5.8384183"><ele>590.89</ele></trkpt>
<trkpt lat="43.3830117" lon="5.8383883"><ele>590.98</ele></trkpt>
<trkpt lat="43.3830217" lon="5.8383517"><ele>591.06</ele></trkpt>
<trkpt lat="43.3830283" lon="5.838315"><ele>591.09</ele></trkpt>
<trkpt lat="43.38302" lon="5.838275000000001"><ele>591.19</ele></trkpt>
<trkpt lat="43.3830217" lon="5.838235"><ele>591.38</ele></trkpt>
<trkpt lat="43.3830483" lon="5.8382217"><ele>591.3</ele></trkpt>
<trkpt lat="43.3830783" lon="5.838220000000001"><ele>591.38</ele></trkpt>
<trkpt lat="43.38311" lon="5.8382217"><ele>591.39</ele></trkpt>
<trkpt lat="43.38314" lon="5.8382133"><ele>591.48</ele></trkpt>
<trkpt lat="43.3831683" lon="5.8382167"><ele>591.65</ele></trkpt>
<trkpt lat="43.3831967" lon="5.838215"><ele>591.95</ele></trkpt>
<trkpt lat="43.3832067" lon="5.83817"><ele>592.81</ele></trkpt>
<trkpt lat="43.3832317" lon="5.83815"><ele>593.77</ele></trkpt>
<trkpt lat="43.38326" lon="5.838153299999999"><ele>594.24</ele></trkpt>
<trkpt lat="43.38328" lon="5.8381233"><ele>594.95</ele></trkpt>
<trkpt lat="43.3833067" lon="5.838108299999999"><ele>595.48</ele></trkpt>
<trkpt lat="43.383335" lon="5.8381017"><ele>595.58</ele></trkpt>
<trkpt lat="43.3833633" lon="5.8381033"><ele>595.68</ele></trkpt>
<trkpt lat="43.3833867" lon="5.838083300000001"><ele>596.08</ele></trkpt>
<trkpt lat="43.3833917" lon="5.838045"><ele>597.03</ele></trkpt>
<trkpt lat="43.3833933" lon="5.8380067"><ele>597.85</ele></trkpt>
<trkpt lat="43.3834333" lon="5.837914999999999"><ele>598.02</ele></trkpt>
<trkpt lat="43.3835317" lon="5.8379783"><ele>602.26</ele></trkpt>
<trkpt lat="43.3835717" lon="5.8379683"><ele>602.14</ele></trkpt>
<trkpt lat="43.383595" lon="5.8379417"><ele>601.79</ele></trkpt>
<trkpt lat="43.383625" lon="5.8379217"><ele>601.79</ele></trkpt>
<trkpt lat="43.3836533" lon="5.837901699999999"><ele>601.77</ele></trkpt>
<trkpt lat="43.3836833" lon="5.837886700000001"><ele>601.89</ele></trkpt>
<trkpt lat="43.3837133" lon="5.8378833"><ele>601.99</ele></trkpt>
<trkpt lat="43.3837417" lon="5.8378933"><ele>602.35</ele></trkpt>
<trkpt lat="43.3837733" lon="5.8378917"><ele>602.85</ele></trkpt>
<trkpt lat="43.3838033" lon="5.8378933"><ele>603.28</ele></trkpt>
<trkpt lat="43.3838283" lon="5.837875"><ele>603.78</ele></trkpt>
<trkpt lat="43.38385" lon="5.8378483"><ele>604.35</ele></trkpt>
<trkpt lat="43.3838733" lon="5.8378283"><ele>605.26</ele></trkpt>
<trkpt lat="43.3838983" lon="5.837805"><ele>605.74</ele></trkpt>
<trkpt lat="43.3839267" lon="5.837796700000001"><ele>606.51</ele></trkpt>
<trkpt lat="43.383955" lon="5.837795"><ele>607.24</ele></trkpt>
<trkpt lat="43.3839833" lon="5.837795"><ele>607.74</ele></trkpt>
<trkpt lat="43.3840117" lon="5.8378017"><ele>608.24</ele></trkpt>
<trkpt lat="43.3840417" lon="5.8377883"><ele>609.32</ele></trkpt>
<trkpt lat="43.384065" lon="5.8377667"><ele>609.29</ele></trkpt>
<trkpt lat="43.3840933" lon="5.837735"><ele>609.36</ele></trkpt>
<trkpt lat="43.3841183" lon="5.8377117"><ele>609.39</ele></trkpt>
<trkpt lat="43.38415" lon="5.8377183"><ele>609.29</ele></trkpt>
<trkpt lat="43.3841783" lon="5.8377033"><ele>609.38</ele></trkpt>
<trkpt lat="43.384205" lon="5.837688299999999"><ele>609.48</ele></trkpt>
<trkpt lat="43.3842367" lon="5.8376917"><ele>609.49</ele></trkpt>
<trkpt lat="43.3842567" lon="5.8377183"><ele>609.91</ele></trkpt>
<trkpt lat="43.38426" lon="5.8377567"><ele>610.71</ele></trkpt>
<trkpt lat="43.3843483" lon="5.837795"><ele>612.21</ele></trkpt>
<trkpt lat="43.3843733" lon="5.837776699999999"><ele>612.59</ele></trkpt>
<trkpt lat="43.3844" lon="5.837764999999999"><ele>612.49</ele></trkpt>
<trkpt lat="43.38442" lon="5.83774"><ele>612.49</ele></trkpt>
<trkpt lat="43.3844483" lon="5.8377383"><ele>612.29</ele></trkpt>
<trkpt lat="43.3844767" lon="5.837745"><ele>612.49</ele></trkpt>
<trkpt lat="43.3845033" lon="5.8377567"><ele>612.76</ele></trkpt>
<trkpt lat="43.3845333" lon="5.8377633"><ele>612.86</ele></trkpt>
<trkpt lat="43.3845617" lon="5.8377567"><ele>613.15</ele></trkpt>
<trkpt lat="43.3845933" lon="5.8377717"><ele>613.19</ele></trkpt>
<trkpt lat="43.3846183" lon="5.8377933"><ele>613.16</ele></trkpt>
<trkpt lat="43.3846317" lon="5.83783"><ele>613.55</ele></trkpt>
<trkpt lat="43.38468" lon="5.8378367"><ele>614.03</ele></trkpt>
<trkpt lat="43.3847667" lon="5.8379067"><ele>612.8</ele></trkpt>
<trkpt lat="43.3847467" lon="5.837796700000001"><ele>612.53</ele></trkpt>
<trkpt lat="43.3848" lon="5.837708300000001"><ele>611.07</ele></trkpt>
<trkpt lat="43.3849" lon="5.8376967"><ele>607.46</ele></trkpt>
<trkpt lat="43.3849917" lon="5.837733299999999"><ele>603.42</ele></trkpt>
<trkpt lat="43.3850717" lon="5.8378033"><ele>598.4</ele></trkpt>
<trkpt lat="43.3851783" lon="5.8378033"><ele>589.31</ele></trkpt>
<trkpt lat="43.3852617" lon="5.8377467"><ele>583.86</ele></trkpt>
<trkpt lat="43.385355" lon="5.83779"><ele>580.55</ele></trkpt>
<trkpt lat="43.3854183" lon="5.8376833"><ele>576.87</ele></trkpt>
<trkpt lat="43.38548" lon="5.837575"><ele>569.17</ele></trkpt>
<trkpt lat="43.3855117" lon="5.8375983"><ele>566.37</ele></trkpt>
<trkpt lat="43.3856033" lon="5.837505"><ele>562.4</ele></trkpt>
<trkpt lat="43.38563" lon="5.8374983"><ele>560.81</ele></trkpt>
<trkpt lat="43.3856417" lon="5.8375433"><ele>560.7</ele></trkpt>
<trkpt lat="43.38566" lon="5.837575"><ele>560.79</ele></trkpt>
<trkpt lat="43.3856717" lon="5.83761"><ele>560.8</ele></trkpt>
<trkpt lat="43.3856767" lon="5.8376483"><ele>560.33</ele></trkpt>
<trkpt lat="43.385695" lon="5.8376033"><ele>556.46</ele></trkpt>
<trkpt lat="43.3857217" lon="5.83761"><ele>554.95</ele></trkpt>
<trkpt lat="43.3857733" lon="5.837661700000001"><ele>553.43</ele></trkpt>
<trkpt lat="43.385805" lon="5.837663300000001"><ele>551.74</ele></trkpt>
<trkpt lat="43.3858133" lon="5.837625"><ele>548.62</ele></trkpt>
<trkpt lat="43.3858133" lon="5.8375783"><ele>548.06</ele></trkpt>
<trkpt lat="43.3858167" lon="5.837539999999999"><ele>547.57</ele></trkpt>
<trkpt lat="43.3858167" lon="5.8375"><ele>547.04</ele></trkpt>
<trkpt lat="43.3858367" lon="5.837475"><ele>545.7</ele></trkpt>
<trkpt lat="43.3858583" lon="5.83745"><ele>544.99</ele></trkpt>
<trkpt lat="43.3858733" lon="5.837415"><ele>543.58</ele></trkpt>
<trkpt lat="43.385885" lon="5.837379999999999"><ele>542.2</ele></trkpt>
<trkpt lat="43.3859117" lon="5.8373517"><ele>541.28</ele></trkpt>
<trkpt lat="43.3859317" lon="5.8373217"><ele>540.06</ele></trkpt>
<trkpt lat="43.38595" lon="5.8372917"><ele>539.7</ele></trkpt>
<trkpt lat="43.3859717" lon="5.8372633"><ele>539.07</ele></trkpt>
<trkpt lat="43.3859967" lon="5.8372317"><ele>538.27</ele></trkpt>
<trkpt lat="43.3860183" lon="5.8372033"><ele>537.67</ele></trkpt>
<trkpt lat="43.38604" lon="5.8371733"><ele>536.69</ele></trkpt>
<trkpt lat="43.3860567" lon="5.837136700000001"><ele>535.59</ele></trkpt>
<trkpt lat="43.38607" lon="5.8371033"><ele>534.59</ele></trkpt>
<trkpt lat="43.386085" lon="5.8370717"><ele>533.09</ele></trkpt>
<trkpt lat="43.3861067" lon="5.837045"><ele>531.98</ele></trkpt>
<trkpt lat="43.38613" lon="5.837005"><ele>530.88</ele></trkpt>
<trkpt lat="43.3861467" lon="5.8369717"><ele>530.15</ele></trkpt>
<trkpt lat="43.3861567" lon="5.836913299999999"><ele>529.49</ele></trkpt>
<trkpt lat="43.3861833" lon="5.836900000000001"><ele>528.94</ele></trkpt>
<trkpt lat="43.386205" lon="5.836876699999999"><ele>528.57</ele></trkpt>
<trkpt lat="43.3862117" lon="5.836835"><ele>527.54</ele></trkpt>
<trkpt lat="43.3862367" lon="5.8368183"><ele>527.01</ele></trkpt>
<trkpt lat="43.3863267" lon="5.836774999999999"><ele>525.05</ele></trkpt>
<trkpt lat="43.3864083" lon="5.83684"><ele>523.1</ele></trkpt>
<trkpt lat="43.3863933" lon="5.836945000000001"><ele>522.5</ele></trkpt>
<trkpt lat="43.3863917" lon="5.836990000000001"><ele>522.5</ele></trkpt>
<trkpt lat="43.3863967" lon="5.8370267"><ele>522.04</ele></trkpt>
<trkpt lat="43.386395" lon="5.8371167"><ele>520.91</ele></trkpt>
<trkpt lat="43.3863767" lon="5.8371467"><ele>520.44</ele></trkpt>
<trkpt lat="43.3864417" lon="5.837235"><ele>518.48</ele></trkpt>
<trkpt lat="43.3864633" lon="5.8373383"><ele>516.25</ele></trkpt>
<trkpt lat="43.38647" lon="5.837376700000001"><ele>515.84</ele></trkpt>
<trkpt lat="43.3864617" lon="5.8374183"><ele>515.71</ele></trkpt>
<trkpt lat="43.3864733" lon="5.8374533"><ele>514.77</ele></trkpt>
<trkpt lat="43.3864733" lon="5.837501700000001"><ele>514.7</ele></trkpt>
<trkpt lat="43.386455" lon="5.837536699999999"><ele>514.15</ele></trkpt>
<trkpt lat="43.3864483" lon="5.8375767"><ele>513.81</ele></trkpt>
<trkpt lat="43.3864733" lon="5.8377217"><ele>509.2599999999999</ele></trkpt>
<trkpt lat="43.3864517" lon="5.8378367"><ele>507.5299999999999</ele></trkpt>
<trkpt lat="43.3865083" lon="5.8379517"><ele>502.53</ele></trkpt>
<trkpt lat="43.38654" lon="5.8379717"><ele>501.74</ele></trkpt>
<trkpt lat="43.38657" lon="5.83799"><ele>501.16</ele></trkpt>
<trkpt lat="43.3865967" lon="5.838004999999999"><ele>500.73</ele></trkpt>
<trkpt lat="43.386605" lon="5.8380417"><ele>500.4399999999999</ele></trkpt>
<trkpt lat="43.3865917" lon="5.838085"><ele>499.8799999999999</ele></trkpt>
<trkpt lat="43.3866033" lon="5.83812"><ele>498.16</ele></trkpt>
<trkpt lat="43.3865983" lon="5.8381617"><ele>497.48</ele></trkpt>
<trkpt lat="43.3865817" lon="5.838209999999999"><ele>497.0400000000001</ele></trkpt>
<trkpt lat="43.3865817" lon="5.8382533"><ele>496.83</ele></trkpt>
<trkpt lat="43.3865933" lon="5.838295"><ele>496.61</ele></trkpt>
<trkpt lat="43.3866117" lon="5.83833"><ele>496.25</ele></trkpt>
<trkpt lat="43.38663" lon="5.838365"><ele>495.8399999999999</ele></trkpt>
<trkpt lat="43.386635" lon="5.8384217"><ele>494.01</ele></trkpt>
<trkpt lat="43.3866283" lon="5.83846"><ele>493.73</ele></trkpt>
<trkpt lat="43.3866317" lon="5.8385033"><ele>493.61</ele></trkpt>
<trkpt lat="43.3866417" lon="5.8385467"><ele>493.7</ele></trkpt>
<trkpt lat="43.3866533" lon="5.838584999999999"><ele>493.5</ele></trkpt>
<trkpt lat="43.3866683" lon="5.838618300000001"><ele>493.6</ele></trkpt>
<trkpt lat="43.3866933" lon="5.838655"><ele>493.51</ele></trkpt>
<trkpt lat="43.3867167" lon="5.8386817"><ele>493.3099999999999</ele></trkpt>
<trkpt lat="43.3867317" lon="5.838719999999999"><ele>492.72</ele></trkpt>
<trkpt lat="43.386735" lon="5.83876"><ele>492.24</ele></trkpt>
<trkpt lat="43.3867533" lon="5.8387883"><ele>491.64</ele></trkpt>
<trkpt lat="43.3867567" lon="5.83883"><ele>490.98</ele></trkpt>
<trkpt lat="43.3867733" lon="5.8388667"><ele>490.25</ele></trkpt>
<trkpt lat="43.3867817" lon="5.8389083"><ele>489.34</ele></trkpt>
<trkpt lat="43.3867983" lon="5.8389433"><ele>488.87</ele></trkpt>
<trkpt lat="43.386825" lon="5.838963299999999"><ele>488.15</ele></trkpt>
<trkpt lat="43.386835" lon="5.839"><ele>487.18</ele></trkpt>
<trkpt lat="43.3868517" lon="5.83903"><ele>486.45</ele></trkpt>
<trkpt lat="43.38686" lon="5.8390683"><ele>485.76</ele></trkpt>
<trkpt lat="43.386865" lon="5.839108299999999"><ele>484.52</ele></trkpt>
<trkpt lat="43.3868817" lon="5.8391483"><ele>482.02</ele></trkpt>
<trkpt lat="43.3868867" lon="5.839188300000001"><ele>480.86</ele></trkpt>
<trkpt lat="43.386905" lon="5.8392167"><ele>478.87</ele></trkpt>
<trkpt lat="43.3868967" lon="5.839258299999999"><ele>476.82</ele></trkpt>
<trkpt lat="43.3868883" lon="5.8392967"><ele>475.99</ele></trkpt>
<trkpt lat="43.3868733" lon="5.8393333"><ele>475.54</ele></trkpt>
<trkpt lat="43.386885" lon="5.839370000000001"><ele>475.1</ele></trkpt>
<trkpt lat="43.3869117" lon="5.8393783"><ele>474.25</ele></trkpt>
<trkpt lat="43.38695" lon="5.8394"><ele>473.43</ele></trkpt>
<trkpt lat="43.3869617" lon="5.8394417"><ele>472.9499999999999</ele></trkpt>
<trkpt lat="43.38697" lon="5.839484999999999"><ele>472.42</ele></trkpt>
<trkpt lat="43.38698" lon="5.8395217"><ele>472.04</ele></trkpt>
<trkpt lat="43.38698" lon="5.839563300000001"><ele>471.12</ele></trkpt>
<trkpt lat="43.38698" lon="5.839608300000001"><ele>470.49</ele></trkpt>
<trkpt lat="43.386985" lon="5.8396533"><ele>469.95</ele></trkpt>
<trkpt lat="43.3869817" lon="5.839696700000001"><ele>469.64</ele></trkpt>
<trkpt lat="43.3869733" lon="5.839734999999999"><ele>469.27</ele></trkpt>
<trkpt lat="43.3869667" lon="5.8397733"><ele>468.52</ele></trkpt>
<trkpt lat="43.386975" lon="5.839811699999999"><ele>467.8199999999999</ele></trkpt>
<trkpt lat="43.386985" lon="5.8398517"><ele>467.13</ele></trkpt>
<trkpt lat="43.38698" lon="5.839893300000001"><ele>466.45</ele></trkpt>
<trkpt lat="43.3869583" lon="5.8399283"><ele>465.8699999999999</ele></trkpt>
<trkpt lat="43.3869417" lon="5.83996"><ele>465.99</ele></trkpt>
<trkpt lat="43.3869417" lon="5.8399983"><ele>466.36</ele></trkpt>
<trkpt lat="43.3869433" lon="5.8400433"><ele>466.3299999999999</ele></trkpt>
<trkpt lat="43.3869517" lon="5.8400817"><ele>466.27</ele></trkpt>
<trkpt lat="43.38695" lon="5.8401217"><ele>466.4299999999999</ele></trkpt>
<trkpt lat="43.3869383" lon="5.840158299999999"><ele>467.08</ele></trkpt>
<trkpt lat="43.386935" lon="5.840199999999999"><ele>467.16</ele></trkpt>
<trkpt lat="43.386955" lon="5.840225"><ele>467.68</ele></trkpt>
<trkpt lat="43.386955" lon="5.8402633"><ele>467.5</ele></trkpt>
<trkpt lat="43.3869417" lon="5.8403"><ele>467.99</ele></trkpt>
<trkpt lat="43.38693" lon="5.8403417"><ele>467.45</ele></trkpt>
<trkpt lat="43.386915" lon="5.840381699999999"><ele>467.14</ele></trkpt>
<trkpt lat="43.3868967" lon="5.8404117"><ele>466.54</ele></trkpt>
<trkpt lat="43.3868817" lon="5.8404467"><ele>466.2</ele></trkpt>
<trkpt lat="43.3868767" lon="5.840488299999999"><ele>465.94</ele></trkpt>
<trkpt lat="43.3868567" lon="5.8405217"><ele>465.9</ele></trkpt>
<trkpt lat="43.3868367" lon="5.840551700000001"><ele>465.8100000000001</ele></trkpt>
<trkpt lat="43.3868183" lon="5.8405833"><ele>465.67</ele></trkpt>
<trkpt lat="43.3868067" lon="5.840621699999999"><ele>465.17</ele></trkpt>
<trkpt lat="43.386795" lon="5.8406583"><ele>463.69</ele></trkpt>
<trkpt lat="43.386785" lon="5.840700000000001"><ele>462.62</ele></trkpt>
<trkpt lat="43.3867683" lon="5.8407333"><ele>461.5199999999999</ele></trkpt>
<trkpt lat="43.3867367" lon="5.84074"><ele>460.73</ele></trkpt>
<trkpt lat="43.3867083" lon="5.84076"><ele>459.98</ele></trkpt>
<trkpt lat="43.38669" lon="5.84079"><ele>458.98</ele></trkpt>
<trkpt lat="43.3866717" lon="5.84082"><ele>458.54</ele></trkpt>
<trkpt lat="43.3866467" lon="5.84084"><ele>457.48</ele></trkpt>
<trkpt lat="43.3865367" lon="5.840871699999999"><ele>458.25</ele></trkpt>
<trkpt lat="43.3865133" lon="5.840891700000001"><ele>458.41</ele></trkpt>
<trkpt lat="43.386485" lon="5.8409117"><ele>457.88</ele></trkpt>
<trkpt lat="43.3864583" lon="5.84093"><ele>457.5099999999999</ele></trkpt>
<trkpt lat="43.386435" lon="5.840953300000001"><ele>457.2400000000001</ele></trkpt>
<trkpt lat="43.386415" lon="5.84098"><ele>457.04</ele></trkpt>
<trkpt lat="43.386395" lon="5.841008300000001"><ele>456.71</ele></trkpt>
<trkpt lat="43.3863683" lon="5.841045"><ele>456.4299999999999</ele></trkpt>
<trkpt lat="43.3863467" lon="5.8410733"><ele>456.4</ele></trkpt>
<trkpt lat="43.3863217" lon="5.8411083"><ele>456.31</ele></trkpt>
<trkpt lat="43.3863033" lon="5.8411417"><ele>456.23</ele></trkpt>
<trkpt lat="43.3862967" lon="5.841178300000001"><ele>456.3799999999999</ele></trkpt>
<trkpt lat="43.38627" lon="5.8412067"><ele>456.4</ele></trkpt>
<trkpt lat="43.3862417" lon="5.841236699999999"><ele>456.3</ele></trkpt>
<trkpt lat="43.3862283" lon="5.8412783"><ele>456.21</ele></trkpt>
<trkpt lat="43.3862183" lon="5.8413133"><ele>456.2</ele></trkpt>
<trkpt lat="43.3861983" lon="5.8413467"><ele>455.91</ele></trkpt>
<trkpt lat="43.3861667" lon="5.8413417"><ele>456.1600000000001</ele></trkpt>
<trkpt lat="43.38614" lon="5.841355"><ele>456.3799999999999</ele></trkpt>
<trkpt lat="43.3861183" lon="5.8413783"><ele>456.6799999999999</ele></trkpt>
<trkpt lat="43.3861" lon="5.841408299999999"><ele>456.83</ele></trkpt>
<trkpt lat="43.3860767" lon="5.84148"><ele>457.68</ele></trkpt>
<trkpt lat="43.386025" lon="5.841506700000001"><ele>457.98</ele></trkpt>
<trkpt lat="43.3859967" lon="5.8415183"><ele>458.3</ele></trkpt>
<trkpt lat="43.3859667" lon="5.8415"><ele>458.3</ele></trkpt>
<trkpt lat="43.3859383" lon="5.8415117"><ele>458.3</ele></trkpt>
<trkpt lat="43.38591" lon="5.8415217"><ele>458.3899999999999</ele></trkpt>
<trkpt lat="43.3858833" lon="5.8415367"><ele>458.49</ele></trkpt>
<trkpt lat="43.3858683" lon="5.8414983"><ele>458.96</ele></trkpt>
<trkpt lat="43.3858517" lon="5.8414683"><ele>458.99</ele></trkpt>
<trkpt lat="43.385825" lon="5.8414817"><ele>458.9999999999999</ele></trkpt>
<trkpt lat="43.385825" lon="5.841525"><ele>458.8</ele></trkpt>
<trkpt lat="43.385825" lon="5.84157"><ele>458.53</ele></trkpt>
<trkpt lat="43.3857983" lon="5.8415983"><ele>458.3</ele></trkpt>
<trkpt lat="43.3857717" lon="5.8416083"><ele>458.3700000000001</ele></trkpt>
<trkpt lat="43.3857383" lon="5.841624999999999"><ele>458.3899999999999</ele></trkpt>
<trkpt lat="43.3857067" lon="5.841636699999999"><ele>458.23</ele></trkpt>
<trkpt lat="43.3856783" lon="5.841634999999999"><ele>458.04</ele></trkpt>
<trkpt lat="43.3856483" lon="5.841634999999999"><ele>457.64</ele></trkpt>
<trkpt lat="43.3856167" lon="5.8416467"><ele>457.5699999999999</ele></trkpt>
<trkpt lat="43.3855767" lon="5.8416617"><ele>457.5000000000001</ele></trkpt>
<trkpt lat="43.3855467" lon="5.841669999999999"><ele>457.5000000000001</ele></trkpt>
<trkpt lat="43.385515" lon="5.8416767"><ele>457.59</ele></trkpt>
<trkpt lat="43.385485" lon="5.841683299999999"><ele>457.69</ele></trkpt>
<trkpt lat="43.3854533" lon="5.841681699999999"><ele>457.86</ele></trkpt>
<trkpt lat="43.38542" lon="5.841665"><ele>458.15</ele></trkpt>
<trkpt lat="43.3853883" lon="5.841665"><ele>458.3700000000001</ele></trkpt>
<trkpt lat="43.385355" lon="5.841655000000001"><ele>458.4200000000001</ele></trkpt>
<trkpt lat="43.3853217" lon="5.8416617"><ele>458.3</ele></trkpt>
<trkpt lat="43.3852933" lon="5.841665"><ele>458.3899999999999</ele></trkpt>
<trkpt lat="43.385255" lon="5.8416717"><ele>458.49</ele></trkpt>
<trkpt lat="43.3852217" lon="5.8416917"><ele>458.17</ele></trkpt>
<trkpt lat="43.3852" lon="5.841726699999999"><ele>457.65</ele></trkpt>
<trkpt lat="43.3851833" lon="5.8417617"><ele>457.17</ele></trkpt>
<trkpt lat="43.3851583" lon="5.84179"><ele>456.84</ele></trkpt>
<trkpt lat="43.3851233" lon="5.8418067"><ele>456.53</ele></trkpt>
<trkpt lat="43.3850933" lon="5.841816699999999"><ele>456.4</ele></trkpt>
<trkpt lat="43.385065" lon="5.841825"><ele>456.4</ele></trkpt>
<trkpt lat="43.3850417" lon="5.8418533"><ele>456.32</ele></trkpt>
<trkpt lat="43.3850283" lon="5.8418933"><ele>455.8699999999999</ele></trkpt>
<trkpt lat="43.385005" lon="5.8419283"><ele>455.04</ele></trkpt>
<trkpt lat="43.3849817" lon="5.8419567"><ele>454.4</ele></trkpt>
<trkpt lat="43.3849533" lon="5.841975"><ele>453.48</ele></trkpt>
<trkpt lat="43.384925" lon="5.8420033"><ele>452.6799999999999</ele></trkpt>
<trkpt lat="43.3848967" lon="5.8420217"><ele>452.1799999999999</ele></trkpt>
<trkpt lat="43.38486" lon="5.8420183"><ele>451.65</ele></trkpt>
<trkpt lat="43.3848333" lon="5.8420283"><ele>451.44</ele></trkpt>
<trkpt lat="43.3848067" lon="5.8420483"><ele>451.14</ele></trkpt>
<trkpt lat="43.38478" lon="5.84206"><ele>450.83</ele></trkpt>
<trkpt lat="43.3847483" lon="5.8420783"><ele>450.72</ele></trkpt>
<trkpt lat="43.3847233" lon="5.842105"><ele>450.17</ele></trkpt>
<trkpt lat="43.3847033" lon="5.8421383"><ele>449.11</ele></trkpt>
<trkpt lat="43.3846767" lon="5.842158299999999"><ele>448.2799999999999</ele></trkpt>
<trkpt lat="43.3846433" lon="5.842185"><ele>449.06</ele></trkpt>
<trkpt lat="43.384615" lon="5.842201699999999"><ele>451.19</ele></trkpt>
<trkpt lat="43.3845833" lon="5.842193300000001"><ele>451.97</ele></trkpt>
<trkpt lat="43.3845517" lon="5.8422083"><ele>452.16</ele></trkpt>
<trkpt lat="43.38452" lon="5.8422217"><ele>452.36</ele></trkpt>
<trkpt lat="43.3844917" lon="5.842225000000001"><ele>452.75</ele></trkpt>
<trkpt lat="43.3844633" lon="5.8422417"><ele>453.05</ele></trkpt>
<trkpt lat="43.384435" lon="5.8422483"><ele>453.23</ele></trkpt>
<trkpt lat="43.3844" lon="5.84226"><ele>453.48</ele></trkpt>
<trkpt lat="43.3843617" lon="5.8422683"><ele>453.47</ele></trkpt>
<trkpt lat="43.3843317" lon="5.842265"><ele>453.65</ele></trkpt>
<trkpt lat="43.3843033" lon="5.842263299999999"><ele>453.43</ele></trkpt>
<trkpt lat="43.3842683" lon="5.842255"><ele>453.13</ele></trkpt>
<trkpt lat="43.38424" lon="5.8422433"><ele>453.09</ele></trkpt>
<trkpt lat="43.38421" lon="5.8422217"><ele>452.86</ele></trkpt>
<trkpt lat="43.3841833" lon="5.842204999999999"><ele>452.61</ele></trkpt>
<trkpt lat="43.3841567" lon="5.8421783"><ele>452.1799999999999</ele></trkpt>
<trkpt lat="43.3841383" lon="5.842146699999999"><ele>451.28</ele></trkpt>
<trkpt lat="43.3841117" lon="5.84213"><ele>450.31</ele></trkpt>
<trkpt lat="43.38408" lon="5.842113299999999"><ele>449.37</ele></trkpt>
<trkpt lat="43.384055" lon="5.8420983"><ele>448.67</ele></trkpt>
<trkpt lat="43.3840233" lon="5.842085"><ele>448.3299999999999</ele></trkpt>
<trkpt lat="43.3839917" lon="5.842086700000001"><ele>447.84</ele></trkpt>
<trkpt lat="43.3839617" lon="5.8420783"><ele>447.11</ele></trkpt>
<trkpt lat="43.383935" lon="5.8420717"><ele>446.3799999999999</ele></trkpt>
<trkpt lat="43.383905" lon="5.8420783"><ele>445.59</ele></trkpt>
<trkpt lat="43.3838767" lon="5.8420967"><ele>444.87</ele></trkpt>
<trkpt lat="43.383845" lon="5.8420967"><ele>443.94</ele></trkpt>
<trkpt lat="43.3838133" lon="5.842100000000001"><ele>443.75</ele></trkpt>
<trkpt lat="43.3837767" lon="5.842103299999999"><ele>442.88</ele></trkpt>
<trkpt lat="43.38374" lon="5.842100000000001"><ele>442.26</ele></trkpt>
<trkpt lat="43.3837033" lon="5.842105"><ele>441.74</ele></trkpt>
<trkpt lat="43.3836767" lon="5.842114999999999"><ele>441.4999999999999</ele></trkpt>
<trkpt lat="43.3836433" lon="5.842111699999999"><ele>441.39</ele></trkpt>
<trkpt lat="43.3836133" lon="5.8421167"><ele>441.1</ele></trkpt>
<trkpt lat="43.3835817" lon="5.842113299999999"><ele>441.16</ele></trkpt>
<trkpt lat="43.383545" lon="5.842105"><ele>441.35</ele></trkpt>
<trkpt lat="43.3835183" lon="5.8420983"><ele>441.39</ele></trkpt>
<trkpt lat="43.3834867" lon="5.842100000000001"><ele>441.03</ele></trkpt>
<trkpt lat="43.3834483" lon="5.842100000000001"><ele>440.44</ele></trkpt>
<trkpt lat="43.3834167" lon="5.8421233"><ele>439.96</ele></trkpt>
<trkpt lat="43.383385" lon="5.8421517"><ele>439.57</ele></trkpt>
<trkpt lat="43.3833567" lon="5.8421683"><ele>438.81</ele></trkpt>
<trkpt lat="43.3833367" lon="5.842201699999999"><ele>437.89</ele></trkpt>
<trkpt lat="43.3833283" lon="5.8422467"><ele>437.3</ele></trkpt>
<trkpt lat="43.3833433" lon="5.842283300000001"><ele>436.3</ele></trkpt>
<trkpt lat="43.3833583" lon="5.8423217"><ele>435.5099999999999</ele></trkpt>
<trkpt lat="43.3833767" lon="5.84236"><ele>434.77</ele></trkpt>
<trkpt lat="43.3833933" lon="5.8423917"><ele>434.45</ele></trkpt>
<trkpt lat="43.38339" lon="5.8424383"><ele>434.88</ele></trkpt>
<trkpt lat="43.38341" lon="5.8424633"><ele>435.34</ele></trkpt>
<trkpt lat="43.3834383" lon="5.84248"><ele>435.86</ele></trkpt>
<trkpt lat="43.3834667" lon="5.842489999999999"><ele>435.67</ele></trkpt>
<trkpt lat="43.3834983" lon="5.842495"><ele>435.69</ele></trkpt>
<trkpt lat="43.383525" lon="5.842503299999999"><ele>435.27</ele></trkpt>
<trkpt lat="43.38355" lon="5.842520000000001"><ele>434.8399999999999</ele></trkpt>
<trkpt lat="43.3835817" lon="5.842534999999999"><ele>434.23</ele></trkpt>
<trkpt lat="43.3836183" lon="5.84254"><ele>433.66</ele></trkpt>
<trkpt lat="43.3836467" lon="5.8425383"><ele>433.23</ele></trkpt>
<trkpt lat="43.3836733" lon="5.842523300000001"><ele>432.76</ele></trkpt>
<trkpt lat="43.3837" lon="5.8425133"><ele>431.97</ele></trkpt>
<trkpt lat="43.3837233" lon="5.8425633"><ele>430.8</ele></trkpt>
<trkpt lat="43.3837417" lon="5.8425967"><ele>430.5899999999999</ele></trkpt>
<trkpt lat="43.3837683" lon="5.84261"><ele>430.24</ele></trkpt>
<trkpt lat="43.3838" lon="5.8426083"><ele>429.84</ele></trkpt>
<trkpt lat="43.3838283" lon="5.84261"><ele>429.6</ele></trkpt>
<trkpt lat="43.383855" lon="5.8426217"><ele>429.42</ele></trkpt>
<trkpt lat="43.383885" lon="5.8426433"><ele>429.22</ele></trkpt>
<trkpt lat="43.3838817" lon="5.842681699999999"><ele>429.09</ele></trkpt>
<trkpt lat="43.38387" lon="5.8427233"><ele>429.1</ele></trkpt>
<trkpt lat="43.3839017" lon="5.842815"><ele>429.74</ele></trkpt>
<trkpt lat="43.38392" lon="5.8428583"><ele>429.72</ele></trkpt>
<trkpt lat="43.3839367" lon="5.8429017"><ele>429.6</ele></trkpt>
<trkpt lat="43.3839567" lon="5.8429367"><ele>429.69</ele></trkpt>
<trkpt lat="43.3839717" lon="5.842975"><ele>429.59</ele></trkpt>
<trkpt lat="43.3839817" lon="5.8430167"><ele>429.05</ele></trkpt>
<trkpt lat="43.3839933" lon="5.8430633"><ele>428.54</ele></trkpt>
<trkpt lat="43.3840067" lon="5.8431067"><ele>427.88</ele></trkpt>
<trkpt lat="43.3840267" lon="5.843145"><ele>427.4999999999999</ele></trkpt>
<trkpt lat="43.38405" lon="5.84317"><ele>427.13</ele></trkpt>
<trkpt lat="43.3840733" lon="5.843194999999999"><ele>426</ele></trkpt>
<trkpt lat="43.384095" lon="5.843228300000001"><ele>424.8399999999999</ele></trkpt>
<trkpt lat="43.38412" lon="5.843251699999999"><ele>424.17</ele></trkpt>
<trkpt lat="43.3841433" lon="5.843283300000001"><ele>423.55</ele></trkpt>
<trkpt lat="43.3841667" lon="5.843306699999999"><ele>423.32</ele></trkpt>
<trkpt lat="43.384195" lon="5.843335"><ele>423.06</ele></trkpt>
<trkpt lat="43.384215" lon="5.8433733"><ele>422.44</ele></trkpt>
<trkpt lat="43.38424" lon="5.8433967"><ele>421.97</ele></trkpt>
<trkpt lat="43.384265" lon="5.843435"><ele>421.43</ele></trkpt>
<trkpt lat="43.384275" lon="5.843475"><ele>421.29</ele></trkpt>
<trkpt lat="43.3842933" lon="5.843511700000001"><ele>421.58</ele></trkpt>
<trkpt lat="43.3843217" lon="5.843525000000001"><ele>422.34</ele></trkpt>
<trkpt lat="43.3843517" lon="5.8435167"><ele>422.6799999999999</ele></trkpt>
<trkpt lat="43.3843817" lon="5.84351"><ele>422.49</ele></trkpt>
<trkpt lat="43.3844117" lon="5.8435183"><ele>422.78</ele></trkpt>
<trkpt lat="43.384435" lon="5.843538299999999"><ele>422.65</ele></trkpt>
<trkpt lat="43.3844617" lon="5.84355"><ele>422.76</ele></trkpt>
<trkpt lat="43.3844867" lon="5.843568300000001"><ele>422.97</ele></trkpt>
<trkpt lat="43.3845217" lon="5.8435867"><ele>423.33</ele></trkpt>
<trkpt lat="43.3845483" lon="5.843594999999999"><ele>422.85</ele></trkpt>
<trkpt lat="43.3845733" lon="5.84362"><ele>422.17</ele></trkpt>
<trkpt lat="43.3846" lon="5.8436483"><ele>421.2499999999999</ele></trkpt>
<trkpt lat="43.3846233" lon="5.843673300000001"><ele>421</ele></trkpt>
<trkpt lat="43.38465" lon="5.843658300000001"><ele>420.6200000000001</ele></trkpt>
<trkpt lat="43.3846683" lon="5.843628299999999"><ele>420.6799999999999</ele></trkpt>
<trkpt lat="43.384695" lon="5.8436083"><ele>421.08</ele></trkpt>
<trkpt lat="43.3847233" lon="5.8436083"><ele>421.4499999999999</ele></trkpt>
<trkpt lat="43.3847517" lon="5.8436033"><ele>421.85</ele></trkpt>
<trkpt lat="43.384785" lon="5.8435983"><ele>421.47</ele></trkpt>
<trkpt lat="43.3848233" lon="5.8436033"><ele>420.8800000000001</ele></trkpt>
<trkpt lat="43.38486" lon="5.8435967"><ele>420.43</ele></trkpt>
<trkpt lat="43.3848917" lon="5.8435867"><ele>420.2799999999999</ele></trkpt>
<trkpt lat="43.38492" lon="5.843581699999999"><ele>419.65</ele></trkpt>
<trkpt lat="43.3849367" lon="5.843611700000001"><ele>418.74</ele></trkpt>
<trkpt lat="43.3849583" lon="5.843645"><ele>418.04</ele></trkpt>
<trkpt lat="43.384985" lon="5.843655"><ele>417.83</ele></trkpt>
<trkpt lat="43.38501" lon="5.843636699999999"><ele>417.63</ele></trkpt>
<trkpt lat="43.3850367" lon="5.843628299999999"><ele>416.9</ele></trkpt>
<trkpt lat="43.3850683" lon="5.843625000000001"><ele>415</ele></trkpt>
<trkpt lat="43.3850917" lon="5.8435983"><ele>414.8899999999999</ele></trkpt>
<trkpt lat="43.38511" lon="5.8435533"><ele>414.6299999999999</ele></trkpt>
<trkpt lat="43.3851317" lon="5.843521700000001"><ele>414.17</ele></trkpt>
<trkpt lat="43.3851533" lon="5.8434967"><ele>413.58</ele></trkpt>
<trkpt lat="43.38518" lon="5.8434733"><ele>413.04</ele></trkpt>
<trkpt lat="43.3852083" lon="5.8434717"><ele>412.74</ele></trkpt>
<trkpt lat="43.38524" lon="5.8434817"><ele>412.23</ele></trkpt>
<trkpt lat="43.3852683" lon="5.8434883"><ele>411.87</ele></trkpt>
<trkpt lat="43.3853067" lon="5.8434883"><ele>411.53</ele></trkpt>
<trkpt lat="43.3853417" lon="5.843493299999999"><ele>411.08</ele></trkpt>
<trkpt lat="43.3853767" lon="5.843495"><ele>410.48</ele></trkpt>
<trkpt lat="43.3854067" lon="5.8434967"><ele>409.94</ele></trkpt>
<trkpt lat="43.38544" lon="5.8434967"><ele>409.54</ele></trkpt>
<trkpt lat="43.38547" lon="5.843505"><ele>409.24</ele></trkpt>
<trkpt lat="43.3855017" lon="5.8435167"><ele>408.9</ele></trkpt>
<trkpt lat="43.385535" lon="5.843521700000001"><ele>408.6299999999999</ele></trkpt>
<trkpt lat="43.3855667" lon="5.843525000000001"><ele>408.18</ele></trkpt>
<trkpt lat="43.3856017" lon="5.843536699999999"><ele>407.48</ele></trkpt>
<trkpt lat="43.38563" lon="5.8435417"><ele>406.8899999999999</ele></trkpt>
<trkpt lat="43.3856583" lon="5.843546699999999"><ele>406.36</ele></trkpt>
<trkpt lat="43.3856917" lon="5.8435517"><ele>405.68</ele></trkpt>
<trkpt lat="43.3857233" lon="5.8435617"><ele>405.31</ele></trkpt>
<trkpt lat="43.3857533" lon="5.843575"><ele>405.29</ele></trkpt>
<trkpt lat="43.38578" lon="5.8435867"><ele>405.29</ele></trkpt>
<trkpt lat="43.3858117" lon="5.843585"><ele>405.32</ele></trkpt>
<trkpt lat="43.3858417" lon="5.843579999999999"><ele>405.3</ele></trkpt>
<trkpt lat="43.3858733" lon="5.8435767"><ele>405.3</ele></trkpt>
<trkpt lat="43.385905" lon="5.843581699999999"><ele>405.23</ele></trkpt>
<trkpt lat="43.3859367" lon="5.843594999999999"><ele>405.22</ele></trkpt>
<trkpt lat="43.385965" lon="5.843591699999999"><ele>405.03</ele></trkpt>
<trkpt lat="43.3859917" lon="5.8436"><ele>405.1899999999999</ele></trkpt>
<trkpt lat="43.3860317" lon="5.8436067"><ele>404.96</ele></trkpt>
<trkpt lat="43.3860683" lon="5.84361"><ele>404.81</ele></trkpt>
<trkpt lat="43.3860967" lon="5.843613300000001"><ele>404.64</ele></trkpt>
<trkpt lat="43.38613" lon="5.84361"><ele>404.48</ele></trkpt>
<trkpt lat="43.3861583" lon="5.8436067"><ele>404.16</ele></trkpt>
<trkpt lat="43.3861867" lon="5.843613300000001"><ele>404</ele></trkpt>
<trkpt lat="43.3862133" lon="5.8436217"><ele>404</ele></trkpt>
<trkpt lat="43.3862433" lon="5.843613300000001"><ele>403.9</ele></trkpt>
<trkpt lat="43.386275" lon="5.84361"><ele>403.48</ele></trkpt>
<trkpt lat="43.386305" lon="5.843611700000001"><ele>403.04</ele></trkpt>
<trkpt lat="43.3863367" lon="5.8436317"><ele>402.8799999999999</ele></trkpt>
<trkpt lat="43.386365" lon="5.8436433"><ele>402.8</ele></trkpt>
<trkpt lat="43.386395" lon="5.843646700000001"><ele>402.48</ele></trkpt>
<trkpt lat="43.3864233" lon="5.8436417"><ele>402.14</ele></trkpt>
<trkpt lat="43.386455" lon="5.843625000000001"><ele>401.8099999999999</ele></trkpt>
<trkpt lat="43.3864817" lon="5.843635"><ele>401.57</ele></trkpt>
<trkpt lat="43.38651" lon="5.843636699999999"><ele>400.78</ele></trkpt>
<trkpt lat="43.3865467" lon="5.843639999999999"><ele>400.4</ele></trkpt>
<trkpt lat="43.3865783" lon="5.843636699999999"><ele>400.14</ele></trkpt>
<trkpt lat="43.3866117" lon="5.8436317"><ele>400.0000000000001</ele></trkpt>
<trkpt lat="43.386635" lon="5.84361"><ele>399.7599999999999</ele></trkpt>
<trkpt lat="43.3866433" lon="5.843565"><ele>399.17</ele></trkpt>
<trkpt lat="43.386675" lon="5.8435633"><ele>398.8399999999999</ele></trkpt>
<trkpt lat="43.3867117" lon="5.8435767"><ele>398.73</ele></trkpt>
<trkpt lat="43.3867467" lon="5.8435733"><ele>398.35</ele></trkpt>
<trkpt lat="43.3867767" lon="5.8435533"><ele>398.11</ele></trkpt>
<trkpt lat="43.3868033" lon="5.84354"><ele>398.17</ele></trkpt>
<trkpt lat="43.3868383" lon="5.843545"><ele>397.7499999999999</ele></trkpt>
<trkpt lat="43.386865" lon="5.843575"><ele>397.01</ele></trkpt>
<trkpt lat="43.3868883" lon="5.843594999999999"><ele>396.39</ele></trkpt>
<trkpt lat="43.3869167" lon="5.843613300000001"><ele>396.13</ele></trkpt>
<trkpt lat="43.3869467" lon="5.84362"><ele>395.56</ele></trkpt>
<trkpt lat="43.38698" lon="5.8436217"><ele>395.17</ele></trkpt>
<trkpt lat="43.3870117" lon="5.843625000000001"><ele>394.65</ele></trkpt>
<trkpt lat="43.387045" lon="5.843628299999999"><ele>394.5699999999999</ele></trkpt>
<trkpt lat="43.387075" lon="5.84363"><ele>394.43</ele></trkpt>
<trkpt lat="43.3871117" lon="5.843626699999999"><ele>394.3</ele></trkpt>
<trkpt lat="43.38714" lon="5.8436217"><ele>394.2</ele></trkpt>
<trkpt lat="43.3871667" lon="5.843613300000001"><ele>394.5</ele></trkpt>
<trkpt lat="43.3872317" lon="5.8435867"><ele>394.18</ele></trkpt>
<trkpt lat="43.387265" lon="5.843585"><ele>393.1899999999999</ele></trkpt>
<trkpt lat="43.3872933" lon="5.8435767"><ele>392.85</ele></trkpt>
<trkpt lat="43.387325" lon="5.8435767"><ele>392.82</ele></trkpt>
<trkpt lat="43.3873583" lon="5.8435617"><ele>392.38</ele></trkpt>
<trkpt lat="43.3873783" lon="5.843536699999999"><ele>392.46</ele></trkpt>
<trkpt lat="43.3874067" lon="5.84351"><ele>392.43</ele></trkpt>
<trkpt lat="43.3874333" lon="5.8434983"><ele>392.17</ele></trkpt>
<trkpt lat="43.38746" lon="5.843475"><ele>391.7400000000001</ele></trkpt>
<trkpt lat="43.3874883" lon="5.843444999999999"><ele>391.58</ele></trkpt>
<trkpt lat="43.387515" lon="5.843425"><ele>391.7099999999999</ele></trkpt>
<trkpt lat="43.3875467" lon="5.84343"><ele>391.4499999999999</ele></trkpt>
<trkpt lat="43.3875717" lon="5.843455"><ele>390.95</ele></trkpt>
<trkpt lat="43.387595" lon="5.8434867"><ele>390.45</ele></trkpt>
<trkpt lat="43.38762" lon="5.8435017"><ele>390.14</ele></trkpt>
<trkpt lat="43.38765" lon="5.8435267"><ele>389.93</ele></trkpt>
<trkpt lat="43.3876783" lon="5.8435533"><ele>389.64</ele></trkpt>
<trkpt lat="43.3877067" lon="5.8435717"><ele>389.34</ele></trkpt>
<trkpt lat="43.387735" lon="5.843579999999999"><ele>389.37</ele></trkpt>
<trkpt lat="43.387765" lon="5.843605"><ele>389.33</ele></trkpt>
<trkpt lat="43.38779" lon="5.843625000000001"><ele>389.21</ele></trkpt>
<trkpt lat="43.387815" lon="5.843639999999999"><ele>388.87</ele></trkpt>
<trkpt lat="43.3878433" lon="5.8436683"><ele>388.78</ele></trkpt>
<trkpt lat="43.3878733" lon="5.843684999999999"><ele>388.8</ele></trkpt>
<trkpt lat="43.3879033" lon="5.8437067"><ele>388.83</ele></trkpt>
<trkpt lat="43.38793" lon="5.843718300000001"><ele>388.87</ele></trkpt>
<trkpt lat="43.3879583" lon="5.8437233"><ele>389.09</ele></trkpt>
<trkpt lat="43.387985" lon="5.8437333"><ele>389.07</ele></trkpt>
<trkpt lat="43.3880183" lon="5.8437283"><ele>388.44</ele></trkpt>
<trkpt lat="43.3880483" lon="5.8437283"><ele>388.4</ele></trkpt>
<trkpt lat="43.3880867" lon="5.843735"><ele>388.14</ele></trkpt>
<trkpt lat="43.3881133" lon="5.843755"><ele>388.01</ele></trkpt>
<trkpt lat="43.388135" lon="5.8437917"><ele>388.17</ele></trkpt>
<trkpt lat="43.3881583" lon="5.8438133"><ele>388.4</ele></trkpt>
<trkpt lat="43.388185" lon="5.843831699999999"><ele>388.4</ele></trkpt>
<trkpt lat="43.38821" lon="5.843853300000001"><ele>388.31</ele></trkpt>
<trkpt lat="43.3882383" lon="5.8438833"><ele>388.3</ele></trkpt>
<trkpt lat="43.3882633" lon="5.843905"><ele>388.14</ele></trkpt>
<trkpt lat="43.388285" lon="5.84393"><ele>387.91</ele></trkpt>
<trkpt lat="43.3883033" lon="5.843965"><ele>387.64</ele></trkpt>
<trkpt lat="43.388325" lon="5.843990000000001"><ele>387.15</ele></trkpt>
<trkpt lat="43.38835" lon="5.8440083"><ele>386.91</ele></trkpt>
<trkpt lat="43.3883783" lon="5.8440083"><ele>386.74</ele></trkpt>
<trkpt lat="43.3883833" lon="5.844059999999999"><ele>387.28</ele></trkpt>
<trkpt lat="43.3883783" lon="5.8440967"><ele>387.53</ele></trkpt>
<trkpt lat="43.3883783" lon="5.8441433"><ele>387.41</ele></trkpt>
<trkpt lat="43.388375" lon="5.8441867"><ele>387.43</ele></trkpt>
<trkpt lat="43.3883733" lon="5.8442333"><ele>387.31</ele></trkpt>
<trkpt lat="43.388365" lon="5.8442767"><ele>387.26</ele></trkpt>
<trkpt lat="43.3883517" lon="5.8443183"><ele>386.88</ele></trkpt>
<trkpt lat="43.3883433" lon="5.844358299999999"><ele>386.29</ele></trkpt>
<trkpt lat="43.38834" lon="5.844403299999999"><ele>385.51</ele></trkpt>
<trkpt lat="43.3883333" lon="5.844444999999999"><ele>384.99</ele></trkpt>
<trkpt lat="43.3883383" lon="5.8444883"><ele>384.48</ele></trkpt>
<trkpt lat="43.3883433" lon="5.84453"><ele>384.05</ele></trkpt>
<trkpt lat="43.3883433" lon="5.844575"><ele>383.56</ele></trkpt>
<trkpt lat="43.3883283" lon="5.844625"><ele>383.32</ele></trkpt>
<trkpt lat="43.388325" lon="5.844665"><ele>383.23</ele></trkpt>
<trkpt lat="43.3883217" lon="5.844716700000001"><ele>383.2</ele></trkpt>
<trkpt lat="43.3883167" lon="5.844763300000001"><ele>383.29</ele></trkpt>
<trkpt lat="43.388315" lon="5.844806700000001"><ele>383.14</ele></trkpt>
<trkpt lat="43.3883167" lon="5.844855000000001"><ele>383.01</ele></trkpt>
<trkpt lat="43.3883167" lon="5.844900000000001"><ele>383.24</ele></trkpt>
<trkpt lat="43.3883183" lon="5.8449383"><ele>383.65</ele></trkpt>
<trkpt lat="43.3883133" lon="5.8449767"><ele>384.13</ele></trkpt>
<trkpt lat="43.3883117" lon="5.845014999999999"><ele>384.72</ele></trkpt>
<trkpt lat="43.38831" lon="5.845055"><ele>385.39</ele></trkpt>
<trkpt lat="43.38831" lon="5.845095000000001"><ele>385.83</ele></trkpt>
<trkpt lat="43.3883117" lon="5.845135"><ele>386.23</ele></trkpt>
<trkpt lat="43.3883117" lon="5.84518"><ele>386.73</ele></trkpt>
<trkpt lat="43.3883133" lon="5.845226700000001"><ele>386.86</ele></trkpt>
<trkpt lat="43.38831" lon="5.845268299999999"><ele>387</ele></trkpt>
<trkpt lat="43.3883067" lon="5.8453167"><ele>387</ele></trkpt>
<trkpt lat="43.3883017" lon="5.8453617"><ele>387.27</ele></trkpt>
<trkpt lat="43.3883" lon="5.84541"><ele>387.3</ele></trkpt>
<trkpt lat="43.388295" lon="5.84546"><ele>387.4</ele></trkpt>
<trkpt lat="43.3882883" lon="5.8455033"><ele>387</ele></trkpt>
<trkpt lat="43.388285" lon="5.845549999999999"><ele>386.53</ele></trkpt>
<trkpt lat="43.38828" lon="5.8456033"><ele>386.15</ele></trkpt>
<trkpt lat="43.3882833" lon="5.8456533"><ele>386.1</ele></trkpt>
<trkpt lat="43.388285" lon="5.8456967"><ele>385.8</ele></trkpt>
<trkpt lat="43.3882867" lon="5.8457483"><ele>385.28</ele></trkpt>
<trkpt lat="43.3882867" lon="5.845795"><ele>384.24</ele></trkpt>
<trkpt lat="43.388285" lon="5.8458367"><ele>383.54</ele></trkpt>
<trkpt lat="43.3882883" lon="5.8458867"><ele>383.4999999999999</ele></trkpt>
<trkpt lat="43.38829" lon="5.8459267"><ele>383.88</ele></trkpt>
<trkpt lat="43.3882833" lon="5.8459667"><ele>384.41</ele></trkpt>
<trkpt lat="43.38827" lon="5.846001700000001"><ele>384.7599999999999</ele></trkpt>
<trkpt lat="43.38826" lon="5.8460467"><ele>385.04</ele></trkpt>
<trkpt lat="43.3882633" lon="5.846095000000001"><ele>385.61</ele></trkpt>
<trkpt lat="43.388265" lon="5.8461367"><ele>386.22</ele></trkpt>
<trkpt lat="43.3882633" lon="5.8461817"><ele>386.37</ele></trkpt>
<trkpt lat="43.3882583" lon="5.846230000000001"><ele>386.8899999999999</ele></trkpt>
<trkpt lat="43.3882467" lon="5.846276700000001"><ele>387.65</ele></trkpt>
<trkpt lat="43.3882433" lon="5.8463233"><ele>387.97</ele></trkpt>
<trkpt lat="43.3882433" lon="5.846365"><ele>388</ele></trkpt>
<trkpt lat="43.3882683" lon="5.846390000000001"><ele>388.17</ele></trkpt>
<trkpt lat="43.3883033" lon="5.8463883"><ele>388.49</ele></trkpt>
<trkpt lat="43.388335" lon="5.8463967"><ele>388.6</ele></trkpt>
<trkpt lat="43.3883667" lon="5.8463967"><ele>388.6</ele></trkpt>
<trkpt lat="43.3884017" lon="5.8463883"><ele>388.44</ele></trkpt>
<trkpt lat="43.3884317" lon="5.8463883"><ele>387.91</ele></trkpt>
<trkpt lat="43.3884667" lon="5.846393299999999"><ele>387.35</ele></trkpt>
<trkpt lat="43.388495" lon="5.8464"><ele>386.39</ele></trkpt>
<trkpt lat="43.388525" lon="5.8464033"><ele>385.1</ele></trkpt>
<trkpt lat="43.388555" lon="5.846404999999999"><ele>383.54</ele></trkpt>
<trkpt lat="43.3885833" lon="5.846401699999999"><ele>382.89</ele></trkpt>
<trkpt lat="43.3886167" lon="5.8463983"><ele>382.1</ele></trkpt>
<trkpt lat="43.3886467" lon="5.846395"><ele>382.03</ele></trkpt>
<trkpt lat="43.3886767" lon="5.8463967"><ele>381.61</ele></trkpt>
<trkpt lat="43.388705" lon="5.8464067"><ele>380.99</ele></trkpt>
<trkpt lat="43.38873" lon="5.8464417"><ele>380.16</ele></trkpt>
<trkpt lat="43.3887417" lon="5.84648"><ele>378.88</ele></trkpt>
<trkpt lat="43.3887633" lon="5.846515000000001"><ele>377.51</ele></trkpt>
<trkpt lat="43.388785" lon="5.84655"><ele>376.53</ele></trkpt>
<trkpt lat="43.3888033" lon="5.8465783"><ele>375.61</ele></trkpt>
<trkpt lat="43.38883" lon="5.8466117"><ele>374.6</ele></trkpt>
<trkpt lat="43.3888567" lon="5.846633299999999"><ele>373.9</ele></trkpt>
<trkpt lat="43.3888883" lon="5.84666"><ele>373.32</ele></trkpt>
<trkpt lat="43.388915" lon="5.846686699999999"><ele>373.49</ele></trkpt>
<trkpt lat="43.3889433" lon="5.8467167"><ele>373.34</ele></trkpt>
<trkpt lat="43.3889717" lon="5.846751700000001"><ele>373.56</ele></trkpt>
<trkpt lat="43.3890017" lon="5.846785"><ele>373.63</ele></trkpt>
<trkpt lat="43.389025" lon="5.8468167"><ele>373.67</ele></trkpt>
<trkpt lat="43.3890533" lon="5.8468417"><ele>374.66</ele></trkpt>
<trkpt lat="43.3890817" lon="5.8468767"><ele>375.49</ele></trkpt>
<trkpt lat="43.3891" lon="5.8469067"><ele>376.14</ele></trkpt>
<trkpt lat="43.3890767" lon="5.8468867"><ele>375.75</ele></trkpt>
<trkpt lat="43.3890817" lon="5.8468433"><ele>375.61</ele></trkpt>
<trkpt lat="43.3890883" lon="5.846885"><ele>375.41</ele></trkpt>
<trkpt lat="43.389105" lon="5.8469217"><ele>375.18</ele></trkpt>
<trkpt lat="43.3891233" lon="5.8469517"><ele>374.94</ele></trkpt>
<trkpt lat="43.3891683" lon="5.846945"><ele>375.14</ele></trkpt>
<trkpt lat="43.3891967" lon="5.84694"><ele>375.04</ele></trkpt>
<trkpt lat="43.3892267" lon="5.84694"><ele>374.33</ele></trkpt>
<trkpt lat="43.389255" lon="5.84694"><ele>374.46</ele></trkpt>
<trkpt lat="43.389285" lon="5.846946700000001"><ele>374.25</ele></trkpt>
<trkpt lat="43.38931" lon="5.846961699999999"><ele>373.52</ele></trkpt>
<trkpt lat="43.38934" lon="5.84698"><ele>373.14</ele></trkpt>
<trkpt lat="43.3893717" lon="5.846981700000001"><ele>372.69</ele></trkpt>
<trkpt lat="43.3894" lon="5.846991700000001"><ele>372</ele></trkpt>
<trkpt lat="43.3894133" lon="5.8470333"><ele>372.26</ele></trkpt>
<trkpt lat="43.389425" lon="5.84708"><ele>372.14</ele></trkpt>
<trkpt lat="43.3894417" lon="5.8471133"><ele>371.91</ele></trkpt>
<trkpt lat="43.3894683" lon="5.8471483"><ele>371.75</ele></trkpt>
<trkpt lat="43.389485" lon="5.847188300000001"><ele>371.19</ele></trkpt>
<trkpt lat="43.3895017" lon="5.84722"><ele>370.86</ele></trkpt>
<trkpt lat="43.3895217" lon="5.8472633"><ele>370.1</ele></trkpt>
<trkpt lat="43.38953" lon="5.847303299999999"><ele>369.47</ele></trkpt>
<trkpt lat="43.3895383" lon="5.8473433"><ele>368.87</ele></trkpt>
<trkpt lat="43.3895467" lon="5.847381700000001"><ele>368.64</ele></trkpt>
<trkpt lat="43.3895583" lon="5.8474233"><ele>368.65</ele></trkpt>
<trkpt lat="43.3895767" lon="5.847465"><ele>368.83</ele></trkpt>
<trkpt lat="43.38959" lon="5.8475033"><ele>368.59</ele></trkpt>
<trkpt lat="43.3895967" lon="5.8475517"><ele>368.1899999999999</ele></trkpt>
<trkpt lat="43.3896117" lon="5.8475967"><ele>367.24</ele></trkpt>
<trkpt lat="43.389625" lon="5.847635"><ele>366.92</ele></trkpt>
<trkpt lat="43.3896383" lon="5.8476683"><ele>366.7</ele></trkpt>
<trkpt lat="43.389655" lon="5.8477067"><ele>366.65</ele></trkpt>
<trkpt lat="43.3896717" lon="5.847745"><ele>367.05</ele></trkpt>
<trkpt lat="43.3896867" lon="5.847785"><ele>367.38</ele></trkpt>
<trkpt lat="43.3896967" lon="5.8478233"><ele>367.67</ele></trkpt>
<trkpt lat="43.389705" lon="5.847869999999999"><ele>367.62</ele></trkpt>
<trkpt lat="43.389715" lon="5.847915000000001"><ele>367.54</ele></trkpt>
<trkpt lat="43.3897233" lon="5.8479567"><ele>367.41</ele></trkpt>
<trkpt lat="43.3897367" lon="5.847995000000001"><ele>367.39</ele></trkpt>
<trkpt lat="43.38975" lon="5.84803"><ele>367.41</ele></trkpt>
<trkpt lat="43.3897717" lon="5.848064999999999"><ele>367.5</ele></trkpt>
<trkpt lat="43.3897983" lon="5.8480933"><ele>367.77</ele></trkpt>
<trkpt lat="43.3898217" lon="5.848115"><ele>367.96</ele></trkpt>
<trkpt lat="43.3898567" lon="5.848131700000001"><ele>368.61</ele></trkpt>
<trkpt lat="43.3898933" lon="5.8481517"><ele>368.94</ele></trkpt>
<trkpt lat="43.3899233" lon="5.84816"><ele>369.33</ele></trkpt>
<trkpt lat="43.3899533" lon="5.8481617"><ele>369.66</ele></trkpt>
<trkpt lat="43.3899867" lon="5.848165"><ele>369.96</ele></trkpt>
<trkpt lat="43.39002" lon="5.848166699999999"><ele>369.92</ele></trkpt>
<trkpt lat="43.3900517" lon="5.8481633"><ele>370.07</ele></trkpt>
<trkpt lat="43.390085" lon="5.848168299999999"><ele>370.85</ele></trkpt>
<trkpt lat="43.39012" lon="5.848166699999999"><ele>371.85</ele></trkpt>
<trkpt lat="43.3901517" lon="5.8481633"><ele>372.53</ele></trkpt>
<trkpt lat="43.3901817" lon="5.8481633"><ele>372.8</ele></trkpt>
<trkpt lat="43.3902183" lon="5.848168299999999"><ele>372.62</ele></trkpt>
<trkpt lat="43.3902583" lon="5.84818"><ele>372.28</ele></trkpt>
<trkpt lat="43.390285" lon="5.848188300000001"><ele>371.89</ele></trkpt>
<trkpt lat="43.3903167" lon="5.8481933"><ele>371.46</ele></trkpt>
<trkpt lat="43.39035" lon="5.848201699999999"><ele>371.18</ele></trkpt>
<trkpt lat="43.39037" lon="5.8482367"><ele>370.83</ele></trkpt>
<trkpt lat="43.3903933" lon="5.848258299999999"><ele>369.95</ele></trkpt>
<trkpt lat="43.390415" lon="5.8482867"><ele>369.12</ele></trkpt>
<trkpt lat="43.3904367" lon="5.84832"><ele>368.75</ele></trkpt>
<trkpt lat="43.3904617" lon="5.8483467"><ele>368.35</ele></trkpt>
<trkpt lat="43.3904917" lon="5.8483717"><ele>368.1</ele></trkpt>
<trkpt lat="43.3905217" lon="5.848394999999999"><ele>368.37</ele></trkpt>
<trkpt lat="43.3905567" lon="5.84841"><ele>368.38</ele></trkpt>
<trkpt lat="43.3905917" lon="5.848418300000001"><ele>368.6</ele></trkpt>
<trkpt lat="43.3906283" lon="5.8484317"><ele>368.96</ele></trkpt>
<trkpt lat="43.3906583" lon="5.8484383"><ele>369.43</ele></trkpt>
<trkpt lat="43.390685" lon="5.84845"><ele>369.63</ele></trkpt>
<trkpt lat="43.3907117" lon="5.8484667"><ele>369.64</ele></trkpt>
<trkpt lat="43.3907383" lon="5.848496699999999"><ele>369.28</ele></trkpt>
<trkpt lat="43.3907683" lon="5.848520000000001"><ele>369.09</ele></trkpt>
<trkpt lat="43.390795" lon="5.848544999999999"><ele>369.3</ele></trkpt>
<trkpt lat="43.3908267" lon="5.848561700000001"><ele>369.3</ele></trkpt>
<trkpt lat="43.3908567" lon="5.84858"><ele>369.73</ele></trkpt>
<trkpt lat="43.39088" lon="5.8486017"><ele>369.87</ele></trkpt>
<trkpt lat="43.3909117" lon="5.848625"><ele>370.09</ele></trkpt>
<trkpt lat="43.39094" lon="5.848633300000001"><ele>369.06</ele></trkpt>
<trkpt lat="43.3909667" lon="5.8486583"><ele>367.67</ele></trkpt>
<trkpt lat="43.3909917" lon="5.8486767"><ele>367.09</ele></trkpt>
<trkpt lat="43.39102" lon="5.8486867"><ele>366.96</ele></trkpt>
<trkpt lat="43.3910433" lon="5.84871"><ele>366.91</ele></trkpt>
<trkpt lat="43.3910683" lon="5.8487417"><ele>367.08</ele></trkpt>
<trkpt lat="43.39103" lon="5.848736699999999"><ele>367.73</ele></trkpt>
<trkpt lat="43.3909983" lon="5.8487083"><ele>367.45</ele></trkpt>
<trkpt lat="43.3909717" lon="5.848679999999999"><ele>367.48</ele></trkpt>
<trkpt lat="43.3909433" lon="5.8486617"><ele>367.84</ele></trkpt>
<trkpt lat="43.390925" lon="5.84863"><ele>367.55</ele></trkpt>
<trkpt lat="43.39095" lon="5.848655000000001"><ele>366.79</ele></trkpt>
<trkpt lat="43.3909833" lon="5.8486883"><ele>366.87</ele></trkpt>
<trkpt lat="43.3910083" lon="5.848711700000001"><ele>367.16</ele></trkpt>
<trkpt lat="43.3910383" lon="5.84873"><ele>367.3</ele></trkpt>
<trkpt lat="43.391065" lon="5.84875"><ele>367.4</ele></trkpt>
<trkpt lat="43.3911033" lon="5.8487683"><ele>367.37</ele></trkpt>
<trkpt lat="43.3911317" lon="5.848783299999999"><ele>367.23</ele></trkpt>
<trkpt lat="43.3911583" lon="5.848801700000001"><ele>367.28</ele></trkpt>
<trkpt lat="43.3911833" lon="5.8488183"><ele>367.4</ele></trkpt>
<trkpt lat="43.3912083" lon="5.848846700000001"><ele>366.87</ele></trkpt>
<trkpt lat="43.3912383" lon="5.84887"><ele>366.46</ele></trkpt>
<trkpt lat="43.3912633" lon="5.8488867"><ele>366.0599999999999</ele></trkpt>
<trkpt lat="43.3912917" lon="5.8489133"><ele>365.76</ele></trkpt>
<trkpt lat="43.39132" lon="5.8489267"><ele>365.42</ele></trkpt>
<trkpt lat="43.39135" lon="5.8489417"><ele>365.9</ele></trkpt>
<trkpt lat="43.3913783" lon="5.8489433"><ele>366.84</ele></trkpt>
<trkpt lat="43.3913967" lon="5.8489767"><ele>366.17</ele></trkpt>
<trkpt lat="43.3914317" lon="5.848995000000001"><ele>365.6</ele></trkpt>
<trkpt lat="43.391465" lon="5.8490133"><ele>364.9</ele></trkpt>
<trkpt lat="43.3914933" lon="5.8490183"><ele>364.73</ele></trkpt>
<trkpt lat="43.391525" lon="5.8490367"><ele>364.36</ele></trkpt>
<trkpt lat="43.3915567" lon="5.8490567"><ele>363.71</ele></trkpt>
<trkpt lat="43.3915883" lon="5.84907"><ele>363.1</ele></trkpt>
<trkpt lat="43.3916233" lon="5.8490883"><ele>362.58</ele></trkpt>
<trkpt lat="43.39166" lon="5.8491067"><ele>361.9299999999999</ele></trkpt>
<trkpt lat="43.3916967" lon="5.8491267"><ele>361.36</ele></trkpt>
<trkpt lat="43.3917317" lon="5.8491433"><ele>361.13</ele></trkpt>
<trkpt lat="43.3917583" lon="5.849156699999999"><ele>361.02</ele></trkpt>
<trkpt lat="43.391795" lon="5.8491717"><ele>361.17</ele></trkpt>
<trkpt lat="43.3918317" lon="5.849190000000001"><ele>361.56</ele></trkpt>
<trkpt lat="43.3918567" lon="5.8492067"><ele>362</ele></trkpt>
<trkpt lat="43.39189" lon="5.84923"><ele>362.86</ele></trkpt>
<trkpt lat="43.3919233" lon="5.849249999999999"><ele>363.5299999999999</ele></trkpt>
<trkpt lat="43.3919567" lon="5.8492733"><ele>363.8</ele></trkpt>
<trkpt lat="43.3919833" lon="5.849285"><ele>363.65</ele></trkpt>
<trkpt lat="43.3920117" lon="5.8492983"><ele>363.46</ele></trkpt>
<trkpt lat="43.3920367" lon="5.84932"><ele>363.42</ele></trkpt>
<trkpt lat="43.3920517" lon="5.849353299999999"><ele>363.58</ele></trkpt>
<trkpt lat="43.3920617" lon="5.8494017"><ele>363.74</ele></trkpt>
<trkpt lat="43.3920583" lon="5.84945"><ele>363.37</ele></trkpt>
<trkpt lat="43.392065" lon="5.8494983"><ele>363.52</ele></trkpt>
<trkpt lat="43.3920833" lon="5.849533300000001"><ele>364.53</ele></trkpt>
<trkpt lat="43.3921133" lon="5.849531699999999"><ele>365.09</ele></trkpt>
<trkpt lat="43.392125" lon="5.849576700000001"><ele>362.31</ele></trkpt>
<trkpt lat="43.39211" lon="5.849623300000001"><ele>362.64</ele></trkpt>
<trkpt lat="43.3921" lon="5.849675"><ele>363.14</ele></trkpt>
<trkpt lat="43.3920967" lon="5.849728299999999"><ele>363.66</ele></trkpt>
<trkpt lat="43.3920867" lon="5.849781699999999"><ele>363.31</ele></trkpt>
<trkpt lat="43.3920817" lon="5.849829999999999"><ele>363.4</ele></trkpt>
<trkpt lat="43.3920767" lon="5.849885"><ele>363.39</ele></trkpt>
<trkpt lat="43.39207" lon="5.8499383"><ele>363.55</ele></trkpt>
<trkpt lat="43.392065" lon="5.849975"><ele>364.02</ele></trkpt>
<trkpt lat="43.39206" lon="5.8500283"><ele>364.56</ele></trkpt>
<trkpt lat="43.392055" lon="5.850066699999999"><ele>364.31</ele></trkpt>
<trkpt lat="43.39205" lon="5.85012"><ele>364.39</ele></trkpt>
<trkpt lat="43.3920433" lon="5.850156699999999"><ele>364.39</ele></trkpt>
<trkpt lat="43.3920367" lon="5.850193300000001"><ele>364.27</ele></trkpt>
<trkpt lat="43.39203" lon="5.850245"><ele>363.6</ele></trkpt>
<trkpt lat="43.39203" lon="5.850295000000001"><ele>363.43</ele></trkpt>
<trkpt lat="43.3920483" lon="5.8503433"><ele>363.74</ele></trkpt>
<trkpt lat="43.3920667" lon="5.850386699999999"><ele>364.22</ele></trkpt>
<trkpt lat="43.3920683" lon="5.8504367"><ele>364.86</ele></trkpt>
<trkpt lat="43.392065" lon="5.850475000000001"><ele>365.39</ele></trkpt>
<trkpt lat="43.3920617" lon="5.850515"><ele>365.99</ele></trkpt>
<trkpt lat="43.3920683" lon="5.8505633"><ele>366.8</ele></trkpt>
<trkpt lat="43.3920817" lon="5.8505983"><ele>367.34</ele></trkpt>
<trkpt lat="43.3921033" lon="5.8506233"><ele>367.48</ele></trkpt>
<trkpt lat="43.3921317" lon="5.8506333"><ele>367.67</ele></trkpt>
<trkpt lat="43.39216" lon="5.850635"><ele>367.8</ele></trkpt>
<trkpt lat="43.3922017" lon="5.850635"><ele>367.91</ele></trkpt>
<trkpt lat="43.3922433" lon="5.85063"><ele>368.01</ele></trkpt>
<trkpt lat="43.3922717" lon="5.850625000000001"><ele>367.85</ele></trkpt>
<trkpt lat="43.3923067" lon="5.850625000000001"><ele>367.8</ele></trkpt>
<trkpt lat="43.3923367" lon="5.8506317"><ele>367.58</ele></trkpt>
<trkpt lat="43.392375" lon="5.850636699999999"><ele>367.09</ele></trkpt>
<trkpt lat="43.3924133" lon="5.850635"><ele>366.99</ele></trkpt>
<trkpt lat="43.3924417" lon="5.85063"><ele>367.38</ele></trkpt>
<trkpt lat="43.3924583" lon="5.850665"><ele>367.26</ele></trkpt>
<trkpt lat="43.3924617" lon="5.85071"><ele>367.06</ele></trkpt>
<trkpt lat="43.3924617" lon="5.8507483"><ele>366.18</ele></trkpt>
<trkpt lat="43.3924917" lon="5.850735"><ele>365.82</ele></trkpt>
<trkpt lat="43.3924717" lon="5.850705"><ele>366.4</ele></trkpt>
<trkpt lat="43.392445" lon="5.85072"><ele>366.33</ele></trkpt>
<trkpt lat="43.3924633" lon="5.850760000000001"><ele>368.06</ele></trkpt>
<trkpt lat="43.39247" lon="5.8508033"><ele>368.04</ele></trkpt>
<trkpt lat="43.3924783" lon="5.850843299999999"><ele>367.86</ele></trkpt>
<trkpt lat="43.3925" lon="5.85088"><ele>367.73</ele></trkpt>
<trkpt lat="43.3925167" lon="5.850923299999999"><ele>367.62</ele></trkpt>
<trkpt lat="43.3925317" lon="5.8509633"><ele>367.73</ele></trkpt>
<trkpt lat="43.3925483" lon="5.8509983"><ele>366.4</ele></trkpt>
<trkpt lat="43.392555" lon="5.8510383"><ele>365.46</ele></trkpt>
<trkpt lat="43.39257" lon="5.8510717"><ele>365.74</ele></trkpt>
<trkpt lat="43.3926017" lon="5.851090000000001"><ele>364.96</ele></trkpt>
<trkpt lat="43.3926317" lon="5.851095"><ele>364.83</ele></trkpt>
<trkpt lat="43.39266" lon="5.85108"><ele>364.46</ele></trkpt>
<trkpt lat="43.3926883" lon="5.8510633"><ele>363.91</ele></trkpt>
<trkpt lat="43.39273" lon="5.8510517"><ele>363.3</ele></trkpt>
<trkpt lat="43.3927583" lon="5.8510367"><ele>362.5299999999999</ele></trkpt>
<trkpt lat="43.3927933" lon="5.8510267"><ele>361.74</ele></trkpt>
<trkpt lat="43.39282" lon="5.851015"><ele>361.31</ele></trkpt>
<trkpt lat="43.3928517" lon="5.8510067"><ele>360.58</ele></trkpt>
<trkpt lat="43.3928883" lon="5.85101"><ele>360.19</ele></trkpt>
<trkpt lat="43.3929167" lon="5.8510033"><ele>360.05</ele></trkpt>
<trkpt lat="43.3929467" lon="5.8509867"><ele>360.02</ele></trkpt>
<trkpt lat="43.3929817" lon="5.8509783"><ele>359.83</ele></trkpt>
<trkpt lat="43.3930183" lon="5.85097"><ele>360.1</ele></trkpt>
<trkpt lat="43.3930517" lon="5.850965000000001"><ele>359.86</ele></trkpt>
<trkpt lat="43.3930867" lon="5.850965000000001"><ele>359.8</ele></trkpt>
<trkpt lat="43.393125" lon="5.8509633"><ele>359.72</ele></trkpt>
<trkpt lat="43.39316" lon="5.85096"><ele>359.55</ele></trkpt>
<trkpt lat="43.393195" lon="5.850968299999999"><ele>359.36</ele></trkpt>
<trkpt lat="43.3932233" lon="5.850975"><ele>359.23</ele></trkpt>
<trkpt lat="43.3932617" lon="5.8509783"><ele>358.58</ele></trkpt>
<trkpt lat="43.3933" lon="5.8509783"><ele>357.82</ele></trkpt>
<trkpt lat="43.3933317" lon="5.8509833"><ele>357.02</ele></trkpt>
<trkpt lat="43.3933583" lon="5.85101"><ele>356.5</ele></trkpt>
<trkpt lat="43.39338" lon="5.8510333"><ele>358.19</ele></trkpt>
</trkseg></trk>
</gpx>