<?xml version="1.0" encoding="UTF-8"?>
<gpx version="1.1" creator="Marando" xmlns="http://www.topografix.com/GPX/1/1">
<wpt lat="43.4274817" lon="6.2218417"><ele>193.09</ele><name>Départ</name></wpt>
<wpt lat="43.4267717" lon="6.220150000000001"><ele>199.01</ele><name>Sapin d'Andalousie</name><desc>Vigoureux conifère des montagnes méditerranéennes, le « sapin d’Andalousie » évoque une rencontre improbable entre l’âpreté du Sud et les hautes forêts ibériques. Ses aiguilles courtes, épaisses et disposées autour des rameaux lui donnent une silhouette compacte, presque architecturale. Adapté aux sols calcaires et aux ambiances montagnardes, il supporte des conditions contrastées : sécheresse estivale, froid hivernal et forte insolation. Un arbre qui semble avoir transporté un fragment de Sierra Nevada jusque dans nos paysages provençaux.</desc></wpt>
<wpt lat="43.43149901223305" lon="6.219286988809811"><ele>0</ele><name>Monument des résistants de Cabasse</name><desc>Érigé en mémoire des résistants de Cabasse, ce monument rappelle que la Libération s’est aussi jouée dans les villages et les collines de l’arrière-pays. Dès 1943, autour de Louis Cavallini, un groupe clandestin s’organise parmi les mineurs, gendarmes et habitants. Le 11 novembre 1943, bravant les autorités d’Occupation, Cavallini et ses compagnons déposent au monument aux morts une gerbe ornée d’un ruban tricolore portant une croix de Lorraine. Un geste symbolique, mais lourd de sens : la Résistance était déjà là, sous les yeux de l’occupant.</desc></wpt>
<wpt lat="43.43188692631835" lon="6.220491383604347"><ele>0</ele><name>Cabasse, le village</name><desc>Dominant la vallée de l'Issole depuis son promontoire, Cabasse se dévoile soudain aux randonneurs au détour d'un sentier calcaire. Ce vieux bourg varois, traversé jadis par la Via Aurelia, déploie un bel amphithéètre de toits patinés par le soleil et cerné de verdure. Du haut de ce point de vue, le contraste est saisissant entre l'aridité des crêtes environnantes et la fraîcheur luxuriante de la ripisylve en contrebas. C'est un véritable livre d'histoire minérale et provençale qui s'ouvre sous nos yeux, idéal pour immortaliser l'étape.</desc></wpt>
<wpt lat="43.43242134280539" lon="6.220981739774656"><ele>0</ele><name>Antennes</name><desc>Dominant le village de Cabasse, les antennes-relais installées sur les hauteurs constituent un repère familier dans le paysage provençal. Leur position en altitude n’est pas fortuite : dégagées des obstacles topographiques, elles permettent d’optimiser la propagation des ondes radioélectriques et la couverture du territoire. Depuis ce belvédère, leur présence offre un contraste saisissant entre infrastructures contemporaines et reliefs calcaires du Centre-Var. Ces équipements, souvent discrets dans notre quotidien, rappellent que le paysage rural est désormais parcouru d’un invisible réseau .</desc></wpt>
<wpt lat="43.43345055540468" lon="6.222329135556024"><ele>0</ele><name>Château Réquier</name><desc>Le vignoble du Château Réquier s’étend dans les paysages viticoles de Cabasse, au cœur de la Provence varoise. Implantées sur les coteaux et les terrasses de la vallée de l’Issole, les vignes bénéficient d’un climat méditerranéen marqué par un fort ensoleillement et des amplitudes thermiques favorables à la maturation des raisins. Le domaine élabore des vins rouges, rosés et blancs en AOC Côtes de Provence, exprimant la diversité des cépages et des terroirs calcaires de cette partie du Var.
</desc></wpt>
<wpt lat="43.43575086971749" lon="6.223605332567612"><ele>0</ele><name>Filaire à feuilles larges</name><desc>Le filaire à feuilles larges est une plante vivace discrète des sous-bois frais et ombragés, reconnaissable à ses larges feuilles ovales, disposées par paires le long de tiges dressées. Au printemps, de petites fleurs verdâtres, parfois teintées de brun, apparaissent à l’aisselle des feuilles. Cette espèce affectionne les sols riches en humus et les stations relativement fraîches. Son feuillage dense contraste avec celui des plantes méditerranéennes plus xérophiles qui dominent les secteurs calcaires et ensoleillés de Provence.</desc></wpt>
<wpt lat="43.43766976304502" lon="6.22342948104361"><ele>0</ele><name>Notre-Dame-du-Glaive</name><desc>Nichée sur une crête abrupte dominant Cabasse, la chapelle Notre-Dame-du Glaive tire son origine d'une légende poignante. Selon la tradition, un berger aurait découvert au XIVe siècle une statue de la Vierge transpercée par un glaive après qu'un vœu a sauvé le village de la peste. Bâtie sur ce site panoramique balayé par les vents, elle incarna longtemps la ferveur protectrice des habitants. Un lieu empreint de mystère, où l'histoire religieuse se mêle aux vestiges d'un ancien poste de vigie.</desc></wpt>
<wpt lat="43.43887821214268" lon="6.223354232722135"><ele>0</ele><name>Filaire à feuilles larges</name><desc>Le filaire à feuilles larges (Phillyrea latifolia) est un arbuste méditerranéen persistant, pouvant atteindre plusieurs mètres de hauteur. Ses feuilles, coriaces, opposées, ovales à elliptiques et finement dentées, sont d’un vert sombre et luisant sur la face supérieure. Au printemps, de petites fleurs blanchâtres, discrètes mais mellifères, se regroupent à l’aisselle des feuilles. Elles donnent ensuite des drupes ovoïdes, d’abord vertes puis noir violacé à maturité. Typique des garrigues et des forêts thermophiles, il résiste remarquablement à la sécheresse.</desc></wpt>
<wpt lat="43.43947433106288" lon="6.222736869692039"><ele>0</ele><name>Genévrier de Phénicie</name><desc>Contrairement au genévrier cade ou commun aux aiguilles piquantes, le genévrier de Phénicie (Juniperus phoenicea) se distingue par son feuillage persistant en écailles douces, rappelant le cyprès. Autre particularité majeure : ses cônes charnus à maturité prennent une teinte rouge vif à brun-rouge. Amateur de garrigues arides et de falaises calcaires en Provence, ce résistant tolère la sécheresse extrême et adopte souvent un port tortueux sculpté par le mistral, lui conférant une silhouette unique.</desc></wpt>
<wpt lat="43.44029024958594" lon="6.222184345607253"><ele>0</ele><name>Arbousier</name><desc>L’arbousier, ou « arbre aux fraises », est un hôte familier des collines siliceuses et des maquis de Provence. Son nom latin, Arbutus unedo, évoque une curieuse prudence : selon Pline l’Ancien, « un seul » suffit, allusion à son fruit réputé peu savoureux lorsqu’il est consommé en grande quantité. Particularité remarquable, l’arbousier porte simultanément ses fleurs blanches en clochettes et ses fruits rouges, mûrs à l’automne. Ses baies, riches en sucres, sont traditionnellement utilisées pour confectionner confitures, gelées et eau-de-vie.</desc></wpt>
<wpt lat="43.44106434106628" lon="6.221594164891455"><ele>0</ele><name>Chêne mort</name><desc>Ce chêne mort n’est pas un arbre inutile : il devient progressivement un véritable réservoir de biodiversité. Son bois, d’abord colonisé par les champignons et les insectes saproxyliques, se creuse peu à peu sous l’action des larves et de la décomposition. Une cavité peut ensuite servir d’abri à des chauves-souris, des oiseaux cavernicoles ou de petits mammifères. Même couché au sol, le tronc poursuit son rôle écologique : il restitue lentement au sol les éléments minéraux accumulés durant plusieurs décennies de croissance.</desc></wpt>
<wpt lat="43.44224250621095" lon="6.219513458012522"><ele>0</ele><name>Calament népéta</name><desc>Le calament népéta se reconnaît à ses petites feuilles ovales, opposées, légèrement dentées et surtout à leur puissant parfum mentholé lorsqu’on les froisse. De juin à l’automne, ses tiges dressées portent de petites fleurs rose violacé, regroupées à l’aisselle des feuilles. Cette Lamiacée vivace affectionne les pelouses sèches, lisières et rocailles, souvent sur substrat calcaire. Pour l’identifier sur le terrain, le trio feuilles opposées, tige quadrangulaire et odeur aromatique constitue un excellent indice.</desc></wpt>
<wpt lat="43.44318085538855" lon="6.219885810354342"><ele>0</ele><name>Cornouiller sanguin</name><desc>Le cornouiller sanguin se reconnaît d’abord à ses jeunes rameaux, souvent rouge sombre, particulièrement visibles en hiver. Ses feuilles opposées, ovales et à nervures arquées, prennent à l’automne des teintes écarlates qui expliquent son nom. Au printemps, de petites fleurs blanches se réunissent en inflorescences aplaties ; elles donnent en fin d’été de petites drupes bleu-noir. Arbuste des lisières, haies et bois clairs, il apprécie les sols calcaires et participe volontiers à la dynamique de recolonisation des milieux ouverts.</desc></wpt>
<wpt lat="43.44296452114757" lon="6.221635254667158"><ele>0</ele><name>L'Issole</name><desc>L’Issole est une petite rivière du Var, affluent de l’Argens, qui prend sa source dans le secteur de Mazaugues avant de traverser le Centre-Var. Son régime méditerranéen est marqué par de fortes variations saisonnières : paisible en été, elle peut devenir torrentueuse après les épisodes pluvieux intenses. Son nom serait d’origine ancienne et pourrait se rattacher à une racine hydronymique préromaine. À Cabasse, son cours accompagne un paysage où collines calcaires, ripisylve et vignobles se côtoient.</desc></wpt>
<wpt lat="43.4436499" lon="6.2222743"><ele>0</ele><name>Pont sur l'Issole</name><desc>Le pont de la D13 franchit l’Issole dans un secteur où la rivière traverse une plaine alluviale étroite, au pied du relief de Cabasse. En amont, le cours d’eau s’inscrit dans un lit marqué par des niveaux de tuf calcaire, témoins d’une précipitation carbonatée active ou ancienne. La proximité du croisement avec la D79, qui se dirige vers Le Thoronet, fait de cet ouvrage un repère routier majeur. La zone est régulièrement soumise aux débordements de l’Issole, révélant la dynamique de cette petite rivière méditerranéenne</desc></wpt>
<wpt lat="43.44339118930449" lon="6.223212117760816"><ele>0</ele><name>Falaise du Casteou Sarrin</name><desc>Le hameau du Cateou Sarrin, aujourd’hui rattaché à Cabasse, conserve dans son toponyme la trace d’une occupation rurale ancienne. Le nom, dont l’orthographe a pu varier au fil des siècles, associe vraisemblablement un terme désignant un lieu ou un domaine à un ancien nom propre. Comme beaucoup de microtoponymes provençaux, il témoigne d’un paysage autrefois organisé autour des mas, des cultures et des parcours pastoraux. Ces noms ont souvent survécu alors même que les activités qui les avaient fait naître ont disparu</desc></wpt>
<wpt lat="43.44213997050326" lon="6.224037181692673"><ele>0</ele><name>Sous le Trou des Fées</name><desc>Le « Trou des Fées », à Cabasse, doit son nom à une tradition populaire qui habille les cavités et les escarpements rocheux de la présence mystérieuse des fées. Dans l’imaginaire provençal, ces êtres surnaturels étaient volontiers associés aux grottes, sources et lieux retirés, réputés propices aux apparitions. Le toponyme ne désigne donc pas nécessairement une cavité exceptionnelle par sa morphologie, mais perpétue une ancienne lecture légendaire du paysage. Ici, la géologie devient décor de conte : la roche conserve le nom, tandis que la fée demeure invisible.</desc></wpt>
<wpt lat="43.43847379689565" lon="6.231703381223999"><ele>0</ele><name>Falaise de Notre-Dame-du-Glaive</name><desc>La falaise de Notre-Dame du Glaive domine Cabasse par une paroi calcaire spectaculaire, dont les strates redressées composent un véritable livre géologique à ciel ouvert. Ses surfaces compactes, fissures et ressauts ont également retenu l’attention des grimpeurs : le site offre plusieurs lignes d’escalade où la lecture du relief se double d’une lecture tactile de la roche. Entre verticalité, adhérence et prises sculptées par l’érosion, le grimpeur évolue ici dans un paysage où la géomorphologie devient terrain de jeu.</desc></wpt>
<wpt lat="43.43255110950213" lon="6.232939774247361"><ele>0</ele><name>Clos Réquier</name><desc>Au Clos Réquier, le vin exprime un terroir provençal marqué par le soleil, les sols calcaires et la relative sécheresse du climat. Les rouges se distinguent généralement par une robe soutenue, des arômes de fruits noirs et d’épices, soutenus par une trame tannique qui leur confère structure et longueur. Les rosés privilégient fraîcheur, fruit et finesse, tandis que les blancs développent des notes florales et fruitées, avec une vivacité bienvenue. L’ensemble recherche l’équilibre entre maturité solaire et fraîcheur minérale.</desc></wpt>
<wpt lat="43.42809642951255" lon="6.228337415151373"><ele>0</ele><name>Chemin de Croix IV</name><desc>La quatrième station du chemin de croix représente la rencontre de Jésus avec sa mère, Marie, sur le chemin qui le conduit au Golgotha. Cette scène, absente des récits évangéliques, appartient à la tradition chrétienne et à la méditation de la Passion. Elle met en scène un bref face-à-face silencieux, où la souffrance de la mère répond à celle du fils chargé de sa croix. Dans la succession des stations, cet épisode introduit une dimension profondément humaine : au cœur du supplice, le lien familial demeure intact.</desc></wpt>
<wpt lat="43.4267751" lon="6.2260938"><ele>0</ele><name>Sureau hièble</name><desc>Le sureau hièble (Sambucus ebulus) se reconnaît à son port herbacé : contrairement au sureau noir, il ne forme pas un véritable arbuste ligneux mais disparaît presque entièrement en hiver. Ses tiges dressées atteignent 1 à 2 m et portent de grandes feuilles opposées, composées de folioles lancéolées et dentées, à odeur forte lorsqu’on les froisse. De juin à août, des corymbes de fleurs blanches s’épanouissent au sommet des tiges, puis donnent des baies noires, toxiques, orientées vers le haut.</desc></wpt>
<wpt lat="43.42621008064383" lon="6.224993147489554"><ele>0</ele><name>Chemin de Croix</name><desc>En Provence, les chemins de croix jalonnent souvent les abords des villages, chapelles et sanctuaires, inscrivant la dévotion chrétienne directement dans le paysage. Constitués de quatorze stations représentant les épisodes de la Passion du Christ, ils étaient parcourus lors des pèlerinages ou des exercices de piété, particulièrement durant le Carême et la Semaine sainte. Croix de pierre, niches ou petits édicules ponctuent ainsi les anciens itinéraires. À Cabasse comme ailleurs, ces modestes monuments témoignent d’une pratique religieuse qui associait marche, méditation et mémoire collective.</desc></wpt>
<wpt lat="43.4276733" lon="6.22197"><ele>180.68</ele><name>Arrivée</name><desc>Grande randonnée Heure de départ: 14:02 16 sept. 2026 Heure d'arrivée: 17:35 16 sept. 2026 Distance: 7,7km (03:33) Temps déplacement: 02:04 Vitesse moyenne: 2,16 km/h Vitesse en mouvement: 3,71 km/h Vitesse Max.: 7,29 km/h Altitude minimale: 178 m Altitude maximale: 340 m Vitesse de montée: 181,2 m/h Vitesse de descente: 234,5 m/h Dénivelé positif: 185 m Dénivelé négatif: 193 m Temps de montée: 01:01 Temps de descente: 00:49</desc></wpt>
<trk><name>2026-09-16 140238_Cabasse</name><trkseg>
<trkpt lat="43.4274817" lon="6.2218417"><ele>193.09</ele></trkpt>
<trkpt lat="43.427465" lon="6.221825000000001"><ele>193.69</ele></trkpt>
<trkpt lat="43.4274367" lon="6.221793299999999"><ele>193.88</ele></trkpt>
<trkpt lat="43.4274117" lon="6.221768300000001"><ele>194.42</ele></trkpt>
<trkpt lat="43.42739" lon="6.2217383"><ele>194.64</ele></trkpt>
<trkpt lat="43.4273683" lon="6.22171"><ele>195.03</ele></trkpt>
<trkpt lat="43.427345" lon="6.221675000000001"><ele>195.4</ele></trkpt>
<trkpt lat="43.4273233" lon="6.221644999999999"><ele>195.44</ele></trkpt>
<trkpt lat="43.4273017" lon="6.2216133"><ele>195.41</ele></trkpt>
<trkpt lat="43.4272783" lon="6.2215817"><ele>195.1</ele></trkpt>
<trkpt lat="43.4272583" lon="6.221553299999999"><ele>193.96</ele></trkpt>
<trkpt lat="43.4272383" lon="6.2215233"><ele>193.43</ele></trkpt>
<trkpt lat="43.427215" lon="6.22149"><ele>193.42</ele></trkpt>
<trkpt lat="43.427195" lon="6.22146"><ele>193.5</ele></trkpt>
<trkpt lat="43.42718" lon="6.2214267"><ele>193.6</ele></trkpt>
<trkpt lat="43.42716" lon="6.221393300000001"><ele>193.79</ele></trkpt>
<trkpt lat="43.4271383" lon="6.2213633"><ele>193.87</ele></trkpt>
<trkpt lat="43.4271167" lon="6.2213367"><ele>194.55</ele></trkpt>
<trkpt lat="43.4271083" lon="6.2212917"><ele>195.64</ele></trkpt>
<trkpt lat="43.4271167" lon="6.221245000000001"><ele>196.32</ele></trkpt>
<trkpt lat="43.4271083" lon="6.221200000000001"><ele>196.86</ele></trkpt>
<trkpt lat="43.4271017" lon="6.221145"><ele>197.19</ele></trkpt>
<trkpt lat="43.4270867" lon="6.221106700000001"><ele>197.22</ele></trkpt>
<trkpt lat="43.4270617" lon="6.22108"><ele>197.36</ele></trkpt>
<trkpt lat="43.4270283" lon="6.2210767"><ele>197.7</ele></trkpt>
<trkpt lat="43.4270033" lon="6.2210583"><ele>198.14</ele></trkpt>
<trkpt lat="43.42702" lon="6.22101"><ele>199.25</ele></trkpt>
<trkpt lat="43.4270217" lon="6.220970000000001"><ele>199.48</ele></trkpt>
<trkpt lat="43.4270167" lon="6.220928299999999"><ele>199.7</ele></trkpt>
<trkpt lat="43.4270033" lon="6.220893299999999"><ele>200.03</ele></trkpt>
<trkpt lat="43.4269917" lon="6.220856700000001"><ele>200.36</ele></trkpt>
<trkpt lat="43.4269767" lon="6.2208067"><ele>200.84</ele></trkpt>
<trkpt lat="43.4269633" lon="6.2207667"><ele>201.17</ele></trkpt>
<trkpt lat="43.4269517" lon="6.2207233"><ele>201.56</ele></trkpt>
<trkpt lat="43.4269383" lon="6.22068"><ele>201.8</ele></trkpt>
<trkpt lat="43.4269267" lon="6.2206383"><ele>201.45</ele></trkpt>
<trkpt lat="43.4269167" lon="6.2206"><ele>201.77</ele></trkpt>
<trkpt lat="43.4269083" lon="6.22056"><ele>201.74</ele></trkpt>
<trkpt lat="43.4269" lon="6.2205217"><ele>202.01</ele></trkpt>
<trkpt lat="43.4268883" lon="6.220480000000001"><ele>202.02</ele></trkpt>
<trkpt lat="43.4268767" lon="6.2204333"><ele>201.91</ele></trkpt>
<trkpt lat="43.4268683" lon="6.2203967"><ele>201.77</ele></trkpt>
<trkpt lat="43.42684" lon="6.2203833"><ele>201.43</ele></trkpt>
<trkpt lat="43.42683" lon="6.2203433"><ele>200.96</ele></trkpt>
<trkpt lat="43.42682" lon="6.2203033"><ele>200.81</ele></trkpt>
<trkpt lat="43.42681" lon="6.220264999999999"><ele>200.47</ele></trkpt>
<trkpt lat="43.4268" lon="6.220219999999999"><ele>199.76</ele></trkpt>
<trkpt lat="43.4267883" lon="6.22018"><ele>199.28</ele></trkpt>
<trkpt lat="43.4267733" lon="6.2201483"><ele>198.71</ele></trkpt>
<trkpt lat="43.4267567" lon="6.220115"><ele>199.34</ele></trkpt>
<trkpt lat="43.4267483" lon="6.22007"><ele>199.24</ele></trkpt>
<trkpt lat="43.426735" lon="6.2200367"><ele>198.95</ele></trkpt>
<trkpt lat="43.42672" lon="6.2199883"><ele>198.46</ele></trkpt>
<trkpt lat="43.4267067" lon="6.2199517"><ele>198.5</ele></trkpt>
<trkpt lat="43.4266933" lon="6.219915"><ele>198.44</ele></trkpt>
<trkpt lat="43.4266767" lon="6.21987"><ele>198.51</ele></trkpt>
<trkpt lat="43.4266583" lon="6.219825"><ele>198.16</ele></trkpt>
<trkpt lat="43.4266383" lon="6.2197833"><ele>197.52</ele></trkpt>
<trkpt lat="43.4266217" lon="6.2197533"><ele>197.17</ele></trkpt>
<trkpt lat="43.4266" lon="6.2197083"><ele>197.09</ele></trkpt>
<trkpt lat="43.4265767" lon="6.219663300000001"><ele>196.92</ele></trkpt>
<trkpt lat="43.4265583" lon="6.219628300000001"><ele>197.07</ele></trkpt>
<trkpt lat="43.42654" lon="6.2195933"><ele>197.43</ele></trkpt>
<trkpt lat="43.42652" lon="6.2195467"><ele>197.7</ele></trkpt>
<trkpt lat="43.4264967" lon="6.2194967"><ele>197.92</ele></trkpt>
<trkpt lat="43.42648" lon="6.2194617"><ele>198.23</ele></trkpt>
<trkpt lat="43.42646" lon="6.2194167"><ele>198.43</ele></trkpt>
<trkpt lat="43.4264417" lon="6.219376700000001"><ele>198.57</ele></trkpt>
<trkpt lat="43.426425" lon="6.2193383"><ele>198.51</ele></trkpt>
<trkpt lat="43.42641" lon="6.2193067"><ele>198.58</ele></trkpt>
<trkpt lat="43.4263917" lon="6.2192667"><ele>198.99</ele></trkpt>
<trkpt lat="43.426375" lon="6.2192283"><ele>199.39</ele></trkpt>
<trkpt lat="43.4263567" lon="6.21919"><ele>199.59</ele></trkpt>
<trkpt lat="43.42634" lon="6.2191533"><ele>199.63</ele></trkpt>
<trkpt lat="43.42632" lon="6.2191117"><ele>199.45</ele></trkpt>
<trkpt lat="43.4263033" lon="6.2190783"><ele>199.27</ele></trkpt>
<trkpt lat="43.4262817" lon="6.2190417"><ele>199.08</ele></trkpt>
<trkpt lat="43.4262633" lon="6.2190083"><ele>199.29</ele></trkpt>
<trkpt lat="43.426245" lon="6.2189767"><ele>199.49</ele></trkpt>
<trkpt lat="43.426225" lon="6.2189433"><ele>199.85</ele></trkpt>
<trkpt lat="43.426205" lon="6.218910000000001"><ele>200.06</ele></trkpt>
<trkpt lat="43.426185" lon="6.218875"><ele>200.4</ele></trkpt>
<trkpt lat="43.4261667" lon="6.2188433"><ele>201.19</ele></trkpt>
<trkpt lat="43.4261483" lon="6.2188133"><ele>201.98</ele></trkpt>
<trkpt lat="43.4261283" lon="6.21878"><ele>202.86</ele></trkpt>
<trkpt lat="43.42611" lon="6.2187483"><ele>203.43</ele></trkpt>
<trkpt lat="43.42609" lon="6.21871"><ele>204.12</ele></trkpt>
<trkpt lat="43.4260733" lon="6.2186667"><ele>204.84</ele></trkpt>
<trkpt lat="43.4260567" lon="6.2186233"><ele>204.83</ele></trkpt>
<trkpt lat="43.4260433" lon="6.21859"><ele>204.9</ele></trkpt>
<trkpt lat="43.4260267" lon="6.218545"><ele>204.74</ele></trkpt>
<trkpt lat="43.42601" lon="6.218503299999999"><ele>204.8</ele></trkpt>
<trkpt lat="43.425995" lon="6.218465"><ele>204.47</ele></trkpt>
<trkpt lat="43.4259833" lon="6.2184183"><ele>204.21</ele></trkpt>
<trkpt lat="43.425965" lon="6.2183833"><ele>204.16</ele></trkpt>
<trkpt lat="43.42596" lon="6.2183317"><ele>203.69</ele></trkpt>
<trkpt lat="43.4259583" lon="6.2182917"><ele>203.36</ele></trkpt>
<trkpt lat="43.4259567" lon="6.2182417"><ele>203.11</ele></trkpt>
<trkpt lat="43.4259517" lon="6.21819"><ele>202.82</ele></trkpt>
<trkpt lat="43.4259467" lon="6.218148300000001"><ele>202.64</ele></trkpt>
<trkpt lat="43.4259433" lon="6.2180967"><ele>202.55</ele></trkpt>
<trkpt lat="43.4259417" lon="6.21805"><ele>202.41</ele></trkpt>
<trkpt lat="43.4259383" lon="6.2180067"><ele>202.38</ele></trkpt>
<trkpt lat="43.42595" lon="6.21797"><ele>202.85</ele></trkpt>
<trkpt lat="43.4259817" lon="6.2179483"><ele>203.58</ele></trkpt>
<trkpt lat="43.426005" lon="6.2179267"><ele>204.24</ele></trkpt>
<trkpt lat="43.4260267" lon="6.2179033"><ele>204.47</ele></trkpt>
<trkpt lat="43.42605" lon="6.217876699999999"><ele>204.6</ele></trkpt>
<trkpt lat="43.426075" lon="6.21785"><ele>204.83</ele></trkpt>
<trkpt lat="43.4261017" lon="6.217820000000001"><ele>205.65</ele></trkpt>
<trkpt lat="43.4261267" lon="6.2177917"><ele>206.23</ele></trkpt>
<trkpt lat="43.4261483" lon="6.2177683"><ele>206.56</ele></trkpt>
<trkpt lat="43.4261717" lon="6.2177417"><ele>207.29</ele></trkpt>
<trkpt lat="43.4261967" lon="6.217715000000001"><ele>207.5</ele></trkpt>
<trkpt lat="43.4262217" lon="6.2176867"><ele>207.69</ele></trkpt>
<trkpt lat="43.4262467" lon="6.21766"><ele>208.23</ele></trkpt>
<trkpt lat="43.4262717" lon="6.21763"><ele>209.09</ele></trkpt>
<trkpt lat="43.4262967" lon="6.217603299999999"><ele>209.2</ele></trkpt>
<trkpt lat="43.42632" lon="6.2175783"><ele>209.38</ele></trkpt>
<trkpt lat="43.426345" lon="6.2175517"><ele>209.66</ele></trkpt>
<trkpt lat="43.42637" lon="6.2175267"><ele>210.23</ele></trkpt>
<trkpt lat="43.426395" lon="6.217499999999999"><ele>211.12</ele></trkpt>
<trkpt lat="43.4264233" lon="6.2174683"><ele>211.96</ele></trkpt>
<trkpt lat="43.42645" lon="6.21744"><ele>213.48</ele></trkpt>
<trkpt lat="43.4264733" lon="6.217415"><ele>214.85</ele></trkpt>
<trkpt lat="43.4264983" lon="6.2173867"><ele>215.43</ele></trkpt>
<trkpt lat="43.4265217" lon="6.2173633"><ele>216.05</ele></trkpt>
<trkpt lat="43.4265467" lon="6.217335"><ele>216.62</ele></trkpt>
<trkpt lat="43.4265733" lon="6.217308299999999"><ele>217.17</ele></trkpt>
<trkpt lat="43.4265967" lon="6.2172833"><ele>217.65</ele></trkpt>
<trkpt lat="43.4266217" lon="6.2172567"><ele>218.79</ele></trkpt>
<trkpt lat="43.4266483" lon="6.2172267"><ele>220.11</ele></trkpt>
<trkpt lat="43.426675" lon="6.2171983"><ele>220.75</ele></trkpt>
<trkpt lat="43.426705" lon="6.2171717"><ele>221.08</ele></trkpt>
<trkpt lat="43.4267383" lon="6.217145000000001"><ele>221.2</ele></trkpt>
<trkpt lat="43.426765" lon="6.217124999999999"><ele>221.63</ele></trkpt>
<trkpt lat="43.42679" lon="6.217105"><ele>222.31</ele></trkpt>
<trkpt lat="43.4268183" lon="6.2170817"><ele>224.23</ele></trkpt>
<trkpt lat="43.4268433" lon="6.2170617"><ele>224.8</ele></trkpt>
<trkpt lat="43.4268733" lon="6.217041700000001"><ele>225.1</ele></trkpt>
<trkpt lat="43.4269" lon="6.217023299999999"><ele>225.01</ele></trkpt>
<trkpt lat="43.426935" lon="6.2170017"><ele>225.08</ele></trkpt>
<trkpt lat="43.4269617" lon="6.2169867"><ele>225.01</ele></trkpt>
<trkpt lat="43.4269933" lon="6.2169667"><ele>225.26</ele></trkpt>
<trkpt lat="43.427025" lon="6.2169467"><ele>225</ele></trkpt>
<trkpt lat="43.4270533" lon="6.21693"><ele>225.49</ele></trkpt>
<trkpt lat="43.4270783" lon="6.216915"><ele>225.51</ele></trkpt>
<trkpt lat="43.427105" lon="6.2168983"><ele>225.28</ele></trkpt>
<trkpt lat="43.4271317" lon="6.2168817"><ele>224.98</ele></trkpt>
<trkpt lat="43.427165" lon="6.2168583"><ele>224.62</ele></trkpt>
<trkpt lat="43.42719" lon="6.2168417"><ele>224.94</ele></trkpt>
<trkpt lat="43.42722" lon="6.2168217"><ele>225.62</ele></trkpt>
<trkpt lat="43.427245" lon="6.216805000000001"><ele>226.23</ele></trkpt>
<trkpt lat="43.4272733" lon="6.2167867"><ele>226.97</ele></trkpt>
<trkpt lat="43.427305" lon="6.216765"><ele>227.64</ele></trkpt>
<trkpt lat="43.4273333" lon="6.2167483"><ele>228.24</ele></trkpt>
<trkpt lat="43.4273367" lon="6.2167033"><ele>228.5</ele></trkpt>
<trkpt lat="43.4273383" lon="6.2166583"><ele>228.95</ele></trkpt>
<trkpt lat="43.4273367" lon="6.21661"><ele>229.44</ele></trkpt>
<trkpt lat="43.4273367" lon="6.21657"><ele>229.53</ele></trkpt>
<trkpt lat="43.4273367" lon="6.216531700000001"><ele>229.42</ele></trkpt>
<trkpt lat="43.4273367" lon="6.2164817"><ele>229.83</ele></trkpt>
<trkpt lat="43.427335" lon="6.216443300000001"><ele>230.4</ele></trkpt>
<trkpt lat="43.4273333" lon="6.2164033"><ele>230.66</ele></trkpt>
<trkpt lat="43.4273333" lon="6.216361699999999"><ele>230.78</ele></trkpt>
<trkpt lat="43.4273317" lon="6.2163233"><ele>230.97</ele></trkpt>
<trkpt lat="43.42733" lon="6.2162767"><ele>231.81</ele></trkpt>
<trkpt lat="43.4273333" lon="6.2162267"><ele>232.2</ele></trkpt>
<trkpt lat="43.4273433" lon="6.2161833"><ele>232.37</ele></trkpt>
<trkpt lat="43.4273617" lon="6.2161383"><ele>232.92</ele></trkpt>
<trkpt lat="43.4273783" lon="6.2160967"><ele>233.54</ele></trkpt>
<trkpt lat="43.4273867" lon="6.21605"><ele>233.89</ele></trkpt>
<trkpt lat="43.4273967" lon="6.216006700000001"><ele>234.24</ele></trkpt>
<trkpt lat="43.4274033" lon="6.215961700000001"><ele>235.38</ele></trkpt>
<trkpt lat="43.42741" lon="6.215925"><ele>236.06</ele></trkpt>
<trkpt lat="43.4274083" lon="6.2158867"><ele>237.02</ele></trkpt>
<trkpt lat="43.4274067" lon="6.215845"><ele>238.14</ele></trkpt>
<trkpt lat="43.4274117" lon="6.2158033"><ele>239.27</ele></trkpt>
<trkpt lat="43.42742" lon="6.2157667"><ele>240.18</ele></trkpt>
<trkpt lat="43.427425" lon="6.2157283"><ele>240.82</ele></trkpt>
<trkpt lat="43.4274367" lon="6.215691699999999"><ele>241.65</ele></trkpt>
<trkpt lat="43.427455" lon="6.215655"><ele>242.42</ele></trkpt>
<trkpt lat="43.42747" lon="6.2156133"><ele>243.02</ele></trkpt>
<trkpt lat="43.4274833" lon="6.215576700000001"><ele>243.55</ele></trkpt>
<trkpt lat="43.427495" lon="6.215530000000001"><ele>244.21</ele></trkpt>
<trkpt lat="43.427505" lon="6.21549"><ele>245.01</ele></trkpt>
<trkpt lat="43.427515" lon="6.2154467"><ele>245.98</ele></trkpt>
<trkpt lat="43.4275233" lon="6.215406699999999"><ele>246.69</ele></trkpt>
<trkpt lat="43.4275317" lon="6.2153683"><ele>247.33</ele></trkpt>
<trkpt lat="43.4275417" lon="6.2153217"><ele>247.97</ele></trkpt>
<trkpt lat="43.42755" lon="6.2152833"><ele>248.6</ele></trkpt>
<trkpt lat="43.42757" lon="6.215248300000001"><ele>249.13</ele></trkpt>
<trkpt lat="43.4275967" lon="6.21522"><ele>249.21</ele></trkpt>
<trkpt lat="43.4276167" lon="6.215185"><ele>249.19</ele></trkpt>
<trkpt lat="43.427635" lon="6.215156699999999"><ele>249.62</ele></trkpt>
<trkpt lat="43.4276533" lon="6.2151183"><ele>250.52</ele></trkpt>
<trkpt lat="43.4276683" lon="6.215085"><ele>251.22</ele></trkpt>
<trkpt lat="43.4276883" lon="6.2150467"><ele>251.63</ele></trkpt>
<trkpt lat="43.4277083" lon="6.215005"><ele>251.98</ele></trkpt>
<trkpt lat="43.4277217" lon="6.2149683"><ele>252.5</ele></trkpt>
<trkpt lat="43.427745" lon="6.2149283"><ele>253.1</ele></trkpt>
<trkpt lat="43.4277667" lon="6.214895"><ele>252.92</ele></trkpt>
<trkpt lat="43.4277717" lon="6.214855"><ele>254.04</ele></trkpt>
<trkpt lat="43.4278283" lon="6.214845"><ele>253.01</ele></trkpt>
<trkpt lat="43.4278517" lon="6.214824999999999"><ele>252.57</ele></trkpt>
<trkpt lat="43.4278617" lon="6.214783299999999"><ele>252.99</ele></trkpt>
<trkpt lat="43.4278767" lon="6.2147517"><ele>253.1</ele></trkpt>
<trkpt lat="43.4278967" lon="6.214721700000001"><ele>253.27</ele></trkpt>
<trkpt lat="43.4279133" lon="6.2146833"><ele>253.57</ele></trkpt>
<trkpt lat="43.427935" lon="6.2146467"><ele>254.54</ele></trkpt>
<trkpt lat="43.4279567" lon="6.2146233"><ele>255.35</ele></trkpt>
<trkpt lat="43.4279883" lon="6.21461"><ele>256.39</ele></trkpt>
<trkpt lat="43.4280167" lon="6.214588299999999"><ele>257.62</ele></trkpt>
<trkpt lat="43.4280467" lon="6.21457"><ele>258.52</ele></trkpt>
<trkpt lat="43.428075" lon="6.2145567"><ele>259.42</ele></trkpt>
<trkpt lat="43.4281033" lon="6.2145467"><ele>260.09</ele></trkpt>
<trkpt lat="43.4281383" lon="6.214545"><ele>261.68</ele></trkpt>
<trkpt lat="43.4281683" lon="6.2145333"><ele>262.35</ele></trkpt>
<trkpt lat="43.4281983" lon="6.214526700000001"><ele>262.83</ele></trkpt>
<trkpt lat="43.4282233" lon="6.21451"><ele>263</ele></trkpt>
<trkpt lat="43.4282567" lon="6.214496699999999"><ele>263.27</ele></trkpt>
<trkpt lat="43.428285" lon="6.214481700000001"><ele>263.76</ele></trkpt>
<trkpt lat="43.4283117" lon="6.2144617"><ele>264.1</ele></trkpt>
<trkpt lat="43.42834" lon="6.214445"><ele>264.28</ele></trkpt>
<trkpt lat="43.4283667" lon="6.21443"><ele>264.12</ele></trkpt>
<trkpt lat="43.4283983" lon="6.2144067"><ele>263.92</ele></trkpt>
<trkpt lat="43.428425" lon="6.21439"><ele>263.72</ele></trkpt>
<trkpt lat="43.4284517" lon="6.214363299999999"><ele>264.04</ele></trkpt>
<trkpt lat="43.42848" lon="6.214335000000001"><ele>264.14</ele></trkpt>
<trkpt lat="43.428505" lon="6.214303299999999"><ele>263.94</ele></trkpt>
<trkpt lat="43.428535" lon="6.214275"><ele>263.91</ele></trkpt>
<trkpt lat="43.4285583" lon="6.2142483"><ele>263.74</ele></trkpt>
<trkpt lat="43.4285833" lon="6.2142217"><ele>263.97</ele></trkpt>
<trkpt lat="43.4286017" lon="6.21419"><ele>264.43</ele></trkpt>
<trkpt lat="43.428615" lon="6.214154999999999"><ele>265.02</ele></trkpt>
<trkpt lat="43.42863" lon="6.214109999999999"><ele>265.38</ele></trkpt>
<trkpt lat="43.4286433" lon="6.2140667"><ele>265.83</ele></trkpt>
<trkpt lat="43.4286483" lon="6.2140233"><ele>266.17</ele></trkpt>
<trkpt lat="43.4286567" lon="6.2139867"><ele>266.54</ele></trkpt>
<trkpt lat="43.4286633" lon="6.21394"><ele>266.32</ele></trkpt>
<trkpt lat="43.4286783" lon="6.2138917"><ele>266.54</ele></trkpt>
<trkpt lat="43.4287083" lon="6.213865"><ele>265.63</ele></trkpt>
<trkpt lat="43.428725" lon="6.2138233"><ele>264.92</ele></trkpt>
<trkpt lat="43.4287383" lon="6.213785"><ele>264.98</ele></trkpt>
<trkpt lat="43.4287533" lon="6.21374"><ele>265.12</ele></trkpt>
<trkpt lat="43.4287683" lon="6.2136967"><ele>265.44</ele></trkpt>
<trkpt lat="43.4287883" lon="6.2136533"><ele>265.51</ele></trkpt>
<trkpt lat="43.4288033" lon="6.2136117"><ele>265.51</ele></trkpt>
<trkpt lat="43.42882" lon="6.21358"><ele>265.41</ele></trkpt>
<trkpt lat="43.42883" lon="6.213545"><ele>265.67</ele></trkpt>
<trkpt lat="43.4288467" lon="6.2135"><ele>265.71</ele></trkpt>
<trkpt lat="43.4288617" lon="6.2134533"><ele>265.95</ele></trkpt>
<trkpt lat="43.4288733" lon="6.2134183"><ele>266.27</ele></trkpt>
<trkpt lat="43.4288933" lon="6.2133783"><ele>266.74</ele></trkpt>
<trkpt lat="43.42891" lon="6.213346699999999"><ele>267.14</ele></trkpt>
<trkpt lat="43.4289283" lon="6.213313299999999"><ele>267.67</ele></trkpt>
<trkpt lat="43.4289483" lon="6.213286700000001"><ele>267.8</ele></trkpt>
<trkpt lat="43.42897" lon="6.2132483"><ele>267.91</ele></trkpt>
<trkpt lat="43.4289967" lon="6.213223299999999"><ele>268.33</ele></trkpt>
<trkpt lat="43.4290233" lon="6.2132083"><ele>269.04</ele></trkpt>
<trkpt lat="43.42903" lon="6.2132517"><ele>269.74</ele></trkpt>
<trkpt lat="43.429025" lon="6.213290000000001"><ele>270.33</ele></trkpt>
<trkpt lat="43.4290133" lon="6.213333300000001"><ele>270.93</ele></trkpt>
<trkpt lat="43.4290083" lon="6.21337"><ele>270.96</ele></trkpt>
<trkpt lat="43.42901" lon="6.2134183"><ele>272.32</ele></trkpt>
<trkpt lat="43.4290117" lon="6.21346"><ele>273.82</ele></trkpt>
<trkpt lat="43.4290317" lon="6.2134917"><ele>274.89</ele></trkpt>
<trkpt lat="43.42905" lon="6.2135217"><ele>275.48</ele></trkpt>
<trkpt lat="43.4290667" lon="6.2135583"><ele>275.84</ele></trkpt>
<trkpt lat="43.4290933" lon="6.213571700000001"><ele>276</ele></trkpt>
<trkpt lat="43.429115" lon="6.2136"><ele>276.34</ele></trkpt>
<trkpt lat="43.4291417" lon="6.2136083"><ele>277.41</ele></trkpt>
<trkpt lat="43.4291683" lon="6.2136233"><ele>278.41</ele></trkpt>
<trkpt lat="43.4291983" lon="6.2136367"><ele>278.54</ele></trkpt>
<trkpt lat="43.4292283" lon="6.213661700000001"><ele>279.22</ele></trkpt>
<trkpt lat="43.4292567" lon="6.2136833"><ele>280.6</ele></trkpt>
<trkpt lat="43.4292783" lon="6.213706700000001"><ele>281.69</ele></trkpt>
<trkpt lat="43.4292967" lon="6.2137417"><ele>283.2</ele></trkpt>
<trkpt lat="43.4293217" lon="6.2137733"><ele>282.54</ele></trkpt>
<trkpt lat="43.4293433" lon="6.213813300000001"><ele>282.15</ele></trkpt>
<trkpt lat="43.42936" lon="6.213855"><ele>283.13</ele></trkpt>
<trkpt lat="43.4293783" lon="6.213895"><ele>285.07</ele></trkpt>
<trkpt lat="43.42939" lon="6.213946700000001"><ele>285.74</ele></trkpt>
<trkpt lat="43.4294067" lon="6.213984999999999"><ele>286.23</ele></trkpt>
<trkpt lat="43.4294233" lon="6.2140317"><ele>286.66</ele></trkpt>
<trkpt lat="43.42944" lon="6.214061699999999"><ele>286.96</ele></trkpt>
<trkpt lat="43.4294617" lon="6.214095000000001"><ele>287.17</ele></trkpt>
<trkpt lat="43.429485" lon="6.21413"><ele>287.79</ele></trkpt>
<trkpt lat="43.429505" lon="6.214168299999999"><ele>288.34</ele></trkpt>
<trkpt lat="43.429525" lon="6.214205"><ele>289.1</ele></trkpt>
<trkpt lat="43.429545" lon="6.2142333"><ele>289.14</ele></trkpt>
<trkpt lat="43.429565" lon="6.2142667"><ele>289.44</ele></trkpt>
<trkpt lat="43.4295833" lon="6.214295"><ele>289.49</ele></trkpt>
<trkpt lat="43.4296017" lon="6.2143417"><ele>289.49</ele></trkpt>
<trkpt lat="43.429615" lon="6.2143767"><ele>289.72</ele></trkpt>
<trkpt lat="43.4296217" lon="6.214415"><ele>289.1</ele></trkpt>
<trkpt lat="43.4296383" lon="6.214451699999999"><ele>287.07</ele></trkpt>
<trkpt lat="43.4296533" lon="6.21449"><ele>285.68</ele></trkpt>
<trkpt lat="43.4296717" lon="6.2145217"><ele>285.68</ele></trkpt>
<trkpt lat="43.4296867" lon="6.214554999999999"><ele>286.3</ele></trkpt>
<trkpt lat="43.4297017" lon="6.214588299999999"><ele>286.83</ele></trkpt>
<trkpt lat="43.4297167" lon="6.2146217"><ele>286.98</ele></trkpt>
<trkpt lat="43.4297283" lon="6.2146583"><ele>287.3</ele></trkpt>
<trkpt lat="43.4297433" lon="6.2146967"><ele>287.77</ele></trkpt>
<trkpt lat="43.429755" lon="6.214736699999999"><ele>288.01</ele></trkpt>
<trkpt lat="43.42977" lon="6.214770000000001"><ele>288.27</ele></trkpt>
<trkpt lat="43.4297833" lon="6.214805"><ele>288.66</ele></trkpt>
<trkpt lat="43.42981" lon="6.21483"><ele>288.88</ele></trkpt>
<trkpt lat="43.42984" lon="6.214838299999999"><ele>289.34</ele></trkpt>
<trkpt lat="43.42987" lon="6.214846700000001"><ele>290.02</ele></trkpt>
<trkpt lat="43.429905" lon="6.214855"><ele>290.65</ele></trkpt>
<trkpt lat="43.4299317" lon="6.2148617"><ele>291.77</ele></trkpt>
<trkpt lat="43.4299283" lon="6.214901700000001"><ele>292.03</ele></trkpt>
<trkpt lat="43.429945" lon="6.2149533"><ele>291.93</ele></trkpt>
<trkpt lat="43.429965" lon="6.2149967"><ele>292.27</ele></trkpt>
<trkpt lat="43.42998" lon="6.2150283"><ele>292.55</ele></trkpt>
<trkpt lat="43.4300017" lon="6.2150617"><ele>292.93</ele></trkpt>
<trkpt lat="43.43002" lon="6.21509"><ele>293.34</ele></trkpt>
<trkpt lat="43.4300367" lon="6.215124999999999"><ele>293.45</ele></trkpt>
<trkpt lat="43.4300567" lon="6.21516"><ele>293.22</ele></trkpt>
<trkpt lat="43.430065" lon="6.2151983"><ele>293.76</ele></trkpt>
<trkpt lat="43.4300717" lon="6.215246699999999"><ele>294.17</ele></trkpt>
<trkpt lat="43.43009" lon="6.2152867"><ele>294.15</ele></trkpt>
<trkpt lat="43.4301233" lon="6.215318299999999"><ele>294.29</ele></trkpt>
<trkpt lat="43.4301533" lon="6.215349999999999"><ele>294.09</ele></trkpt>
<trkpt lat="43.4301833" lon="6.2153717"><ele>293.9</ele></trkpt>
<trkpt lat="43.43021" lon="6.215394999999999"><ele>293.57</ele></trkpt>
<trkpt lat="43.4302383" lon="6.215426700000001"><ele>293.52</ele></trkpt>
<trkpt lat="43.4302617" lon="6.2154567"><ele>293.07</ele></trkpt>
<trkpt lat="43.4302817" lon="6.2154833"><ele>292.48</ele></trkpt>
<trkpt lat="43.430305" lon="6.215516700000001"><ele>292.23</ele></trkpt>
<trkpt lat="43.430325" lon="6.2155533"><ele>292.3</ele></trkpt>
<trkpt lat="43.4303433" lon="6.215589999999999"><ele>292.67</ele></trkpt>
<trkpt lat="43.4303567" lon="6.215634999999999"><ele>292.89</ele></trkpt>
<trkpt lat="43.4303783" lon="6.2156717"><ele>292.84</ele></trkpt>
<trkpt lat="43.430395" lon="6.215715"><ele>292.85</ele></trkpt>
<trkpt lat="43.43041" lon="6.2157633"><ele>293.08</ele></trkpt>
<trkpt lat="43.430435" lon="6.2158033"><ele>293.4</ele></trkpt>
<trkpt lat="43.430455" lon="6.215835"><ele>293.49</ele></trkpt>
<trkpt lat="43.43047" lon="6.215871699999999"><ele>293.5</ele></trkpt>
<trkpt lat="43.4304867" lon="6.215905000000001"><ele>293.1</ele></trkpt>
<trkpt lat="43.430495" lon="6.215951700000001"><ele>292.41</ele></trkpt>
<trkpt lat="43.43051" lon="6.215995000000001"><ele>291.95</ele></trkpt>
<trkpt lat="43.4305267" lon="6.2160367"><ele>291.76</ele></trkpt>
<trkpt lat="43.4305417" lon="6.216068299999999"><ele>291.03</ele></trkpt>
<trkpt lat="43.43055" lon="6.216111699999999"><ele>291.02</ele></trkpt>
<trkpt lat="43.4305667" lon="6.2161533"><ele>290.86</ele></trkpt>
<trkpt lat="43.4305817" lon="6.2161967"><ele>290.34</ele></trkpt>
<trkpt lat="43.4306" lon="6.216228299999999"><ele>290.29</ele></trkpt>
<trkpt lat="43.4306133" lon="6.21627"><ele>290.44</ele></trkpt>
<trkpt lat="43.430625" lon="6.216306699999999"><ele>290.33</ele></trkpt>
<trkpt lat="43.430635" lon="6.2163417"><ele>290.53</ele></trkpt>
<trkpt lat="43.4306517" lon="6.2163867"><ele>291.11</ele></trkpt>
<trkpt lat="43.430665" lon="6.2164317"><ele>291.5</ele></trkpt>
<trkpt lat="43.43068" lon="6.2164817"><ele>292.04</ele></trkpt>
<trkpt lat="43.4307" lon="6.2165283"><ele>292.15</ele></trkpt>
<trkpt lat="43.4307133" lon="6.216578300000001"><ele>292.19</ele></trkpt>
<trkpt lat="43.430725" lon="6.2166333"><ele>292.38</ele></trkpt>
<trkpt lat="43.4307367" lon="6.2166733"><ele>292.33</ele></trkpt>
<trkpt lat="43.4307467" lon="6.2167083"><ele>292.55</ele></trkpt>
<trkpt lat="43.43076" lon="6.216745"><ele>293.03</ele></trkpt>
<trkpt lat="43.4307783" lon="6.2167917"><ele>292.87</ele></trkpt>
<trkpt lat="43.43079" lon="6.216843299999999"><ele>293.15</ele></trkpt>
<trkpt lat="43.4307983" lon="6.21688"><ele>293.47</ele></trkpt>
<trkpt lat="43.4308117" lon="6.2169283"><ele>293.75</ele></trkpt>
<trkpt lat="43.4308167" lon="6.2169717"><ele>294.08</ele></trkpt>
<trkpt lat="43.4308267" lon="6.217010000000001"><ele>293.79</ele></trkpt>
<trkpt lat="43.4308433" lon="6.2170467"><ele>293.07</ele></trkpt>
<trkpt lat="43.4308617" lon="6.217090000000001"><ele>291.92</ele></trkpt>
<trkpt lat="43.430875" lon="6.2171367"><ele>291.57</ele></trkpt>
<trkpt lat="43.430885" lon="6.217190000000001"><ele>291.34</ele></trkpt>
<trkpt lat="43.4308983" lon="6.217225"><ele>291.47</ele></trkpt>
<trkpt lat="43.430915" lon="6.21727"><ele>292</ele></trkpt>
<trkpt lat="43.4309183" lon="6.2173117"><ele>292.83</ele></trkpt>
<trkpt lat="43.4309283" lon="6.217351699999999"><ele>293.37</ele></trkpt>
<trkpt lat="43.4309383" lon="6.217395"><ele>293.42</ele></trkpt>
<trkpt lat="43.4309467" lon="6.217444999999999"><ele>293.24</ele></trkpt>
<trkpt lat="43.430955" lon="6.2174817"><ele>293.3</ele></trkpt>
<trkpt lat="43.4309667" lon="6.2175183"><ele>293.16</ele></trkpt>
<trkpt lat="43.43098" lon="6.2175733"><ele>293.17</ele></trkpt>
<trkpt lat="43.4309883" lon="6.2176133"><ele>293.61</ele></trkpt>
<trkpt lat="43.4310017" lon="6.2176667"><ele>293.84</ele></trkpt>
<trkpt lat="43.4310117" lon="6.217705"><ele>294.33</ele></trkpt>
<trkpt lat="43.4310283" lon="6.21775"><ele>294.88</ele></trkpt>
<trkpt lat="43.4310433" lon="6.2178"><ele>295.18</ele></trkpt>
<trkpt lat="43.4310617" lon="6.217845"><ele>295.46</ele></trkpt>
<trkpt lat="43.4310717" lon="6.21788"><ele>296.05</ele></trkpt>
<trkpt lat="43.4310817" lon="6.2179167"><ele>296.67</ele></trkpt>
<trkpt lat="43.4310917" lon="6.217951700000001"><ele>297.2</ele></trkpt>
<trkpt lat="43.43111" lon="6.217995"><ele>297.69</ele></trkpt>
<trkpt lat="43.431125" lon="6.2180267"><ele>297.73</ele></trkpt>
<trkpt lat="43.4311383" lon="6.2180633"><ele>297.54</ele></trkpt>
<trkpt lat="43.4311567" lon="6.2181"><ele>297.27</ele></trkpt>
<trkpt lat="43.43118" lon="6.2181433"><ele>297.01</ele></trkpt>
<trkpt lat="43.431195" lon="6.21819"><ele>297.47</ele></trkpt>
<trkpt lat="43.4312067" lon="6.218225"><ele>297.77</ele></trkpt>
<trkpt lat="43.43122" lon="6.2182583"><ele>297.82</ele></trkpt>
<trkpt lat="43.4312383" lon="6.2182917"><ele>298.08</ele></trkpt>
<trkpt lat="43.4312533" lon="6.2183233"><ele>298.21</ele></trkpt>
<trkpt lat="43.4312733" lon="6.218364999999999"><ele>297.91</ele></trkpt>
<trkpt lat="43.4312917" lon="6.2184083"><ele>297.6</ele></trkpt>
<trkpt lat="43.4313117" lon="6.2184467"><ele>297.29</ele></trkpt>
<trkpt lat="43.4313283" lon="6.218485"><ele>297.39</ele></trkpt>
<trkpt lat="43.431345" lon="6.218525000000001"><ele>297.43</ele></trkpt>
<trkpt lat="43.431365" lon="6.2185633"><ele>297.78</ele></trkpt>
<trkpt lat="43.431385" lon="6.2186017"><ele>297.97</ele></trkpt>
<trkpt lat="43.431405" lon="6.2186417"><ele>298.28</ele></trkpt>
<trkpt lat="43.4314217" lon="6.218684999999999"><ele>298.85</ele></trkpt>
<trkpt lat="43.43144" lon="6.218729999999999"><ele>299.44</ele></trkpt>
<trkpt lat="43.4314567" lon="6.218775000000001"><ele>299.65</ele></trkpt>
<trkpt lat="43.4314667" lon="6.2188217"><ele>299.4</ele></trkpt>
<trkpt lat="43.4314783" lon="6.218865000000001"><ele>299.07</ele></trkpt>
<trkpt lat="43.4314917" lon="6.218910000000001"><ele>299.33</ele></trkpt>
<trkpt lat="43.43151" lon="6.218975"><ele>299.41</ele></trkpt>
<trkpt lat="43.4315383" lon="6.219011700000001"><ele>299.07</ele></trkpt>
<trkpt lat="43.4315583" lon="6.219045000000001"><ele>299.03</ele></trkpt>
<trkpt lat="43.4315783" lon="6.2190783"><ele>298.77</ele></trkpt>
<trkpt lat="43.4315933" lon="6.2191133"><ele>298.64</ele></trkpt>
<trkpt lat="43.431615" lon="6.2191533"><ele>298.53</ele></trkpt>
<trkpt lat="43.4316383" lon="6.2191933"><ele>298.71</ele></trkpt>
<trkpt lat="43.4316617" lon="6.2192283"><ele>298.87</ele></trkpt>
<trkpt lat="43.4316883" lon="6.21926"><ele>299</ele></trkpt>
<trkpt lat="43.4317083" lon="6.219299999999999"><ele>299.28</ele></trkpt>
<trkpt lat="43.4317317" lon="6.219333300000001"><ele>299.33</ele></trkpt>
<trkpt lat="43.4317483" lon="6.2193717"><ele>299.21</ele></trkpt>
<trkpt lat="43.4317667" lon="6.2194183"><ele>299.75</ele></trkpt>
<trkpt lat="43.4317833" lon="6.219458299999999"><ele>300.26</ele></trkpt>
<trkpt lat="43.4317967" lon="6.219501699999999"><ele>300.78</ele></trkpt>
<trkpt lat="43.431805" lon="6.219545"><ele>301.28</ele></trkpt>
<trkpt lat="43.4318117" lon="6.219585"><ele>301.5</ele></trkpt>
<trkpt lat="43.4318183" lon="6.219625"><ele>301.56</ele></trkpt>
<trkpt lat="43.431825" lon="6.219661700000001"><ele>301.54</ele></trkpt>
<trkpt lat="43.4318333" lon="6.2197017"><ele>301.72</ele></trkpt>
<trkpt lat="43.4318383" lon="6.21975"><ele>302.1</ele></trkpt>
<trkpt lat="43.43184" lon="6.2197933"><ele>302.32</ele></trkpt>
<trkpt lat="43.4318417" lon="6.21984"><ele>302.34</ele></trkpt>
<trkpt lat="43.4318367" lon="6.2198817"><ele>302.17</ele></trkpt>
<trkpt lat="43.4318333" lon="6.219924999999999"><ele>302.11</ele></trkpt>
<trkpt lat="43.4318283" lon="6.2199617"><ele>302.35</ele></trkpt>
<trkpt lat="43.4318183" lon="6.22001"><ele>302.17</ele></trkpt>
<trkpt lat="43.4318233" lon="6.220050000000001"><ele>302.27</ele></trkpt>
<trkpt lat="43.431825" lon="6.220091700000001"><ele>302.36</ele></trkpt>
<trkpt lat="43.4318317" lon="6.2201317"><ele>302.4</ele></trkpt>
<trkpt lat="43.4318467" lon="6.220163300000001"><ele>302.43</ele></trkpt>
<trkpt lat="43.4318767" lon="6.2201833"><ele>302.62</ele></trkpt>
<trkpt lat="43.4319033" lon="6.220198300000001"><ele>302.82</ele></trkpt>
<trkpt lat="43.4319317" lon="6.2201767"><ele>302.71</ele></trkpt>
<trkpt lat="43.4319567" lon="6.220161699999999"><ele>303.66</ele></trkpt>
<trkpt lat="43.4319183" lon="6.220206699999999"><ele>303.75</ele></trkpt>
<trkpt lat="43.4319017" lon="6.2202383"><ele>303.25</ele></trkpt>
<trkpt lat="43.4318733" lon="6.2202633"><ele>303.07</ele></trkpt>
<trkpt lat="43.4318433" lon="6.2202917"><ele>302.85</ele></trkpt>
<trkpt lat="43.431815" lon="6.2203183"><ele>302.9</ele></trkpt>
<trkpt lat="43.43179" lon="6.2203517"><ele>303.09</ele></trkpt>
<trkpt lat="43.431765" lon="6.2203867"><ele>303.39</ele></trkpt>
<trkpt lat="43.43174" lon="6.2204117"><ele>303.62</ele></trkpt>
<trkpt lat="43.4317133" lon="6.2204367"><ele>303.63</ele></trkpt>
<trkpt lat="43.4316883" lon="6.220465"><ele>303.77</ele></trkpt>
<trkpt lat="43.4316633" lon="6.220494999999999"><ele>304.51</ele></trkpt>
<trkpt lat="43.4316383" lon="6.2205167"><ele>304.9</ele></trkpt>
<trkpt lat="43.431675" lon="6.2205117"><ele>302.84</ele></trkpt>
<trkpt lat="43.4317133" lon="6.2205033"><ele>303.38</ele></trkpt>
<trkpt lat="43.4317533" lon="6.2205017"><ele>303.69</ele></trkpt>
<trkpt lat="43.431775" lon="6.220525000000001"><ele>304.05</ele></trkpt>
<trkpt lat="43.4317817" lon="6.2205617"><ele>304.65</ele></trkpt>
<trkpt lat="43.4317683" lon="6.220528300000001"><ele>305.34</ele></trkpt>
<trkpt lat="43.4317683" lon="6.2204867"><ele>305.47</ele></trkpt>
<trkpt lat="43.4317583" lon="6.2204433"><ele>305.69</ele></trkpt>
<trkpt lat="43.431745" lon="6.2204067"><ele>305.73</ele></trkpt>
<trkpt lat="43.431735" lon="6.220358299999999"><ele>306.36</ele></trkpt>
<trkpt lat="43.4317367" lon="6.2203983"><ele>303.77</ele></trkpt>
<trkpt lat="43.4317683" lon="6.220403299999999"><ele>303.46</ele></trkpt>
<trkpt lat="43.4318017" lon="6.220401699999999"><ele>303.36</ele></trkpt>
<trkpt lat="43.4318317" lon="6.220403299999999"><ele>303.24</ele></trkpt>
<trkpt lat="43.4318683" lon="6.220401699999999"><ele>303.63</ele></trkpt>
<trkpt lat="43.4318967" lon="6.220403299999999"><ele>303.79</ele></trkpt>
<trkpt lat="43.43193" lon="6.2204133"><ele>303.64</ele></trkpt>
<trkpt lat="43.4319617" lon="6.22042"><ele>303.89</ele></trkpt>
<trkpt lat="43.431995" lon="6.2204067"><ele>304.19</ele></trkpt>
<trkpt lat="43.4320283" lon="6.22041"><ele>304.72</ele></trkpt>
<trkpt lat="43.4320583" lon="6.2204083"><ele>305.25</ele></trkpt>
<trkpt lat="43.4320983" lon="6.2204233"><ele>305.62</ele></trkpt>
<trkpt lat="43.4321217" lon="6.220446699999999"><ele>305.56</ele></trkpt>
<trkpt lat="43.432145" lon="6.2204667"><ele>306</ele></trkpt>
<trkpt lat="43.4321667" lon="6.22049"><ele>306.35</ele></trkpt>
<trkpt lat="43.4321817" lon="6.220536700000001"><ele>306.54</ele></trkpt>
<trkpt lat="43.4322" lon="6.220571700000001"><ele>306.72</ele></trkpt>
<trkpt lat="43.4322183" lon="6.220608299999999"><ele>306.66</ele></trkpt>
<trkpt lat="43.43224" lon="6.2206367"><ele>306.7</ele></trkpt>
<trkpt lat="43.4322717" lon="6.220665"><ele>307.35</ele></trkpt>
<trkpt lat="43.4323033" lon="6.220685"><ele>307.27</ele></trkpt>
<trkpt lat="43.4323317" lon="6.220699999999999"><ele>307.29</ele></trkpt>
<trkpt lat="43.4323617" lon="6.2207233"><ele>307.56</ele></trkpt>
<trkpt lat="43.4323867" lon="6.220744999999999"><ele>308.04</ele></trkpt>
<trkpt lat="43.43242" lon="6.2207617"><ele>308.42</ele></trkpt>
<trkpt lat="43.4324467" lon="6.2207933"><ele>307.11</ele></trkpt>
<trkpt lat="43.432475" lon="6.22082"><ele>306.75</ele></trkpt>
<trkpt lat="43.4325083" lon="6.2208533"><ele>307.23</ele></trkpt>
<trkpt lat="43.4325367" lon="6.220885"><ele>308.06</ele></trkpt>
<trkpt lat="43.4325667" lon="6.2209167"><ele>308.74</ele></trkpt>
<trkpt lat="43.4325917" lon="6.220938299999999"><ele>309.08</ele></trkpt>
<trkpt lat="43.432615" lon="6.220960000000001"><ele>309.45</ele></trkpt>
<trkpt lat="43.4326433" lon="6.220991700000001"><ele>310.24</ele></trkpt>
<trkpt lat="43.4326733" lon="6.2210133"><ele>310.57</ele></trkpt>
<trkpt lat="43.4327" lon="6.2210383"><ele>311.03</ele></trkpt>
<trkpt lat="43.43273" lon="6.22107"><ele>311.43</ele></trkpt>
<trkpt lat="43.4327633" lon="6.2211033"><ele>311.81</ele></trkpt>
<trkpt lat="43.4327883" lon="6.2211283"><ele>312.18</ele></trkpt>
<trkpt lat="43.4328183" lon="6.2211617"><ele>312.08</ele></trkpt>
<trkpt lat="43.4328433" lon="6.2211917"><ele>311.57</ele></trkpt>
<trkpt lat="43.4328733" lon="6.221211699999999"><ele>311.02</ele></trkpt>
<trkpt lat="43.4329033" lon="6.221223299999999"><ele>311.04</ele></trkpt>
<trkpt lat="43.432925" lon="6.2212533"><ele>310.86</ele></trkpt>
<trkpt lat="43.4329567" lon="6.2212833"><ele>310.75</ele></trkpt>
<trkpt lat="43.4329883" lon="6.221303300000001"><ele>310.68</ele></trkpt>
<trkpt lat="43.433025" lon="6.221325"><ele>310.64</ele></trkpt>
<trkpt lat="43.43305" lon="6.221346699999999"><ele>310.73</ele></trkpt>
<trkpt lat="43.433075" lon="6.2213683"><ele>310.97</ele></trkpt>
<trkpt lat="43.433105" lon="6.221393300000001"><ele>311.21</ele></trkpt>
<trkpt lat="43.4331383" lon="6.2214267"><ele>311.78</ele></trkpt>
<trkpt lat="43.4331617" lon="6.2214483"><ele>312.07</ele></trkpt>
<trkpt lat="43.4331883" lon="6.2214767"><ele>312.31</ele></trkpt>
<trkpt lat="43.433215" lon="6.221508299999999"><ele>312.2</ele></trkpt>
<trkpt lat="43.433235" lon="6.221535"><ele>312.38</ele></trkpt>
<trkpt lat="43.4332533" lon="6.2215817"><ele>312.37</ele></trkpt>
<trkpt lat="43.4332683" lon="6.221630000000001"><ele>311.9</ele></trkpt>
<trkpt lat="43.433285" lon="6.2216717"><ele>312.22</ele></trkpt>
<trkpt lat="43.433305" lon="6.2217167"><ele>312.74</ele></trkpt>
<trkpt lat="43.4333183" lon="6.2217533"><ele>313.09</ele></trkpt>
<trkpt lat="43.4333383" lon="6.221791699999999"><ele>313.31</ele></trkpt>
<trkpt lat="43.4333467" lon="6.2218283"><ele>313.11</ele></trkpt>
<trkpt lat="43.4333617" lon="6.22186"><ele>313.03</ele></trkpt>
<trkpt lat="43.4333833" lon="6.2218983"><ele>313.21</ele></trkpt>
<trkpt lat="43.4334" lon="6.221928299999999"><ele>313.4</ele></trkpt>
<trkpt lat="43.4334217" lon="6.2219583"><ele>313.53</ele></trkpt>
<trkpt lat="43.4334267" lon="6.2219967"><ele>313</ele></trkpt>
<trkpt lat="43.4334433" lon="6.2220267"><ele>312.88</ele></trkpt>
<trkpt lat="43.433475" lon="6.222063300000001"><ele>313.17</ele></trkpt>
<trkpt lat="43.4334983" lon="6.222098300000001"><ele>313.74</ele></trkpt>
<trkpt lat="43.4335233" lon="6.2221383"><ele>314.36</ele></trkpt>
<trkpt lat="43.4335433" lon="6.222178299999999"><ele>314.73</ele></trkpt>
<trkpt lat="43.4335683" lon="6.222205"><ele>314.95</ele></trkpt>
<trkpt lat="43.4335917" lon="6.22223"><ele>315.33</ele></trkpt>
<trkpt lat="43.4336167" lon="6.22225"><ele>315.76</ele></trkpt>
<trkpt lat="43.4336467" lon="6.222269999999999"><ele>316.51</ele></trkpt>
<trkpt lat="43.433685" lon="6.222285"><ele>317.53</ele></trkpt>
<trkpt lat="43.4337133" lon="6.2223067"><ele>318.37</ele></trkpt>
<trkpt lat="43.43373" lon="6.222338300000001"><ele>318.87</ele></trkpt>
<trkpt lat="43.43375" lon="6.222380000000001"><ele>319.03</ele></trkpt>
<trkpt lat="43.43377" lon="6.222408299999999"><ele>319.37</ele></trkpt>
<trkpt lat="43.4337933" lon="6.2224317"><ele>319.85</ele></trkpt>
<trkpt lat="43.433825" lon="6.222465"><ele>320.39</ele></trkpt>
<trkpt lat="43.433845" lon="6.22249"><ele>320.6</ele></trkpt>
<trkpt lat="43.43386" lon="6.222530000000001"><ele>320.87</ele></trkpt>
<trkpt lat="43.43388" lon="6.22256"><ele>320.38</ele></trkpt>
<trkpt lat="43.4339133" lon="6.222586699999999"><ele>320.26</ele></trkpt>
<trkpt lat="43.4339383" lon="6.2226183"><ele>320.48</ele></trkpt>
<trkpt lat="43.433965" lon="6.22265"><ele>320.71</ele></trkpt>
<trkpt lat="43.4339933" lon="6.2226683"><ele>320.75</ele></trkpt>
<trkpt lat="43.4340217" lon="6.2226867"><ele>320.94</ele></trkpt>
<trkpt lat="43.4340483" lon="6.222721700000001"><ele>320.86</ele></trkpt>
<trkpt lat="43.4340717" lon="6.222746699999999"><ele>321.1</ele></trkpt>
<trkpt lat="43.4341017" lon="6.222770000000001"><ele>321.29</ele></trkpt>
<trkpt lat="43.43413" lon="6.2227733"><ele>321.67</ele></trkpt>
<trkpt lat="43.4341633" lon="6.2227783"><ele>322</ele></trkpt>
<trkpt lat="43.4341983" lon="6.222781699999999"><ele>322.23</ele></trkpt>
<trkpt lat="43.4342267" lon="6.222783299999999"><ele>322</ele></trkpt>
<trkpt lat="43.434255" lon="6.2227867"><ele>321.85</ele></trkpt>
<trkpt lat="43.4342917" lon="6.222794999999999"><ele>321.5</ele></trkpt>
<trkpt lat="43.434325" lon="6.2228067"><ele>320.6</ele></trkpt>
<trkpt lat="43.434355" lon="6.222805"><ele>320.22</ele></trkpt>
<trkpt lat="43.4343933" lon="6.2228067"><ele>320.05</ele></trkpt>
<trkpt lat="43.4344317" lon="6.222805"><ele>319.9999999999999</ele></trkpt>
<trkpt lat="43.4344717" lon="6.222811700000001"><ele>319.69</ele></trkpt>
<trkpt lat="43.4345033" lon="6.2228183"><ele>319.39</ele></trkpt>
<trkpt lat="43.4345283" lon="6.2228333"><ele>318.78</ele></trkpt>
<trkpt lat="43.4345683" lon="6.222836699999999"><ele>318.36</ele></trkpt>
<trkpt lat="43.4346067" lon="6.2228417"><ele>318.06</ele></trkpt>
<trkpt lat="43.434635" lon="6.2228467"><ele>317.8</ele></trkpt>
<trkpt lat="43.4346633" lon="6.222849999999999"><ele>317.74</ele></trkpt>
<trkpt lat="43.4346967" lon="6.222865"><ele>317.94</ele></trkpt>
<trkpt lat="43.4347283" lon="6.2228783"><ele>318.3</ele></trkpt>
<trkpt lat="43.43476" lon="6.2228933"><ele>318.33</ele></trkpt>
<trkpt lat="43.4347867" lon="6.2229033"><ele>318.6</ele></trkpt>
<trkpt lat="43.43482" lon="6.222916700000001"><ele>319.21</ele></trkpt>
<trkpt lat="43.434855" lon="6.222929999999999"><ele>319.84</ele></trkpt>
<trkpt lat="43.43488" lon="6.222950000000001"><ele>320.21</ele></trkpt>
<trkpt lat="43.4349067" lon="6.222965"><ele>320.51</ele></trkpt>
<trkpt lat="43.4349367" lon="6.2229867"><ele>320.46</ele></trkpt>
<trkpt lat="43.434965" lon="6.223006700000001"><ele>320.54</ele></trkpt>
<trkpt lat="43.4349967" lon="6.223025"><ele>320.91</ele></trkpt>
<trkpt lat="43.4350283" lon="6.223045"><ele>321.4</ele></trkpt>
<trkpt lat="43.4350567" lon="6.2230617"><ele>321.7</ele></trkpt>
<trkpt lat="43.4350917" lon="6.2230633"><ele>322.34</ele></trkpt>
<trkpt lat="43.4351217" lon="6.2230567"><ele>323.35</ele></trkpt>
<trkpt lat="43.4351617" lon="6.2230567"><ele>324.26</ele></trkpt>
<trkpt lat="43.4351883" lon="6.2230633"><ele>324.87</ele></trkpt>
<trkpt lat="43.435215" lon="6.2230883"><ele>325.35</ele></trkpt>
<trkpt lat="43.4352467" lon="6.2230983"><ele>325.36</ele></trkpt>
<trkpt lat="43.4352767" lon="6.223113300000001"><ele>325.35</ele></trkpt>
<trkpt lat="43.43531" lon="6.22312"><ele>325.52</ele></trkpt>
<trkpt lat="43.4353383" lon="6.2231283"><ele>325.65</ele></trkpt>
<trkpt lat="43.4353667" lon="6.2231283"><ele>326</ele></trkpt>
<trkpt lat="43.4353917" lon="6.2231483"><ele>326.41</ele></trkpt>
<trkpt lat="43.4354133" lon="6.223175"><ele>326.78</ele></trkpt>
<trkpt lat="43.43544" lon="6.223186700000001"><ele>327.18</ele></trkpt>
<trkpt lat="43.4354683" lon="6.2232083"><ele>327.77</ele></trkpt>
<trkpt lat="43.4354917" lon="6.22323"><ele>328.27</ele></trkpt>
<trkpt lat="43.4355233" lon="6.22324"><ele>329.13</ele></trkpt>
<trkpt lat="43.4355533" lon="6.2232533"><ele>329.87</ele></trkpt>
<trkpt lat="43.43558" lon="6.223273299999999"><ele>330.47</ele></trkpt>
<trkpt lat="43.4356133" lon="6.2232867"><ele>331.07</ele></trkpt>
<trkpt lat="43.4356467" lon="6.2232867"><ele>331.52</ele></trkpt>
<trkpt lat="43.435675" lon="6.223290000000001"><ele>331.88</ele></trkpt>
<trkpt lat="43.435705" lon="6.2232883"><ele>332.03</ele></trkpt>
<trkpt lat="43.4357383" lon="6.223290000000001"><ele>332.29</ele></trkpt>
<trkpt lat="43.4357733" lon="6.2232967"><ele>332.52</ele></trkpt>
<trkpt lat="43.4358033" lon="6.2233067"><ele>333.04</ele></trkpt>
<trkpt lat="43.43583" lon="6.223316699999999"><ele>333.58</ele></trkpt>
<trkpt lat="43.4358633" lon="6.223335"><ele>334.61</ele></trkpt>
<trkpt lat="43.4358867" lon="6.2233567"><ele>335.52</ele></trkpt>
<trkpt lat="43.4359067" lon="6.2233933"><ele>336.11</ele></trkpt>
<trkpt lat="43.4359283" lon="6.2234283"><ele>336.42</ele></trkpt>
<trkpt lat="43.4359467" lon="6.2234633"><ele>336.53</ele></trkpt>
<trkpt lat="43.435965" lon="6.223496699999999"><ele>336.2</ele></trkpt>
<trkpt lat="43.4359817" lon="6.2235267"><ele>336.06</ele></trkpt>
<trkpt lat="43.4360017" lon="6.22356"><ele>336.06</ele></trkpt>
<trkpt lat="43.4360233" lon="6.2235917"><ele>335.86</ele></trkpt>
<trkpt lat="43.4360483" lon="6.2236083"><ele>335.67</ele></trkpt>
<trkpt lat="43.4360833" lon="6.223625"><ele>335.76</ele></trkpt>
<trkpt lat="43.43611" lon="6.2236417"><ele>335.76</ele></trkpt>
<trkpt lat="43.4361433" lon="6.2236533"><ele>335.83</ele></trkpt>
<trkpt lat="43.4361683" lon="6.22367"><ele>336.02</ele></trkpt>
<trkpt lat="43.4362" lon="6.22369"><ele>336.7</ele></trkpt>
<trkpt lat="43.436235" lon="6.2237133"><ele>337.18</ele></trkpt>
<trkpt lat="43.43626" lon="6.2237317"><ele>337.68</ele></trkpt>
<trkpt lat="43.4362733" lon="6.223765"><ele>337.93</ele></trkpt>
<trkpt lat="43.4362883" lon="6.2237983"><ele>338.23</ele></trkpt>
<trkpt lat="43.436295" lon="6.2238367"><ele>338.45</ele></trkpt>
<trkpt lat="43.4363133" lon="6.2238767"><ele>338.37</ele></trkpt>
<trkpt lat="43.4363333" lon="6.22391"><ele>338.69</ele></trkpt>
<trkpt lat="43.4363517" lon="6.2239533"><ele>338.86</ele></trkpt>
<trkpt lat="43.43637" lon="6.2239917"><ele>338.96</ele></trkpt>
<trkpt lat="43.436395" lon="6.2240283"><ele>339.55</ele></trkpt>
<trkpt lat="43.43642" lon="6.2240583"><ele>340.28</ele></trkpt>
<trkpt lat="43.4364367" lon="6.2240883"><ele>341.06</ele></trkpt>
<trkpt lat="43.4364517" lon="6.22413"><ele>341.36</ele></trkpt>
<trkpt lat="43.4364667" lon="6.2241733"><ele>341.36</ele></trkpt>
<trkpt lat="43.4364683" lon="6.2242233"><ele>341.3</ele></trkpt>
<trkpt lat="43.4364583" lon="6.224263299999999"><ele>341.17</ele></trkpt>
<trkpt lat="43.4364417" lon="6.224306699999999"><ele>340.97</ele></trkpt>
<trkpt lat="43.4364267" lon="6.2243483"><ele>340.73</ele></trkpt>
<trkpt lat="43.4364283" lon="6.2243883"><ele>339.95</ele></trkpt>
<trkpt lat="43.4364233" lon="6.2244283"><ele>339.34</ele></trkpt>
<trkpt lat="43.4364633" lon="6.2245217"><ele>341.26</ele></trkpt>
<trkpt lat="43.436425" lon="6.2244817"><ele>341.47</ele></trkpt>
<trkpt lat="43.43643" lon="6.224441700000001"><ele>341.33</ele></trkpt>
<trkpt lat="43.43645" lon="6.224398300000001"><ele>341.01</ele></trkpt>
<trkpt lat="43.4364633" lon="6.224353300000001"><ele>340.45</ele></trkpt>
<trkpt lat="43.43648" lon="6.224315"><ele>339.8</ele></trkpt>
<trkpt lat="43.4365067" lon="6.2242983"><ele>338.95</ele></trkpt>
<trkpt lat="43.436535" lon="6.224285"><ele>338.08</ele></trkpt>
<trkpt lat="43.436565" lon="6.2242683"><ele>337.67</ele></trkpt>
<trkpt lat="43.4366" lon="6.224271699999999"><ele>337.8</ele></trkpt>
<trkpt lat="43.4366317" lon="6.2242517"><ele>337.5</ele></trkpt>
<trkpt lat="43.4366583" lon="6.224228299999999"><ele>337.27</ele></trkpt>
<trkpt lat="43.4366867" lon="6.22421"><ele>336.84</ele></trkpt>
<trkpt lat="43.43671" lon="6.2241867"><ele>336.69</ele></trkpt>
<trkpt lat="43.4367317" lon="6.2241533"><ele>336.54</ele></trkpt>
<trkpt lat="43.4367567" lon="6.2241367"><ele>336.49</ele></trkpt>
<trkpt lat="43.4367933" lon="6.2241167"><ele>336.46</ele></trkpt>
<trkpt lat="43.43682" lon="6.2240917"><ele>336.65</ele></trkpt>
<trkpt lat="43.4368467" lon="6.224068300000001"><ele>336.75</ele></trkpt>
<trkpt lat="43.4368683" lon="6.2240283"><ele>336.41</ele></trkpt>
<trkpt lat="43.4368933" lon="6.2240017"><ele>336.27</ele></trkpt>
<trkpt lat="43.4369267" lon="6.223974999999999"><ele>336.18</ele></trkpt>
<trkpt lat="43.4369517" lon="6.2239567"><ele>336</ele></trkpt>
<trkpt lat="43.4369817" lon="6.2239283"><ele>335.51</ele></trkpt>
<trkpt lat="43.4370067" lon="6.2239"><ele>335.28</ele></trkpt>
<trkpt lat="43.4370283" lon="6.2238683"><ele>335</ele></trkpt>
<trkpt lat="43.43705" lon="6.2238433"><ele>334.94</ele></trkpt>
<trkpt lat="43.4370717" lon="6.2238067"><ele>334.9</ele></trkpt>
<trkpt lat="43.4371" lon="6.2237967"><ele>334.72</ele></trkpt>
<trkpt lat="43.4371283" lon="6.223770000000001"><ele>334.09</ele></trkpt>
<trkpt lat="43.437155" lon="6.2237433"><ele>333.81</ele></trkpt>
<trkpt lat="43.4371883" lon="6.223735"><ele>333.34</ele></trkpt>
<trkpt lat="43.4372283" lon="6.22371"><ele>333.08</ele></trkpt>
<trkpt lat="43.4372533" lon="6.223695"><ele>333.2</ele></trkpt>
<trkpt lat="43.4372833" lon="6.2236733"><ele>333.68</ele></trkpt>
<trkpt lat="43.4373167" lon="6.22365"><ele>334.24</ele></trkpt>
<trkpt lat="43.4373467" lon="6.2236383"><ele>334.19</ele></trkpt>
<trkpt lat="43.437375" lon="6.223631700000001"><ele>334.03</ele></trkpt>
<trkpt lat="43.4374033" lon="6.223613299999999"><ele>333.13</ele></trkpt>
<trkpt lat="43.4374333" lon="6.223589999999999"><ele>332.1799999999999</ele></trkpt>
<trkpt lat="43.437465" lon="6.2235817"><ele>331.83</ele></trkpt>
<trkpt lat="43.43749" lon="6.223565"><ele>331.42</ele></trkpt>
<trkpt lat="43.43752" lon="6.2235467"><ele>331.08</ele></trkpt>
<trkpt lat="43.4375517" lon="6.2235267"><ele>330.83</ele></trkpt>
<trkpt lat="43.4375783" lon="6.223509999999999"><ele>330.35</ele></trkpt>
<trkpt lat="43.437605" lon="6.2234833"><ele>330.1</ele></trkpt>
<trkpt lat="43.4376333" lon="6.223471700000001"><ele>329.61</ele></trkpt>
<trkpt lat="43.43766" lon="6.223445"><ele>329.21</ele></trkpt>
<trkpt lat="43.4376817" lon="6.2234167"><ele>328.93</ele></trkpt>
<trkpt lat="43.4376983" lon="6.2233867"><ele>328.68</ele></trkpt>
<trkpt lat="43.43775" lon="6.2233867"><ele>328.53</ele></trkpt>
<trkpt lat="43.4377833" lon="6.2233683"><ele>328.01</ele></trkpt>
<trkpt lat="43.4378083" lon="6.2233433"><ele>327.81</ele></trkpt>
<trkpt lat="43.4378333" lon="6.223328299999999"><ele>327.47</ele></trkpt>
<trkpt lat="43.43785" lon="6.2232983"><ele>327.28</ele></trkpt>
<trkpt lat="43.43787" lon="6.2232633"><ele>327.01</ele></trkpt>
<trkpt lat="43.4378917" lon="6.2232317"><ele>327.13</ele></trkpt>
<trkpt lat="43.4379167" lon="6.223200000000001"><ele>327.09</ele></trkpt>
<trkpt lat="43.43794" lon="6.223168299999999"><ele>326.74</ele></trkpt>
<trkpt lat="43.437965" lon="6.22314"><ele>326.58</ele></trkpt>
<trkpt lat="43.4379833" lon="6.2231033"><ele>325.97</ele></trkpt>
<trkpt lat="43.4380117" lon="6.2230817"><ele>326.21</ele></trkpt>
<trkpt lat="43.4380383" lon="6.2230633"><ele>326.44</ele></trkpt>
<trkpt lat="43.438065" lon="6.223035"><ele>326.47</ele></trkpt>
<trkpt lat="43.4380883" lon="6.223006700000001"><ele>326.4</ele></trkpt>
<trkpt lat="43.43811" lon="6.2229817"><ele>326.37</ele></trkpt>
<trkpt lat="43.4381317" lon="6.222943299999999"><ele>326.56</ele></trkpt>
<trkpt lat="43.4381467" lon="6.222905000000001"><ele>326.08</ele></trkpt>
<trkpt lat="43.4381583" lon="6.2228667"><ele>325.29</ele></trkpt>
<trkpt lat="43.4381717" lon="6.222825000000001"><ele>324.66</ele></trkpt>
<trkpt lat="43.4381683" lon="6.2227783"><ele>324.14</ele></trkpt>
<trkpt lat="43.43817" lon="6.2227333"><ele>324.73</ele></trkpt>
<trkpt lat="43.4381617" lon="6.2226967"><ele>324.74</ele></trkpt>
<trkpt lat="43.4381767" lon="6.2226567"><ele>325.43</ele></trkpt>
<trkpt lat="43.438175" lon="6.2226167"><ele>325.63</ele></trkpt>
<trkpt lat="43.4381717" lon="6.2225767"><ele>325.99</ele></trkpt>
<trkpt lat="43.4381667" lon="6.2225283"><ele>326.07</ele></trkpt>
<trkpt lat="43.43816" lon="6.22248"><ele>326.14</ele></trkpt>
<trkpt lat="43.43818" lon="6.222451699999999"><ele>326.35</ele></trkpt>
<trkpt lat="43.4382083" lon="6.222453299999999"><ele>327.19</ele></trkpt>
<trkpt lat="43.4382383" lon="6.2224583"><ele>327.6</ele></trkpt>
<trkpt lat="43.43826" lon="6.2224933"><ele>327.47</ele></trkpt>
<trkpt lat="43.4382833" lon="6.2225233"><ele>327.28</ele></trkpt>
<trkpt lat="43.4383" lon="6.222554999999999"><ele>327.08</ele></trkpt>
<trkpt lat="43.4383067" lon="6.2225967"><ele>326.93</ele></trkpt>
<trkpt lat="43.438305" lon="6.22264"><ele>326.71</ele></trkpt>
<trkpt lat="43.43831" lon="6.2226917"><ele>326.65</ele></trkpt>
<trkpt lat="43.438315" lon="6.222736699999999"><ele>326.55</ele></trkpt>
<trkpt lat="43.43833" lon="6.222770000000001"><ele>326.57</ele></trkpt>
<trkpt lat="43.4383533" lon="6.2227967"><ele>326.47</ele></trkpt>
<trkpt lat="43.4383683" lon="6.2228333"><ele>326.47</ele></trkpt>
<trkpt lat="43.43839" lon="6.2228767"><ele>326.3</ele></trkpt>
<trkpt lat="43.43841" lon="6.2229083"><ele>326.27</ele></trkpt>
<trkpt lat="43.4384283" lon="6.2229533"><ele>326.17</ele></trkpt>
<trkpt lat="43.438445" lon="6.2229917"><ele>326.08</ele></trkpt>
<trkpt lat="43.4384583" lon="6.223033299999999"><ele>325.9</ele></trkpt>
<trkpt lat="43.4384717" lon="6.223076699999999"><ele>325.97</ele></trkpt>
<trkpt lat="43.4384917" lon="6.2231083"><ele>326.16</ele></trkpt>
<trkpt lat="43.438515" lon="6.2231383"><ele>325.81</ele></trkpt>
<trkpt lat="43.438515" lon="6.223179999999999"><ele>325.67</ele></trkpt>
<trkpt lat="43.4384983" lon="6.22321"><ele>325.37</ele></trkpt>
<trkpt lat="43.4384917" lon="6.22325"><ele>325.28</ele></trkpt>
<trkpt lat="43.4384883" lon="6.223295"><ele>325.08</ele></trkpt>
<trkpt lat="43.4384833" lon="6.2233433"><ele>325</ele></trkpt>
<trkpt lat="43.43849" lon="6.2233967"><ele>324.88</ele></trkpt>
<trkpt lat="43.438515" lon="6.2234317"><ele>324.87</ele></trkpt>
<trkpt lat="43.438535" lon="6.2234633"><ele>324.8</ele></trkpt>
<trkpt lat="43.4385667" lon="6.2234633"><ele>324.43</ele></trkpt>
<trkpt lat="43.4385983" lon="6.2234767"><ele>324.54</ele></trkpt>
<trkpt lat="43.43863" lon="6.22348"><ele>324.66</ele></trkpt>
<trkpt lat="43.4386617" lon="6.2234817"><ele>324.7</ele></trkpt>
<trkpt lat="43.4386883" lon="6.223495"><ele>324.87</ele></trkpt>
<trkpt lat="43.43872" lon="6.223495"><ele>324.48</ele></trkpt>
<trkpt lat="43.43875" lon="6.223505"><ele>324.2</ele></trkpt>
<trkpt lat="43.4387817" lon="6.223509999999999"><ele>323.75</ele></trkpt>
<trkpt lat="43.4388117" lon="6.2235083"><ele>323.18</ele></trkpt>
<trkpt lat="43.4388433" lon="6.2235083"><ele>322.74</ele></trkpt>
<trkpt lat="43.4388717" lon="6.223495"><ele>321.95</ele></trkpt>
<trkpt lat="43.4389017" lon="6.2234867"><ele>321.34</ele></trkpt>
<trkpt lat="43.4389267" lon="6.223471700000001"><ele>320.84</ele></trkpt>
<trkpt lat="43.4389567" lon="6.2234433"><ele>321.29</ele></trkpt>
<trkpt lat="43.438985" lon="6.2234283"><ele>321.57</ele></trkpt>
<trkpt lat="43.43901" lon="6.2234017"><ele>320.68</ele></trkpt>
<trkpt lat="43.43903" lon="6.2233717"><ele>319.53</ele></trkpt>
<trkpt lat="43.4390517" lon="6.223338300000001"><ele>319.08</ele></trkpt>
<trkpt lat="43.4390767" lon="6.223316699999999"><ele>318.71</ele></trkpt>
<trkpt lat="43.4391017" lon="6.2232833"><ele>318.65</ele></trkpt>
<trkpt lat="43.43913" lon="6.2232683"><ele>318.45</ele></trkpt>
<trkpt lat="43.4391567" lon="6.2232433"><ele>318</ele></trkpt>
<trkpt lat="43.439175" lon="6.223214999999999"><ele>317.61</ele></trkpt>
<trkpt lat="43.4391933" lon="6.223186700000001"><ele>317.57</ele></trkpt>
<trkpt lat="43.4392167" lon="6.223156699999999"><ele>317.38</ele></trkpt>
<trkpt lat="43.4392383" lon="6.223124999999999"><ele>317.11</ele></trkpt>
<trkpt lat="43.4392583" lon="6.22309"><ele>317.07</ele></trkpt>
<trkpt lat="43.4392667" lon="6.223051700000001"><ele>317.08</ele></trkpt>
<trkpt lat="43.4392833" lon="6.2230217"><ele>316.78</ele></trkpt>
<trkpt lat="43.4393067" lon="6.22298"><ele>316.09</ele></trkpt>
<trkpt lat="43.43933" lon="6.22296"><ele>315.06</ele></trkpt>
<trkpt lat="43.439355" lon="6.222935"><ele>312.83</ele></trkpt>
<trkpt lat="43.4393817" lon="6.2229133"><ele>309.92</ele></trkpt>
<trkpt lat="43.43941" lon="6.2229067"><ele>308.23</ele></trkpt>
<trkpt lat="43.4394367" lon="6.222884999999999"><ele>306.27</ele></trkpt>
<trkpt lat="43.4394583" lon="6.2228467"><ele>305.07</ele></trkpt>
<trkpt lat="43.4394717" lon="6.2228133"><ele>304.26</ele></trkpt>
<trkpt lat="43.4394783" lon="6.222768300000001"><ele>303.72</ele></trkpt>
<trkpt lat="43.4394833" lon="6.22273"><ele>302.74</ele></trkpt>
<trkpt lat="43.4395133" lon="6.222723300000001"><ele>301.27</ele></trkpt>
<trkpt lat="43.43949" lon="6.222695"><ele>301.72</ele></trkpt>
<trkpt lat="43.43952" lon="6.222703299999999"><ele>301.87</ele></trkpt>
<trkpt lat="43.4395483" lon="6.2226983"><ele>301.87</ele></trkpt>
<trkpt lat="43.4396017" lon="6.222695"><ele>302.03</ele></trkpt>
<trkpt lat="43.4396267" lon="6.2226733"><ele>302.76</ele></trkpt>
<trkpt lat="43.439685" lon="6.2226067"><ele>301.61</ele></trkpt>
<trkpt lat="43.43972" lon="6.2225733"><ele>300.05</ele></trkpt>
<trkpt lat="43.4397433" lon="6.2225933"><ele>299.39</ele></trkpt>
<trkpt lat="43.439765" lon="6.2225617"><ele>298.5</ele></trkpt>
<trkpt lat="43.4398267" lon="6.2225233"><ele>297.47</ele></trkpt>
<trkpt lat="43.4398683" lon="6.222545"><ele>293.52</ele></trkpt>
<trkpt lat="43.4398967" lon="6.2225533"><ele>292.82</ele></trkpt>
<trkpt lat="43.4399217" lon="6.22257"><ele>292.42</ele></trkpt>
<trkpt lat="43.4399517" lon="6.2225633"><ele>291.26</ele></trkpt>
<trkpt lat="43.4399817" lon="6.222551699999999"><ele>290.19</ele></trkpt>
<trkpt lat="43.4399983" lon="6.222515"><ele>288.2</ele></trkpt>
<trkpt lat="43.4400117" lon="6.22248"><ele>287.52</ele></trkpt>
<trkpt lat="43.44004" lon="6.222475"><ele>286.46</ele></trkpt>
<trkpt lat="43.44007" lon="6.222461699999999"><ele>283.87</ele></trkpt>
<trkpt lat="43.44007" lon="6.2224233"><ele>283.25</ele></trkpt>
<trkpt lat="43.4400983" lon="6.2224117"><ele>281.08</ele></trkpt>
<trkpt lat="43.4401433" lon="6.2223883"><ele>277.93</ele></trkpt>
<trkpt lat="43.4401883" lon="6.2224017"><ele>277.78</ele></trkpt>
<trkpt lat="43.4402167" lon="6.22239"><ele>276.89</ele></trkpt>
<trkpt lat="43.4402333" lon="6.2223517"><ele>276.06</ele></trkpt>
<trkpt lat="43.4402533" lon="6.2223233"><ele>275.36</ele></trkpt>
<trkpt lat="43.4402767" lon="6.2222883"><ele>274.72</ele></trkpt>
<trkpt lat="43.4403067" lon="6.222258300000001"><ele>274.09</ele></trkpt>
<trkpt lat="43.4403183" lon="6.2222217"><ele>273.16</ele></trkpt>
<trkpt lat="43.44034" lon="6.2221967"><ele>271.95</ele></trkpt>
<trkpt lat="43.4403633" lon="6.22224"><ele>271.04</ele></trkpt>
<trkpt lat="43.4403783" lon="6.2221983"><ele>270.95</ele></trkpt>
<trkpt lat="43.4404033" lon="6.22218"><ele>271.44</ele></trkpt>
<trkpt lat="43.4404333" lon="6.222166699999999"><ele>271.48</ele></trkpt>
<trkpt lat="43.4404633" lon="6.222151700000001"><ele>271.19</ele></trkpt>
<trkpt lat="43.440495" lon="6.2221367"><ele>271.18</ele></trkpt>
<trkpt lat="43.4405267" lon="6.222115"><ele>270.85</ele></trkpt>
<trkpt lat="43.4405583" lon="6.2220933"><ele>270.26</ele></trkpt>
<trkpt lat="43.4405867" lon="6.222064999999999"><ele>269.56</ele></trkpt>
<trkpt lat="43.4406133" lon="6.2220417"><ele>268.97</ele></trkpt>
<trkpt lat="43.4406433" lon="6.2220233"><ele>268.1</ele></trkpt>
<trkpt lat="43.4406733" lon="6.22201"><ele>267.37</ele></trkpt>
<trkpt lat="43.4407033" lon="6.221988299999999"><ele>267.12</ele></trkpt>
<trkpt lat="43.4407333" lon="6.2219767"><ele>266.45</ele></trkpt>
<trkpt lat="43.4407667" lon="6.22199"><ele>265.76</ele></trkpt>
<trkpt lat="43.4407967" lon="6.221995"><ele>265.25</ele></trkpt>
<trkpt lat="43.4408283" lon="6.2219983"><ele>264.29</ele></trkpt>
<trkpt lat="43.4408433" lon="6.2219667"><ele>261.99</ele></trkpt>
<trkpt lat="43.4408517" lon="6.221926699999999"><ele>260.35</ele></trkpt>
<trkpt lat="43.4408767" lon="6.2219067"><ele>259.51</ele></trkpt>
<trkpt lat="43.4408967" lon="6.2218767"><ele>258.7</ele></trkpt>
<trkpt lat="43.44091" lon="6.221835"><ele>257.97</ele></trkpt>
<trkpt lat="43.44092" lon="6.221793299999999"><ele>257.36</ele></trkpt>
<trkpt lat="43.4409417" lon="6.22177"><ele>256.39</ele></trkpt>
<trkpt lat="43.4409667" lon="6.2217433"><ele>255.25</ele></trkpt>
<trkpt lat="43.44099" lon="6.2217083"><ele>254.15</ele></trkpt>
<trkpt lat="43.44101" lon="6.221676700000001"><ele>253.79</ele></trkpt>
<trkpt lat="43.4410317" lon="6.2216533"><ele>253.13</ele></trkpt>
<trkpt lat="43.4410483" lon="6.2216233"><ele>252.88</ele></trkpt>
<trkpt lat="43.4410717" lon="6.2216017"><ele>252.46</ele></trkpt>
<trkpt lat="43.4411" lon="6.221575000000001"><ele>251.76</ele></trkpt>
<trkpt lat="43.44112" lon="6.2215417"><ele>251.52</ele></trkpt>
<trkpt lat="43.4411367" lon="6.2215117"><ele>250.6</ele></trkpt>
<trkpt lat="43.4411667" lon="6.2215167"><ele>250.74</ele></trkpt>
<trkpt lat="43.4411933" lon="6.221483300000001"><ele>252.63</ele></trkpt>
<trkpt lat="43.44122" lon="6.2214733"><ele>252.64</ele></trkpt>
<trkpt lat="43.4412517" lon="6.2214767"><ele>253.29</ele></trkpt>
<trkpt lat="43.4412733" lon="6.2214467"><ele>253.77</ele></trkpt>
<trkpt lat="43.4412983" lon="6.2214233"><ele>254.14</ele></trkpt>
<trkpt lat="43.4413283" lon="6.2214117"><ele>254.63</ele></trkpt>
<trkpt lat="43.4413583" lon="6.2213983"><ele>255.26</ele></trkpt>
<trkpt lat="43.4413667" lon="6.221359999999999"><ele>255.35</ele></trkpt>
<trkpt lat="43.441395" lon="6.22135"><ele>254.83</ele></trkpt>
<trkpt lat="43.4414267" lon="6.2213533"><ele>254.16</ele></trkpt>
<trkpt lat="43.441455" lon="6.2213267"><ele>253.49</ele></trkpt>
<trkpt lat="43.4414867" lon="6.2213267"><ele>253.13</ele></trkpt>
<trkpt lat="43.4415183" lon="6.221331700000001"><ele>252.07</ele></trkpt>
<trkpt lat="43.441555" lon="6.2213083"><ele>251.33</ele></trkpt>
<trkpt lat="43.441585" lon="6.2212967"><ele>250.96</ele></trkpt>
<trkpt lat="43.4416117" lon="6.2212783"><ele>250.37</ele></trkpt>
<trkpt lat="43.44163" lon="6.2212383"><ele>249.54</ele></trkpt>
<trkpt lat="43.441635" lon="6.2211933"><ele>248.57</ele></trkpt>
<trkpt lat="43.4416333" lon="6.221153300000001"><ele>247.7</ele></trkpt>
<trkpt lat="43.4416567" lon="6.221125"><ele>246.74</ele></trkpt>
<trkpt lat="43.441675" lon="6.221095000000001"><ele>246.03</ele></trkpt>
<trkpt lat="43.441685" lon="6.2210567"><ele>245.14</ele></trkpt>
<trkpt lat="43.4417017" lon="6.221015000000001"><ele>244.55</ele></trkpt>
<trkpt lat="43.4417" lon="6.220971699999999"><ele>243.71</ele></trkpt>
<trkpt lat="43.4417117" lon="6.2209317"><ele>243.39</ele></trkpt>
<trkpt lat="43.4417517" lon="6.2209317"><ele>242.63</ele></trkpt>
<trkpt lat="43.4417817" lon="6.220958300000001"><ele>242.58</ele></trkpt>
<trkpt lat="43.4418083" lon="6.220995"><ele>242.51</ele></trkpt>
<trkpt lat="43.441835" lon="6.221018300000001"><ele>242.49</ele></trkpt>
<trkpt lat="43.441865" lon="6.22102"><ele>242.03</ele></trkpt>
<trkpt lat="43.44189" lon="6.2209967"><ele>241.65</ele></trkpt>
<trkpt lat="43.4419117" lon="6.220973299999999"><ele>241.16</ele></trkpt>
<trkpt lat="43.4419433" lon="6.220956700000001"><ele>240.83</ele></trkpt>
<trkpt lat="43.4419617" lon="6.2209167"><ele>240.52</ele></trkpt>
<trkpt lat="43.441975" lon="6.220875"><ele>240.32</ele></trkpt>
<trkpt lat="43.441965" lon="6.22084"><ele>239.77</ele></trkpt>
<trkpt lat="43.4420067" lon="6.2207267"><ele>231.4</ele></trkpt>
<trkpt lat="43.4420883" lon="6.220675000000001"><ele>227.85</ele></trkpt>
<trkpt lat="43.4420883" lon="6.22061"><ele>228.67</ele></trkpt>
<trkpt lat="43.44209" lon="6.2205583"><ele>228.36</ele></trkpt>
<trkpt lat="43.4421017" lon="6.2205217"><ele>227.99</ele></trkpt>
<trkpt lat="43.4421167" lon="6.220485"><ele>227.41</ele></trkpt>
<trkpt lat="43.4421233" lon="6.220438300000001"><ele>226.16</ele></trkpt>
<trkpt lat="43.4421283" lon="6.220401699999999"><ele>224.62</ele></trkpt>
<trkpt lat="43.4421767" lon="6.2203417"><ele>221.61</ele></trkpt>
<trkpt lat="43.44218" lon="6.2202917"><ele>220.64</ele></trkpt>
<trkpt lat="43.4421717" lon="6.220254999999999"><ele>219.74</ele></trkpt>
<trkpt lat="43.442185" lon="6.2203367"><ele>219.88</ele></trkpt>
<trkpt lat="43.4421633" lon="6.220369999999999"><ele>224.73</ele></trkpt>
<trkpt lat="43.4421483" lon="6.22042"><ele>225.04</ele></trkpt>
<trkpt lat="43.442145" lon="6.220463299999999"><ele>225.53</ele></trkpt>
<trkpt lat="43.442145" lon="6.2205033"><ele>226.1</ele></trkpt>
<trkpt lat="43.4421367" lon="6.220545"><ele>226.71</ele></trkpt>
<trkpt lat="43.4421217" lon="6.2205767"><ele>227.49</ele></trkpt>
<trkpt lat="43.4420967" lon="6.220606699999999"><ele>228.35</ele></trkpt>
<trkpt lat="43.4420833" lon="6.220641699999999"><ele>228.81</ele></trkpt>
<trkpt lat="43.442065" lon="6.22067"><ele>229.63</ele></trkpt>
<trkpt lat="43.44207" lon="6.2206317"><ele>230.3</ele></trkpt>
<trkpt lat="43.4420483" lon="6.220608299999999"><ele>230.54</ele></trkpt>
<trkpt lat="43.4420583" lon="6.220573300000001"><ele>230.89</ele></trkpt>
<trkpt lat="43.442085" lon="6.220551699999999"><ele>229.64</ele></trkpt>
<trkpt lat="43.4420867" lon="6.2205133"><ele>228.86</ele></trkpt>
<trkpt lat="43.4420967" lon="6.2204783"><ele>227.96</ele></trkpt>
<trkpt lat="43.4421183" lon="6.220449999999999"><ele>226.88</ele></trkpt>
<trkpt lat="43.442125" lon="6.2204117"><ele>226.35</ele></trkpt>
<trkpt lat="43.4421283" lon="6.2203717"><ele>225.66</ele></trkpt>
<trkpt lat="43.4421533" lon="6.2203433"><ele>224.47</ele></trkpt>
<trkpt lat="43.4421633" lon="6.220305"><ele>223.74</ele></trkpt>
<trkpt lat="43.4421667" lon="6.2202617"><ele>223.23</ele></trkpt>
<trkpt lat="43.4421717" lon="6.220225"><ele>222.89</ele></trkpt>
<trkpt lat="43.442175" lon="6.2201833"><ele>222.71</ele></trkpt>
<trkpt lat="43.4421917" lon="6.220151700000001"><ele>221.57</ele></trkpt>
<trkpt lat="43.4421933" lon="6.2201117"><ele>221.15</ele></trkpt>
<trkpt lat="43.4422" lon="6.220073299999999"><ele>220.24</ele></trkpt>
<trkpt lat="43.4421917" lon="6.2200367"><ele>219.56</ele></trkpt>
<trkpt lat="43.4422083" lon="6.219911700000001"><ele>218.46</ele></trkpt>
<trkpt lat="43.4422017" lon="6.219868300000001"><ele>217.17</ele></trkpt>
<trkpt lat="43.4421983" lon="6.219825"><ele>216.63</ele></trkpt>
<trkpt lat="43.442205" lon="6.2197817"><ele>216.2</ele></trkpt>
<trkpt lat="43.4422217" lon="6.2197517"><ele>216.08</ele></trkpt>
<trkpt lat="43.442245" lon="6.2197233"><ele>215.82</ele></trkpt>
<trkpt lat="43.44227" lon="6.219696699999999"><ele>215.22</ele></trkpt>
<trkpt lat="43.4422933" lon="6.21967"><ele>214.24</ele></trkpt>
<trkpt lat="43.442315" lon="6.2196383"><ele>212.93</ele></trkpt>
<trkpt lat="43.4423317" lon="6.219605"><ele>212.6</ele></trkpt>
<trkpt lat="43.442345" lon="6.2195683"><ele>212.09</ele></trkpt>
<trkpt lat="43.4423633" lon="6.219536699999999"><ele>211.85</ele></trkpt>
<trkpt lat="43.4423917" lon="6.21953"><ele>211.52</ele></trkpt>
<trkpt lat="43.4424167" lon="6.219514999999999"><ele>210.86</ele></trkpt>
<trkpt lat="43.4424367" lon="6.2194883"><ele>209.66</ele></trkpt>
<trkpt lat="43.4424583" lon="6.2194633"><ele>208.64</ele></trkpt>
<trkpt lat="43.4424767" lon="6.21943"><ele>208.42</ele></trkpt>
<trkpt lat="43.4425" lon="6.219403299999999"><ele>207.43</ele></trkpt>
<trkpt lat="43.4425117" lon="6.219365"><ele>206.36</ele></trkpt>
<trkpt lat="43.4425317" lon="6.2193383"><ele>205.65</ele></trkpt>
<trkpt lat="43.4425533" lon="6.219309999999999"><ele>205.18</ele></trkpt>
<trkpt lat="43.44257" lon="6.2192767"><ele>204.82</ele></trkpt>
<trkpt lat="43.4425933" lon="6.2192417"><ele>203.87</ele></trkpt>
<trkpt lat="43.4426033" lon="6.219205"><ele>202.81</ele></trkpt>
<trkpt lat="43.4426217" lon="6.219174999999999"><ele>201.91</ele></trkpt>
<trkpt lat="43.4426267" lon="6.219136700000001"><ele>201.04</ele></trkpt>
<trkpt lat="43.4426417" lon="6.219095"><ele>200.33</ele></trkpt>
<trkpt lat="43.4426717" lon="6.219060000000001"><ele>199.68</ele></trkpt>
<trkpt lat="43.4426933" lon="6.2190217"><ele>198.8</ele></trkpt>
<trkpt lat="43.4427117" lon="6.218993299999999"><ele>197.46</ele></trkpt>
<trkpt lat="43.4427367" lon="6.218969999999999"><ele>196.25</ele></trkpt>
<trkpt lat="43.44276" lon="6.2189417"><ele>194.3</ele></trkpt>
<trkpt lat="43.4427883" lon="6.218924999999999"><ele>192.15</ele></trkpt>
<trkpt lat="43.44281" lon="6.218900000000001"><ele>189.87</ele></trkpt>
<trkpt lat="43.442825" lon="6.2188667"><ele>188.48</ele></trkpt>
<trkpt lat="43.4428433" lon="6.2188367"><ele>187.55</ele></trkpt>
<trkpt lat="43.4428567" lon="6.2188033"><ele>187.13</ele></trkpt>
<trkpt lat="43.4428833" lon="6.21879"><ele>186.55</ele></trkpt>
<trkpt lat="43.44292" lon="6.21881"><ele>186.06</ele></trkpt>
<trkpt lat="43.4429533" lon="6.218831699999999"><ele>185.44</ele></trkpt>
<trkpt lat="43.4429833" lon="6.21886"><ele>184.82</ele></trkpt>
<trkpt lat="43.4430033" lon="6.218885"><ele>184.7</ele></trkpt>
<trkpt lat="43.443025" lon="6.218921699999999"><ele>184.4</ele></trkpt>
<trkpt lat="43.443045" lon="6.21896"><ele>183.72</ele></trkpt>
<trkpt lat="43.4430617" lon="6.219000000000001"><ele>182.93</ele></trkpt>
<trkpt lat="43.4430783" lon="6.2190317"><ele>182.58</ele></trkpt>
<trkpt lat="43.4431" lon="6.219056700000001"><ele>182.6</ele></trkpt>
<trkpt lat="43.443125" lon="6.2191"><ele>182.42</ele></trkpt>
<trkpt lat="43.4431467" lon="6.21913"><ele>182.2</ele></trkpt>
<trkpt lat="43.4431717" lon="6.2191583"><ele>182.19</ele></trkpt>
<trkpt lat="43.443195" lon="6.219185"><ele>182.35</ele></trkpt>
<trkpt lat="43.443215" lon="6.2192117"><ele>183.58</ele></trkpt>
<trkpt lat="43.4432333" lon="6.2192433"><ele>184.63</ele></trkpt>
<trkpt lat="43.4432583" lon="6.2192667"><ele>184.68</ele></trkpt>
<trkpt lat="43.4432817" lon="6.2192933"><ele>184.8</ele></trkpt>
<trkpt lat="43.4433033" lon="6.2193217"><ele>185.02</ele></trkpt>
<trkpt lat="43.44333" lon="6.2193467"><ele>185.18</ele></trkpt>
<trkpt lat="43.4433467" lon="6.219385"><ele>184.77</ele></trkpt>
<trkpt lat="43.4433717" lon="6.219413299999999"><ele>184.25</ele></trkpt>
<trkpt lat="43.4433917" lon="6.2194417"><ele>183.95</ele></trkpt>
<trkpt lat="43.44341" lon="6.2194783"><ele>183.41</ele></trkpt>
<trkpt lat="43.4434133" lon="6.2195283"><ele>181.06</ele></trkpt>
<trkpt lat="43.4434133" lon="6.2195717"><ele>181.24</ele></trkpt>
<trkpt lat="43.4434133" lon="6.2196233"><ele>181.45</ele></trkpt>
<trkpt lat="43.4434133" lon="6.219675000000001"><ele>181.74</ele></trkpt>
<trkpt lat="43.443415" lon="6.219730000000001"><ele>181.79</ele></trkpt>
<trkpt lat="43.4434233" lon="6.2197683"><ele>181.77</ele></trkpt>
<trkpt lat="43.4434217" lon="6.2198167"><ele>181.9</ele></trkpt>
<trkpt lat="43.4434217" lon="6.2198633"><ele>182.08</ele></trkpt>
<trkpt lat="43.4434267" lon="6.219900000000001"><ele>182.34</ele></trkpt>
<trkpt lat="43.4434283" lon="6.219938299999999"><ele>182.73</ele></trkpt>
<trkpt lat="43.44343" lon="6.2199933"><ele>182.95</ele></trkpt>
<trkpt lat="43.443425" lon="6.22003"><ele>183.38</ele></trkpt>
<trkpt lat="43.44342" lon="6.2200683"><ele>184.12</ele></trkpt>
<trkpt lat="43.443415" lon="6.220105000000001"><ele>184.94</ele></trkpt>
<trkpt lat="43.44341" lon="6.2201567"><ele>186.09</ele></trkpt>
<trkpt lat="43.4434067" lon="6.220206699999999"><ele>186.99</ele></trkpt>
<trkpt lat="43.4434083" lon="6.22026"><ele>187.27</ele></trkpt>
<trkpt lat="43.4434133" lon="6.2203067"><ele>187.39</ele></trkpt>
<trkpt lat="43.443415" lon="6.220356699999999"><ele>187.3</ele></trkpt>
<trkpt lat="43.443415" lon="6.2203967"><ele>187.34</ele></trkpt>
<trkpt lat="43.4434167" lon="6.2204367"><ele>187.54</ele></trkpt>
<trkpt lat="43.4434133" lon="6.2204767"><ele>187.81</ele></trkpt>
<trkpt lat="43.4434067" lon="6.2205233"><ele>187.89</ele></trkpt>
<trkpt lat="43.443395" lon="6.220573300000001"><ele>187.98</ele></trkpt>
<trkpt lat="43.44339" lon="6.2206183"><ele>188.08</ele></trkpt>
<trkpt lat="43.4433733" lon="6.220665"><ele>188.02</ele></trkpt>
<trkpt lat="43.4433667" lon="6.220715"><ele>188.09</ele></trkpt>
<trkpt lat="43.4433483" lon="6.2207583"><ele>188.09</ele></trkpt>
<trkpt lat="43.4433383" lon="6.2208033"><ele>188.28</ele></trkpt>
<trkpt lat="43.4433367" lon="6.2208467"><ele>188.41</ele></trkpt>
<trkpt lat="43.443335" lon="6.22089"><ele>188.58</ele></trkpt>
<trkpt lat="43.443325" lon="6.220939999999999"><ele>188.49</ele></trkpt>
<trkpt lat="43.4433167" lon="6.220991700000001"><ele>188.49</ele></trkpt>
<trkpt lat="43.4433083" lon="6.2210433"><ele>188.63</ele></trkpt>
<trkpt lat="43.4433017" lon="6.2210917"><ele>185.81</ele></trkpt>
<trkpt lat="43.4432967" lon="6.22113"><ele>185.36</ele></trkpt>
<trkpt lat="43.443285" lon="6.221164999999999"><ele>185.25</ele></trkpt>
<trkpt lat="43.44328" lon="6.2212017"><ele>185.17</ele></trkpt>
<trkpt lat="43.4432783" lon="6.221245000000001"><ele>185.72</ele></trkpt>
<trkpt lat="43.4432783" lon="6.221285"><ele>186.33</ele></trkpt>
<trkpt lat="43.4432733" lon="6.22133"><ele>187.21</ele></trkpt>
<trkpt lat="43.443265" lon="6.221369999999999"><ele>188.36</ele></trkpt>
<trkpt lat="43.44326" lon="6.221418299999999"><ele>189.22</ele></trkpt>
<trkpt lat="43.4432567" lon="6.221463299999999"><ele>189.71</ele></trkpt>
<trkpt lat="43.4432567" lon="6.2215017"><ele>189.85</ele></trkpt>
<trkpt lat="43.4432617" lon="6.22155"><ele>190.33</ele></trkpt>
<trkpt lat="43.4432717" lon="6.221596699999999"><ele>190.72</ele></trkpt>
<trkpt lat="43.4432767" lon="6.221635"><ele>191.1</ele></trkpt>
<trkpt lat="43.44328" lon="6.221685"><ele>191.35</ele></trkpt>
<trkpt lat="43.44328" lon="6.2217267"><ele>191.39</ele></trkpt>
<trkpt lat="43.4432833" lon="6.22177"><ele>191.06</ele></trkpt>
<trkpt lat="43.4432883" lon="6.2218167"><ele>190.54</ele></trkpt>
<trkpt lat="43.4432833" lon="6.2218667"><ele>190.85</ele></trkpt>
<trkpt lat="43.4432667" lon="6.2219"><ele>191.46</ele></trkpt>
<trkpt lat="43.443265" lon="6.221950000000001"><ele>191.3</ele></trkpt>
<trkpt lat="43.4432683" lon="6.2219933"><ele>191.29</ele></trkpt>
<trkpt lat="43.4432683" lon="6.2220417"><ele>190.26</ele></trkpt>
<trkpt lat="43.44327" lon="6.222085"><ele>189.41</ele></trkpt>
<trkpt lat="43.44326" lon="6.222133299999999"><ele>188.51</ele></trkpt>
<trkpt lat="43.443255" lon="6.22218"><ele>188.23</ele></trkpt>
<trkpt lat="43.4432483" lon="6.22223"><ele>188.09</ele></trkpt>
<trkpt lat="43.4432467" lon="6.2222783"><ele>188.18</ele></trkpt>
<trkpt lat="43.4432483" lon="6.2223183"><ele>188.58</ele></trkpt>
<trkpt lat="43.443235" lon="6.2223583"><ele>188.66</ele></trkpt>
<trkpt lat="43.4432183" lon="6.22239"><ele>188.2</ele></trkpt>
<trkpt lat="43.443205" lon="6.2224317"><ele>188.03</ele></trkpt>
<trkpt lat="43.4431717" lon="6.2224433"><ele>187.7</ele></trkpt>
<trkpt lat="43.4431383" lon="6.222451699999999"><ele>187.69</ele></trkpt>
<trkpt lat="43.44311" lon="6.222465"><ele>187.62</ele></trkpt>
<trkpt lat="43.4430833" lon="6.222496699999999"><ele>187.59</ele></trkpt>
<trkpt lat="43.44306" lon="6.222530000000001"><ele>187.49</ele></trkpt>
<trkpt lat="43.44304" lon="6.2225667"><ele>187.67</ele></trkpt>
<trkpt lat="43.4430167" lon="6.222595"><ele>187.76</ele></trkpt>
<trkpt lat="43.4429967" lon="6.2226283"><ele>188.21</ele></trkpt>
<trkpt lat="43.4429817" lon="6.222665000000001"><ele>188.61</ele></trkpt>
<trkpt lat="43.4429967" lon="6.2226167"><ele>184.1</ele></trkpt>
<trkpt lat="43.4430233" lon="6.2225933"><ele>184.35</ele></trkpt>
<trkpt lat="43.4430133" lon="6.222631700000001"><ele>184.06</ele></trkpt>
<trkpt lat="43.4430217" lon="6.222586699999999"><ele>185.24</ele></trkpt>
<trkpt lat="43.4430417" lon="6.222554999999999"><ele>185.22</ele></trkpt>
<trkpt lat="43.44306" lon="6.222526700000001"><ele>185.03</ele></trkpt>
<trkpt lat="43.4430867" lon="6.2224933"><ele>184.89</ele></trkpt>
<trkpt lat="43.4431083" lon="6.222463299999999"><ele>184.68</ele></trkpt>
<trkpt lat="43.4431317" lon="6.222436700000001"><ele>184.23</ele></trkpt>
<trkpt lat="43.4431567" lon="6.222418299999999"><ele>183.93</ele></trkpt>
<trkpt lat="43.4432233" lon="6.222406699999999"><ele>183.88</ele></trkpt>
<trkpt lat="43.4432517" lon="6.222391700000001"><ele>184.36</ele></trkpt>
<trkpt lat="43.4432767" lon="6.2224133"><ele>184.1</ele></trkpt>
<trkpt lat="43.44331" lon="6.222418299999999"><ele>184.06</ele></trkpt>
<trkpt lat="43.4433483" lon="6.2224117"><ele>184.35</ele></trkpt>
<trkpt lat="43.4433883" lon="6.222408299999999"><ele>184.39</ele></trkpt>
<trkpt lat="43.443425" lon="6.222406699999999"><ele>184.23</ele></trkpt>
<trkpt lat="43.4434633" lon="6.2224"><ele>184.22</ele></trkpt>
<trkpt lat="43.4434917" lon="6.2223967"><ele>184.01</ele></trkpt>
<trkpt lat="43.44352" lon="6.222393300000001"><ele>184.15</ele></trkpt>
<trkpt lat="43.4435583" lon="6.2223867"><ele>184.55</ele></trkpt>
<trkpt lat="43.4435917" lon="6.222385"><ele>185.19</ele></trkpt>
<trkpt lat="43.4436267" lon="6.222385"><ele>185.45</ele></trkpt>
<trkpt lat="43.4436667" lon="6.222375"><ele>185.59</ele></trkpt>
<trkpt lat="43.4436967" lon="6.222385"><ele>185.66</ele></trkpt>
<trkpt lat="43.4437283" lon="6.222408299999999"><ele>185.53</ele></trkpt>
<trkpt lat="43.4437617" lon="6.2224167"><ele>185.14</ele></trkpt>
<trkpt lat="43.4437917" lon="6.222436700000001"><ele>185</ele></trkpt>
<trkpt lat="43.44381" lon="6.2224733"><ele>185.41</ele></trkpt>
<trkpt lat="43.4438133" lon="6.2225133"><ele>186.14</ele></trkpt>
<trkpt lat="43.4437933" lon="6.2225467"><ele>187.13</ele></trkpt>
<trkpt lat="43.4437667" lon="6.222595"><ele>187.22</ele></trkpt>
<trkpt lat="43.443755" lon="6.22263"><ele>187.05</ele></trkpt>
<trkpt lat="43.443745" lon="6.22268"><ele>186.73</ele></trkpt>
<trkpt lat="43.44373" lon="6.222713300000001"><ele>186.88</ele></trkpt>
<trkpt lat="43.443715" lon="6.222748299999999"><ele>186.87</ele></trkpt>
<trkpt lat="43.4437033" lon="6.222785"><ele>187.05</ele></trkpt>
<trkpt lat="43.4436917" lon="6.22283"><ele>186.88</ele></trkpt>
<trkpt lat="43.4436817" lon="6.2228767"><ele>186.75</ele></trkpt>
<trkpt lat="43.443675" lon="6.222926699999999"><ele>185.55</ele></trkpt>
<trkpt lat="43.4436683" lon="6.222963300000001"><ele>185.22</ele></trkpt>
<trkpt lat="43.44366" lon="6.223"><ele>184.78</ele></trkpt>
<trkpt lat="43.4436383" lon="6.2230383"><ele>183.81</ele></trkpt>
<trkpt lat="43.4436133" lon="6.22307"><ele>182.85</ele></trkpt>
<trkpt lat="43.443585" lon="6.2231033"><ele>181.92</ele></trkpt>
<trkpt lat="43.4435583" lon="6.2231317"><ele>181.2</ele></trkpt>
<trkpt lat="43.4435383" lon="6.223156699999999"><ele>180.78</ele></trkpt>
<trkpt lat="43.4435133" lon="6.223201700000001"><ele>180.32</ele></trkpt>
<trkpt lat="43.4434917" lon="6.2232383"><ele>180.43</ele></trkpt>
<trkpt lat="43.4434717" lon="6.2232833"><ele>180.73</ele></trkpt>
<trkpt lat="43.443465" lon="6.2233233"><ele>181.26</ele></trkpt>
<trkpt lat="43.4434417" lon="6.223355"><ele>181.93</ele></trkpt>
<trkpt lat="43.4434083" lon="6.2233533"><ele>184.7</ele></trkpt>
<trkpt lat="43.44344" lon="6.2233667"><ele>184.83</ele></trkpt>
<trkpt lat="43.4434533" lon="6.223419999999999"><ele>184.27</ele></trkpt>
<trkpt lat="43.4434433" lon="6.223471700000001"><ele>183.55</ele></trkpt>
<trkpt lat="43.44344" lon="6.223509999999999"><ele>183.18</ele></trkpt>
<trkpt lat="43.4434333" lon="6.223554999999999"><ele>183.18</ele></trkpt>
<trkpt lat="43.4434217" lon="6.2235933"><ele>183.35</ele></trkpt>
<trkpt lat="43.4434117" lon="6.223631700000001"><ele>183.55</ele></trkpt>
<trkpt lat="43.443405" lon="6.2236717"><ele>183.82</ele></trkpt>
<trkpt lat="43.4434033" lon="6.2237167"><ele>183.91</ele></trkpt>
<trkpt lat="43.4434067" lon="6.223765"><ele>183.7</ele></trkpt>
<trkpt lat="43.443405" lon="6.2238033"><ele>183.62</ele></trkpt>
<trkpt lat="43.4433883" lon="6.223845"><ele>183.5</ele></trkpt>
<trkpt lat="43.4433717" lon="6.22389"><ele>183.33</ele></trkpt>
<trkpt lat="43.4433567" lon="6.2239267"><ele>183.23</ele></trkpt>
<trkpt lat="43.4433367" lon="6.223963300000001"><ele>183.13</ele></trkpt>
<trkpt lat="43.4433083" lon="6.223988299999999"><ele>183.03</ele></trkpt>
<trkpt lat="43.4432817" lon="6.224021699999999"><ele>182.99</ele></trkpt>
<trkpt lat="43.4432583" lon="6.2240617"><ele>183.41</ele></trkpt>
<trkpt lat="43.4432333" lon="6.2240917"><ele>183.58</ele></trkpt>
<trkpt lat="43.4432017" lon="6.224111699999999"><ele>183.59</ele></trkpt>
<trkpt lat="43.4431667" lon="6.2241267"><ele>183.68</ele></trkpt>
<trkpt lat="43.4431267" lon="6.22414"><ele>184.02</ele></trkpt>
<trkpt lat="43.44309" lon="6.2241483"><ele>184.54</ele></trkpt>
<trkpt lat="43.4430567" lon="6.2241417"><ele>184.47</ele></trkpt>
<trkpt lat="43.4430267" lon="6.224135"><ele>184.85</ele></trkpt>
<trkpt lat="43.442995" lon="6.2241317"><ele>184.98</ele></trkpt>
<trkpt lat="43.4429583" lon="6.2241167"><ele>185.03</ele></trkpt>
<trkpt lat="43.4429283" lon="6.2241067"><ele>184.94</ele></trkpt>
<trkpt lat="43.4428917" lon="6.2240967"><ele>184.32</ele></trkpt>
<trkpt lat="43.442865" lon="6.22409"><ele>184.43</ele></trkpt>
<trkpt lat="43.4428317" lon="6.224076699999999"><ele>184.49</ele></trkpt>
<trkpt lat="43.4427967" lon="6.2240617"><ele>184.48</ele></trkpt>
<trkpt lat="43.4427667" lon="6.2240567"><ele>184.58</ele></trkpt>
<trkpt lat="43.4427367" lon="6.2240483"><ele>184.75</ele></trkpt>
<trkpt lat="43.4427083" lon="6.2240367"><ele>185.02</ele></trkpt>
<trkpt lat="43.44268" lon="6.224023299999999"><ele>185.24</ele></trkpt>
<trkpt lat="43.44265" lon="6.2240133"><ele>185.38</ele></trkpt>
<trkpt lat="43.4426117" lon="6.2239933"><ele>185.72</ele></trkpt>
<trkpt lat="43.4425733" lon="6.2239833"><ele>186.05</ele></trkpt>
<trkpt lat="43.442545" lon="6.2239817"><ele>186.39</ele></trkpt>
<trkpt lat="43.44251" lon="6.2239917"><ele>186.54</ele></trkpt>
<trkpt lat="43.4424783" lon="6.224008300000001"><ele>185.81</ele></trkpt>
<trkpt lat="43.44245" lon="6.2240133"><ele>185.3</ele></trkpt>
<trkpt lat="43.4424167" lon="6.224041700000001"><ele>184.97</ele></trkpt>
<trkpt lat="43.4423867" lon="6.2240733"><ele>184.32</ele></trkpt>
<trkpt lat="43.442355" lon="6.2240833"><ele>184.04</ele></trkpt>
<trkpt lat="43.442325" lon="6.224085"><ele>184.15</ele></trkpt>
<trkpt lat="43.4422917" lon="6.2240617"><ele>184.41</ele></trkpt>
<trkpt lat="43.442265" lon="6.22405"><ele>184.82</ele></trkpt>
<trkpt lat="43.4422267" lon="6.224051700000001"><ele>185.31</ele></trkpt>
<trkpt lat="43.4421983" lon="6.224066699999999"><ele>185.79</ele></trkpt>
<trkpt lat="43.4421683" lon="6.224085"><ele>186.13</ele></trkpt>
<trkpt lat="43.4421367" lon="6.2241067"><ele>186.78</ele></trkpt>
<trkpt lat="43.4420967" lon="6.224105"><ele>187.59</ele></trkpt>
<trkpt lat="43.4420583" lon="6.2241017"><ele>188.58</ele></trkpt>
<trkpt lat="43.4420283" lon="6.224111699999999"><ele>189.32</ele></trkpt>
<trkpt lat="43.441995" lon="6.224115"><ele>190.35</ele></trkpt>
<trkpt lat="43.4419617" lon="6.224105"><ele>191.69</ele></trkpt>
<trkpt lat="43.441935" lon="6.2241183"><ele>192.16</ele></trkpt>
<trkpt lat="43.4419067" lon="6.2241283"><ele>192.34</ele></trkpt>
<trkpt lat="43.4418767" lon="6.224158300000001"><ele>192.73</ele></trkpt>
<trkpt lat="43.4418533" lon="6.224201700000001"><ele>192.78</ele></trkpt>
<trkpt lat="43.4418317" lon="6.2242383"><ele>192.3</ele></trkpt>
<trkpt lat="43.4418117" lon="6.2242767"><ele>191.87</ele></trkpt>
<trkpt lat="43.4417983" lon="6.22431"><ele>191.38</ele></trkpt>
<trkpt lat="43.4417883" lon="6.224363299999999"><ele>190.42</ele></trkpt>
<trkpt lat="43.4417833" lon="6.2244183"><ele>189.35</ele></trkpt>
<trkpt lat="43.44178" lon="6.2244583"><ele>188.63</ele></trkpt>
<trkpt lat="43.4417767" lon="6.224505"><ele>187.95</ele></trkpt>
<trkpt lat="43.441775" lon="6.2245467"><ele>187.64</ele></trkpt>
<trkpt lat="43.441775" lon="6.2245983"><ele>186.98</ele></trkpt>
<trkpt lat="43.4417783" lon="6.224646699999999"><ele>186.26</ele></trkpt>
<trkpt lat="43.4417983" lon="6.22469"><ele>185.99</ele></trkpt>
<trkpt lat="43.4418033" lon="6.224726700000001"><ele>185.99</ele></trkpt>
<trkpt lat="43.4418117" lon="6.224765"><ele>186.15</ele></trkpt>
<trkpt lat="43.4418333" lon="6.2247883"><ele>185.46</ele></trkpt>
<trkpt lat="43.4418467" lon="6.2248233"><ele>184.52</ele></trkpt>
<trkpt lat="43.4418533" lon="6.224865"><ele>183.89</ele></trkpt>
<trkpt lat="43.4418683" lon="6.2249"><ele>183.17</ele></trkpt>
<trkpt lat="43.44188" lon="6.2249383"><ele>182.34</ele></trkpt>
<trkpt lat="43.44189" lon="6.224975"><ele>181.7</ele></trkpt>
<trkpt lat="43.441895" lon="6.225015"><ele>181.34</ele></trkpt>
<trkpt lat="43.4418967" lon="6.225056700000001"><ele>181.36</ele></trkpt>
<trkpt lat="43.441905" lon="6.225103300000001"><ele>181.55</ele></trkpt>
<trkpt lat="43.44192" lon="6.2251433"><ele>182.4</ele></trkpt>
<trkpt lat="43.4419367" lon="6.225173299999999"><ele>182.96</ele></trkpt>
<trkpt lat="43.4419567" lon="6.2252117"><ele>183.58</ele></trkpt>
<trkpt lat="43.4419633" lon="6.2252483"><ele>183.56</ele></trkpt>
<trkpt lat="43.4419767" lon="6.2252983"><ele>183.22</ele></trkpt>
<trkpt lat="43.4419783" lon="6.2253383"><ele>183.56</ele></trkpt>
<trkpt lat="43.4419767" lon="6.225378299999999"><ele>184.16</ele></trkpt>
<trkpt lat="43.4419833" lon="6.2254267"><ele>184.71</ele></trkpt>
<trkpt lat="43.4419967" lon="6.2254617"><ele>185.3</ele></trkpt>
<trkpt lat="43.442005" lon="6.225499999999999"><ele>187.04</ele></trkpt>
<trkpt lat="43.442035" lon="6.22552"><ele>189.12</ele></trkpt>
<trkpt lat="43.4420533" lon="6.225556699999999"><ele>190.76</ele></trkpt>
<trkpt lat="43.4420733" lon="6.2255983"><ele>190.5</ele></trkpt>
<trkpt lat="43.4420583" lon="6.225638300000001"><ele>190.63</ele></trkpt>
<trkpt lat="43.4420317" lon="6.225685"><ele>191.11</ele></trkpt>
<trkpt lat="43.4420133" lon="6.22572"><ele>191.57</ele></trkpt>
<trkpt lat="43.4419983" lon="6.225765"><ele>192.36</ele></trkpt>
<trkpt lat="43.4419933" lon="6.2258117"><ele>193.01</ele></trkpt>
<trkpt lat="43.4419917" lon="6.225855"><ele>193.68</ele></trkpt>
<trkpt lat="43.44199" lon="6.225899999999999"><ele>194.21</ele></trkpt>
<trkpt lat="43.4419767" lon="6.22595"><ele>194.83</ele></trkpt>
<trkpt lat="43.4419583" lon="6.2259883"><ele>195.08</ele></trkpt>
<trkpt lat="43.44194" lon="6.2260183"><ele>195.37</ele></trkpt>
<trkpt lat="43.4419267" lon="6.2260517"><ele>195.39</ele></trkpt>
<trkpt lat="43.4419117" lon="6.2260883"><ele>195.73</ele></trkpt>
<trkpt lat="43.4419" lon="6.226128299999999"><ele>195.87</ele></trkpt>
<trkpt lat="43.441885" lon="6.2261767"><ele>195.8</ele></trkpt>
<trkpt lat="43.4418717" lon="6.2262267"><ele>195.76</ele></trkpt>
<trkpt lat="43.4418533" lon="6.2262683"><ele>195.74</ele></trkpt>
<trkpt lat="43.4418367" lon="6.2263117"><ele>195.15</ele></trkpt>
<trkpt lat="43.4418167" lon="6.226354999999999"><ele>194.73</ele></trkpt>
<trkpt lat="43.4417983" lon="6.226386700000001"><ele>194.14</ele></trkpt>
<trkpt lat="43.4417817" lon="6.226425"><ele>193.71</ele></trkpt>
<trkpt lat="43.4417583" lon="6.22646"><ele>192.63</ele></trkpt>
<trkpt lat="43.4417383" lon="6.2264883"><ele>191.7</ele></trkpt>
<trkpt lat="43.4417133" lon="6.226525000000001"><ele>190.95</ele></trkpt>
<trkpt lat="43.4416867" lon="6.2265567"><ele>190.32</ele></trkpt>
<trkpt lat="43.4416617" lon="6.2265767"><ele>189.14</ele></trkpt>
<trkpt lat="43.4416317" lon="6.2266033"><ele>187.22</ele></trkpt>
<trkpt lat="43.4416033" lon="6.22663"><ele>186.46</ele></trkpt>
<trkpt lat="43.4415867" lon="6.22666"><ele>186.56</ele></trkpt>
<trkpt lat="43.4415717" lon="6.226698299999999"><ele>186.94</ele></trkpt>
<trkpt lat="43.441555" lon="6.2267333"><ele>187.13</ele></trkpt>
<trkpt lat="43.4415367" lon="6.2267633"><ele>187.57</ele></trkpt>
<trkpt lat="43.4415117" lon="6.2267783"><ele>187.46</ele></trkpt>
<trkpt lat="43.441485" lon="6.2268033"><ele>187.56</ele></trkpt>
<trkpt lat="43.44146" lon="6.226825"><ele>187.68</ele></trkpt>
<trkpt lat="43.4414317" lon="6.2268533"><ele>187.53</ele></trkpt>
<trkpt lat="43.441405" lon="6.2268833"><ele>187.48</ele></trkpt>
<trkpt lat="43.44138" lon="6.2269117"><ele>184.86</ele></trkpt>
<trkpt lat="43.4413467" lon="6.2269267"><ele>184.86</ele></trkpt>
<trkpt lat="43.4413233" lon="6.226955"><ele>184.89</ele></trkpt>
<trkpt lat="43.4412983" lon="6.226983299999999"><ele>185.32</ele></trkpt>
<trkpt lat="43.4412683" lon="6.2270067"><ele>185.39</ele></trkpt>
<trkpt lat="43.4412417" lon="6.22703"><ele>185.39</ele></trkpt>
<trkpt lat="43.4412133" lon="6.2270517"><ele>185.29</ele></trkpt>
<trkpt lat="43.4411883" lon="6.227071699999999"><ele>185.36</ele></trkpt>
<trkpt lat="43.4411633" lon="6.2271"><ele>185.48</ele></trkpt>
<trkpt lat="43.4411367" lon="6.2271133"><ele>184.97</ele></trkpt>
<trkpt lat="43.44111" lon="6.227145"><ele>184.44</ele></trkpt>
<trkpt lat="43.4410967" lon="6.2271867"><ele>184.58</ele></trkpt>
<trkpt lat="43.4410783" lon="6.2272217"><ele>184.97</ele></trkpt>
<trkpt lat="43.4410517" lon="6.227245"><ele>185.5</ele></trkpt>
<trkpt lat="43.4410233" lon="6.2272717"><ele>185.94</ele></trkpt>
<trkpt lat="43.4409883" lon="6.2272883"><ele>185.15</ele></trkpt>
<trkpt lat="43.4409567" lon="6.227305"><ele>184.73</ele></trkpt>
<trkpt lat="43.4409267" lon="6.227323299999999"><ele>184.57</ele></trkpt>
<trkpt lat="43.4409" lon="6.22735"><ele>184.26</ele></trkpt>
<trkpt lat="43.440875" lon="6.227369999999999"><ele>183.84</ele></trkpt>
<trkpt lat="43.4408483" lon="6.227386700000001"><ele>183.15</ele></trkpt>
<trkpt lat="43.4408267" lon="6.227413299999999"><ele>183.09</ele></trkpt>
<trkpt lat="43.4408033" lon="6.227435000000001"><ele>183.25</ele></trkpt>
<trkpt lat="43.4407717" lon="6.227455"><ele>183.71</ele></trkpt>
<trkpt lat="43.4407417" lon="6.2274683"><ele>183.95</ele></trkpt>
<trkpt lat="43.4407067" lon="6.2274783"><ele>184.24</ele></trkpt>
<trkpt lat="43.4406783" lon="6.2274967"><ele>184.86</ele></trkpt>
<trkpt lat="43.4406517" lon="6.2274867"><ele>185.44</ele></trkpt>
<trkpt lat="43.4406167" lon="6.2275"><ele>185.71</ele></trkpt>
<trkpt lat="43.4405817" lon="6.2275167"><ele>185.95</ele></trkpt>
<trkpt lat="43.4405533" lon="6.227535"><ele>186.24</ele></trkpt>
<trkpt lat="43.4405233" lon="6.2275433"><ele>186.96</ele></trkpt>
<trkpt lat="43.4404883" lon="6.2275467"><ele>187.79</ele></trkpt>
<trkpt lat="43.4404533" lon="6.2275483"><ele>188.17</ele></trkpt>
<trkpt lat="43.4404217" lon="6.2275717"><ele>188.6</ele></trkpt>
<trkpt lat="43.440395" lon="6.22759"><ele>189.31</ele></trkpt>
<trkpt lat="43.44036" lon="6.22761"><ele>190.2</ele></trkpt>
<trkpt lat="43.4403317" lon="6.227625"><ele>190.92</ele></trkpt>
<trkpt lat="43.440305" lon="6.2276367"><ele>190.84</ele></trkpt>
<trkpt lat="43.4402783" lon="6.22765"><ele>190.68</ele></trkpt>
<trkpt lat="43.4402517" lon="6.227661700000001"><ele>190.17</ele></trkpt>
<trkpt lat="43.440225" lon="6.227686699999999"><ele>189.56</ele></trkpt>
<trkpt lat="43.4401983" lon="6.2277133"><ele>189</ele></trkpt>
<trkpt lat="43.4401767" lon="6.2277383"><ele>188.91</ele></trkpt>
<trkpt lat="43.4401583" lon="6.2277667"><ele>188.95</ele></trkpt>
<trkpt lat="43.4401283" lon="6.2278017"><ele>189.04</ele></trkpt>
<trkpt lat="43.4401" lon="6.227834999999999"><ele>188.99</ele></trkpt>
<trkpt lat="43.4400717" lon="6.22786"><ele>188.82</ele></trkpt>
<trkpt lat="43.4400483" lon="6.227879999999999"><ele>188.74</ele></trkpt>
<trkpt lat="43.4400233" lon="6.227905"><ele>188.6</ele></trkpt>
<trkpt lat="43.4399917" lon="6.227936699999999"><ele>187.53</ele></trkpt>
<trkpt lat="43.439955" lon="6.2279683"><ele>186.99</ele></trkpt>
<trkpt lat="43.4399317" lon="6.22799"><ele>187.89</ele></trkpt>
<trkpt lat="43.4398983" lon="6.2280117"><ele>187.95</ele></trkpt>
<trkpt lat="43.439865" lon="6.22803"><ele>185.99</ele></trkpt>
<trkpt lat="43.4398333" lon="6.2280417"><ele>184.19</ele></trkpt>
<trkpt lat="43.4398083" lon="6.2280583"><ele>183.93</ele></trkpt>
<trkpt lat="43.4397783" lon="6.228084999999999"><ele>183.1</ele></trkpt>
<trkpt lat="43.4397467" lon="6.2281"><ele>181.98</ele></trkpt>
<trkpt lat="43.4397167" lon="6.228119999999999"><ele>181.38</ele></trkpt>
<trkpt lat="43.43969" lon="6.228145"><ele>181.31</ele></trkpt>
<trkpt lat="43.4396667" lon="6.2281733"><ele>181.22</ele></trkpt>
<trkpt lat="43.439645" lon="6.2282117"><ele>181.01</ele></trkpt>
<trkpt lat="43.439625" lon="6.2282467"><ele>181.46</ele></trkpt>
<trkpt lat="43.439605" lon="6.228276699999999"><ele>181.81</ele></trkpt>
<trkpt lat="43.43961" lon="6.228315"><ele>183.04</ele></trkpt>
<trkpt lat="43.4396133" lon="6.228358300000001"><ele>183.66</ele></trkpt>
<trkpt lat="43.4396067" lon="6.2283983"><ele>183.94</ele></trkpt>
<trkpt lat="43.439595" lon="6.22844"><ele>184.67</ele></trkpt>
<trkpt lat="43.4395867" lon="6.228485"><ele>186.15</ele></trkpt>
<trkpt lat="43.4395717" lon="6.228518299999999"><ele>187.44</ele></trkpt>
<trkpt lat="43.439555" lon="6.2285567"><ele>187.93</ele></trkpt>
<trkpt lat="43.4395383" lon="6.228598299999999"><ele>188.15</ele></trkpt>
<trkpt lat="43.43952" lon="6.2286367"><ele>187.69</ele></trkpt>
<trkpt lat="43.4395083" lon="6.2286783"><ele>187.06</ele></trkpt>
<trkpt lat="43.4395" lon="6.2287217"><ele>186.69</ele></trkpt>
<trkpt lat="43.4394867" lon="6.22876"><ele>186.71</ele></trkpt>
<trkpt lat="43.4394733" lon="6.2287933"><ele>186.59</ele></trkpt>
<trkpt lat="43.4394617" lon="6.228834999999999"><ele>185.81</ele></trkpt>
<trkpt lat="43.4394517" lon="6.228880000000001"><ele>185.17</ele></trkpt>
<trkpt lat="43.4394417" lon="6.2289183"><ele>184.98</ele></trkpt>
<trkpt lat="43.4394317" lon="6.2289617"><ele>185.01</ele></trkpt>
<trkpt lat="43.4394183" lon="6.2290117"><ele>184.88</ele></trkpt>
<trkpt lat="43.439405" lon="6.22906"><ele>184.78</ele></trkpt>
<trkpt lat="43.4393917" lon="6.2291033"><ele>184.85</ele></trkpt>
<trkpt lat="43.4393783" lon="6.2291467"><ele>185</ele></trkpt>
<trkpt lat="43.4393583" lon="6.2291833"><ele>185.33</ele></trkpt>
<trkpt lat="43.43934" lon="6.2292183"><ele>185.26</ele></trkpt>
<trkpt lat="43.43932" lon="6.229258300000001"><ele>185.35</ele></trkpt>
<trkpt lat="43.4393067" lon="6.2292967"><ele>185.41</ele></trkpt>
<trkpt lat="43.43929" lon="6.229335000000001"><ele>185.35</ele></trkpt>
<trkpt lat="43.4392767" lon="6.2293767"><ele>185.63</ele></trkpt>
<trkpt lat="43.4392583" lon="6.2294133"><ele>186.29</ele></trkpt>
<trkpt lat="43.4392467" lon="6.2294567"><ele>186.57</ele></trkpt>
<trkpt lat="43.4392383" lon="6.2294967"><ele>186.81</ele></trkpt>
<trkpt lat="43.4392217" lon="6.229540000000001"><ele>187.3</ele></trkpt>
<trkpt lat="43.4392067" lon="6.2295783"><ele>187.73</ele></trkpt>
<trkpt lat="43.4391983" lon="6.2296167"><ele>187.55</ele></trkpt>
<trkpt lat="43.4391867" lon="6.2296533"><ele>187.39</ele></trkpt>
<trkpt lat="43.439165" lon="6.2296833"><ele>187.02</ele></trkpt>
<trkpt lat="43.43915" lon="6.2297183"><ele>186.59</ele></trkpt>
<trkpt lat="43.43913" lon="6.2297967"><ele>185.65</ele></trkpt>
<trkpt lat="43.439125" lon="6.2298433"><ele>184.54</ele></trkpt>
<trkpt lat="43.4391133" lon="6.2298783"><ele>184.38</ele></trkpt>
<trkpt lat="43.439095" lon="6.2299117"><ele>184.54</ele></trkpt>
<trkpt lat="43.4390783" lon="6.229945"><ele>184.58</ele></trkpt>
<trkpt lat="43.4390633" lon="6.229984999999999"><ele>184.32</ele></trkpt>
<trkpt lat="43.4390567" lon="6.2300233"><ele>184.21</ele></trkpt>
<trkpt lat="43.4390467" lon="6.23007"><ele>184.08</ele></trkpt>
<trkpt lat="43.4390367" lon="6.2301133"><ele>183.98</ele></trkpt>
<trkpt lat="43.4390267" lon="6.2301533"><ele>183.89</ele></trkpt>
<trkpt lat="43.439015" lon="6.230200000000001"><ele>183.61</ele></trkpt>
<trkpt lat="43.4389933" lon="6.23023"><ele>183.37</ele></trkpt>
<trkpt lat="43.43898" lon="6.2302717"><ele>183.28</ele></trkpt>
<trkpt lat="43.4389683" lon="6.2303133"><ele>183.28</ele></trkpt>
<trkpt lat="43.4389583" lon="6.230355"><ele>183.19</ele></trkpt>
<trkpt lat="43.4389517" lon="6.2303967"><ele>183.2</ele></trkpt>
<trkpt lat="43.43895" lon="6.230435"><ele>183.45</ele></trkpt>
<trkpt lat="43.43895" lon="6.2304733"><ele>183.62</ele></trkpt>
<trkpt lat="43.4389433" lon="6.230519999999999"><ele>183.78</ele></trkpt>
<trkpt lat="43.4389333" lon="6.2305617"><ele>183.62</ele></trkpt>
<trkpt lat="43.4389283" lon="6.2306083"><ele>183.39</ele></trkpt>
<trkpt lat="43.438925" lon="6.2306533"><ele>183.28</ele></trkpt>
<trkpt lat="43.4389317" lon="6.2306917"><ele>183.28</ele></trkpt>
<trkpt lat="43.43893" lon="6.2307317"><ele>183.44</ele></trkpt>
<trkpt lat="43.4389267" lon="6.230770000000001"><ele>183.49</ele></trkpt>
<trkpt lat="43.4389133" lon="6.2308117"><ele>183.45</ele></trkpt>
<trkpt lat="43.4389083" lon="6.23086"><ele>183.58</ele></trkpt>
<trkpt lat="43.4389017" lon="6.230905"><ele>183.68</ele></trkpt>
<trkpt lat="43.4389" lon="6.230943299999999"><ele>183.78</ele></trkpt>
<trkpt lat="43.4388983" lon="6.230985"><ele>183.79</ele></trkpt>
<trkpt lat="43.4388917" lon="6.231031699999999"><ele>183.68</ele></trkpt>
<trkpt lat="43.43888" lon="6.2310717"><ele>183.75</ele></trkpt>
<trkpt lat="43.4388683" lon="6.2311183"><ele>184.23</ele></trkpt>
<trkpt lat="43.4388617" lon="6.231156700000001"><ele>184.47</ele></trkpt>
<trkpt lat="43.4388483" lon="6.231205"><ele>184.38</ele></trkpt>
<trkpt lat="43.43884" lon="6.2312533"><ele>184.57</ele></trkpt>
<trkpt lat="43.4388367" lon="6.231301700000001"><ele>184.8</ele></trkpt>
<trkpt lat="43.4388333" lon="6.2313533"><ele>184.94</ele></trkpt>
<trkpt lat="43.4388283" lon="6.231395000000001"><ele>185.33</ele></trkpt>
<trkpt lat="43.438815" lon="6.23143"><ele>185.74</ele></trkpt>
<trkpt lat="43.4388133" lon="6.23147"><ele>185.97</ele></trkpt>
<trkpt lat="43.4387983" lon="6.2315117"><ele>186.48</ele></trkpt>
<trkpt lat="43.4387917" lon="6.2315517"><ele>186.7</ele></trkpt>
<trkpt lat="43.43879" lon="6.2315967"><ele>186.59</ele></trkpt>
<trkpt lat="43.4387833" lon="6.2316433"><ele>186.32</ele></trkpt>
<trkpt lat="43.4387767" lon="6.2316867"><ele>186.19</ele></trkpt>
<trkpt lat="43.4387733" lon="6.2317267"><ele>186.43</ele></trkpt>
<trkpt lat="43.438765" lon="6.2317717"><ele>186.74</ele></trkpt>
<trkpt lat="43.4387583" lon="6.23181"><ele>187.03</ele></trkpt>
<trkpt lat="43.4387533" lon="6.2318483"><ele>187.27</ele></trkpt>
<trkpt lat="43.4387533" lon="6.2319033"><ele>187.47</ele></trkpt>
<trkpt lat="43.4387533" lon="6.2319517"><ele>187.77</ele></trkpt>
<trkpt lat="43.4387483" lon="6.231999999999999"><ele>188.04</ele></trkpt>
<trkpt lat="43.4387383" lon="6.23204"><ele>188.01</ele></trkpt>
<trkpt lat="43.43873" lon="6.232078300000001"><ele>187.91</ele></trkpt>
<trkpt lat="43.43872" lon="6.232115"><ele>187.86</ele></trkpt>
<trkpt lat="43.43871" lon="6.2321633"><ele>188.05</ele></trkpt>
<trkpt lat="43.4386967" lon="6.2322117"><ele>188.44</ele></trkpt>
<trkpt lat="43.4387" lon="6.232250000000001"><ele>188.32</ele></trkpt>
<trkpt lat="43.43869" lon="6.2322933"><ele>188.51</ele></trkpt>
<trkpt lat="43.43868" lon="6.232333299999999"><ele>189.03</ele></trkpt>
<trkpt lat="43.4386633" lon="6.232374999999999"><ele>189.25</ele></trkpt>
<trkpt lat="43.43865" lon="6.2324117"><ele>189.38</ele></trkpt>
<trkpt lat="43.4386367" lon="6.2324467"><ele>189.57</ele></trkpt>
<trkpt lat="43.43863" lon="6.232488300000001"><ele>189.68</ele></trkpt>
<trkpt lat="43.438615" lon="6.232531700000001"><ele>189.91</ele></trkpt>
<trkpt lat="43.4386017" lon="6.232569999999999"><ele>190.08</ele></trkpt>
<trkpt lat="43.43858" lon="6.2326067"><ele>190.08</ele></trkpt>
<trkpt lat="43.438565" lon="6.2326433"><ele>189.75</ele></trkpt>
<trkpt lat="43.43855" lon="6.2326783"><ele>189.49</ele></trkpt>
<trkpt lat="43.43854" lon="6.2327133"><ele>189.13</ele></trkpt>
<trkpt lat="43.4385317" lon="6.232755"><ele>188.66</ele></trkpt>
<trkpt lat="43.438515" lon="6.23279"><ele>188.62</ele></trkpt>
<trkpt lat="43.4385" lon="6.2328317"><ele>189.04</ele></trkpt>
<trkpt lat="43.438485" lon="6.2328717"><ele>189.22</ele></trkpt>
<trkpt lat="43.4384733" lon="6.2329083"><ele>189.71</ele></trkpt>
<trkpt lat="43.43846" lon="6.2329467"><ele>190.14</ele></trkpt>
<trkpt lat="43.438445" lon="6.2329833"><ele>190.37</ele></trkpt>
<trkpt lat="43.4384267" lon="6.2330183"><ele>190.51</ele></trkpt>
<trkpt lat="43.4384117" lon="6.2330517"><ele>190.46</ele></trkpt>
<trkpt lat="43.4383983" lon="6.2330883"><ele>190.84</ele></trkpt>
<trkpt lat="43.43838" lon="6.233126699999999"><ele>191.16</ele></trkpt>
<trkpt lat="43.4383667" lon="6.233165"><ele>191.44</ele></trkpt>
<trkpt lat="43.438355" lon="6.2332067"><ele>191.6</ele></trkpt>
<trkpt lat="43.4383467" lon="6.2332433"><ele>191.58</ele></trkpt>
<trkpt lat="43.438335" lon="6.2332783"><ele>191.51</ele></trkpt>
<trkpt lat="43.4383233" lon="6.233315"><ele>191.39</ele></trkpt>
<trkpt lat="43.43831" lon="6.233351700000001"><ele>191.22</ele></trkpt>
<trkpt lat="43.4383033" lon="6.2334"><ele>191.31</ele></trkpt>
<trkpt lat="43.438315" lon="6.233441700000001"><ele>191.08</ele></trkpt>
<trkpt lat="43.4383017" lon="6.2334817"><ele>190.72</ele></trkpt>
<trkpt lat="43.438315" lon="6.23344"><ele>190.25</ele></trkpt>
<trkpt lat="43.438295" lon="6.233466699999999"><ele>192.91</ele></trkpt>
<trkpt lat="43.438255" lon="6.233469999999999"><ele>193.45</ele></trkpt>
<trkpt lat="43.4382317" lon="6.233500000000001"><ele>193.38</ele></trkpt>
<trkpt lat="43.4382133" lon="6.2335283"><ele>193.22</ele></trkpt>
<trkpt lat="43.4381983" lon="6.2335633"><ele>193.28</ele></trkpt>
<trkpt lat="43.4381833" lon="6.233601699999999"><ele>193.21</ele></trkpt>
<trkpt lat="43.438165" lon="6.233645"><ele>192.85</ele></trkpt>
<trkpt lat="43.4381517" lon="6.2336783"><ele>192.7</ele></trkpt>
<trkpt lat="43.438135" lon="6.23371"><ele>192.52</ele></trkpt>
<trkpt lat="43.4381067" lon="6.233751699999999"><ele>192.46</ele></trkpt>
<trkpt lat="43.438085" lon="6.233775000000001"><ele>192.64</ele></trkpt>
<trkpt lat="43.43806" lon="6.23379"><ele>192.75</ele></trkpt>
<trkpt lat="43.4380333" lon="6.2338017"><ele>192.99</ele></trkpt>
<trkpt lat="43.4380067" lon="6.2338183"><ele>193.49</ele></trkpt>
<trkpt lat="43.4379867" lon="6.233843299999999"><ele>193.75</ele></trkpt>
<trkpt lat="43.4379533" lon="6.233831699999999"><ele>193.71</ele></trkpt>
<trkpt lat="43.4379217" lon="6.2338233"><ele>192.1</ele></trkpt>
<trkpt lat="43.4379017" lon="6.233796699999999"><ele>191.47</ele></trkpt>
<trkpt lat="43.4378783" lon="6.23376"><ele>190.96</ele></trkpt>
<trkpt lat="43.4378633" lon="6.2337183"><ele>190.46</ele></trkpt>
<trkpt lat="43.4378433" lon="6.233683300000001"><ele>190.12</ele></trkpt>
<trkpt lat="43.43782" lon="6.2336467"><ele>189.89</ele></trkpt>
<trkpt lat="43.4377967" lon="6.233603300000001"><ele>190.07</ele></trkpt>
<trkpt lat="43.4377733" lon="6.2335617"><ele>190.06</ele></trkpt>
<trkpt lat="43.437755" lon="6.2335333"><ele>189.99</ele></trkpt>
<trkpt lat="43.437735" lon="6.2334983"><ele>189.97</ele></trkpt>
<trkpt lat="43.437715" lon="6.233458299999999"><ele>190.07</ele></trkpt>
<trkpt lat="43.437695" lon="6.233425"><ele>190.34</ele></trkpt>
<trkpt lat="43.437675" lon="6.233386700000001"><ele>190.47</ele></trkpt>
<trkpt lat="43.4376533" lon="6.23335"><ele>190.5</ele></trkpt>
<trkpt lat="43.4376283" lon="6.2333217"><ele>190.15</ele></trkpt>
<trkpt lat="43.4375967" lon="6.2332983"><ele>189.58</ele></trkpt>
<trkpt lat="43.4375683" lon="6.233261699999999"><ele>189.47</ele></trkpt>
<trkpt lat="43.4375433" lon="6.23322"><ele>189.45</ele></trkpt>
<trkpt lat="43.4375233" lon="6.233184999999999"><ele>189.64</ele></trkpt>
<trkpt lat="43.4375017" lon="6.233155"><ele>189.61</ele></trkpt>
<trkpt lat="43.4374767" lon="6.2331233"><ele>188.89</ele></trkpt>
<trkpt lat="43.4374567" lon="6.233091699999999"><ele>188.33</ele></trkpt>
<trkpt lat="43.4374283" lon="6.233058300000001"><ele>187.98</ele></trkpt>
<trkpt lat="43.4374033" lon="6.2330367"><ele>187.8</ele></trkpt>
<trkpt lat="43.437375" lon="6.233024999999999"><ele>187.37</ele></trkpt>
<trkpt lat="43.4373433" lon="6.233010000000001"><ele>187.54</ele></trkpt>
<trkpt lat="43.437315" lon="6.2329983"><ele>187.34</ele></trkpt>
<trkpt lat="43.4372817" lon="6.2329967"><ele>186.93</ele></trkpt>
<trkpt lat="43.437245" lon="6.2330017"><ele>187.06</ele></trkpt>
<trkpt lat="43.4372167" lon="6.233010000000001"><ele>187</ele></trkpt>
<trkpt lat="43.4371867" lon="6.2330167"><ele>186.71</ele></trkpt>
<trkpt lat="43.4371483" lon="6.2330317"><ele>186.75</ele></trkpt>
<trkpt lat="43.4371217" lon="6.23304"><ele>186.79</ele></trkpt>
<trkpt lat="43.4370917" lon="6.233045"><ele>186.94</ele></trkpt>
<trkpt lat="43.4370633" lon="6.23304"><ele>187.06</ele></trkpt>
<trkpt lat="43.4370333" lon="6.23302"><ele>186.63</ele></trkpt>
<trkpt lat="43.4370033" lon="6.2329883"><ele>186.23</ele></trkpt>
<trkpt lat="43.4369783" lon="6.232955"><ele>186.06</ele></trkpt>
<trkpt lat="43.4369533" lon="6.232920000000001"><ele>186.14</ele></trkpt>
<trkpt lat="43.4369283" lon="6.232886699999999"><ele>186.46</ele></trkpt>
<trkpt lat="43.4369083" lon="6.232853299999999"><ele>186.31</ele></trkpt>
<trkpt lat="43.4368983" lon="6.232815"><ele>185.89</ele></trkpt>
<trkpt lat="43.436875" lon="6.23279"><ele>185.73</ele></trkpt>
<trkpt lat="43.436845" lon="6.232771700000001"><ele>185.23</ele></trkpt>
<trkpt lat="43.43681" lon="6.2327433"><ele>184.99</ele></trkpt>
<trkpt lat="43.4367817" lon="6.232708299999999"><ele>184.95</ele></trkpt>
<trkpt lat="43.43676" lon="6.2326783"><ele>185.45</ele></trkpt>
<trkpt lat="43.4367317" lon="6.232638300000001"><ele>185.74</ele></trkpt>
<trkpt lat="43.4367117" lon="6.2326117"><ele>185.67</ele></trkpt>
<trkpt lat="43.4366817" lon="6.232590000000001"><ele>185.77</ele></trkpt>
<trkpt lat="43.436655" lon="6.232575"><ele>185.91</ele></trkpt>
<trkpt lat="43.43662" lon="6.232556699999999"><ele>185.71</ele></trkpt>
<trkpt lat="43.43659" lon="6.23254"><ele>185.22</ele></trkpt>
<trkpt lat="43.436555" lon="6.2325233"><ele>185.38</ele></trkpt>
<trkpt lat="43.43652" lon="6.2325067"><ele>185.64</ele></trkpt>
<trkpt lat="43.43649" lon="6.2325017"><ele>185.86</ele></trkpt>
<trkpt lat="43.4364567" lon="6.232495"><ele>185.78</ele></trkpt>
<trkpt lat="43.4364167" lon="6.232488300000001"><ele>185.71</ele></trkpt>
<trkpt lat="43.4363767" lon="6.232485"><ele>185.61</ele></trkpt>
<trkpt lat="43.4363483" lon="6.232485"><ele>185.6</ele></trkpt>
<trkpt lat="43.4363083" lon="6.2324833"><ele>185.36</ele></trkpt>
<trkpt lat="43.4362767" lon="6.2324933"><ele>185.21</ele></trkpt>
<trkpt lat="43.4362433" lon="6.2325183"><ele>185.56</ele></trkpt>
<trkpt lat="43.4362083" lon="6.2325283"><ele>186.02</ele></trkpt>
<trkpt lat="43.4361767" lon="6.2325333"><ele>186.45</ele></trkpt>
<trkpt lat="43.43614" lon="6.232531700000001"><ele>186.38</ele></trkpt>
<trkpt lat="43.4361033" lon="6.232535"><ele>186.18</ele></trkpt>
<trkpt lat="43.4360767" lon="6.2325283"><ele>186.15</ele></trkpt>
<trkpt lat="43.4360433" lon="6.2325233"><ele>186.55</ele></trkpt>
<trkpt lat="43.4360133" lon="6.232535"><ele>186.93</ele></trkpt>
<trkpt lat="43.4359833" lon="6.23253"><ele>187.14</ele></trkpt>
<trkpt lat="43.43595" lon="6.23253"><ele>186.93</ele></trkpt>
<trkpt lat="43.4359183" lon="6.232545000000001"><ele>186.18</ele></trkpt>
<trkpt lat="43.4359" lon="6.23258"><ele>185.83</ele></trkpt>
<trkpt lat="43.43589" lon="6.2325433"><ele>184.96</ele></trkpt>
<trkpt lat="43.4358767" lon="6.23251"><ele>184.49</ele></trkpt>
<trkpt lat="43.43584" lon="6.232505"><ele>184.37</ele></trkpt>
<trkpt lat="43.4358033" lon="6.2325167"><ele>184.1</ele></trkpt>
<trkpt lat="43.43577" lon="6.2325433"><ele>183.8</ele></trkpt>
<trkpt lat="43.4357467" lon="6.2325733"><ele>183.37</ele></trkpt>
<trkpt lat="43.435725" lon="6.232601699999999"><ele>183.03</ele></trkpt>
<trkpt lat="43.4357033" lon="6.2326267"><ele>182.65</ele></trkpt>
<trkpt lat="43.43568" lon="6.2326617"><ele>182.06</ele></trkpt>
<trkpt lat="43.4356567" lon="6.232691699999999"><ele>181.55</ele></trkpt>
<trkpt lat="43.4356383" lon="6.232736700000001"><ele>181.25</ele></trkpt>
<trkpt lat="43.435615" lon="6.232771700000001"><ele>181.2</ele></trkpt>
<trkpt lat="43.4355967" lon="6.2328017"><ele>181.03</ele></trkpt>
<trkpt lat="43.43558" lon="6.2328467"><ele>181.35</ele></trkpt>
<trkpt lat="43.4355517" lon="6.2328633"><ele>181.66</ele></trkpt>
<trkpt lat="43.4355233" lon="6.23289"><ele>181.65</ele></trkpt>
<trkpt lat="43.4355" lon="6.2329117"><ele>181.5</ele></trkpt>
<trkpt lat="43.4354867" lon="6.2329483"><ele>181.98</ele></trkpt>
<trkpt lat="43.4354967" lon="6.232985"><ele>182.92</ele></trkpt>
<trkpt lat="43.43546" lon="6.232989999999999"><ele>183.92</ele></trkpt>
<trkpt lat="43.4354233" lon="6.2330083"><ele>184.06</ele></trkpt>
<trkpt lat="43.435395" lon="6.2330267"><ele>184.61</ele></trkpt>
<trkpt lat="43.4353733" lon="6.233055"><ele>185.11</ele></trkpt>
<trkpt lat="43.4353433" lon="6.233066700000001"><ele>185.14</ele></trkpt>
<trkpt lat="43.4353133" lon="6.233081699999999"><ele>185.21</ele></trkpt>
<trkpt lat="43.4352867" lon="6.233093299999999"><ele>185.42</ele></trkpt>
<trkpt lat="43.4352483" lon="6.2331"><ele>185.56</ele></trkpt>
<trkpt lat="43.435205" lon="6.2330967"><ele>185.38</ele></trkpt>
<trkpt lat="43.4351683" lon="6.233105"><ele>185.03</ele></trkpt>
<trkpt lat="43.435135" lon="6.23311"><ele>184.9</ele></trkpt>
<trkpt lat="43.4351017" lon="6.233113300000001"><ele>184.96</ele></trkpt>
<trkpt lat="43.4350733" lon="6.2331167"><ele>185.04</ele></trkpt>
<trkpt lat="43.435035" lon="6.233111700000001"><ele>185.3</ele></trkpt>
<trkpt lat="43.4350033" lon="6.2331033"><ele>185.54</ele></trkpt>
<trkpt lat="43.434975" lon="6.2331"><ele>185.31</ele></trkpt>
<trkpt lat="43.434945" lon="6.2330983"><ele>185.2</ele></trkpt>
<trkpt lat="43.4349133" lon="6.233093299999999"><ele>184.94</ele></trkpt>
<trkpt lat="43.43488" lon="6.233095"><ele>184.87</ele></trkpt>
<trkpt lat="43.4348517" lon="6.233093299999999"><ele>184.77</ele></trkpt>
<trkpt lat="43.4348217" lon="6.233091699999999"><ele>184.84</ele></trkpt>
<trkpt lat="43.4347833" lon="6.2330983"><ele>185.09</ele></trkpt>
<trkpt lat="43.434745" lon="6.2330967"><ele>185.42</ele></trkpt>
<trkpt lat="43.4347067" lon="6.233091699999999"><ele>185.04</ele></trkpt>
<trkpt lat="43.4346783" lon="6.23309"><ele>184.9</ele></trkpt>
<trkpt lat="43.43464" lon="6.2330883"><ele>184.68</ele></trkpt>
<trkpt lat="43.434605" lon="6.233091699999999"><ele>184.41</ele></trkpt>
<trkpt lat="43.4345767" lon="6.23309"><ele>184.37</ele></trkpt>
<trkpt lat="43.4345467" lon="6.233085"><ele>184.27</ele></trkpt>
<trkpt lat="43.43451" lon="6.233083299999999"><ele>184.5</ele></trkpt>
<trkpt lat="43.434475" lon="6.233079999999999"><ele>185.4</ele></trkpt>
<trkpt lat="43.4344467" lon="6.233079999999999"><ele>185.94</ele></trkpt>
<trkpt lat="43.4344183" lon="6.2330767"><ele>186.3</ele></trkpt>
<trkpt lat="43.43439" lon="6.2330767"><ele>186.68</ele></trkpt>
<trkpt lat="43.43435" lon="6.233075"><ele>187.02</ele></trkpt>
<trkpt lat="43.43431" lon="6.2330717"><ele>187.41</ele></trkpt>
<trkpt lat="43.4342717" lon="6.2330617"><ele>187.89</ele></trkpt>
<trkpt lat="43.4342333" lon="6.2330617"><ele>188.57</ele></trkpt>
<trkpt lat="43.4341933" lon="6.23306"><ele>189.49</ele></trkpt>
<trkpt lat="43.434155" lon="6.233056700000001"><ele>190.03</ele></trkpt>
<trkpt lat="43.4341167" lon="6.233055"><ele>190.16</ele></trkpt>
<trkpt lat="43.4340817" lon="6.2330517"><ele>189.94</ele></trkpt>
<trkpt lat="43.4340517" lon="6.23305"><ele>189.42</ele></trkpt>
<trkpt lat="43.434015" lon="6.233045"><ele>189.13</ele></trkpt>
<trkpt lat="43.4339767" lon="6.2330333"><ele>188.9</ele></trkpt>
<trkpt lat="43.4339467" lon="6.233034999999999"><ele>188.79</ele></trkpt>
<trkpt lat="43.4339133" lon="6.233034999999999"><ele>188.62</ele></trkpt>
<trkpt lat="43.4338833" lon="6.233034999999999"><ele>188.4</ele></trkpt>
<trkpt lat="43.4338533" lon="6.23304"><ele>188.11</ele></trkpt>
<trkpt lat="43.4338233" lon="6.2330417"><ele>187.83</ele></trkpt>
<trkpt lat="43.433795" lon="6.23304"><ele>187.54</ele></trkpt>
<trkpt lat="43.433755" lon="6.2330367"><ele>186.78</ele></trkpt>
<trkpt lat="43.4337267" lon="6.2330367"><ele>186.51</ele></trkpt>
<trkpt lat="43.433695" lon="6.233034999999999"><ele>186.3</ele></trkpt>
<trkpt lat="43.4336667" lon="6.23303"><ele>185.94</ele></trkpt>
<trkpt lat="43.4336383" lon="6.23302"><ele>185.54</ele></trkpt>
<trkpt lat="43.4336" lon="6.2330117"><ele>185.01</ele></trkpt>
<trkpt lat="43.4335617" lon="6.2330067"><ele>184.53</ele></trkpt>
<trkpt lat="43.43352" lon="6.2330017"><ele>183.94</ele></trkpt>
<trkpt lat="43.4334917" lon="6.2329983"><ele>183.94</ele></trkpt>
<trkpt lat="43.4334633" lon="6.2329967"><ele>184.1</ele></trkpt>
<trkpt lat="43.4334317" lon="6.2329917"><ele>184.47</ele></trkpt>
<trkpt lat="43.4334033" lon="6.2329867"><ele>184.96</ele></trkpt>
<trkpt lat="43.4333617" lon="6.23298"><ele>185.43</ele></trkpt>
<trkpt lat="43.4333333" lon="6.232978300000001"><ele>185.62</ele></trkpt>
<trkpt lat="43.433305" lon="6.2329733"><ele>186.05</ele></trkpt>
<trkpt lat="43.4332767" lon="6.2329667"><ele>186.63</ele></trkpt>
<trkpt lat="43.4332433" lon="6.232965000000001"><ele>187.09</ele></trkpt>
<trkpt lat="43.4332133" lon="6.2329633"><ele>187.54</ele></trkpt>
<trkpt lat="43.4331833" lon="6.2329633"><ele>187.92</ele></trkpt>
<trkpt lat="43.4331533" lon="6.232965000000001"><ele>188.18</ele></trkpt>
<trkpt lat="43.4331267" lon="6.2329583"><ele>188.43</ele></trkpt>
<trkpt lat="43.43309" lon="6.2329567"><ele>188.85</ele></trkpt>
<trkpt lat="43.43305" lon="6.2329533"><ele>189.28</ele></trkpt>
<trkpt lat="43.43302" lon="6.2329533"><ele>189.62</ele></trkpt>
<trkpt lat="43.4329917" lon="6.2329533"><ele>189.65</ele></trkpt>
<trkpt lat="43.4329517" lon="6.2329533"><ele>189.52</ele></trkpt>
<trkpt lat="43.4329133" lon="6.232955"><ele>189.62</ele></trkpt>
<trkpt lat="43.432875" lon="6.2329533"><ele>189.75</ele></trkpt>
<trkpt lat="43.43284" lon="6.232944999999999"><ele>189.82</ele></trkpt>
<trkpt lat="43.432805" lon="6.2329367"><ele>189.66</ele></trkpt>
<trkpt lat="43.4327767" lon="6.232925"><ele>189.45</ele></trkpt>
<trkpt lat="43.4328167" lon="6.2329517"><ele>189.14</ele></trkpt>
<trkpt lat="43.4327867" lon="6.2329683"><ele>190.52</ele></trkpt>
<trkpt lat="43.4327567" lon="6.232976699999999"><ele>190.71</ele></trkpt>
<trkpt lat="43.4327267" lon="6.232978300000001"><ele>190.85</ele></trkpt>
<trkpt lat="43.43269" lon="6.2329833"><ele>191.02</ele></trkpt>
<trkpt lat="43.43265" lon="6.2329867"><ele>191.22</ele></trkpt>
<trkpt lat="43.4326133" lon="6.2329883"><ele>191.51</ele></trkpt>
<trkpt lat="43.4325833" lon="6.2329867"><ele>191.3</ele></trkpt>
<trkpt lat="43.4325533" lon="6.232985"><ele>191.17</ele></trkpt>
<trkpt lat="43.432525" lon="6.232985"><ele>191.01</ele></trkpt>
<trkpt lat="43.4324933" lon="6.232985"><ele>190.8</ele></trkpt>
<trkpt lat="43.4324567" lon="6.232978300000001"><ele>190.41</ele></trkpt>
<trkpt lat="43.4324167" lon="6.232978300000001"><ele>190.17</ele></trkpt>
<trkpt lat="43.4323883" lon="6.23298"><ele>190.18</ele></trkpt>
<trkpt lat="43.43236" lon="6.232978300000001"><ele>190.29</ele></trkpt>
<trkpt lat="43.43232" lon="6.232976699999999"><ele>190.76</ele></trkpt>
<trkpt lat="43.4322917" lon="6.2329717"><ele>191.33</ele></trkpt>
<trkpt lat="43.4322633" lon="6.23297"><ele>191.53</ele></trkpt>
<trkpt lat="43.4322317" lon="6.2329683"><ele>191.53</ele></trkpt>
<trkpt lat="43.432195" lon="6.2329733"><ele>191.53</ele></trkpt>
<trkpt lat="43.43216" lon="6.23298"><ele>191.57</ele></trkpt>
<trkpt lat="43.432125" lon="6.23298"><ele>192.11</ele></trkpt>
<trkpt lat="43.4320933" lon="6.232975"><ele>191.81</ele></trkpt>
<trkpt lat="43.43206" lon="6.232976699999999"><ele>191.47</ele></trkpt>
<trkpt lat="43.4320233" lon="6.23297"><ele>191.26</ele></trkpt>
<trkpt lat="43.4319983" lon="6.2329533"><ele>191.41</ele></trkpt>
<trkpt lat="43.431975" lon="6.2329283"><ele>191.45</ele></trkpt>
<trkpt lat="43.4319483" lon="6.2329083"><ele>191.54</ele></trkpt>
<trkpt lat="43.4319267" lon="6.2328833"><ele>191.46</ele></trkpt>
<trkpt lat="43.431905" lon="6.2328583"><ele>191.61</ele></trkpt>
<trkpt lat="43.4318833" lon="6.2328233"><ele>192.02</ele></trkpt>
<trkpt lat="43.431865" lon="6.2327867"><ele>192.53</ele></trkpt>
<trkpt lat="43.4318433" lon="6.2327617"><ele>192.87</ele></trkpt>
<trkpt lat="43.43181" lon="6.232725000000001"><ele>193.49</ele></trkpt>
<trkpt lat="43.431785" lon="6.2326867"><ele>193.83</ele></trkpt>
<trkpt lat="43.431765" lon="6.2326517"><ele>193.84</ele></trkpt>
<trkpt lat="43.4317483" lon="6.2326083"><ele>193.88</ele></trkpt>
<trkpt lat="43.4317433" lon="6.2325617"><ele>193.87</ele></trkpt>
<trkpt lat="43.43172" lon="6.2325233"><ele>193.94</ele></trkpt>
<trkpt lat="43.4317" lon="6.2324967"><ele>193.93</ele></trkpt>
<trkpt lat="43.431675" lon="6.2324567"><ele>194.3</ele></trkpt>
<trkpt lat="43.4316483" lon="6.2324267"><ele>194.28</ele></trkpt>
<trkpt lat="43.4316167" lon="6.232398300000001"><ele>194.21</ele></trkpt>
<trkpt lat="43.431595" lon="6.232364999999999"><ele>193.89</ele></trkpt>
<trkpt lat="43.43157" lon="6.232329999999999"><ele>193.66</ele></trkpt>
<trkpt lat="43.43155" lon="6.232305000000001"><ele>193.72</ele></trkpt>
<trkpt lat="43.4315233" lon="6.2322833"><ele>193.82</ele></trkpt>
<trkpt lat="43.4315017" lon="6.2322567"><ele>194.03</ele></trkpt>
<trkpt lat="43.4314817" lon="6.232225"><ele>193.98</ele></trkpt>
<trkpt lat="43.43146" lon="6.232195"><ele>194.02</ele></trkpt>
<trkpt lat="43.4314417" lon="6.2321633"><ele>194.07</ele></trkpt>
<trkpt lat="43.4314183" lon="6.2321217"><ele>193.81</ele></trkpt>
<trkpt lat="43.4314067" lon="6.232075"><ele>193.4</ele></trkpt>
<trkpt lat="43.4313883" lon="6.23204"><ele>193.32</ele></trkpt>
<trkpt lat="43.4313733" lon="6.232006700000001"><ele>193.28</ele></trkpt>
<trkpt lat="43.431335" lon="6.231985"><ele>193.16</ele></trkpt>
<trkpt lat="43.431305" lon="6.2319583"><ele>193.29</ele></trkpt>
<trkpt lat="43.4312783" lon="6.23194"><ele>193.43</ele></trkpt>
<trkpt lat="43.431255" lon="6.2319083"><ele>193.63</ele></trkpt>
<trkpt lat="43.4312367" lon="6.23188"><ele>193.81</ele></trkpt>
<trkpt lat="43.431215" lon="6.231853299999999"><ele>194.07</ele></trkpt>
<trkpt lat="43.431195" lon="6.231826700000001"><ele>194.3</ele></trkpt>
<trkpt lat="43.4311717" lon="6.23179"><ele>194.51</ele></trkpt>
<trkpt lat="43.431145" lon="6.231775"><ele>194.7</ele></trkpt>
<trkpt lat="43.4311183" lon="6.231735"><ele>194.72</ele></trkpt>
<trkpt lat="43.4310883" lon="6.2317083"><ele>194.74</ele></trkpt>
<trkpt lat="43.431055" lon="6.231680000000001"><ele>194.84</ele></trkpt>
<trkpt lat="43.43103" lon="6.2316633"><ele>194.66</ele></trkpt>
<trkpt lat="43.4309917" lon="6.231648299999999"><ele>194.46</ele></trkpt>
<trkpt lat="43.4309617" lon="6.231633300000001"><ele>194.42</ele></trkpt>
<trkpt lat="43.4309333" lon="6.2316233"><ele>194.62</ele></trkpt>
<trkpt lat="43.4309067" lon="6.2316067"><ele>194.64</ele></trkpt>
<trkpt lat="43.4308783" lon="6.231586700000001"><ele>194.29</ele></trkpt>
<trkpt lat="43.4308467" lon="6.2315617"><ele>194.06</ele></trkpt>
<trkpt lat="43.4308217" lon="6.2315467"><ele>193.81</ele></trkpt>
<trkpt lat="43.430795" lon="6.231535"><ele>193.68</ele></trkpt>
<trkpt lat="43.430765" lon="6.2315217"><ele>193.67</ele></trkpt>
<trkpt lat="43.4307383" lon="6.231496700000001"><ele>193.62</ele></trkpt>
<trkpt lat="43.4307117" lon="6.2314833"><ele>193.8</ele></trkpt>
<trkpt lat="43.430685" lon="6.2314733"><ele>194</ele></trkpt>
<trkpt lat="43.43065" lon="6.2314617"><ele>194.33</ele></trkpt>
<trkpt lat="43.4306217" lon="6.231440000000001"><ele>194.34</ele></trkpt>
<trkpt lat="43.4306167" lon="6.2314033"><ele>194.06</ele></trkpt>
<trkpt lat="43.4305783" lon="6.231385"><ele>191.26</ele></trkpt>
<trkpt lat="43.4305517" lon="6.2313733"><ele>191.89</ele></trkpt>
<trkpt lat="43.4305233" lon="6.231350000000001"><ele>192.42</ele></trkpt>
<trkpt lat="43.4304967" lon="6.231328299999999"><ele>192.76</ele></trkpt>
<trkpt lat="43.430465" lon="6.2313217"><ele>192.62</ele></trkpt>
<trkpt lat="43.4304367" lon="6.231291700000001"><ele>192.78</ele></trkpt>
<trkpt lat="43.43041" lon="6.231265"><ele>193.23</ele></trkpt>
<trkpt lat="43.4303833" lon="6.231246700000001"><ele>193.63</ele></trkpt>
<trkpt lat="43.4303583" lon="6.231226699999999"><ele>194.38</ele></trkpt>
<trkpt lat="43.4303317" lon="6.2312067"><ele>194.87</ele></trkpt>
<trkpt lat="43.4303033" lon="6.231185"><ele>195.19</ele></trkpt>
<trkpt lat="43.43028" lon="6.2311633"><ele>195.31</ele></trkpt>
<trkpt lat="43.4302567" lon="6.231134999999999"><ele>195.34</ele></trkpt>
<trkpt lat="43.4302267" lon="6.2310967"><ele>194.94</ele></trkpt>
<trkpt lat="43.4302083" lon="6.23106"><ele>194.76</ele></trkpt>
<trkpt lat="43.43019" lon="6.2310217"><ele>194.58</ele></trkpt>
<trkpt lat="43.4301717" lon="6.2309917"><ele>194.45</ele></trkpt>
<trkpt lat="43.4301533" lon="6.2309567"><ele>194.37</ele></trkpt>
<trkpt lat="43.4301267" lon="6.230916700000001"><ele>193.85</ele></trkpt>
<trkpt lat="43.4301083" lon="6.2308883"><ele>193.61</ele></trkpt>
<trkpt lat="43.43009" lon="6.2308517"><ele>193.41</ele></trkpt>
<trkpt lat="43.4300717" lon="6.2308167"><ele>193.16</ele></trkpt>
<trkpt lat="43.4300467" lon="6.2307867"><ele>192.96</ele></trkpt>
<trkpt lat="43.4300267" lon="6.230755"><ele>192.69</ele></trkpt>
<trkpt lat="43.43001" lon="6.230725000000001"><ele>192.48</ele></trkpt>
<trkpt lat="43.42999" lon="6.2306867"><ele>192.19</ele></trkpt>
<trkpt lat="43.42997" lon="6.2306467"><ele>191.89</ele></trkpt>
<trkpt lat="43.4299517" lon="6.230611699999999"><ele>191.86</ele></trkpt>
<trkpt lat="43.429935" lon="6.2305767"><ele>191.77</ele></trkpt>
<trkpt lat="43.42992" lon="6.230541700000001"><ele>191.83</ele></trkpt>
<trkpt lat="43.4299017" lon="6.230506699999999"><ele>192.07</ele></trkpt>
<trkpt lat="43.4298783" lon="6.230463299999999"><ele>192.16</ele></trkpt>
<trkpt lat="43.42986" lon="6.230416699999999"><ele>192.14</ele></trkpt>
<trkpt lat="43.42984" lon="6.2303867"><ele>191.69</ele></trkpt>
<trkpt lat="43.4298167" lon="6.2303567"><ele>191.8</ele></trkpt>
<trkpt lat="43.4298017" lon="6.2303233"><ele>191.58</ele></trkpt>
<trkpt lat="43.4297767" lon="6.230283299999999"><ele>191.71</ele></trkpt>
<trkpt lat="43.42976" lon="6.2302367"><ele>191.76</ele></trkpt>
<trkpt lat="43.4297433" lon="6.2302017"><ele>191.55</ele></trkpt>
<trkpt lat="43.42973" lon="6.23015"><ele>191.52</ele></trkpt>
<trkpt lat="43.429715" lon="6.230110000000001"><ele>191.84</ele></trkpt>
<trkpt lat="43.4297" lon="6.2300683"><ele>192.18</ele></trkpt>
<trkpt lat="43.42969" lon="6.230031699999999"><ele>192.62</ele></trkpt>
<trkpt lat="43.4296733" lon="6.22999"><ele>192.83</ele></trkpt>
<trkpt lat="43.429655" lon="6.2299517"><ele>192.91</ele></trkpt>
<trkpt lat="43.4296467" lon="6.2299133"><ele>193.32</ele></trkpt>
<trkpt lat="43.429635" lon="6.2298667"><ele>193.17</ele></trkpt>
<trkpt lat="43.4296283" lon="6.22983"><ele>193.23</ele></trkpt>
<trkpt lat="43.42962" lon="6.229785"><ele>193.07</ele></trkpt>
<trkpt lat="43.4296117" lon="6.2297433"><ele>192.65</ele></trkpt>
<trkpt lat="43.4296017" lon="6.229688300000001"><ele>192.09</ele></trkpt>
<trkpt lat="43.4296017" lon="6.2296467"><ele>191.86</ele></trkpt>
<trkpt lat="43.429595" lon="6.229609999999999"><ele>191.52</ele></trkpt>
<trkpt lat="43.4295833" lon="6.2295733"><ele>191.21</ele></trkpt>
<trkpt lat="43.4295667" lon="6.2295383"><ele>191.03</ele></trkpt>
<trkpt lat="43.42955" lon="6.2294917"><ele>191.03</ele></trkpt>
<trkpt lat="43.42954" lon="6.2294467"><ele>191.13</ele></trkpt>
<trkpt lat="43.429525" lon="6.229404999999999"><ele>190.79</ele></trkpt>
<trkpt lat="43.4295167" lon="6.22935"><ele>190.78</ele></trkpt>
<trkpt lat="43.429505" lon="6.2292967"><ele>190.83</ele></trkpt>
<trkpt lat="43.4295" lon="6.229258300000001"><ele>190.83</ele></trkpt>
<trkpt lat="43.4294917" lon="6.229210000000001"><ele>191.41</ele></trkpt>
<trkpt lat="43.4294883" lon="6.2291633"><ele>191.47</ele></trkpt>
<trkpt lat="43.4294717" lon="6.2291283"><ele>191.69</ele></trkpt>
<trkpt lat="43.4294617" lon="6.2290833"><ele>191.89</ele></trkpt>
<trkpt lat="43.4294567" lon="6.2290317"><ele>191.31</ele></trkpt>
<trkpt lat="43.4294483" lon="6.2289933"><ele>191.33</ele></trkpt>
<trkpt lat="43.4294317" lon="6.2289517"><ele>191.22</ele></trkpt>
<trkpt lat="43.429415" lon="6.2289067"><ele>191.07</ele></trkpt>
<trkpt lat="43.4293983" lon="6.2288717"><ele>191.04</ele></trkpt>
<trkpt lat="43.4293817" lon="6.228838299999999"><ele>190.94</ele></trkpt>
<trkpt lat="43.4293683" lon="6.2288"><ele>190.93</ele></trkpt>
<trkpt lat="43.42936" lon="6.2287483"><ele>190.96</ele></trkpt>
<trkpt lat="43.4293617" lon="6.2286917"><ele>190.02</ele></trkpt>
<trkpt lat="43.429355" lon="6.228643300000001"><ele>189.06</ele></trkpt>
<trkpt lat="43.42934" lon="6.2286033"><ele>188.33</ele></trkpt>
<trkpt lat="43.4293217" lon="6.2285567"><ele>187.79</ele></trkpt>
<trkpt lat="43.4292917" lon="6.2285317"><ele>186.8</ele></trkpt>
<trkpt lat="43.4292633" lon="6.2285167"><ele>186.26</ele></trkpt>
<trkpt lat="43.4292333" lon="6.228506699999999"><ele>185.59</ele></trkpt>
<trkpt lat="43.4292033" lon="6.228495000000001"><ele>185.26</ele></trkpt>
<trkpt lat="43.429165" lon="6.228483300000001"><ele>184.9</ele></trkpt>
<trkpt lat="43.4291333" lon="6.228473299999999"><ele>184.84</ele></trkpt>
<trkpt lat="43.429095" lon="6.2284583"><ele>185.02</ele></trkpt>
<trkpt lat="43.4290617" lon="6.2284417"><ele>185.19</ele></trkpt>
<trkpt lat="43.4290433" lon="6.22841"><ele>185.16</ele></trkpt>
<trkpt lat="43.4290283" lon="6.2283717"><ele>185.58</ele></trkpt>
<trkpt lat="43.429015" lon="6.2283267"><ele>185.89</ele></trkpt>
<trkpt lat="43.4289967" lon="6.2282833"><ele>185.77</ele></trkpt>
<trkpt lat="43.4289667" lon="6.2282567"><ele>185.96</ele></trkpt>
<trkpt lat="43.4289367" lon="6.2282717"><ele>186.21</ele></trkpt>
<trkpt lat="43.4289017" lon="6.2282567"><ele>186.06</ele></trkpt>
<trkpt lat="43.42887" lon="6.228275"><ele>185.51</ele></trkpt>
<trkpt lat="43.42883" lon="6.228264999999999"><ele>185.23</ele></trkpt>
<trkpt lat="43.4288033" lon="6.228251700000001"><ele>185.39</ele></trkpt>
<trkpt lat="43.428775" lon="6.228235"><ele>185.59</ele></trkpt>
<trkpt lat="43.428745" lon="6.2282183"><ele>185.86</ele></trkpt>
<trkpt lat="43.4287183" lon="6.228205"><ele>186.08</ele></trkpt>
<trkpt lat="43.4286817" lon="6.22819"><ele>186.1</ele></trkpt>
<trkpt lat="43.4286433" lon="6.2281733"><ele>186.13</ele></trkpt>
<trkpt lat="43.4286033" lon="6.2281567"><ele>186.01</ele></trkpt>
<trkpt lat="43.4285717" lon="6.228150000000001"><ele>186.05</ele></trkpt>
<trkpt lat="43.4285433" lon="6.22814"><ele>185.78</ele></trkpt>
<trkpt lat="43.428515" lon="6.22814"><ele>185.64</ele></trkpt>
<trkpt lat="43.42848" lon="6.2281567"><ele>185.63</ele></trkpt>
<trkpt lat="43.4284417" lon="6.2281683"><ele>185.82</ele></trkpt>
<trkpt lat="43.4284" lon="6.22817"><ele>185.76</ele></trkpt>
<trkpt lat="43.4283683" lon="6.2281683"><ele>185.85</ele></trkpt>
<trkpt lat="43.4283317" lon="6.228164999999999"><ele>186.32</ele></trkpt>
<trkpt lat="43.4283" lon="6.2281567"><ele>187.11</ele></trkpt>
<trkpt lat="43.4282667" lon="6.228143299999999"><ele>187.29</ele></trkpt>
<trkpt lat="43.4282333" lon="6.2281417"><ele>187.25</ele></trkpt>
<trkpt lat="43.4282067" lon="6.2281583"><ele>186.98</ele></trkpt>
<trkpt lat="43.4281783" lon="6.2281867"><ele>186.38</ele></trkpt>
<trkpt lat="43.4281533" lon="6.228215"><ele>185.97</ele></trkpt>
<trkpt lat="43.4281267" lon="6.228233299999999"><ele>185.67</ele></trkpt>
<trkpt lat="43.4281" lon="6.22824"><ele>185.89</ele></trkpt>
<trkpt lat="43.4280667" lon="6.228241700000001"><ele>185.6</ele></trkpt>
<trkpt lat="43.4280267" lon="6.228225"><ele>185.46</ele></trkpt>
<trkpt lat="43.427995" lon="6.2282183"><ele>185.43</ele></trkpt>
<trkpt lat="43.4279583" lon="6.2282183"><ele>185.33</ele></trkpt>
<trkpt lat="43.4279183" lon="6.228215"><ele>185.75</ele></trkpt>
<trkpt lat="43.427885" lon="6.228210000000001"><ele>186.15</ele></trkpt>
<trkpt lat="43.4278567" lon="6.228206700000001"><ele>186.34</ele></trkpt>
<trkpt lat="43.4278267" lon="6.2282017"><ele>186.02</ele></trkpt>
<trkpt lat="43.427795" lon="6.228188299999999"><ele>186.37</ele></trkpt>
<trkpt lat="43.4277683" lon="6.228176699999999"><ele>185.85</ele></trkpt>
<trkpt lat="43.42774" lon="6.2281667"><ele>185.76</ele></trkpt>
<trkpt lat="43.4277117" lon="6.2281583"><ele>185.64</ele></trkpt>
<trkpt lat="43.427685" lon="6.228150000000001"><ele>185.56</ele></trkpt>
<trkpt lat="43.4276467" lon="6.228135"><ele>185.22</ele></trkpt>
<trkpt lat="43.42761" lon="6.228116699999999"><ele>184.58</ele></trkpt>
<trkpt lat="43.42758" lon="6.2280983"><ele>184.24</ele></trkpt>
<trkpt lat="43.427555" lon="6.228071699999999"><ele>184.51</ele></trkpt>
<trkpt lat="43.4275233" lon="6.228039999999999"><ele>184.36</ele></trkpt>
<trkpt lat="43.4274883" lon="6.2280133"><ele>184.16</ele></trkpt>
<trkpt lat="43.4274633" lon="6.2279983"><ele>184.13</ele></trkpt>
<trkpt lat="43.4274267" lon="6.227975"><ele>184.59</ele></trkpt>
<trkpt lat="43.42739" lon="6.227958300000001"><ele>184.84</ele></trkpt>
<trkpt lat="43.4273617" lon="6.227958300000001"><ele>184.85</ele></trkpt>
<trkpt lat="43.4273283" lon="6.2279683"><ele>184.66</ele></trkpt>
<trkpt lat="43.4273" lon="6.2279867"><ele>184.71</ele></trkpt>
<trkpt lat="43.4272683" lon="6.227955"><ele>186.8</ele></trkpt>
<trkpt lat="43.4272483" lon="6.2279167"><ele>187.42</ele></trkpt>
<trkpt lat="43.4272283" lon="6.227878300000001"><ele>187.59</ele></trkpt>
<trkpt lat="43.427205" lon="6.2278383"><ele>187.39</ele></trkpt>
<trkpt lat="43.4271883" lon="6.2277967"><ele>186.31</ele></trkpt>
<trkpt lat="43.4271667" lon="6.2277517"><ele>185.71</ele></trkpt>
<trkpt lat="43.4271467" lon="6.227705"><ele>185.11</ele></trkpt>
<trkpt lat="43.4271283" lon="6.2276633"><ele>185.08</ele></trkpt>
<trkpt lat="43.42711" lon="6.2276183"><ele>184.98</ele></trkpt>
<trkpt lat="43.4270933" lon="6.2275783"><ele>184.86</ele></trkpt>
<trkpt lat="43.4270783" lon="6.2275417"><ele>184.73</ele></trkpt>
<trkpt lat="43.4270617" lon="6.227490000000001"><ele>184.37</ele></trkpt>
<trkpt lat="43.4270467" lon="6.2274533"><ele>184.23</ele></trkpt>
<trkpt lat="43.427025" lon="6.227425"><ele>184.45</ele></trkpt>
<trkpt lat="43.4270017" lon="6.2273817"><ele>185.38</ele></trkpt>
<trkpt lat="43.4269917" lon="6.2273467"><ele>185.9</ele></trkpt>
<trkpt lat="43.4269733" lon="6.2273017"><ele>186.09</ele></trkpt>
<trkpt lat="43.4269633" lon="6.227264999999999"><ele>186.12</ele></trkpt>
<trkpt lat="43.4269517" lon="6.2272167"><ele>186.29</ele></trkpt>
<trkpt lat="43.4269433" lon="6.227174999999999"><ele>186.69</ele></trkpt>
<trkpt lat="43.4269317" lon="6.2271367"><ele>186.83</ele></trkpt>
<trkpt lat="43.4269167" lon="6.22709"><ele>186.44</ele></trkpt>
<trkpt lat="43.4269067" lon="6.227045"><ele>186.13</ele></trkpt>
<trkpt lat="43.4268933" lon="6.226993299999999"><ele>186.11</ele></trkpt>
<trkpt lat="43.42689" lon="6.226945"><ele>186.21</ele></trkpt>
<trkpt lat="43.4268883" lon="6.226895"><ele>185.98</ele></trkpt>
<trkpt lat="43.4268767" lon="6.2268517"><ele>185.4</ele></trkpt>
<trkpt lat="43.4268783" lon="6.2268117"><ele>185.07</ele></trkpt>
<trkpt lat="43.4268717" lon="6.2267683"><ele>184.57</ele></trkpt>
<trkpt lat="43.4268533" lon="6.2267233"><ele>185.22</ele></trkpt>
<trkpt lat="43.426845" lon="6.22668"><ele>185.45</ele></trkpt>
<trkpt lat="43.4268367" lon="6.226635"><ele>185.44</ele></trkpt>
<trkpt lat="43.4268283" lon="6.226585"><ele>185.5</ele></trkpt>
<trkpt lat="43.4268183" lon="6.22653"><ele>185.52</ele></trkpt>
<trkpt lat="43.42681" lon="6.226485"><ele>185.24</ele></trkpt>
<trkpt lat="43.4268017" lon="6.2264433"><ele>183.74</ele></trkpt>
<trkpt lat="43.4268083" lon="6.2264067"><ele>183.99</ele></trkpt>
<trkpt lat="43.426795" lon="6.2263617"><ele>185.45</ele></trkpt>
<trkpt lat="43.4267767" lon="6.2263167"><ele>186.43</ele></trkpt>
<trkpt lat="43.4267617" lon="6.22627"><ele>186.45</ele></trkpt>
<trkpt lat="43.4267567" lon="6.2262317"><ele>186.19</ele></trkpt>
<trkpt lat="43.42674" lon="6.2261817"><ele>185.76</ele></trkpt>
<trkpt lat="43.4267283" lon="6.226146700000001"><ele>185.22</ele></trkpt>
<trkpt lat="43.4267167" lon="6.2261117"><ele>185.2</ele></trkpt>
<trkpt lat="43.4267017" lon="6.2260683"><ele>185.28</ele></trkpt>
<trkpt lat="43.4266883" lon="6.2260267"><ele>185.61</ele></trkpt>
<trkpt lat="43.426675" lon="6.225989999999999"><ele>185.52</ele></trkpt>
<trkpt lat="43.4266617" lon="6.22595"><ele>185.61</ele></trkpt>
<trkpt lat="43.4266433" lon="6.225895"><ele>185.85</ele></trkpt>
<trkpt lat="43.4266317" lon="6.225855"><ele>186.39</ele></trkpt>
<trkpt lat="43.42662" lon="6.225806700000001"><ele>187.37</ele></trkpt>
<trkpt lat="43.42661" lon="6.22577"><ele>187.85</ele></trkpt>
<trkpt lat="43.4266" lon="6.22573"><ele>187.98</ele></trkpt>
<trkpt lat="43.4265867" lon="6.225685"><ele>188.24</ele></trkpt>
<trkpt lat="43.4265767" lon="6.2256433"><ele>188.49</ele></trkpt>
<trkpt lat="43.426565" lon="6.2255983"><ele>188.77</ele></trkpt>
<trkpt lat="43.4265533" lon="6.225558299999999"><ele>188.9</ele></trkpt>
<trkpt lat="43.42654" lon="6.225503299999999"><ele>188.98</ele></trkpt>
<trkpt lat="43.42653" lon="6.225468299999999"><ele>189.17</ele></trkpt>
<trkpt lat="43.4265183" lon="6.225425"><ele>189.03</ele></trkpt>
<trkpt lat="43.4265083" lon="6.225388300000001"><ele>189.06</ele></trkpt>
<trkpt lat="43.4264967" lon="6.225345"><ele>188.98</ele></trkpt>
<trkpt lat="43.426485" lon="6.2253"><ele>188.73</ele></trkpt>
<trkpt lat="43.4264733" lon="6.2252517"><ele>188.55</ele></trkpt>
<trkpt lat="43.42646" lon="6.2252067"><ele>188.31</ele></trkpt>
<trkpt lat="43.42645" lon="6.225169999999999"><ele>188.15</ele></trkpt>
<trkpt lat="43.4264367" lon="6.22512"><ele>188.63</ele></trkpt>
<trkpt lat="43.426425" lon="6.2250783"><ele>189.34</ele></trkpt>
<trkpt lat="43.4264133" lon="6.225038299999999"><ele>189.59</ele></trkpt>
<trkpt lat="43.4263983" lon="6.224989999999999"><ele>189.8</ele></trkpt>
<trkpt lat="43.4263867" lon="6.22495"><ele>189.97</ele></trkpt>
<trkpt lat="43.426375" lon="6.2249117"><ele>189.94</ele></trkpt>
<trkpt lat="43.4263633" lon="6.2248733"><ele>189.32</ele></trkpt>
<trkpt lat="43.426355" lon="6.224835"><ele>189.5</ele></trkpt>
<trkpt lat="43.426345" lon="6.2248"><ele>188.81</ele></trkpt>
<trkpt lat="43.426335" lon="6.224765"><ele>188.1</ele></trkpt>
<trkpt lat="43.4263167" lon="6.224726700000001"><ele>187.57</ele></trkpt>
<trkpt lat="43.42629" lon="6.22469"><ele>187.42</ele></trkpt>
<trkpt lat="43.426265" lon="6.22466"><ele>187.32</ele></trkpt>
<trkpt lat="43.4262383" lon="6.224649999999999"><ele>187.22</ele></trkpt>
<trkpt lat="43.42621" lon="6.22462"><ele>187.37</ele></trkpt>
<trkpt lat="43.42619" lon="6.2245933"><ele>187.67</ele></trkpt>
<trkpt lat="43.4261617" lon="6.22456"><ele>187.76</ele></trkpt>
<trkpt lat="43.4261383" lon="6.224531700000001"><ele>187.79</ele></trkpt>
<trkpt lat="43.426105" lon="6.2245067"><ele>188.13</ele></trkpt>
<trkpt lat="43.4260767" lon="6.224485"><ele>188.62</ele></trkpt>
<trkpt lat="43.4260483" lon="6.224464999999999"><ele>189.26</ele></trkpt>
<trkpt lat="43.4260167" lon="6.224443300000001"><ele>190.18</ele></trkpt>
<trkpt lat="43.425985" lon="6.2244217"><ele>190.71</ele></trkpt>
<trkpt lat="43.42596" lon="6.2243883"><ele>191.06</ele></trkpt>
<trkpt lat="43.42594" lon="6.2243417"><ele>190.76</ele></trkpt>
<trkpt lat="43.4259167" lon="6.2243133"><ele>190.78</ele></trkpt>
<trkpt lat="43.425895" lon="6.224285"><ele>190.81</ele></trkpt>
<trkpt lat="43.425895" lon="6.2242417"><ele>190.64</ele></trkpt>
<trkpt lat="43.4258917" lon="6.2241967"><ele>190.87</ele></trkpt>
<trkpt lat="43.4258917" lon="6.224145000000001"><ele>191.14</ele></trkpt>
<trkpt lat="43.4259083" lon="6.2241083"><ele>191.29</ele></trkpt>
<trkpt lat="43.42593" lon="6.2240583"><ele>191.57</ele></trkpt>
<trkpt lat="43.425945" lon="6.224021699999999"><ele>191.52</ele></trkpt>
<trkpt lat="43.4259633" lon="6.2239817"><ele>190.72</ele></trkpt>
<trkpt lat="43.42598" lon="6.223945"><ele>190.01</ele></trkpt>
<trkpt lat="43.4259933" lon="6.2239"><ele>189.44</ele></trkpt>
<trkpt lat="43.4259983" lon="6.22385"><ele>189.13</ele></trkpt>
<trkpt lat="43.426005" lon="6.2238083"><ele>188.7</ele></trkpt>
<trkpt lat="43.4260083" lon="6.2237633"><ele>188.02</ele></trkpt>
<trkpt lat="43.4260133" lon="6.2237183"><ele>187.37</ele></trkpt>
<trkpt lat="43.426015" lon="6.223678300000001"><ele>187.8</ele></trkpt>
<trkpt lat="43.4260183" lon="6.223635000000001"><ele>187.93</ele></trkpt>
<trkpt lat="43.4260083" lon="6.223599999999999"><ele>188.63</ele></trkpt>
<trkpt lat="43.426015" lon="6.2235517"><ele>188.59</ele></trkpt>
<trkpt lat="43.426025" lon="6.2235117"><ele>188</ele></trkpt>
<trkpt lat="43.4260467" lon="6.2234733"><ele>187.47</ele></trkpt>
<trkpt lat="43.4260717" lon="6.223435"><ele>187.23</ele></trkpt>
<trkpt lat="43.426095" lon="6.223406699999999"><ele>187.37</ele></trkpt>
<trkpt lat="43.4261233" lon="6.22338"><ele>187.6</ele></trkpt>
<trkpt lat="43.4261467" lon="6.2233433"><ele>187.59</ele></trkpt>
<trkpt lat="43.4261683" lon="6.22331"><ele>188</ele></trkpt>
<trkpt lat="43.42619" lon="6.2232783"><ele>188.35</ele></trkpt>
<trkpt lat="43.4262133" lon="6.2232417"><ele>189.25</ele></trkpt>
<trkpt lat="43.4262367" lon="6.223205"><ele>189.32</ele></trkpt>
<trkpt lat="43.4262567" lon="6.223175"><ele>190.39</ele></trkpt>
<trkpt lat="43.426285" lon="6.2231317"><ele>191.19</ele></trkpt>
<trkpt lat="43.4263067" lon="6.223100000000001"><ele>191.57</ele></trkpt>
<trkpt lat="43.426325" lon="6.2230717"><ele>191.36</ele></trkpt>
<trkpt lat="43.4263517" lon="6.2230583"><ele>190.84</ele></trkpt>
<trkpt lat="43.42639" lon="6.223055"><ele>191.49</ele></trkpt>
<trkpt lat="43.4263933" lon="6.2231083"><ele>194.22</ele></trkpt>
<trkpt lat="43.426375" lon="6.223141700000001"><ele>195.03</ele></trkpt>
<trkpt lat="43.42635" lon="6.2231783"><ele>195.03</ele></trkpt>
<trkpt lat="43.42632" lon="6.2232067"><ele>194.64</ele></trkpt>
<trkpt lat="43.426285" lon="6.223235000000001"><ele>194.36</ele></trkpt>
<trkpt lat="43.42626" lon="6.223275"><ele>194.18</ele></trkpt>
<trkpt lat="43.4262333" lon="6.2232633"><ele>191.95</ele></trkpt>
<trkpt lat="43.4262483" lon="6.22323"><ele>189.55</ele></trkpt>
<trkpt lat="43.4262767" lon="6.2232317"><ele>187.81</ele></trkpt>
<trkpt lat="43.4262983" lon="6.2231917"><ele>187.81</ele></trkpt>
<trkpt lat="43.4263233" lon="6.2231517"><ele>187.81</ele></trkpt>
<trkpt lat="43.4263433" lon="6.223123299999999"><ele>187.72</ele></trkpt>
<trkpt lat="43.4263617" lon="6.223095"><ele>187.64</ele></trkpt>
<trkpt lat="43.42638" lon="6.2230667"><ele>187.61</ele></trkpt>
<trkpt lat="43.4264033" lon="6.223045"><ele>187.35</ele></trkpt>
<trkpt lat="43.4264267" lon="6.2230233"><ele>189.59</ele></trkpt>
<trkpt lat="43.4264067" lon="6.2229933"><ele>189.39</ele></trkpt>
<trkpt lat="43.4264117" lon="6.223033299999999"><ele>189.34</ele></trkpt>
<trkpt lat="43.4264067" lon="6.22307"><ele>189.31</ele></trkpt>
<trkpt lat="43.4263683" lon="6.2230017"><ele>188.77</ele></trkpt>
<trkpt lat="43.4263783" lon="6.2229567"><ele>187.97</ele></trkpt>
<trkpt lat="43.4263867" lon="6.22292"><ele>187.92</ele></trkpt>
<trkpt lat="43.4263933" lon="6.2228767"><ele>187.84</ele></trkpt>
<trkpt lat="43.4263817" lon="6.222838299999999"><ele>187.88</ele></trkpt>
<trkpt lat="43.4263867" lon="6.22279"><ele>188.77</ele></trkpt>
<trkpt lat="43.42641" lon="6.222768300000001"><ele>188.81</ele></trkpt>
<trkpt lat="43.4264433" lon="6.2227517"><ele>188.74</ele></trkpt>
<trkpt lat="43.42647" lon="6.222745"><ele>189.01</ele></trkpt>
<trkpt lat="43.4264967" lon="6.2227317"><ele>188.83</ele></trkpt>
<trkpt lat="43.4265233" lon="6.222721700000001"><ele>188.62</ele></trkpt>
<trkpt lat="43.426545" lon="6.2226967"><ele>188.47</ele></trkpt>
<trkpt lat="43.4265583" lon="6.222655"><ele>188.42</ele></trkpt>
<trkpt lat="43.4265783" lon="6.22263"><ele>188.52</ele></trkpt>
<trkpt lat="43.4265967" lon="6.222585"><ele>188.41</ele></trkpt>
<trkpt lat="43.4266167" lon="6.2225383"><ele>188.09</ele></trkpt>
<trkpt lat="43.4266333" lon="6.222498299999999"><ele>187.92</ele></trkpt>
<trkpt lat="43.4266383" lon="6.2224583"><ele>187.86</ele></trkpt>
<trkpt lat="43.4266483" lon="6.222406699999999"><ele>187.67</ele></trkpt>
<trkpt lat="43.4266533" lon="6.2223667"><ele>186.74</ele></trkpt>
<trkpt lat="43.4266583" lon="6.2223217"><ele>185.65</ele></trkpt>
<trkpt lat="43.426665" lon="6.2222667"><ele>184.8</ele></trkpt>
<trkpt lat="43.42667" lon="6.22223"><ele>184.17</ele></trkpt>
<trkpt lat="43.426675" lon="6.2221917"><ele>183.72</ele></trkpt>
<trkpt lat="43.426675" lon="6.2221483"><ele>183.37</ele></trkpt>
<trkpt lat="43.4266767" lon="6.222110000000001"><ele>182.26</ele></trkpt>
<trkpt lat="43.4266767" lon="6.222063300000001"><ele>181.43</ele></trkpt>
<trkpt lat="43.4266783" lon="6.222025"><ele>181.09</ele></trkpt>
<trkpt lat="43.42668" lon="6.221973300000001"><ele>180.43</ele></trkpt>
<trkpt lat="43.42668" lon="6.2219317"><ele>179.76</ele></trkpt>
<trkpt lat="43.42668" lon="6.2218867"><ele>178.6</ele></trkpt>
<trkpt lat="43.42668" lon="6.2218483"><ele>177.37</ele></trkpt>
<trkpt lat="43.4266783" lon="6.2217983"><ele>176.52</ele></trkpt>
<trkpt lat="43.4266783" lon="6.221746699999999"><ele>175.61</ele></trkpt>
<trkpt lat="43.4266733" lon="6.221695"><ele>174.74</ele></trkpt>
<trkpt lat="43.4266667" lon="6.22165"><ele>174.32</ele></trkpt>
<trkpt lat="43.4266667" lon="6.2216033"><ele>174.04</ele></trkpt>
<trkpt lat="43.4266633" lon="6.221555"><ele>174.69</ele></trkpt>
<trkpt lat="43.4266317" lon="6.2214217"><ele>177.4</ele></trkpt>
<trkpt lat="43.426625" lon="6.221385"><ele>178.65</ele></trkpt>
<trkpt lat="43.4266183" lon="6.22134"><ele>179.99</ele></trkpt>
<trkpt lat="43.426625" lon="6.221301699999999"><ele>180.76</ele></trkpt>
<trkpt lat="43.42664" lon="6.221269999999999"><ele>182.04</ele></trkpt>
<trkpt lat="43.4266667" lon="6.221235"><ele>183.92</ele></trkpt>
<trkpt lat="43.42669" lon="6.2212033"><ele>184.91</ele></trkpt>
<trkpt lat="43.4267133" lon="6.2211567"><ele>186.15</ele></trkpt>
<trkpt lat="43.4267367" lon="6.221125"><ele>186.47</ele></trkpt>
<trkpt lat="43.4267633" lon="6.2210883"><ele>186.7</ele></trkpt>
<trkpt lat="43.426785" lon="6.221050000000001"><ele>186.95</ele></trkpt>
<trkpt lat="43.4268067" lon="6.2210117"><ele>187.4</ele></trkpt>
<trkpt lat="43.4268367" lon="6.220991700000001"><ele>187.86</ele></trkpt>
<trkpt lat="43.4268633" lon="6.2209767"><ele>188.16</ele></trkpt>
<trkpt lat="43.4268917" lon="6.2209683"><ele>188.37</ele></trkpt>
<trkpt lat="43.4269333" lon="6.2209517"><ele>188.43</ele></trkpt>
<trkpt lat="43.4269633" lon="6.2209483"><ele>188.5</ele></trkpt>
<trkpt lat="43.4269933" lon="6.2209483"><ele>188.51</ele></trkpt>
<trkpt lat="43.4270267" lon="6.220955"><ele>188.78</ele></trkpt>
<trkpt lat="43.4270533" lon="6.2209617"><ele>188.65</ele></trkpt>
<trkpt lat="43.4270733" lon="6.2210033"><ele>187.82</ele></trkpt>
<trkpt lat="43.4270767" lon="6.221050000000001"><ele>187.43</ele></trkpt>
<trkpt lat="43.4270917" lon="6.2211017"><ele>187.06</ele></trkpt>
<trkpt lat="43.4270983" lon="6.2211383"><ele>186.72</ele></trkpt>
<trkpt lat="43.4271017" lon="6.22119"><ele>186.69</ele></trkpt>
<trkpt lat="43.427115" lon="6.22123"><ele>187.1</ele></trkpt>
<trkpt lat="43.4271333" lon="6.2212617"><ele>187.2</ele></trkpt>
<trkpt lat="43.4271533" lon="6.221288300000001"><ele>187.05</ele></trkpt>
<trkpt lat="43.4271817" lon="6.22132"><ele>186.96</ele></trkpt>
<trkpt lat="43.4272017" lon="6.221358299999999"><ele>186.56</ele></trkpt>
<trkpt lat="43.4272183" lon="6.221390000000001"><ele>186.13</ele></trkpt>
<trkpt lat="43.4272417" lon="6.2214217"><ele>185.56</ele></trkpt>
<trkpt lat="43.4272633" lon="6.221455"><ele>185.1</ele></trkpt>
<trkpt lat="43.4272917" lon="6.2214933"><ele>184.26</ele></trkpt>
<trkpt lat="43.4273133" lon="6.221525"><ele>183.19</ele></trkpt>
<trkpt lat="43.4273333" lon="6.221553299999999"><ele>182.38</ele></trkpt>
<trkpt lat="43.427355" lon="6.2215833"><ele>181.71</ele></trkpt>
<trkpt lat="43.427375" lon="6.2216117"><ele>181.12</ele></trkpt>
<trkpt lat="43.4274017" lon="6.22165"><ele>180.6</ele></trkpt>
<trkpt lat="43.427425" lon="6.221685"><ele>179.95</ele></trkpt>
<trkpt lat="43.4274483" lon="6.2217183"><ele>179.84</ele></trkpt>
<trkpt lat="43.42748" lon="6.221755"><ele>179.66</ele></trkpt>
<trkpt lat="43.4275033" lon="6.221779999999999"><ele>179.12</ele></trkpt>
<trkpt lat="43.4275317" lon="6.2218067"><ele>178.86</ele></trkpt>
<trkpt lat="43.4275667" lon="6.2218333"><ele>179.24</ele></trkpt>
<trkpt lat="43.4275933" lon="6.22185"><ele>179.24</ele></trkpt>
<trkpt lat="43.4276183" lon="6.2218667"><ele>178.97</ele></trkpt>
<trkpt lat="43.4276467" lon="6.221885"><ele>178.92</ele></trkpt>
<trkpt lat="43.4276617" lon="6.22193"><ele>179.43</ele></trkpt>
<trkpt lat="43.4276733" lon="6.22197"><ele>180.68</ele></trkpt>
</trkseg></trk>
</gpx>