<?xml version="1.0" encoding="UTF-8"?>
<gpx version="1.1" creator="Marando" xmlns="http://www.topografix.com/GPX/1/1">
<wpt lat="43.5587967" lon="6.0912017"><ele>404.99</ele><name>Waypoint 1</name></wpt>
<wpt lat="43.5588217" lon="6.0909883"><ele>403.66</ele><name>0001861</name></wpt>
<wpt lat="43.5527933" lon="6.0930717"><ele>435.91</ele><name>0001862</name></wpt>
<wpt lat="43.5511317" lon="6.0907033"><ele>474.4700000000001</ele><name>0001863</name></wpt>
<wpt lat="43.5511" lon="6.09064"><ele>473.18</ele><name>0001864</name></wpt>
<wpt lat="43.55092" lon="6.0841833"><ele>466.88</ele><name>0001865</name></wpt>
<wpt lat="43.547724" lon="6.0821555"><ele>0</ele><name>0001866</name></wpt>
<wpt lat="43.547724" lon="6.0821555"><ele>0</ele><name>0001867</name></wpt>
<wpt lat="43.5459665" lon="6.0785292"><ele>0</ele><name>0001868</name></wpt>
<wpt lat="43.54643295767845" lon="6.082391738891602"><ele>511.0099999999999</ele><name>0001869</name></wpt>
<wpt lat="43.54212" lon="6.0714733"><ele>562.86</ele><name>0001870</name></wpt>
<wpt lat="43.5416483" lon="6.0709933"><ele>558.97</ele><name>0001871</name></wpt>
<wpt lat="43.541665" lon="6.0708117"><ele>558.24</ele><name>0001872</name></wpt>
<wpt lat="43.54173" lon="6.070968299999999"><ele>558.06</ele><name>0001873</name></wpt>
<wpt lat="43.5416367" lon="6.0710683"><ele>556.46</ele><name>0001874</name></wpt>
<wpt lat="43.5413617" lon="6.070686700000001"><ele>557.85</ele><name>0001875</name></wpt>
<wpt lat="43.53896" lon="6.0704783"><ele>552.26</ele><name>0001876</name></wpt>
<wpt lat="43.5434083" lon="6.076574999999999"><ele>0</ele><name>0001877</name></wpt>
<wpt lat="43.5418183" lon="6.0767533"><ele>602.26</ele><name>0001878</name></wpt>
<wpt lat="43.5398917" lon="6.07643"><ele>712.55</ele><name>0001879</name></wpt>
<wpt lat="43.5397383" lon="6.0761783"><ele>718.51</ele><name>0001880</name></wpt>
<wpt lat="43.5389383" lon="6.0761467"><ele>761.86</ele><name>0001881</name></wpt>
<wpt lat="43.5389383" lon="6.0761467"><ele>765.2599999999999</ele><name>0001882</name></wpt>
<wpt lat="43.5389383" lon="6.0761467"><ele>765.2599999999999</ele><name>0001883</name></wpt>
<wpt lat="43.5389383" lon="6.0761467"><ele>765.2599999999999</ele><name>0001884</name></wpt>
<wpt lat="43.537585" lon="6.077008299999999"><ele>796.35</ele><name>0001885</name></wpt>
<wpt lat="43.53723" lon="6.077634999999999"><ele>805.45</ele><name>0001886</name></wpt>
<wpt lat="43.5354783" lon="6.083518300000001"><ele>777.66</ele><name>0001887</name></wpt>
<wpt lat="43.5356267" lon="6.08483"><ele>741.85</ele><name>0001888</name></wpt>
<wpt lat="43.53527" lon="6.0876333"><ele>726.32</ele><name>0001889</name></wpt>
<wpt lat="43.53498" lon="6.0898033"><ele>697.74</ele><name>0001890</name></wpt>
<wpt lat="43.53498" lon="6.0898033"><ele>700.84</ele><name>0001891</name></wpt>
<wpt lat="43.5351083" lon="6.0898483"><ele>695.64</ele><name>0001892</name></wpt>
<wpt lat="43.53523" lon="6.0907833"><ele>687.64</ele><name>0001893</name></wpt>
<wpt lat="43.5355967" lon="6.091438300000001"><ele>681.63</ele><name>0001894</name></wpt>
<wpt lat="43.5354667" lon="6.0922717"><ele>694.04</ele><name>0001895</name></wpt>
<wpt lat="43.535465" lon="6.0922667"><ele>693.44</ele><name>0001896</name></wpt>
<wpt lat="43.536035" lon="6.090645"><ele>667.95</ele><name>0001897</name></wpt>
<wpt lat="43.54616" lon="6.0975183"><ele>459.42</ele><name>0001898</name></wpt>
<wpt lat="43.5523733" lon="6.0905033"><ele>464.41</ele><name>0001899</name></wpt>
<wpt lat="43.5526567" lon="6.0904567"><ele>478.98</ele><name>0001900</name></wpt>
<wpt lat="43.5586517" lon="6.0914533"><ele>404.79</ele><name>Waypoint 2</name><desc>Nom: Segment: 1Type: Grande randonnéeHeure de départ: 08:54 25 janv. 2026Heure d'arrivée: 16:34 25 janv. 2026Distance: 13,2km (07:39)Temps déplacement: 04:03Vitesse moyenne: 1,72 km/hVitesse en mouvement: 3,26 km/hVitesse Max.: 5,83 km/hAltitude minimale: 403 mAltitude maximale: 804 mVitesse de montée: 281,3 m/hVitesse de descente: 221,1 m/hDénivelé positif: 482 mDénivelé négatif: 490 mTemps de montée: 01:42Temps de descente: 02:13</desc></wpt>
<trk><name>bessillon</name><trkseg>
<trkpt lat="43.5587967" lon="6.0912017"><ele>404.99</ele></trkpt>
<trkpt lat="43.5587967" lon="6.0912017"><ele>404.99</ele></trkpt>
<trkpt lat="43.55879" lon="6.09115"><ele>404.3</ele></trkpt>
<trkpt lat="43.5587833" lon="6.0911133"><ele>404.29</ele></trkpt>
<trkpt lat="43.558795" lon="6.0910733"><ele>404.11</ele></trkpt>
<trkpt lat="43.55881" lon="6.091035"><ele>403.92</ele></trkpt>
<trkpt lat="43.5588133" lon="6.090993300000001"><ele>403.7099999999999</ele></trkpt>
<trkpt lat="43.5587883" lon="6.0909683"><ele>402.59</ele></trkpt>
<trkpt lat="43.5587467" lon="6.090924999999999"><ele>402.73</ele></trkpt>
<trkpt lat="43.5586917" lon="6.090938299999999"><ele>403.82</ele></trkpt>
<trkpt lat="43.5586467" lon="6.0909533"><ele>405.31</ele></trkpt>
<trkpt lat="43.55861" lon="6.0909217"><ele>405.21</ele></trkpt>
<trkpt lat="43.5585817" lon="6.0909333"><ele>405.08</ele></trkpt>
<trkpt lat="43.55855" lon="6.0909367"><ele>405.28</ele></trkpt>
<trkpt lat="43.5585133" lon="6.0909367"><ele>405.56</ele></trkpt>
<trkpt lat="43.5584833" lon="6.0909417"><ele>405.85</ele></trkpt>
<trkpt lat="43.5584517" lon="6.090945"><ele>406.0500000000001</ele></trkpt>
<trkpt lat="43.5584167" lon="6.090945"><ele>406.3199999999999</ele></trkpt>
<trkpt lat="43.5583817" lon="6.090948300000001"><ele>406.5799999999999</ele></trkpt>
<trkpt lat="43.55835" lon="6.090946700000001"><ele>406.75</ele></trkpt>
<trkpt lat="43.5583183" lon="6.090945"><ele>406.72</ele></trkpt>
<trkpt lat="43.55828" lon="6.0909417"><ele>406.6</ele></trkpt>
<trkpt lat="43.5582483" lon="6.0909417"><ele>406.66</ele></trkpt>
<trkpt lat="43.5582183" lon="6.0909417"><ele>407.3</ele></trkpt>
<trkpt lat="43.5581867" lon="6.09094"><ele>407.7499999999999</ele></trkpt>
<trkpt lat="43.5581567" lon="6.0909433"><ele>408.08</ele></trkpt>
<trkpt lat="43.5581267" lon="6.09094"><ele>408.35</ele></trkpt>
<trkpt lat="43.558095" lon="6.090938299999999"><ele>408.49</ele></trkpt>
<trkpt lat="43.5580633" lon="6.090935"><ele>408.6799999999999</ele></trkpt>
<trkpt lat="43.558035" lon="6.0909333"><ele>408.9200000000001</ele></trkpt>
<trkpt lat="43.5580067" lon="6.090938299999999"><ele>409.42</ele></trkpt>
<trkpt lat="43.55797" lon="6.0909417"><ele>409.85</ele></trkpt>
<trkpt lat="43.55794" lon="6.09094"><ele>410.0599999999999</ele></trkpt>
<trkpt lat="43.55791" lon="6.090938299999999"><ele>410.3299999999999</ele></trkpt>
<trkpt lat="43.5578767" lon="6.090938299999999"><ele>410.65</ele></trkpt>
<trkpt lat="43.557845" lon="6.0909417"><ele>410.8799999999999</ele></trkpt>
<trkpt lat="43.5578167" lon="6.0909433"><ele>410.96</ele></trkpt>
<trkpt lat="43.55778" lon="6.09095"><ele>410.76</ele></trkpt>
<trkpt lat="43.55775" lon="6.090965"><ele>410.55</ele></trkpt>
<trkpt lat="43.5577167" lon="6.09098"><ele>410.0699999999999</ele></trkpt>
<trkpt lat="43.5576833" lon="6.090991700000001"><ele>409.97</ele></trkpt>
<trkpt lat="43.55765" lon="6.0909983"><ele>409.93</ele></trkpt>
<trkpt lat="43.557615" lon="6.0910083"><ele>409.63</ele></trkpt>
<trkpt lat="43.55758" lon="6.091018299999999"><ele>409.53</ele></trkpt>
<trkpt lat="43.5575417" lon="6.0910317"><ele>409.4999999999999</ele></trkpt>
<trkpt lat="43.55751" lon="6.0910433"><ele>409.32</ele></trkpt>
<trkpt lat="43.5574733" lon="6.0910517"><ele>409.36</ele></trkpt>
<trkpt lat="43.5574383" lon="6.091061699999999"><ele>409.72</ele></trkpt>
<trkpt lat="43.557405" lon="6.09107"><ele>410.2799999999999</ele></trkpt>
<trkpt lat="43.557375" lon="6.09108"><ele>411.48</ele></trkpt>
<trkpt lat="43.557345" lon="6.0910917"><ele>412.3600000000001</ele></trkpt>
<trkpt lat="43.5573167" lon="6.0911"><ele>413.16</ele></trkpt>
<trkpt lat="43.5572883" lon="6.091106699999999"><ele>413.57</ele></trkpt>
<trkpt lat="43.55726" lon="6.0911133"><ele>413.52</ele></trkpt>
<trkpt lat="43.55723" lon="6.0911167"><ele>413.37</ele></trkpt>
<trkpt lat="43.5572" lon="6.091123299999999"><ele>413.4900000000001</ele></trkpt>
<trkpt lat="43.5571717" lon="6.09113"><ele>413.7499999999999</ele></trkpt>
<trkpt lat="43.5571433" lon="6.091135"><ele>413.89</ele></trkpt>
<trkpt lat="43.5571117" lon="6.091141700000001"><ele>413.8099999999999</ele></trkpt>
<trkpt lat="43.5570783" lon="6.091145"><ele>413.47</ele></trkpt>
<trkpt lat="43.557045" lon="6.091154999999999"><ele>413.27</ele></trkpt>
<trkpt lat="43.5570117" lon="6.0911633"><ele>413.1999999999999</ele></trkpt>
<trkpt lat="43.55698" lon="6.09117"><ele>413.2300000000001</ele></trkpt>
<trkpt lat="43.55695" lon="6.091175"><ele>413.99</ele></trkpt>
<trkpt lat="43.556915" lon="6.0911833"><ele>414.47</ele></trkpt>
<trkpt lat="43.55688" lon="6.09119"><ele>414.8399999999999</ele></trkpt>
<trkpt lat="43.5568483" lon="6.091196700000001"><ele>415.06</ele></trkpt>
<trkpt lat="43.556815" lon="6.0912083"><ele>415.54</ele></trkpt>
<trkpt lat="43.5567833" lon="6.0912167"><ele>416.03</ele></trkpt>
<trkpt lat="43.5567483" lon="6.0912217"><ele>416.09</ele></trkpt>
<trkpt lat="43.5567183" lon="6.0912283"><ele>416.23</ele></trkpt>
<trkpt lat="43.5566867" lon="6.0912367"><ele>416.29</ele></trkpt>
<trkpt lat="43.5566567" lon="6.09125"><ele>416.9</ele></trkpt>
<trkpt lat="43.5566233" lon="6.09126"><ele>417.43</ele></trkpt>
<trkpt lat="43.55659" lon="6.091265"><ele>417.96</ele></trkpt>
<trkpt lat="43.5565633" lon="6.091275"><ele>418.6</ele></trkpt>
<trkpt lat="43.5565367" lon="6.091288300000001"><ele>419.07</ele></trkpt>
<trkpt lat="43.5565067" lon="6.0912967"><ele>419.3</ele></trkpt>
<trkpt lat="43.556475" lon="6.091305"><ele>419.27</ele></trkpt>
<trkpt lat="43.5564467" lon="6.091313299999999"><ele>419.78</ele></trkpt>
<trkpt lat="43.5564183" lon="6.091325"><ele>420.05</ele></trkpt>
<trkpt lat="43.5563867" lon="6.0913283"><ele>420.09</ele></trkpt>
<trkpt lat="43.5563533" lon="6.091335000000001"><ele>420.3299999999999</ele></trkpt>
<trkpt lat="43.5563217" lon="6.09134"><ele>420.7</ele></trkpt>
<trkpt lat="43.556285" lon="6.091346699999999"><ele>420.5899999999999</ele></trkpt>
<trkpt lat="43.5562517" lon="6.091355"><ele>419.9</ele></trkpt>
<trkpt lat="43.5562167" lon="6.0913633"><ele>419.44</ele></trkpt>
<trkpt lat="43.55618" lon="6.0913733"><ele>419.1</ele></trkpt>
<trkpt lat="43.5561483" lon="6.0913817"><ele>419.06</ele></trkpt>
<trkpt lat="43.5561183" lon="6.091391699999999"><ele>419.35</ele></trkpt>
<trkpt lat="43.55609" lon="6.0914"><ele>419.48</ele></trkpt>
<trkpt lat="43.5560583" lon="6.0914083"><ele>419.7699999999999</ele></trkpt>
<trkpt lat="43.556025" lon="6.091415"><ele>420.14</ele></trkpt>
<trkpt lat="43.55599" lon="6.091425000000001"><ele>420.1000000000001</ele></trkpt>
<trkpt lat="43.5559633" lon="6.0914317"><ele>420.2699999999999</ele></trkpt>
<trkpt lat="43.5559283" lon="6.0914417"><ele>420.29</ele></trkpt>
<trkpt lat="43.555895" lon="6.091449999999999"><ele>420.83</ele></trkpt>
<trkpt lat="43.5558633" lon="6.0914617"><ele>420.8899999999999</ele></trkpt>
<trkpt lat="43.5558283" lon="6.0914683"><ele>421.1499999999999</ele></trkpt>
<trkpt lat="43.5557967" lon="6.091475"><ele>421.1</ele></trkpt>
<trkpt lat="43.5557633" lon="6.091481700000001"><ele>420.83</ele></trkpt>
<trkpt lat="43.5557317" lon="6.0914867"><ele>420.54</ele></trkpt>
<trkpt lat="43.5556983" lon="6.091494999999999"><ele>420.39</ele></trkpt>
<trkpt lat="43.5556683" lon="6.0915017"><ele>420.67</ele></trkpt>
<trkpt lat="43.55564" lon="6.09151"><ele>420.69</ele></trkpt>
<trkpt lat="43.5556083" lon="6.091515000000001"><ele>420.6</ele></trkpt>
<trkpt lat="43.5555717" lon="6.09152"><ele>420.82</ele></trkpt>
<trkpt lat="43.5555383" lon="6.091526700000001"><ele>421.1499999999999</ele></trkpt>
<trkpt lat="43.5555067" lon="6.0915317"><ele>421.09</ele></trkpt>
<trkpt lat="43.5554767" lon="6.0915367"><ele>421.16</ele></trkpt>
<trkpt lat="43.5554433" lon="6.091543299999999"><ele>421.31</ele></trkpt>
<trkpt lat="43.5554083" lon="6.091553299999999"><ele>421.1</ele></trkpt>
<trkpt lat="43.5553683" lon="6.091563300000001"><ele>421.22</ele></trkpt>
<trkpt lat="43.5553317" lon="6.091575000000001"><ele>421.55</ele></trkpt>
<trkpt lat="43.5552967" lon="6.0915833"><ele>421.94</ele></trkpt>
<trkpt lat="43.5552617" lon="6.091588299999999"><ele>422.4299999999999</ele></trkpt>
<trkpt lat="43.5552317" lon="6.0915917"><ele>422.8399999999999</ele></trkpt>
<trkpt lat="43.5552" lon="6.0916033"><ele>423.24</ele></trkpt>
<trkpt lat="43.5551633" lon="6.09161"><ele>423.5400000000001</ele></trkpt>
<trkpt lat="43.55513" lon="6.0916217"><ele>423.5599999999999</ele></trkpt>
<trkpt lat="43.555095" lon="6.091631699999999"><ele>423.78</ele></trkpt>
<trkpt lat="43.5550617" lon="6.0916367"><ele>423.8099999999999</ele></trkpt>
<trkpt lat="43.5550283" lon="6.091644999999999"><ele>423.66</ele></trkpt>
<trkpt lat="43.555" lon="6.091655"><ele>423.66</ele></trkpt>
<trkpt lat="43.55497" lon="6.0916633"><ele>423.7500000000001</ele></trkpt>
<trkpt lat="43.5549417" lon="6.0916717"><ele>423.8099999999999</ele></trkpt>
<trkpt lat="43.5549183" lon="6.091699999999999"><ele>424.14</ele></trkpt>
<trkpt lat="43.5548967" lon="6.091725"><ele>424.45</ele></trkpt>
<trkpt lat="43.554885" lon="6.09176"><ele>424.13</ele></trkpt>
<trkpt lat="43.5548767" lon="6.0918083"><ele>423.8</ele></trkpt>
<trkpt lat="43.554875" lon="6.09185"><ele>423.79</ele></trkpt>
<trkpt lat="43.5548733" lon="6.09189"><ele>423.88</ele></trkpt>
<trkpt lat="43.5548733" lon="6.0919433"><ele>423.94</ele></trkpt>
<trkpt lat="43.5548733" lon="6.091995000000001"><ele>423.96</ele></trkpt>
<trkpt lat="43.554875" lon="6.092040000000001"><ele>423.89</ele></trkpt>
<trkpt lat="43.5548733" lon="6.0920833"><ele>423.96</ele></trkpt>
<trkpt lat="43.5548667" lon="6.0921283"><ele>424.5799999999999</ele></trkpt>
<trkpt lat="43.554855" lon="6.0921783"><ele>425.02</ele></trkpt>
<trkpt lat="43.55484" lon="6.092211699999999"><ele>425.3999999999999</ele></trkpt>
<trkpt lat="43.5548183" lon="6.0922383"><ele>425.8</ele></trkpt>
<trkpt lat="43.5547983" lon="6.0922633"><ele>426.04</ele></trkpt>
<trkpt lat="43.554775" lon="6.0922833"><ele>426.24</ele></trkpt>
<trkpt lat="43.5547433" lon="6.092301699999999"><ele>426.3699999999999</ele></trkpt>
<trkpt lat="43.5547067" lon="6.09231"><ele>426.48</ele></trkpt>
<trkpt lat="43.5546767" lon="6.092321700000001"><ele>426.65</ele></trkpt>
<trkpt lat="43.5546483" lon="6.0923317"><ele>426.61</ele></trkpt>
<trkpt lat="43.554615" lon="6.092338300000001"><ele>426.26</ele></trkpt>
<trkpt lat="43.5545833" lon="6.092349999999999"><ele>425.7599999999999</ele></trkpt>
<trkpt lat="43.55455" lon="6.092355"><ele>425.69</ele></trkpt>
<trkpt lat="43.5545183" lon="6.092375"><ele>425.66</ele></trkpt>
<trkpt lat="43.554485" lon="6.0923867"><ele>426.27</ele></trkpt>
<trkpt lat="43.5544533" lon="6.0923967"><ele>426.76</ele></trkpt>
<trkpt lat="43.55442" lon="6.09241"><ele>426.6899999999999</ele></trkpt>
<trkpt lat="43.5543883" lon="6.0924233"><ele>426.5</ele></trkpt>
<trkpt lat="43.5543533" lon="6.092436700000001"><ele>426.39</ele></trkpt>
<trkpt lat="43.55432" lon="6.092453299999999"><ele>426.36</ele></trkpt>
<trkpt lat="43.554285" lon="6.0924667"><ele>426.65</ele></trkpt>
<trkpt lat="43.5542567" lon="6.0924783"><ele>427.26</ele></trkpt>
<trkpt lat="43.5542267" lon="6.09249"><ele>427.7699999999999</ele></trkpt>
<trkpt lat="43.554195" lon="6.0925017"><ele>428.23</ele></trkpt>
<trkpt lat="43.5541617" lon="6.0925183"><ele>428.6399999999999</ele></trkpt>
<trkpt lat="43.55413" lon="6.0925333"><ele>429.1</ele></trkpt>
<trkpt lat="43.5540967" lon="6.092543299999999"><ele>429.5099999999999</ele></trkpt>
<trkpt lat="43.554065" lon="6.0925567"><ele>429.74</ele></trkpt>
<trkpt lat="43.554035" lon="6.0925667"><ele>429.97</ele></trkpt>
<trkpt lat="43.5540033" lon="6.0925767"><ele>430.01</ele></trkpt>
<trkpt lat="43.5539717" lon="6.09259"><ele>429.89</ele></trkpt>
<trkpt lat="43.5539367" lon="6.092605"><ele>429.97</ele></trkpt>
<trkpt lat="43.5539017" lon="6.092620000000001"><ele>429.89</ele></trkpt>
<trkpt lat="43.5538683" lon="6.09263"><ele>429.95</ele></trkpt>
<trkpt lat="43.55384" lon="6.0926467"><ele>430.14</ele></trkpt>
<trkpt lat="43.5538083" lon="6.0926617"><ele>430.36</ele></trkpt>
<trkpt lat="43.5537767" lon="6.0926733"><ele>430.36</ele></trkpt>
<trkpt lat="43.553745" lon="6.092689999999999"><ele>430.29</ele></trkpt>
<trkpt lat="43.5537117" lon="6.0927017"><ele>430.0699999999999</ele></trkpt>
<trkpt lat="43.55368" lon="6.092715"><ele>429.94</ele></trkpt>
<trkpt lat="43.5536483" lon="6.0927267"><ele>429.91</ele></trkpt>
<trkpt lat="43.553615" lon="6.092738299999999"><ele>430.04</ele></trkpt>
<trkpt lat="43.5535833" lon="6.0927467"><ele>430.5799999999999</ele></trkpt>
<trkpt lat="43.5535517" lon="6.092758300000001"><ele>431.1</ele></trkpt>
<trkpt lat="43.55352" lon="6.0927717"><ele>431.18</ele></trkpt>
<trkpt lat="43.5534883" lon="6.092779999999999"><ele>430.8999999999999</ele></trkpt>
<trkpt lat="43.553455" lon="6.092793299999999"><ele>430.6</ele></trkpt>
<trkpt lat="43.55342" lon="6.092805"><ele>430.42</ele></trkpt>
<trkpt lat="43.5533867" lon="6.09282"><ele>430.55</ele></trkpt>
<trkpt lat="43.5533533" lon="6.092835"><ele>430.4100000000001</ele></trkpt>
<trkpt lat="43.5533217" lon="6.0928533"><ele>430.3799999999999</ele></trkpt>
<trkpt lat="43.5532917" lon="6.0928667"><ele>430.47</ele></trkpt>
<trkpt lat="43.553265" lon="6.09288"><ele>430.6799999999999</ele></trkpt>
<trkpt lat="43.5532383" lon="6.09289"><ele>430.75</ele></trkpt>
<trkpt lat="43.5532033" lon="6.0929033"><ele>431.01</ele></trkpt>
<trkpt lat="43.5531767" lon="6.092915"><ele>431.36</ele></trkpt>
<trkpt lat="43.55315" lon="6.0929267"><ele>431.97</ele></trkpt>
<trkpt lat="43.5531233" lon="6.0929383"><ele>432.5</ele></trkpt>
<trkpt lat="43.5530967" lon="6.0929483"><ele>432.82</ele></trkpt>
<trkpt lat="43.5530683" lon="6.0929583"><ele>432.8800000000001</ele></trkpt>
<trkpt lat="43.55304" lon="6.0929683"><ele>432.8800000000001</ele></trkpt>
<trkpt lat="43.5530117" lon="6.0929817"><ele>432.8800000000001</ele></trkpt>
<trkpt lat="43.5529817" lon="6.0929933"><ele>432.97</ele></trkpt>
<trkpt lat="43.55295" lon="6.093008300000001"><ele>433.07</ele></trkpt>
<trkpt lat="43.55292" lon="6.0930183"><ele>433.35</ele></trkpt>
<trkpt lat="43.5528867" lon="6.0930367"><ele>433.8000000000001</ele></trkpt>
<trkpt lat="43.552855" lon="6.09305"><ele>434.0199999999999</ele></trkpt>
<trkpt lat="43.5528267" lon="6.09306"><ele>434.4299999999999</ele></trkpt>
<trkpt lat="43.5527967" lon="6.0930733"><ele>434.77</ele></trkpt>
<trkpt lat="43.5527583" lon="6.093109999999999"><ele>436.51</ele></trkpt>
<trkpt lat="43.55273" lon="6.0931283"><ele>436.6899999999999</ele></trkpt>
<trkpt lat="43.5526967" lon="6.0931383"><ele>437.55</ele></trkpt>
<trkpt lat="43.5526683" lon="6.09315"><ele>437.67</ele></trkpt>
<trkpt lat="43.5526383" lon="6.093158299999999"><ele>437.16</ele></trkpt>
<trkpt lat="43.5526017" lon="6.093169999999999"><ele>437.08</ele></trkpt>
<trkpt lat="43.5525667" lon="6.0931817"><ele>437.1</ele></trkpt>
<trkpt lat="43.5525367" lon="6.093195"><ele>436.82</ele></trkpt>
<trkpt lat="43.5525083" lon="6.0931983"><ele>436.78</ele></trkpt>
<trkpt lat="43.55248" lon="6.093195"><ele>436.78</ele></trkpt>
<trkpt lat="43.5524483" lon="6.093203300000001"><ele>436.87</ele></trkpt>
<trkpt lat="43.552415" lon="6.0932183"><ele>437.13</ele></trkpt>
<trkpt lat="43.552385" lon="6.0932233"><ele>437.79</ele></trkpt>
<trkpt lat="43.55236" lon="6.0932417"><ele>438.14</ele></trkpt>
<trkpt lat="43.5523317" lon="6.093255"><ele>438.65</ele></trkpt>
<trkpt lat="43.5523" lon="6.0932683"><ele>438.76</ele></trkpt>
<trkpt lat="43.5522683" lon="6.0932817"><ele>438.5</ele></trkpt>
<trkpt lat="43.5522417" lon="6.0933"><ele>438.4</ele></trkpt>
<trkpt lat="43.5522117" lon="6.09332"><ele>438.3200000000001</ele></trkpt>
<trkpt lat="43.5521767" lon="6.0933333"><ele>438.31</ele></trkpt>
<trkpt lat="43.5521467" lon="6.093345"><ele>438.71</ele></trkpt>
<trkpt lat="43.552115" lon="6.0933667"><ele>439.49</ele></trkpt>
<trkpt lat="43.5520883" lon="6.093381700000001"><ele>440</ele></trkpt>
<trkpt lat="43.5520617" lon="6.093398299999999"><ele>440.3399999999999</ele></trkpt>
<trkpt lat="43.5520333" lon="6.093416700000001"><ele>440.61</ele></trkpt>
<trkpt lat="43.5520067" lon="6.093440000000001"><ele>441.01</ele></trkpt>
<trkpt lat="43.5519783" lon="6.093451699999999"><ele>441.1</ele></trkpt>
<trkpt lat="43.5519467" lon="6.0934633"><ele>441.01</ele></trkpt>
<trkpt lat="43.55191" lon="6.0934767"><ele>440.9999999999999</ele></trkpt>
<trkpt lat="43.5518833" lon="6.093486699999999"><ele>440.82</ele></trkpt>
<trkpt lat="43.5518517" lon="6.093488300000001"><ele>440.6899999999999</ele></trkpt>
<trkpt lat="43.5518217" lon="6.09348"><ele>440.6899999999999</ele></trkpt>
<trkpt lat="43.5517933" lon="6.0934767"><ele>440.58</ele></trkpt>
<trkpt lat="43.5517633" lon="6.0934783"><ele>440.41</ele></trkpt>
<trkpt lat="43.5517367" lon="6.09347"><ele>439.95</ele></trkpt>
<trkpt lat="43.5516983" lon="6.093451699999999"><ele>439.91</ele></trkpt>
<trkpt lat="43.551665" lon="6.0934233"><ele>439.88</ele></trkpt>
<trkpt lat="43.5516333" lon="6.0934"><ele>439.72</ele></trkpt>
<trkpt lat="43.5516117" lon="6.0933733"><ele>439.8699999999999</ele></trkpt>
<trkpt lat="43.5515817" lon="6.0933483"><ele>440.65</ele></trkpt>
<trkpt lat="43.55155" lon="6.0933167"><ele>441.48</ele></trkpt>
<trkpt lat="43.551525" lon="6.093295"><ele>441.73</ele></trkpt>
<trkpt lat="43.5514933" lon="6.0932717"><ele>441.97</ele></trkpt>
<trkpt lat="43.5514633" lon="6.093246699999999"><ele>442.0699999999999</ele></trkpt>
<trkpt lat="43.5514317" lon="6.0932233"><ele>442.24</ele></trkpt>
<trkpt lat="43.551395" lon="6.093201699999999"><ele>442.3399999999999</ele></trkpt>
<trkpt lat="43.5513583" lon="6.093166699999999"><ele>442.79</ele></trkpt>
<trkpt lat="43.551335" lon="6.0931467"><ele>443.12</ele></trkpt>
<trkpt lat="43.5513117" lon="6.093121699999999"><ele>443.41</ele></trkpt>
<trkpt lat="43.551285" lon="6.093096700000001"><ele>443.73</ele></trkpt>
<trkpt lat="43.5512517" lon="6.0930717"><ele>444.22</ele></trkpt>
<trkpt lat="43.5512167" lon="6.0930567"><ele>444.7</ele></trkpt>
<trkpt lat="43.5511833" lon="6.0930317"><ele>445.52</ele></trkpt>
<trkpt lat="43.5511533" lon="6.093019999999999"><ele>446.24</ele></trkpt>
<trkpt lat="43.5511217" lon="6.093"><ele>446.66</ele></trkpt>
<trkpt lat="43.55109" lon="6.09298"><ele>447.05</ele></trkpt>
<trkpt lat="43.5510667" lon="6.09296"><ele>447.33</ele></trkpt>
<trkpt lat="43.55104" lon="6.092945"><ele>447.45</ele></trkpt>
<trkpt lat="43.5510133" lon="6.0929267"><ele>447.99</ele></trkpt>
<trkpt lat="43.5509867" lon="6.0929083"><ele>448.3299999999999</ele></trkpt>
<trkpt lat="43.5509567" lon="6.092895"><ele>448.6299999999999</ele></trkpt>
<trkpt lat="43.55093" lon="6.09288"><ele>448.6799999999999</ele></trkpt>
<trkpt lat="43.5508983" lon="6.0928683"><ele>448.84</ele></trkpt>
<trkpt lat="43.5508667" lon="6.092860000000001"><ele>449.1999999999999</ele></trkpt>
<trkpt lat="43.55084" lon="6.0928417"><ele>449.41</ele></trkpt>
<trkpt lat="43.5508117" lon="6.0928217"><ele>449.55</ele></trkpt>
<trkpt lat="43.55078" lon="6.09279"><ele>449.93</ele></trkpt>
<trkpt lat="43.55075" lon="6.092766700000001"><ele>449.91</ele></trkpt>
<trkpt lat="43.5507317" lon="6.0927333"><ele>449.79</ele></trkpt>
<trkpt lat="43.55071" lon="6.0927017"><ele>449.66</ele></trkpt>
<trkpt lat="43.5506867" lon="6.092665000000001"><ele>449.42</ele></trkpt>
<trkpt lat="43.5506667" lon="6.0926367"><ele>449.47</ele></trkpt>
<trkpt lat="43.550635" lon="6.0926117"><ele>449.73</ele></trkpt>
<trkpt lat="43.5506017" lon="6.09259"><ele>449.8699999999999</ele></trkpt>
<trkpt lat="43.55058" lon="6.092565"><ele>449.84</ele></trkpt>
<trkpt lat="43.5505633" lon="6.0925317"><ele>449.94</ele></trkpt>
<trkpt lat="43.5505767" lon="6.092496699999999"><ele>450.6</ele></trkpt>
<trkpt lat="43.55059" lon="6.0924567"><ele>450.84</ele></trkpt>
<trkpt lat="43.5506117" lon="6.092425000000001"><ele>451.23</ele></trkpt>
<trkpt lat="43.55062" lon="6.0923883"><ele>451.8199999999999</ele></trkpt>
<trkpt lat="43.550635" lon="6.092355"><ele>452.6</ele></trkpt>
<trkpt lat="43.5506483" lon="6.092314999999999"><ele>452.78</ele></trkpt>
<trkpt lat="43.5506467" lon="6.092276700000001"><ele>452.87</ele></trkpt>
<trkpt lat="43.550645" lon="6.0922383"><ele>453.23</ele></trkpt>
<trkpt lat="43.5506533" lon="6.092200000000001"><ele>453.93</ele></trkpt>
<trkpt lat="43.5506667" lon="6.0921617"><ele>454.54</ele></trkpt>
<trkpt lat="43.5506767" lon="6.0921267"><ele>455.27</ele></trkpt>
<trkpt lat="43.5506733" lon="6.092078299999999"><ele>455.42</ele></trkpt>
<trkpt lat="43.5506667" lon="6.092040000000001"><ele>455.47</ele></trkpt>
<trkpt lat="43.5506667" lon="6.0919933"><ele>455.48</ele></trkpt>
<trkpt lat="43.55067" lon="6.0919533"><ele>455.58</ele></trkpt>
<trkpt lat="43.55067" lon="6.091915000000001"><ele>455.67</ele></trkpt>
<trkpt lat="43.5506867" lon="6.0918783"><ele>456.0299999999999</ele></trkpt>
<trkpt lat="43.5507033" lon="6.0918433"><ele>456.3399999999999</ele></trkpt>
<trkpt lat="43.5506967" lon="6.0917983"><ele>456.92</ele></trkpt>
<trkpt lat="43.5507017" lon="6.09176"><ele>457.69</ele></trkpt>
<trkpt lat="43.5507" lon="6.091715"><ele>458.3899999999999</ele></trkpt>
<trkpt lat="43.5506983" lon="6.0916733"><ele>458.84</ele></trkpt>
<trkpt lat="43.55069" lon="6.0916367"><ele>459.73</ele></trkpt>
<trkpt lat="43.5506917" lon="6.091598299999999"><ele>460.1600000000001</ele></trkpt>
<trkpt lat="43.5506933" lon="6.0915583"><ele>461.08</ele></trkpt>
<trkpt lat="43.5507" lon="6.0915217"><ele>462.09</ele></trkpt>
<trkpt lat="43.5507117" lon="6.091481700000001"><ele>463.39</ele></trkpt>
<trkpt lat="43.5507117" lon="6.09144"><ele>464.79</ele></trkpt>
<trkpt lat="43.5507183" lon="6.09139"><ele>465.98</ele></trkpt>
<trkpt lat="43.55073" lon="6.0913517"><ele>466.86</ele></trkpt>
<trkpt lat="43.550755" lon="6.09131"><ele>467.69</ele></trkpt>
<trkpt lat="43.5507817" lon="6.091288300000001"><ele>468.3799999999999</ele></trkpt>
<trkpt lat="43.550805" lon="6.091268299999999"><ele>469.08</ele></trkpt>
<trkpt lat="43.55084" lon="6.09125"><ele>469.86</ele></trkpt>
<trkpt lat="43.550865" lon="6.0912267"><ele>470.24</ele></trkpt>
<trkpt lat="43.5508883" lon="6.0911917"><ele>470.83</ele></trkpt>
<trkpt lat="43.550915" lon="6.09117"><ele>471.16</ele></trkpt>
<trkpt lat="43.5509433" lon="6.0911483"><ele>471.54</ele></trkpt>
<trkpt lat="43.55096" lon="6.0911183"><ele>471.8299999999999</ele></trkpt>
<trkpt lat="43.550975" lon="6.0910767"><ele>472.3399999999999</ele></trkpt>
<trkpt lat="43.5509917" lon="6.0910417"><ele>472.58</ele></trkpt>
<trkpt lat="43.55101" lon="6.0909983"><ele>472.84</ele></trkpt>
<trkpt lat="43.5510167" lon="6.0909583"><ele>473.14</ele></trkpt>
<trkpt lat="43.551015" lon="6.09092"><ele>473.66</ele></trkpt>
<trkpt lat="43.5510233" lon="6.090881699999999"><ele>474.04</ele></trkpt>
<trkpt lat="43.5510417" lon="6.0908433"><ele>474.1799999999999</ele></trkpt>
<trkpt lat="43.55105" lon="6.0908017"><ele>474.54</ele></trkpt>
<trkpt lat="43.5510633" lon="6.090765000000001"><ele>474.87</ele></trkpt>
<trkpt lat="43.55108" lon="6.0907283"><ele>474.5899999999999</ele></trkpt>
<trkpt lat="43.55111" lon="6.090706700000001"><ele>474.45</ele></trkpt>
<trkpt lat="43.551095" lon="6.09065"><ele>473.7799999999999</ele></trkpt>
<trkpt lat="43.5510467" lon="6.090708300000001"><ele>472.6899999999999</ele></trkpt>
<trkpt lat="43.5510533" lon="6.0906717"><ele>472.66</ele></trkpt>
<trkpt lat="43.5510483" lon="6.0906333"><ele>472.82</ele></trkpt>
<trkpt lat="43.5510467" lon="6.0905917"><ele>473.28</ele></trkpt>
<trkpt lat="43.5510667" lon="6.0905633"><ele>473.34</ele></trkpt>
<trkpt lat="43.55108" lon="6.090525000000001"><ele>473.47</ele></trkpt>
<trkpt lat="43.5510883" lon="6.0904867"><ele>473.84</ele></trkpt>
<trkpt lat="43.5510867" lon="6.09044"><ele>474.23</ele></trkpt>
<trkpt lat="43.55109" lon="6.0903983"><ele>474.6399999999999</ele></trkpt>
<trkpt lat="43.5510867" lon="6.0903533"><ele>475.04</ele></trkpt>
<trkpt lat="43.5510933" lon="6.090315"><ele>475.43</ele></trkpt>
<trkpt lat="43.5511033" lon="6.0902717"><ele>475.96</ele></trkpt>
<trkpt lat="43.5511083" lon="6.0902317"><ele>476.35</ele></trkpt>
<trkpt lat="43.5511133" lon="6.0901917"><ele>476.55</ele></trkpt>
<trkpt lat="43.5510967" lon="6.0901483"><ele>476.58</ele></trkpt>
<trkpt lat="43.551085" lon="6.0901033"><ele>476.42</ele></trkpt>
<trkpt lat="43.55106" lon="6.0900783"><ele>476.3</ele></trkpt>
<trkpt lat="43.55103" lon="6.090093300000001"><ele>475.99</ele></trkpt>
<trkpt lat="43.5510117" lon="6.090126700000001"><ele>475.98</ele></trkpt>
<trkpt lat="43.5509883" lon="6.090105000000001"><ele>475.98</ele></trkpt>
<trkpt lat="43.55098" lon="6.090061699999999"><ele>475.9</ele></trkpt>
<trkpt lat="43.5509733" lon="6.0900233"><ele>476.04</ele></trkpt>
<trkpt lat="43.5509933" lon="6.0899967"><ele>476.67</ele></trkpt>
<trkpt lat="43.551025" lon="6.0899783"><ele>476.77</ele></trkpt>
<trkpt lat="43.5510567" lon="6.0899683"><ele>476.85</ele></trkpt>
<trkpt lat="43.551075" lon="6.0899283"><ele>476.1799999999999</ele></trkpt>
<trkpt lat="43.5511083" lon="6.089913300000001"><ele>476.37</ele></trkpt>
<trkpt lat="43.5511417" lon="6.089895"><ele>476.3799999999999</ele></trkpt>
<trkpt lat="43.5511733" lon="6.0898717"><ele>476.3799999999999</ele></trkpt>
<trkpt lat="43.5512017" lon="6.0898533"><ele>476.1299999999999</ele></trkpt>
<trkpt lat="43.5512267" lon="6.0898317"><ele>475.89</ele></trkpt>
<trkpt lat="43.551205" lon="6.0897467"><ele>475.09</ele></trkpt>
<trkpt lat="43.5511917" lon="6.0897117"><ele>474.77</ele></trkpt>
<trkpt lat="43.5511883" lon="6.0896667"><ele>475.15</ele></trkpt>
<trkpt lat="43.55118" lon="6.089628300000001"><ele>475.5699999999999</ele></trkpt>
<trkpt lat="43.551165" lon="6.089594999999999"><ele>476.41</ele></trkpt>
<trkpt lat="43.55116" lon="6.089556700000001"><ele>476.67</ele></trkpt>
<trkpt lat="43.551155" lon="6.0895167"><ele>476.7499999999999</ele></trkpt>
<trkpt lat="43.5511467" lon="6.0894733"><ele>477.1</ele></trkpt>
<trkpt lat="43.5511267" lon="6.0894317"><ele>477.53</ele></trkpt>
<trkpt lat="43.5511083" lon="6.089388300000001"><ele>478.0299999999999</ele></trkpt>
<trkpt lat="43.5510967" lon="6.089341699999999"><ele>478.17</ele></trkpt>
<trkpt lat="43.551085" lon="6.0893017"><ele>478.25</ele></trkpt>
<trkpt lat="43.5510683" lon="6.0892617"><ele>478.4399999999999</ele></trkpt>
<trkpt lat="43.5510533" lon="6.089225"><ele>478.57</ele></trkpt>
<trkpt lat="43.5510417" lon="6.0891867"><ele>478.4399999999999</ele></trkpt>
<trkpt lat="43.551025" lon="6.089150000000001"><ele>477.54</ele></trkpt>
<trkpt lat="43.5510033" lon="6.089116699999999"><ele>476.93</ele></trkpt>
<trkpt lat="43.5509833" lon="6.0890883"><ele>476.5</ele></trkpt>
<trkpt lat="43.5509567" lon="6.0890633"><ele>476.28</ele></trkpt>
<trkpt lat="43.55094" lon="6.0890233"><ele>476.35</ele></trkpt>
<trkpt lat="43.5509267" lon="6.088985"><ele>476.31</ele></trkpt>
<trkpt lat="43.5509117" lon="6.0889483"><ele>476.35</ele></trkpt>
<trkpt lat="43.5509" lon="6.088905"><ele>476.4700000000001</ele></trkpt>
<trkpt lat="43.550875" lon="6.0888717"><ele>476.57</ele></trkpt>
<trkpt lat="43.5508467" lon="6.088845"><ele>476.9999999999999</ele></trkpt>
<trkpt lat="43.550825" lon="6.088806700000001"><ele>477.33</ele></trkpt>
<trkpt lat="43.5508067" lon="6.08876"><ele>477.89</ele></trkpt>
<trkpt lat="43.5507917" lon="6.088725"><ele>478.45</ele></trkpt>
<trkpt lat="43.5507767" lon="6.0886833"><ele>479.45</ele></trkpt>
<trkpt lat="43.550755" lon="6.088645"><ele>480.37</ele></trkpt>
<trkpt lat="43.5507367" lon="6.0886167"><ele>481.15</ele></trkpt>
<trkpt lat="43.5507117" lon="6.0885867"><ele>482.35</ele></trkpt>
<trkpt lat="43.55071" lon="6.088546699999999"><ele>482.85</ele></trkpt>
<trkpt lat="43.550715" lon="6.08851"><ele>483.2500000000001</ele></trkpt>
<trkpt lat="43.550725" lon="6.088465000000001"><ele>483.18</ele></trkpt>
<trkpt lat="43.5507383" lon="6.0884167"><ele>483.2500000000001</ele></trkpt>
<trkpt lat="43.55074" lon="6.0883667"><ele>483.5599999999999</ele></trkpt>
<trkpt lat="43.550735" lon="6.0883283"><ele>483.7699999999999</ele></trkpt>
<trkpt lat="43.5507333" lon="6.0882833"><ele>483.71</ele></trkpt>
<trkpt lat="43.5507233" lon="6.088235"><ele>483.5099999999999</ele></trkpt>
<trkpt lat="43.55072" lon="6.088195000000001"><ele>483.16</ele></trkpt>
<trkpt lat="43.5507233" lon="6.088149999999999"><ele>482.6499999999999</ele></trkpt>
<trkpt lat="43.5507217" lon="6.0880983"><ele>482.23</ele></trkpt>
<trkpt lat="43.5507167" lon="6.0880433"><ele>481.96</ele></trkpt>
<trkpt lat="43.550725" lon="6.088005"><ele>482.28</ele></trkpt>
<trkpt lat="43.5507283" lon="6.0879567"><ele>482.63</ele></trkpt>
<trkpt lat="43.55073" lon="6.0879117"><ele>482.86</ele></trkpt>
<trkpt lat="43.5507333" lon="6.087861700000001"><ele>482.76</ele></trkpt>
<trkpt lat="43.550735" lon="6.087816699999999"><ele>483.0099999999999</ele></trkpt>
<trkpt lat="43.5507333" lon="6.08777"><ele>483.2699999999999</ele></trkpt>
<trkpt lat="43.5507233" lon="6.087725"><ele>483.05</ele></trkpt>
<trkpt lat="43.5507283" lon="6.08768"><ele>482.79</ele></trkpt>
<trkpt lat="43.5507483" lon="6.087646700000001"><ele>482.62</ele></trkpt>
<trkpt lat="43.55077" lon="6.0876167"><ele>482.0299999999999</ele></trkpt>
<trkpt lat="43.55078" lon="6.087565"><ele>481.72</ele></trkpt>
<trkpt lat="43.550785" lon="6.087521700000001"><ele>481.49</ele></trkpt>
<trkpt lat="43.55079" lon="6.087476700000001"><ele>481.32</ele></trkpt>
<trkpt lat="43.5507933" lon="6.087431699999999"><ele>481.2</ele></trkpt>
<trkpt lat="43.5508033" lon="6.0873933"><ele>481.36</ele></trkpt>
<trkpt lat="43.550815" lon="6.0873567"><ele>481.29</ele></trkpt>
<trkpt lat="43.55082" lon="6.08731"><ele>481.2599999999999</ele></trkpt>
<trkpt lat="43.5508233" lon="6.08726"><ele>481.73</ele></trkpt>
<trkpt lat="43.5508383" lon="6.08721"><ele>481.68</ele></trkpt>
<trkpt lat="43.5508433" lon="6.08717"><ele>481.22</ele></trkpt>
<trkpt lat="43.5508483" lon="6.0871283"><ele>481.08</ele></trkpt>
<trkpt lat="43.550845" lon="6.0870883"><ele>481.15</ele></trkpt>
<trkpt lat="43.550845" lon="6.0870383"><ele>481.11</ele></trkpt>
<trkpt lat="43.550845" lon="6.0869917"><ele>480.6499999999999</ele></trkpt>
<trkpt lat="43.5508567" lon="6.086941700000001"><ele>480.1399999999999</ele></trkpt>
<trkpt lat="43.5508617" lon="6.0869033"><ele>480.15</ele></trkpt>
<trkpt lat="43.5508633" lon="6.0868583"><ele>479.76</ele></trkpt>
<trkpt lat="43.5508667" lon="6.086805000000001"><ele>479.16</ele></trkpt>
<trkpt lat="43.5508733" lon="6.086760000000001"><ele>478.8</ele></trkpt>
<trkpt lat="43.5508833" lon="6.086713300000001"><ele>478.77</ele></trkpt>
<trkpt lat="43.5508983" lon="6.0866783"><ele>478.87</ele></trkpt>
<trkpt lat="43.5509117" lon="6.08664"><ele>478.6499999999999</ele></trkpt>
<trkpt lat="43.550925" lon="6.0866"><ele>478.23</ele></trkpt>
<trkpt lat="43.5509433" lon="6.086548299999999"><ele>478.01</ele></trkpt>
<trkpt lat="43.55095" lon="6.086505"><ele>478.23</ele></trkpt>
<trkpt lat="43.5509633" lon="6.0864583"><ele>478.24</ele></trkpt>
<trkpt lat="43.55097" lon="6.086415"><ele>478.1200000000001</ele></trkpt>
<trkpt lat="43.550985" lon="6.0863817"><ele>477.73</ele></trkpt>
<trkpt lat="43.5509983" lon="6.086338300000001"><ele>477.85</ele></trkpt>
<trkpt lat="43.5510017" lon="6.086293300000001"><ele>477.8799999999999</ele></trkpt>
<trkpt lat="43.55102" lon="6.086263299999999"><ele>477.8799999999999</ele></trkpt>
<trkpt lat="43.5510333" lon="6.0862233"><ele>477.81</ele></trkpt>
<trkpt lat="43.5510167" lon="6.0861883"><ele>477.53</ele></trkpt>
<trkpt lat="43.5509783" lon="6.0861683"><ele>477.1</ele></trkpt>
<trkpt lat="43.5509517" lon="6.086145000000001"><ele>477.1</ele></trkpt>
<trkpt lat="43.5509567" lon="6.0861033"><ele>477.18</ele></trkpt>
<trkpt lat="43.5509583" lon="6.0860533"><ele>477.34</ele></trkpt>
<trkpt lat="43.55096" lon="6.0860133"><ele>477.47</ele></trkpt>
<trkpt lat="43.5509667" lon="6.0859683"><ele>477.29</ele></trkpt>
<trkpt lat="43.5509733" lon="6.0859233"><ele>477.19</ele></trkpt>
<trkpt lat="43.55098" lon="6.0858867"><ele>477.2099999999999</ele></trkpt>
<trkpt lat="43.55099" lon="6.0858483"><ele>476.92</ele></trkpt>
<trkpt lat="43.5510017" lon="6.08581"><ele>476.46</ele></trkpt>
<trkpt lat="43.55101" lon="6.0857633"><ele>476.05</ele></trkpt>
<trkpt lat="43.5510133" lon="6.085724999999999"><ele>475.55</ele></trkpt>
<trkpt lat="43.5510167" lon="6.085685"><ele>475.15</ele></trkpt>
<trkpt lat="43.5510183" lon="6.08564"><ele>474.4</ele></trkpt>
<trkpt lat="43.5510067" lon="6.085599999999999"><ele>473.95</ele></trkpt>
<trkpt lat="43.5509933" lon="6.0855633"><ele>473.58</ele></trkpt>
<trkpt lat="43.55098" lon="6.085520000000001"><ele>473.44</ele></trkpt>
<trkpt lat="43.55097" lon="6.0854783"><ele>472.9400000000001</ele></trkpt>
<trkpt lat="43.55096" lon="6.0854317"><ele>472.7300000000001</ele></trkpt>
<trkpt lat="43.550965" lon="6.085381700000001"><ele>472.3899999999999</ele></trkpt>
<trkpt lat="43.5509717" lon="6.08533"><ele>472.1199999999999</ele></trkpt>
<trkpt lat="43.5509767" lon="6.0852883"><ele>471.89</ele></trkpt>
<trkpt lat="43.5509817" lon="6.0852433"><ele>471.86</ele></trkpt>
<trkpt lat="43.5509917" lon="6.085205"><ele>471.71</ele></trkpt>
<trkpt lat="43.5510017" lon="6.085165"><ele>471.33</ele></trkpt>
<trkpt lat="43.5510083" lon="6.0851183"><ele>471.05</ele></trkpt>
<trkpt lat="43.5510133" lon="6.085075"><ele>470.36</ele></trkpt>
<trkpt lat="43.551015" lon="6.0850267"><ele>469.76</ele></trkpt>
<trkpt lat="43.5510167" lon="6.0849867"><ele>469.37</ele></trkpt>
<trkpt lat="43.551015" lon="6.0849467"><ele>469.54</ele></trkpt>
<trkpt lat="43.551015" lon="6.0849033"><ele>470.05</ele></trkpt>
<trkpt lat="43.5510117" lon="6.084865"><ele>470.6999999999999</ele></trkpt>
<trkpt lat="43.5510017" lon="6.084824999999999"><ele>471.14</ele></trkpt>
<trkpt lat="43.551" lon="6.084781699999999"><ele>471.28</ele></trkpt>
<trkpt lat="43.5510017" lon="6.08474"><ele>471.35</ele></trkpt>
<trkpt lat="43.551005" lon="6.084695"><ele>471.64</ele></trkpt>
<trkpt lat="43.5510083" lon="6.084655000000001"><ele>471.7699999999999</ele></trkpt>
<trkpt lat="43.5510133" lon="6.0846167"><ele>471.8699999999999</ele></trkpt>
<trkpt lat="43.5510217" lon="6.08457"><ele>472.02</ele></trkpt>
<trkpt lat="43.5510317" lon="6.084529999999999"><ele>472.4399999999999</ele></trkpt>
<trkpt lat="43.5510417" lon="6.08449"><ele>472.84</ele></trkpt>
<trkpt lat="43.5510383" lon="6.0844483"><ele>472.98</ele></trkpt>
<trkpt lat="43.551005" lon="6.0843567"><ele>472.1299999999999</ele></trkpt>
<trkpt lat="43.550995" lon="6.084315"><ele>471.32</ele></trkpt>
<trkpt lat="43.5509767" lon="6.084280000000001"><ele>470.46</ele></trkpt>
<trkpt lat="43.5509533" lon="6.084256699999999"><ele>469.8299999999999</ele></trkpt>
<trkpt lat="43.5509267" lon="6.0842433"><ele>468.76</ele></trkpt>
<trkpt lat="43.5509117" lon="6.084211699999999"><ele>467.43</ele></trkpt>
<trkpt lat="43.550835" lon="6.0841333"><ele>464.1600000000001</ele></trkpt>
<trkpt lat="43.5508067" lon="6.084105"><ele>464.25</ele></trkpt>
<trkpt lat="43.550775" lon="6.0840917"><ele>464.28</ele></trkpt>
<trkpt lat="43.5507433" lon="6.0840783"><ele>464.47</ele></trkpt>
<trkpt lat="43.550715" lon="6.0840567"><ele>464.67</ele></trkpt>
<trkpt lat="43.55069" lon="6.0840383"><ele>464.4200000000001</ele></trkpt>
<trkpt lat="43.55066" lon="6.08401"><ele>464.31</ele></trkpt>
<trkpt lat="43.55064" lon="6.0839833"><ele>464.3899999999999</ele></trkpt>
<trkpt lat="43.5506117" lon="6.0839583"><ele>464.21</ele></trkpt>
<trkpt lat="43.5505867" lon="6.083925"><ele>463.92</ele></trkpt>
<trkpt lat="43.5505683" lon="6.0838867"><ele>463.92</ele></trkpt>
<trkpt lat="43.5505483" lon="6.0838533"><ele>464</ele></trkpt>
<trkpt lat="43.5505283" lon="6.0838267"><ele>463.89</ele></trkpt>
<trkpt lat="43.5505083" lon="6.0837917"><ele>463.62</ele></trkpt>
<trkpt lat="43.55049" lon="6.083755000000001"><ele>463.42</ele></trkpt>
<trkpt lat="43.5504717" lon="6.083723299999999"><ele>462.86</ele></trkpt>
<trkpt lat="43.5504583" lon="6.083685"><ele>462.6800000000001</ele></trkpt>
<trkpt lat="43.5504483" lon="6.08364"><ele>462.61</ele></trkpt>
<trkpt lat="43.5504333" lon="6.083595"><ele>462.56</ele></trkpt>
<trkpt lat="43.5504233" lon="6.0835467"><ele>462.51</ele></trkpt>
<trkpt lat="43.5504133" lon="6.0835"><ele>462.74</ele></trkpt>
<trkpt lat="43.5504067" lon="6.083449999999999"><ele>463.22</ele></trkpt>
<trkpt lat="43.5504017" lon="6.0834067"><ele>463.5599999999999</ele></trkpt>
<trkpt lat="43.5503833" lon="6.0833683"><ele>464.0299999999999</ele></trkpt>
<trkpt lat="43.5503717" lon="6.0833317"><ele>463.99</ele></trkpt>
<trkpt lat="43.5503633" lon="6.083288300000001"><ele>463.98</ele></trkpt>
<trkpt lat="43.55035" lon="6.0832483"><ele>463.88</ele></trkpt>
<trkpt lat="43.5503367" lon="6.083209999999999"><ele>463.79</ele></trkpt>
<trkpt lat="43.5503183" lon="6.083171700000001"><ele>463.75</ele></trkpt>
<trkpt lat="43.5503017" lon="6.0831367"><ele>464.48</ele></trkpt>
<trkpt lat="43.550285" lon="6.0831033"><ele>466.71</ele></trkpt>
<trkpt lat="43.55026" lon="6.083085000000001"><ele>467.3</ele></trkpt>
<trkpt lat="43.5502317" lon="6.0830933"><ele>468.28</ele></trkpt>
<trkpt lat="43.5502" lon="6.0830867"><ele>468.71</ele></trkpt>
<trkpt lat="43.550175" lon="6.0830567"><ele>469.17</ele></trkpt>
<trkpt lat="43.55015" lon="6.0830283"><ele>469.35</ele></trkpt>
<trkpt lat="43.5501167" lon="6.0830117"><ele>469.75</ele></trkpt>
<trkpt lat="43.5500933" lon="6.082975"><ele>470.04</ele></trkpt>
<trkpt lat="43.5500767" lon="6.0829417"><ele>470.5</ele></trkpt>
<trkpt lat="43.5500567" lon="6.0829083"><ele>470.83</ele></trkpt>
<trkpt lat="43.5500233" lon="6.0828933"><ele>470.98</ele></trkpt>
<trkpt lat="43.5499967" lon="6.0828783"><ele>470.86</ele></trkpt>
<trkpt lat="43.5499717" lon="6.0828617"><ele>470.9499999999999</ele></trkpt>
<trkpt lat="43.5499417" lon="6.082834999999999"><ele>470.98</ele></trkpt>
<trkpt lat="43.5499133" lon="6.082805"><ele>471.14</ele></trkpt>
<trkpt lat="43.5498867" lon="6.082785"><ele>471.43</ele></trkpt>
<trkpt lat="43.5498567" lon="6.0827583"><ele>471.8299999999999</ele></trkpt>
<trkpt lat="43.5498283" lon="6.0827467"><ele>471.97</ele></trkpt>
<trkpt lat="43.5497967" lon="6.082733299999999"><ele>472.52</ele></trkpt>
<trkpt lat="43.5497683" lon="6.0827383"><ele>472.78</ele></trkpt>
<trkpt lat="43.5497383" lon="6.082733299999999"><ele>472.6800000000001</ele></trkpt>
<trkpt lat="43.5497117" lon="6.0827167"><ele>472.49</ele></trkpt>
<trkpt lat="43.5496833" lon="6.0827"><ele>472.54</ele></trkpt>
<trkpt lat="43.549655" lon="6.0826817"><ele>472.51</ele></trkpt>
<trkpt lat="43.54963" lon="6.082663300000001"><ele>472.3799999999999</ele></trkpt>
<trkpt lat="43.549605" lon="6.0826383"><ele>472.41</ele></trkpt>
<trkpt lat="43.5495867" lon="6.0826083"><ele>472.0299999999999</ele></trkpt>
<trkpt lat="43.54956" lon="6.0825767"><ele>471.72</ele></trkpt>
<trkpt lat="43.5495417" lon="6.0825483"><ele>471.5199999999999</ele></trkpt>
<trkpt lat="43.5495217" lon="6.08252"><ele>471.41</ele></trkpt>
<trkpt lat="43.5495033" lon="6.0824867"><ele>471.02</ele></trkpt>
<trkpt lat="43.54948" lon="6.08245"><ele>470.71</ele></trkpt>
<trkpt lat="43.5494617" lon="6.082421700000001"><ele>470.49</ele></trkpt>
<trkpt lat="43.5494383" lon="6.082389999999999"><ele>470.14</ele></trkpt>
<trkpt lat="43.54942" lon="6.08236"><ele>469.8199999999999</ele></trkpt>
<trkpt lat="43.5493983" lon="6.0823367"><ele>469.5199999999999</ele></trkpt>
<trkpt lat="43.5493817" lon="6.0822967"><ele>469.29</ele></trkpt>
<trkpt lat="43.549365" lon="6.08225"><ele>469.09</ele></trkpt>
<trkpt lat="43.5493517" lon="6.082215"><ele>468.89</ele></trkpt>
<trkpt lat="43.5493233" lon="6.0822117"><ele>469.2</ele></trkpt>
<trkpt lat="43.5492983" lon="6.0821817"><ele>470.1299999999999</ele></trkpt>
<trkpt lat="43.5492733" lon="6.0821567"><ele>470.6999999999999</ele></trkpt>
<trkpt lat="43.54925" lon="6.08213"><ele>471.17</ele></trkpt>
<trkpt lat="43.549225" lon="6.0821117"><ele>471.91</ele></trkpt>
<trkpt lat="43.5491917" lon="6.0821033"><ele>472.4299999999999</ele></trkpt>
<trkpt lat="43.5491617" lon="6.0820967"><ele>472.99</ele></trkpt>
<trkpt lat="43.5491367" lon="6.082081700000001"><ele>473.43</ele></trkpt>
<trkpt lat="43.54911" lon="6.082059999999999"><ele>473.8199999999999</ele></trkpt>
<trkpt lat="43.5490817" lon="6.08204"><ele>474.29</ele></trkpt>
<trkpt lat="43.549055" lon="6.082028299999999"><ele>474.98</ele></trkpt>
<trkpt lat="43.549045" lon="6.0819883"><ele>475.68</ele></trkpt>
<trkpt lat="43.5490267" lon="6.081959999999999"><ele>476.2</ele></trkpt>
<trkpt lat="43.5489967" lon="6.08194"><ele>476.3399999999999</ele></trkpt>
<trkpt lat="43.54897" lon="6.081915"><ele>476.4700000000001</ele></trkpt>
<trkpt lat="43.54894" lon="6.0818983"><ele>476.1199999999999</ele></trkpt>
<trkpt lat="43.5489067" lon="6.0818967"><ele>476.15</ele></trkpt>
<trkpt lat="43.548875" lon="6.0818983"><ele>476.24</ele></trkpt>
<trkpt lat="43.5488483" lon="6.08192"><ele>476.6999999999999</ele></trkpt>
<trkpt lat="43.5488233" lon="6.081945000000001"><ele>478.01</ele></trkpt>
<trkpt lat="43.5487933" lon="6.081948300000001"><ele>478.6899999999999</ele></trkpt>
<trkpt lat="43.548765" lon="6.081948300000001"><ele>479.32</ele></trkpt>
<trkpt lat="43.5487367" lon="6.0819417"><ele>480.06</ele></trkpt>
<trkpt lat="43.5487033" lon="6.0819367"><ele>480.4700000000001</ele></trkpt>
<trkpt lat="43.5486733" lon="6.0819233"><ele>480.4700000000001</ele></trkpt>
<trkpt lat="43.54864" lon="6.0819167"><ele>480.71</ele></trkpt>
<trkpt lat="43.5486067" lon="6.0819167"><ele>481.06</ele></trkpt>
<trkpt lat="43.5485783" lon="6.08192"><ele>481.08</ele></trkpt>
<trkpt lat="43.5485483" lon="6.0819333"><ele>481.14</ele></trkpt>
<trkpt lat="43.54852" lon="6.08195"><ele>481.24</ele></trkpt>
<trkpt lat="43.54849" lon="6.081965"><ele>481.63</ele></trkpt>
<trkpt lat="43.5484583" lon="6.081990000000001"><ele>481.96</ele></trkpt>
<trkpt lat="43.5484267" lon="6.081993300000001"><ele>482.24</ele></trkpt>
<trkpt lat="43.5483967" lon="6.081990000000001"><ele>482.27</ele></trkpt>
<trkpt lat="43.5483667" lon="6.081993300000001"><ele>482.1</ele></trkpt>
<trkpt lat="43.5483333" lon="6.0819883"><ele>481.71</ele></trkpt>
<trkpt lat="43.5483" lon="6.081995"><ele>481.7699999999999</ele></trkpt>
<trkpt lat="43.548265" lon="6.081990000000001"><ele>481.94</ele></trkpt>
<trkpt lat="43.548235" lon="6.0819883"><ele>482.23</ele></trkpt>
<trkpt lat="43.5482067" lon="6.081969999999999"><ele>482.7300000000001</ele></trkpt>
<trkpt lat="43.5481767" lon="6.0819633"><ele>482.85</ele></trkpt>
<trkpt lat="43.548145" lon="6.08195"><ele>482.88</ele></trkpt>
<trkpt lat="43.5481167" lon="6.0819467"><ele>482.66</ele></trkpt>
<trkpt lat="43.5480917" lon="6.081965"><ele>482.87</ele></trkpt>
<trkpt lat="43.5480667" lon="6.0819817"><ele>482.68</ele></trkpt>
<trkpt lat="43.548045" lon="6.082004999999999"><ele>482.77</ele></trkpt>
<trkpt lat="43.54802" lon="6.082025"><ele>482.67</ele></trkpt>
<trkpt lat="43.5479883" lon="6.082036700000001"><ele>483.03</ele></trkpt>
<trkpt lat="43.5479683" lon="6.082061699999999"><ele>483.43</ele></trkpt>
<trkpt lat="43.5479417" lon="6.0820533"><ele>483.63</ele></trkpt>
<trkpt lat="43.5479117" lon="6.082049999999999"><ele>484.1299999999999</ele></trkpt>
<trkpt lat="43.5478817" lon="6.0820533"><ele>484.46</ele></trkpt>
<trkpt lat="43.5478383" lon="6.0820783"><ele>484.54</ele></trkpt>
<trkpt lat="43.5478117" lon="6.0821"><ele>484.83</ele></trkpt>
<trkpt lat="43.5477833" lon="6.0821167"><ele>485.2099999999999</ele></trkpt>
<trkpt lat="43.5477567" lon="6.08213"><ele>485.9</ele></trkpt>
<trkpt lat="43.5477383" lon="6.0821667"><ele>487.09</ele></trkpt>
<trkpt lat="43.5477317" lon="6.082205"><ele>487.73</ele></trkpt>
<trkpt lat="43.5477117" lon="6.0822317"><ele>488.3399999999999</ele></trkpt>
<trkpt lat="43.54773" lon="6.0822633"><ele>489.12</ele></trkpt>
<trkpt lat="43.54771" lon="6.0822983"><ele>489.81</ele></trkpt>
<trkpt lat="43.5476767" lon="6.0823167"><ele>490.37</ele></trkpt>
<trkpt lat="43.54765" lon="6.082344999999999"><ele>490.93</ele></trkpt>
<trkpt lat="43.547625" lon="6.082366700000001"><ele>491.03</ele></trkpt>
<trkpt lat="43.5475967" lon="6.082380000000001"><ele>491.3000000000001</ele></trkpt>
<trkpt lat="43.54757" lon="6.0823883"><ele>491.7</ele></trkpt>
<trkpt lat="43.5475417" lon="6.0823833"><ele>492.4299999999999</ele></trkpt>
<trkpt lat="43.547505" lon="6.0823817"><ele>491.75</ele></trkpt>
<trkpt lat="43.5474733" lon="6.082375"><ele>491.22</ele></trkpt>
<trkpt lat="43.5474467" lon="6.082358299999999"><ele>490.72</ele></trkpt>
<trkpt lat="43.5474233" lon="6.0823383"><ele>490.4499999999999</ele></trkpt>
<trkpt lat="43.547395" lon="6.08233"><ele>489.99</ele></trkpt>
<trkpt lat="43.5473617" lon="6.0823367"><ele>489.8699999999999</ele></trkpt>
<trkpt lat="43.5473317" lon="6.0823383"><ele>489.8699999999999</ele></trkpt>
<trkpt lat="43.5473017" lon="6.082344999999999"><ele>489.94</ele></trkpt>
<trkpt lat="43.54727" lon="6.082344999999999"><ele>490.06</ele></trkpt>
<trkpt lat="43.547245" lon="6.082320000000001"><ele>490.07</ele></trkpt>
<trkpt lat="43.5472217" lon="6.0822967"><ele>490.26</ele></trkpt>
<trkpt lat="43.5471983" lon="6.0822733"><ele>490.82</ele></trkpt>
<trkpt lat="43.5471683" lon="6.08226"><ele>490.48</ele></trkpt>
<trkpt lat="43.5471383" lon="6.0822567"><ele>490.56</ele></trkpt>
<trkpt lat="43.547105" lon="6.082243300000001"><ele>490.47</ele></trkpt>
<trkpt lat="43.5470783" lon="6.0822617"><ele>490.93</ele></trkpt>
<trkpt lat="43.5470567" lon="6.0822917"><ele>491.23</ele></trkpt>
<trkpt lat="43.547025" lon="6.082315"><ele>491.63</ele></trkpt>
<trkpt lat="43.5469983" lon="6.0823433"><ele>492.58</ele></trkpt>
<trkpt lat="43.5469683" lon="6.082358299999999"><ele>493.12</ele></trkpt>
<trkpt lat="43.5469367" lon="6.082366700000001"><ele>493.72</ele></trkpt>
<trkpt lat="43.546915" lon="6.08234"><ele>494.16</ele></trkpt>
<trkpt lat="43.5468933" lon="6.0823083"><ele>494.37</ele></trkpt>
<trkpt lat="43.5468683" lon="6.0822917"><ele>494.46</ele></trkpt>
<trkpt lat="43.5468417" lon="6.0822783"><ele>494.83</ele></trkpt>
<trkpt lat="43.5468167" lon="6.082209999999999"><ele>498.15</ele></trkpt>
<trkpt lat="43.5467867" lon="6.08219"><ele>498.1</ele></trkpt>
<trkpt lat="43.5467633" lon="6.08217"><ele>497.71</ele></trkpt>
<trkpt lat="43.5467417" lon="6.082140000000001"><ele>497.5</ele></trkpt>
<trkpt lat="43.5467217" lon="6.082115"><ele>497.5600000000001</ele></trkpt>
<trkpt lat="43.5466467" lon="6.082045"><ele>500.58</ele></trkpt>
<trkpt lat="43.5466767" lon="6.0820317"><ele>501.65</ele></trkpt>
<trkpt lat="43.5466967" lon="6.081990000000001"><ele>500.37</ele></trkpt>
<trkpt lat="43.5466417" lon="6.0819667"><ele>498.87</ele></trkpt>
<trkpt lat="43.5466133" lon="6.0819467"><ele>498.67</ele></trkpt>
<trkpt lat="43.546595" lon="6.081911699999999"><ele>498.86</ele></trkpt>
<trkpt lat="43.546575" lon="6.0818833"><ele>499.11</ele></trkpt>
<trkpt lat="43.5465483" lon="6.08186"><ele>499.5299999999999</ele></trkpt>
<trkpt lat="43.546535" lon="6.0818167"><ele>499.8399999999999</ele></trkpt>
<trkpt lat="43.546515" lon="6.08179"><ele>499.94</ele></trkpt>
<trkpt lat="43.546485" lon="6.081763300000001"><ele>500.04</ele></trkpt>
<trkpt lat="43.54645" lon="6.081725"><ele>500.62</ele></trkpt>
<trkpt lat="43.54635" lon="6.0817283"><ele>502.62</ele></trkpt>
<trkpt lat="43.5462633" lon="6.0818083"><ele>504.35</ele></trkpt>
<trkpt lat="43.5462367" lon="6.081835"><ele>505.3199999999999</ele></trkpt>
<trkpt lat="43.5462017" lon="6.081911699999999"><ele>506.05</ele></trkpt>
<trkpt lat="43.5461567" lon="6.081973299999999"><ele>506.93</ele></trkpt>
<trkpt lat="43.5461367" lon="6.082003300000001"><ele>507.94</ele></trkpt>
<trkpt lat="43.5460983" lon="6.0820333"><ele>509.12</ele></trkpt>
<trkpt lat="43.5460783" lon="6.0821733"><ele>511.3500000000001</ele></trkpt>
<trkpt lat="43.546005" lon="6.0821667"><ele>511.23</ele></trkpt>
<trkpt lat="43.5459767" lon="6.0822"><ele>510.94</ele></trkpt>
<trkpt lat="43.545965" lon="6.082235"><ele>511.23</ele></trkpt>
<trkpt lat="43.545945" lon="6.08226"><ele>511.5</ele></trkpt>
<trkpt lat="43.5459317" lon="6.0823067"><ele>512.37</ele></trkpt>
<trkpt lat="43.54588" lon="6.082305"><ele>510.27</ele></trkpt>
<trkpt lat="43.5458517" lon="6.0823017"><ele>510.84</ele></trkpt>
<trkpt lat="43.545825" lon="6.08228"><ele>511.09</ele></trkpt>
<trkpt lat="43.5458067" lon="6.08224"><ele>511.21</ele></trkpt>
<trkpt lat="43.545785" lon="6.082205"><ele>511.44</ele></trkpt>
<trkpt lat="43.5457667" lon="6.082171700000001"><ele>511.49</ele></trkpt>
<trkpt lat="43.5457417" lon="6.082145"><ele>511.3699999999999</ele></trkpt>
<trkpt lat="43.5457117" lon="6.082115"><ele>511.3699999999999</ele></trkpt>
<trkpt lat="43.54569" lon="6.0820783"><ele>511.46</ele></trkpt>
<trkpt lat="43.5456733" lon="6.082048300000001"><ele>511.3099999999999</ele></trkpt>
<trkpt lat="43.5456583" lon="6.082004999999999"><ele>511.2699999999999</ele></trkpt>
<trkpt lat="43.54567" lon="6.081969999999999"><ele>511.08</ele></trkpt>
<trkpt lat="43.5456967" lon="6.0819367"><ele>510.97</ele></trkpt>
<trkpt lat="43.5457117" lon="6.0819033"><ele>510.97</ele></trkpt>
<trkpt lat="43.54569" lon="6.0818733"><ele>510.7099999999999</ele></trkpt>
<trkpt lat="43.545655" lon="6.081866699999999"><ele>510.4499999999999</ele></trkpt>
<trkpt lat="43.5456283" lon="6.0818567"><ele>510.38</ele></trkpt>
<trkpt lat="43.5456" lon="6.08183"><ele>509.79</ele></trkpt>
<trkpt lat="43.54558" lon="6.081795"><ele>508.7400000000001</ele></trkpt>
<trkpt lat="43.5455617" lon="6.081761700000001"><ele>507.98</ele></trkpt>
<trkpt lat="43.545535" lon="6.0817283"><ele>507.29</ele></trkpt>
<trkpt lat="43.5455133" lon="6.081688299999999"><ele>507.15</ele></trkpt>
<trkpt lat="43.5455" lon="6.0816433"><ele>506.82</ele></trkpt>
<trkpt lat="43.545495" lon="6.081605000000001"><ele>506.6999999999999</ele></trkpt>
<trkpt lat="43.5454967" lon="6.081556700000001"><ele>506.52</ele></trkpt>
<trkpt lat="43.5454917" lon="6.0815083"><ele>506.4399999999999</ele></trkpt>
<trkpt lat="43.54549" lon="6.08147"><ele>507.08</ele></trkpt>
<trkpt lat="43.545485" lon="6.0814283"><ele>507.7799999999999</ele></trkpt>
<trkpt lat="43.5454783" lon="6.0813833"><ele>508.07</ele></trkpt>
<trkpt lat="43.54548" lon="6.0813383"><ele>508.24</ele></trkpt>
<trkpt lat="43.5454783" lon="6.081288300000001"><ele>508.58</ele></trkpt>
<trkpt lat="43.5454867" lon="6.081245"><ele>508.7400000000001</ele></trkpt>
<trkpt lat="43.5454767" lon="6.0812017"><ele>509.38</ele></trkpt>
<trkpt lat="43.5454717" lon="6.081163299999999"><ele>510.0899999999999</ele></trkpt>
<trkpt lat="43.5454683" lon="6.08112"><ele>510.06</ele></trkpt>
<trkpt lat="43.5454633" lon="6.0810767"><ele>509.45</ele></trkpt>
<trkpt lat="43.5454533" lon="6.0810267"><ele>510.68</ele></trkpt>
<trkpt lat="43.54544" lon="6.080990000000001"><ele>512.05</ele></trkpt>
<trkpt lat="43.545435" lon="6.0809467"><ele>511.98</ele></trkpt>
<trkpt lat="43.5454283" lon="6.0809083"><ele>511.69</ele></trkpt>
<trkpt lat="43.5454067" lon="6.0808817"><ele>511.3099999999999</ele></trkpt>
<trkpt lat="43.5454283" lon="6.0808317"><ele>511.9299999999999</ele></trkpt>
<trkpt lat="43.54543" lon="6.0807883"><ele>512.9</ele></trkpt>
<trkpt lat="43.5454217" lon="6.0807467"><ele>513.85</ele></trkpt>
<trkpt lat="43.545425" lon="6.0807067"><ele>514.46</ele></trkpt>
<trkpt lat="43.5454217" lon="6.0808267"><ele>513.52</ele></trkpt>
<trkpt lat="43.545375" lon="6.080833299999999"><ele>512.78</ele></trkpt>
<trkpt lat="43.5453467" lon="6.080809999999999"><ele>512.38</ele></trkpt>
<trkpt lat="43.5453183" lon="6.0807967"><ele>512.44</ele></trkpt>
<trkpt lat="43.545305" lon="6.080763300000001"><ele>512.37</ele></trkpt>
<trkpt lat="43.5453017" lon="6.080725"><ele>512.18</ele></trkpt>
<trkpt lat="43.54529" lon="6.0806883"><ele>512.14</ele></trkpt>
<trkpt lat="43.54528" lon="6.0806483"><ele>513.15</ele></trkpt>
<trkpt lat="43.54527" lon="6.080613300000001"><ele>513.56</ele></trkpt>
<trkpt lat="43.5452633" lon="6.080575"><ele>514.12</ele></trkpt>
<trkpt lat="43.54524" lon="6.080548299999999"><ele>514.79</ele></trkpt>
<trkpt lat="43.5452133" lon="6.0805267"><ele>515.49</ele></trkpt>
<trkpt lat="43.5452133" lon="6.0804817"><ele>516.15</ele></trkpt>
<trkpt lat="43.5451983" lon="6.080448299999999"><ele>516.36</ele></trkpt>
<trkpt lat="43.5451883" lon="6.0804083"><ele>516.66</ele></trkpt>
<trkpt lat="43.5451867" lon="6.0803633"><ele>516.86</ele></trkpt>
<trkpt lat="43.5451833" lon="6.0803217"><ele>517.13</ele></trkpt>
<trkpt lat="43.5451683" lon="6.08028"><ele>517.37</ele></trkpt>
<trkpt lat="43.545155" lon="6.0802467"><ele>517.37</ele></trkpt>
<trkpt lat="43.5451583" lon="6.080208299999999"><ele>517.81</ele></trkpt>
<trkpt lat="43.54515" lon="6.080170000000001"><ele>518.35</ele></trkpt>
<trkpt lat="43.5451433" lon="6.0801283"><ele>518.96</ele></trkpt>
<trkpt lat="43.5451417" lon="6.0800833"><ele>519.62</ele></trkpt>
<trkpt lat="43.5451333" lon="6.0800417"><ele>519.95</ele></trkpt>
<trkpt lat="43.54513" lon="6.0800017"><ele>520.35</ele></trkpt>
<trkpt lat="43.5451017" lon="6.0799467"><ele>521.24</ele></trkpt>
<trkpt lat="43.545095" lon="6.0798767"><ele>521.58</ele></trkpt>
<trkpt lat="43.5450883" lon="6.079825"><ele>521.96</ele></trkpt>
<trkpt lat="43.5450333" lon="6.07978"><ele>522.08</ele></trkpt>
<trkpt lat="43.5450183" lon="6.079745"><ele>522.36</ele></trkpt>
<trkpt lat="43.5450117" lon="6.079701700000001"><ele>522.47</ele></trkpt>
<trkpt lat="43.545015" lon="6.0796617"><ele>522.21</ele></trkpt>
<trkpt lat="43.5450183" lon="6.0796233"><ele>522.17</ele></trkpt>
<trkpt lat="43.5449833" lon="6.07956"><ele>522.54</ele></trkpt>
<trkpt lat="43.5449717" lon="6.0795117"><ele>522.92</ele></trkpt>
<trkpt lat="43.5449483" lon="6.079478300000001"><ele>523.42</ele></trkpt>
<trkpt lat="43.54492" lon="6.079465000000001"><ele>523.92</ele></trkpt>
<trkpt lat="43.5449017" lon="6.0794283"><ele>524.47</ele></trkpt>
<trkpt lat="43.5448933" lon="6.079388299999999"><ele>524.63</ele></trkpt>
<trkpt lat="43.54488" lon="6.0793483"><ele>525.02</ele></trkpt>
<trkpt lat="43.5448633" lon="6.07931"><ele>525.65</ele></trkpt>
<trkpt lat="43.5448583" lon="6.079270000000001"><ele>526.19</ele></trkpt>
<trkpt lat="43.5448483" lon="6.079235"><ele>527.27</ele></trkpt>
<trkpt lat="43.544845" lon="6.0791967"><ele>527.72</ele></trkpt>
<trkpt lat="43.544825" lon="6.079165"><ele>527.92</ele></trkpt>
<trkpt lat="43.5448033" lon="6.0791317"><ele>528.42</ele></trkpt>
<trkpt lat="43.5448017" lon="6.0790817"><ele>528.89</ele></trkpt>
<trkpt lat="43.5448017" lon="6.079041700000001"><ele>529.48</ele></trkpt>
<trkpt lat="43.5447783" lon="6.07902"><ele>529.93</ele></trkpt>
<trkpt lat="43.544755" lon="6.0789917"><ele>530.52</ele></trkpt>
<trkpt lat="43.5447433" lon="6.07895"><ele>530.74</ele></trkpt>
<trkpt lat="43.5447367" lon="6.0789133"><ele>530.42</ele></trkpt>
<trkpt lat="43.5447217" lon="6.078865"><ele>530.17</ele></trkpt>
<trkpt lat="43.5447083" lon="6.07882"><ele>530.16</ele></trkpt>
<trkpt lat="43.54469" lon="6.078773299999999"><ele>530.29</ele></trkpt>
<trkpt lat="43.5446783" lon="6.078738299999999"><ele>530.53</ele></trkpt>
<trkpt lat="43.54465" lon="6.0787167"><ele>530.92</ele></trkpt>
<trkpt lat="43.54462" lon="6.0786883"><ele>531.32</ele></trkpt>
<trkpt lat="43.5446" lon="6.0786533"><ele>531.79</ele></trkpt>
<trkpt lat="43.5445733" lon="6.078621699999999"><ele>532.38</ele></trkpt>
<trkpt lat="43.54455" lon="6.0786017"><ele>532.94</ele></trkpt>
<trkpt lat="43.5445433" lon="6.07856"><ele>533.87</ele></trkpt>
<trkpt lat="43.544535" lon="6.078515"><ele>533.96</ele></trkpt>
<trkpt lat="43.5445217" lon="6.078475000000001"><ele>533.58</ele></trkpt>
<trkpt lat="43.5444967" lon="6.07844"><ele>533.86</ele></trkpt>
<trkpt lat="43.544475" lon="6.078416700000001"><ele>533.87</ele></trkpt>
<trkpt lat="43.5444533" lon="6.0783867"><ele>534.15</ele></trkpt>
<trkpt lat="43.5444317" lon="6.078349999999999"><ele>534.07</ele></trkpt>
<trkpt lat="43.5444267" lon="6.07831"><ele>534.14</ele></trkpt>
<trkpt lat="43.5444167" lon="6.078270000000001"><ele>534.42</ele></trkpt>
<trkpt lat="43.544405" lon="6.0782317"><ele>534.75</ele></trkpt>
<trkpt lat="43.5443883" lon="6.0782"><ele>534.95</ele></trkpt>
<trkpt lat="43.54437" lon="6.078166700000001"><ele>535.22</ele></trkpt>
<trkpt lat="43.5443483" lon="6.0781367"><ele>535.69</ele></trkpt>
<trkpt lat="43.5443333" lon="6.078105"><ele>536.19</ele></trkpt>
<trkpt lat="43.54431" lon="6.078075"><ele>536.34</ele></trkpt>
<trkpt lat="43.5442867" lon="6.07805"><ele>536.44</ele></trkpt>
<trkpt lat="43.5442633" lon="6.0780233"><ele>536.63</ele></trkpt>
<trkpt lat="43.5442483" lon="6.07799"><ele>536.99</ele></trkpt>
<trkpt lat="43.544235" lon="6.077950000000001"><ele>537.46</ele></trkpt>
<trkpt lat="43.5442167" lon="6.07791"><ele>537.98</ele></trkpt>
<trkpt lat="43.54421" lon="6.077871699999999"><ele>538.36</ele></trkpt>
<trkpt lat="43.5441967" lon="6.077825"><ele>538.37</ele></trkpt>
<trkpt lat="43.5441767" lon="6.0777883"><ele>538.43</ele></trkpt>
<trkpt lat="43.5441633" lon="6.07775"><ele>538.99</ele></trkpt>
<trkpt lat="43.54416" lon="6.077711699999999"><ele>539.86</ele></trkpt>
<trkpt lat="43.5441683" lon="6.07767"><ele>540.78</ele></trkpt>
<trkpt lat="43.5441133" lon="6.0776633"><ele>541.22</ele></trkpt>
<trkpt lat="43.5440933" lon="6.07763"><ele>541.73</ele></trkpt>
<trkpt lat="43.54407" lon="6.0776083"><ele>541.84</ele></trkpt>
<trkpt lat="43.5440217" lon="6.0775667"><ele>542.88</ele></trkpt>
<trkpt lat="43.5440017" lon="6.07754"><ele>543.69</ele></trkpt>
<trkpt lat="43.5439833" lon="6.0775033"><ele>544.39</ele></trkpt>
<trkpt lat="43.5439633" lon="6.077474999999999"><ele>544.85</ele></trkpt>
<trkpt lat="43.5439517" lon="6.077439999999999"><ele>544.96</ele></trkpt>
<trkpt lat="43.5439417" lon="6.0774033"><ele>544.96</ele></trkpt>
<trkpt lat="43.5439267" lon="6.077360000000001"><ele>544.85</ele></trkpt>
<trkpt lat="43.5439133" lon="6.0773217"><ele>544.87</ele></trkpt>
<trkpt lat="43.5438967" lon="6.0772867"><ele>545.22</ele></trkpt>
<trkpt lat="43.54388" lon="6.077246699999999"><ele>545.76</ele></trkpt>
<trkpt lat="43.543855" lon="6.077225"><ele>545.93</ele></trkpt>
<trkpt lat="43.5438317" lon="6.0771933"><ele>545.97</ele></trkpt>
<trkpt lat="43.543815" lon="6.0771617"><ele>546.39</ele></trkpt>
<trkpt lat="43.5437933" lon="6.0771367"><ele>546.93</ele></trkpt>
<trkpt lat="43.543785" lon="6.077095"><ele>546.9</ele></trkpt>
<trkpt lat="43.5437683" lon="6.077054999999999"><ele>547.19</ele></trkpt>
<trkpt lat="43.5437533" lon="6.077019999999999"><ele>547.24</ele></trkpt>
<trkpt lat="43.543735" lon="6.0769883"><ele>547.43</ele></trkpt>
<trkpt lat="43.54372" lon="6.0769467"><ele>547.79</ele></trkpt>
<trkpt lat="43.54371" lon="6.0769067"><ele>548.19</ele></trkpt>
<trkpt lat="43.5437017" lon="6.076859999999999"><ele>548.55</ele></trkpt>
<trkpt lat="43.5436983" lon="6.07682"><ele>548.73</ele></trkpt>
<trkpt lat="43.5437083" lon="6.0767767"><ele>548.76</ele></trkpt>
<trkpt lat="43.5437283" lon="6.0767433"><ele>548.84</ele></trkpt>
<trkpt lat="43.54374" lon="6.0767083"><ele>548.8</ele></trkpt>
<trkpt lat="43.5437483" lon="6.076668299999999"><ele>548.77</ele></trkpt>
<trkpt lat="43.5437433" lon="6.07663"><ele>548.51</ele></trkpt>
<trkpt lat="43.5437467" lon="6.0765917"><ele>548.3</ele></trkpt>
<trkpt lat="43.54375" lon="6.076545"><ele>548.43</ele></trkpt>
<trkpt lat="43.5437583" lon="6.0765083"><ele>548.58</ele></trkpt>
<trkpt lat="43.5437633" lon="6.0764683"><ele>548.67</ele></trkpt>
<trkpt lat="43.543765" lon="6.0764183"><ele>548.64</ele></trkpt>
<trkpt lat="43.5437567" lon="6.0763717"><ele>549</ele></trkpt>
<trkpt lat="43.543765" lon="6.076325000000001"><ele>549.78</ele></trkpt>
<trkpt lat="43.5437817" lon="6.076289999999999"><ele>550.45</ele></trkpt>
<trkpt lat="43.543775" lon="6.076244999999999"><ele>551.02</ele></trkpt>
<trkpt lat="43.5437667" lon="6.0761983"><ele>551.32</ele></trkpt>
<trkpt lat="43.5437767" lon="6.0761633"><ele>551.54</ele></trkpt>
<trkpt lat="43.543785" lon="6.0761267"><ele>551.64</ele></trkpt>
<trkpt lat="43.543795" lon="6.076085000000001"><ele>551.84</ele></trkpt>
<trkpt lat="43.5438017" lon="6.0760383"><ele>551.99</ele></trkpt>
<trkpt lat="43.54379" lon="6.0760017"><ele>552.14</ele></trkpt>
<trkpt lat="43.54378" lon="6.0759667"><ele>552.5</ele></trkpt>
<trkpt lat="43.5437683" lon="6.075928299999999"><ele>553.01</ele></trkpt>
<trkpt lat="43.5437633" lon="6.075885"><ele>553.32</ele></trkpt>
<trkpt lat="43.5437733" lon="6.0758467"><ele>553.66</ele></trkpt>
<trkpt lat="43.543785" lon="6.07581"><ele>554.22</ele></trkpt>
<trkpt lat="43.5437917" lon="6.075768299999999"><ele>554.62</ele></trkpt>
<trkpt lat="43.5437983" lon="6.0757283"><ele>555.11</ele></trkpt>
<trkpt lat="43.5438117" lon="6.0756933"><ele>555.85</ele></trkpt>
<trkpt lat="43.5438267" lon="6.075661700000001"><ele>556.57</ele></trkpt>
<trkpt lat="43.5438467" lon="6.0756217"><ele>556.92</ele></trkpt>
<trkpt lat="43.5438567" lon="6.0755833"><ele>557.06</ele></trkpt>
<trkpt lat="43.5438667" lon="6.075545"><ele>557.07</ele></trkpt>
<trkpt lat="43.543875" lon="6.0755033"><ele>556.88</ele></trkpt>
<trkpt lat="43.5438817" lon="6.075458300000001"><ele>556.51</ele></trkpt>
<trkpt lat="43.5438883" lon="6.0754217"><ele>556.79</ele></trkpt>
<trkpt lat="43.5438933" lon="6.075379999999999"><ele>557.05</ele></trkpt>
<trkpt lat="43.5438967" lon="6.0753317"><ele>557.04</ele></trkpt>
<trkpt lat="43.54388" lon="6.0752967"><ele>556.96</ele></trkpt>
<trkpt lat="43.543855" lon="6.07527"><ele>557.03</ele></trkpt>
<trkpt lat="43.543835" lon="6.0752367"><ele>557.17</ele></trkpt>
<trkpt lat="43.5438183" lon="6.0752067"><ele>557.16</ele></trkpt>
<trkpt lat="43.543805" lon="6.0751683"><ele>557.33</ele></trkpt>
<trkpt lat="43.5437867" lon="6.075126700000001"><ele>557.46</ele></trkpt>
<trkpt lat="43.543765" lon="6.075083300000001"><ele>557.7</ele></trkpt>
<trkpt lat="43.5437467" lon="6.075036700000001"><ele>558.09</ele></trkpt>
<trkpt lat="43.5437333" lon="6.074995"><ele>558.63</ele></trkpt>
<trkpt lat="43.5437233" lon="6.0749533"><ele>558.67</ele></trkpt>
<trkpt lat="43.54371" lon="6.07491"><ele>558.71</ele></trkpt>
<trkpt lat="43.543695" lon="6.0748633"><ele>558.83</ele></trkpt>
<trkpt lat="43.5436817" lon="6.0748167"><ele>559.05</ele></trkpt>
<trkpt lat="43.5436683" lon="6.0747717"><ele>559.25</ele></trkpt>
<trkpt lat="43.543655" lon="6.07473"><ele>559.34</ele></trkpt>
<trkpt lat="43.5436433" lon="6.0746867"><ele>559.37</ele></trkpt>
<trkpt lat="43.54363" lon="6.0746367"><ele>559.37</ele></trkpt>
<trkpt lat="43.5436133" lon="6.074591700000001"><ele>559.53</ele></trkpt>
<trkpt lat="43.5435933" lon="6.0745517"><ele>559.4</ele></trkpt>
<trkpt lat="43.5435717" lon="6.074515000000001"><ele>559.53</ele></trkpt>
<trkpt lat="43.5435517" lon="6.0744767"><ele>559.82</ele></trkpt>
<trkpt lat="43.5435367" lon="6.0744317"><ele>560.2</ele></trkpt>
<trkpt lat="43.5435167" lon="6.0743983"><ele>560.5</ele></trkpt>
<trkpt lat="43.543485" lon="6.074395"><ele>560.5</ele></trkpt>
<trkpt lat="43.5434533" lon="6.0743917"><ele>560.38</ele></trkpt>
<trkpt lat="43.5434267" lon="6.0743717"><ele>559.62</ele></trkpt>
<trkpt lat="43.5434033" lon="6.0743467"><ele>558.86</ele></trkpt>
<trkpt lat="43.54338" lon="6.0743267"><ele>558.61</ele></trkpt>
<trkpt lat="43.54335" lon="6.0742967"><ele>558.66</ele></trkpt>
<trkpt lat="43.5433183" lon="6.0742717"><ele>558.93</ele></trkpt>
<trkpt lat="43.5432933" lon="6.0742483"><ele>559.06</ele></trkpt>
<trkpt lat="43.5432683" lon="6.074215"><ele>559.07</ele></trkpt>
<trkpt lat="43.54324" lon="6.0741783"><ele>559.09</ele></trkpt>
<trkpt lat="43.54321" lon="6.074151699999999"><ele>558.81</ele></trkpt>
<trkpt lat="43.5431833" lon="6.074115"><ele>558.68</ele></trkpt>
<trkpt lat="43.543155" lon="6.0740883"><ele>558.41</ele></trkpt>
<trkpt lat="43.5431267" lon="6.0740617"><ele>558.3</ele></trkpt>
<trkpt lat="43.543095" lon="6.07403"><ele>558.07</ele></trkpt>
<trkpt lat="43.5430717" lon="6.0739983"><ele>557.62</ele></trkpt>
<trkpt lat="43.5430483" lon="6.073958299999999"><ele>557.54</ele></trkpt>
<trkpt lat="43.5430333" lon="6.0739267"><ele>557.81</ele></trkpt>
<trkpt lat="43.543015" lon="6.073886700000001"><ele>557.8</ele></trkpt>
<trkpt lat="43.5429983" lon="6.073841700000001"><ele>557.67</ele></trkpt>
<trkpt lat="43.5429867" lon="6.073795"><ele>557.46</ele></trkpt>
<trkpt lat="43.54297" lon="6.0737483"><ele>557.7</ele></trkpt>
<trkpt lat="43.5429567" lon="6.073706699999999"><ele>557.6</ele></trkpt>
<trkpt lat="43.5429417" lon="6.073665"><ele>557.29</ele></trkpt>
<trkpt lat="43.542925" lon="6.0736217"><ele>557.34</ele></trkpt>
<trkpt lat="43.5428983" lon="6.073585"><ele>557.79</ele></trkpt>
<trkpt lat="43.54288" lon="6.0735517"><ele>557.93</ele></trkpt>
<trkpt lat="43.5428583" lon="6.0735217"><ele>558.03</ele></trkpt>
<trkpt lat="43.5428333" lon="6.0734883"><ele>558.16</ele></trkpt>
<trkpt lat="43.54281" lon="6.0734583"><ele>558.08</ele></trkpt>
<trkpt lat="43.5427867" lon="6.0734267"><ele>558.13</ele></trkpt>
<trkpt lat="43.54276" lon="6.073395"><ele>558.19</ele></trkpt>
<trkpt lat="43.5427433" lon="6.073365000000001"><ele>558.33</ele></trkpt>
<trkpt lat="43.5427267" lon="6.0733233"><ele>558.38</ele></trkpt>
<trkpt lat="43.5427133" lon="6.0732817"><ele>558.23</ele></trkpt>
<trkpt lat="43.542705" lon="6.073235"><ele>558.4</ele></trkpt>
<trkpt lat="43.5427117" lon="6.0731933"><ele>558.56</ele></trkpt>
<trkpt lat="43.5427283" lon="6.0731483"><ele>558.59</ele></trkpt>
<trkpt lat="43.5427433" lon="6.0731167"><ele>558.41</ele></trkpt>
<trkpt lat="43.542755" lon="6.073080000000001"><ele>558.13</ele></trkpt>
<trkpt lat="43.5427733" lon="6.073046699999999"><ele>557.91</ele></trkpt>
<trkpt lat="43.54279" lon="6.073001699999999"><ele>557.36</ele></trkpt>
<trkpt lat="43.5428017" lon="6.0729617"><ele>556.94</ele></trkpt>
<trkpt lat="43.542815" lon="6.0729217"><ele>556.59</ele></trkpt>
<trkpt lat="43.5428283" lon="6.072885000000001"><ele>556.15</ele></trkpt>
<trkpt lat="43.5428333" lon="6.072845"><ele>556.21</ele></trkpt>
<trkpt lat="43.54284" lon="6.072806699999999"><ele>556.5</ele></trkpt>
<trkpt lat="43.5428467" lon="6.07276"><ele>557.01</ele></trkpt>
<trkpt lat="43.5428433" lon="6.0727117"><ele>557.13</ele></trkpt>
<trkpt lat="43.54284" lon="6.0726683"><ele>557.33</ele></trkpt>
<trkpt lat="43.5428333" lon="6.072626699999999"><ele>557.11</ele></trkpt>
<trkpt lat="43.54282" lon="6.072579999999999"><ele>557.07</ele></trkpt>
<trkpt lat="43.5428117" lon="6.0725417"><ele>557.06</ele></trkpt>
<trkpt lat="43.542805" lon="6.0725033"><ele>557.32</ele></trkpt>
<trkpt lat="43.5427967" lon="6.072465000000001"><ele>557.53</ele></trkpt>
<trkpt lat="43.5427833" lon="6.072423300000001"><ele>557.7</ele></trkpt>
<trkpt lat="43.5427717" lon="6.072386699999999"><ele>557.57</ele></trkpt>
<trkpt lat="43.54276" lon="6.0723467"><ele>557.8</ele></trkpt>
<trkpt lat="43.542745" lon="6.0723133"><ele>558.28</ele></trkpt>
<trkpt lat="43.54273" lon="6.0722783"><ele>558.97</ele></trkpt>
<trkpt lat="43.542715" lon="6.0722433"><ele>559.84</ele></trkpt>
<trkpt lat="43.5426967" lon="6.0722117"><ele>560.51</ele></trkpt>
<trkpt lat="43.5426767" lon="6.0721767"><ele>560.37</ele></trkpt>
<trkpt lat="43.5426583" lon="6.072138300000001"><ele>560.34</ele></trkpt>
<trkpt lat="43.54264" lon="6.072103299999999"><ele>560.43</ele></trkpt>
<trkpt lat="43.5426167" lon="6.072075"><ele>560.79</ele></trkpt>
<trkpt lat="43.542595" lon="6.072046699999999"><ele>561.18</ele></trkpt>
<trkpt lat="43.54257" lon="6.0720067"><ele>561.89</ele></trkpt>
<trkpt lat="43.5425517" lon="6.0719667"><ele>562.34</ele></trkpt>
<trkpt lat="43.5425317" lon="6.071930000000001"><ele>562.71</ele></trkpt>
<trkpt lat="43.54251" lon="6.071895"><ele>562.88</ele></trkpt>
<trkpt lat="43.54249" lon="6.0718633"><ele>562.68</ele></trkpt>
<trkpt lat="43.542465" lon="6.071835"><ele>562.85</ele></trkpt>
<trkpt lat="43.5424433" lon="6.071806699999999"><ele>563.05</ele></trkpt>
<trkpt lat="43.542425" lon="6.0717767"><ele>562.9</ele></trkpt>
<trkpt lat="43.5424" lon="6.0717533"><ele>562.87</ele></trkpt>
<trkpt lat="43.5423683" lon="6.071725"><ele>563.07</ele></trkpt>
<trkpt lat="43.542335" lon="6.071701700000001"><ele>563.26</ele></trkpt>
<trkpt lat="43.5423117" lon="6.0716767"><ele>563.04</ele></trkpt>
<trkpt lat="43.54228" lon="6.071659999999999"><ele>563.33</ele></trkpt>
<trkpt lat="43.54225" lon="6.071646700000001"><ele>564.21</ele></trkpt>
<trkpt lat="43.542225" lon="6.0716317"><ele>564.55</ele></trkpt>
<trkpt lat="43.542195" lon="6.0716083"><ele>564.49</ele></trkpt>
<trkpt lat="43.5421717" lon="6.0715883"><ele>563.79</ele></trkpt>
<trkpt lat="43.54214" lon="6.0715633"><ele>563.11</ele></trkpt>
<trkpt lat="43.542115" lon="6.0715433"><ele>562.9</ele></trkpt>
<trkpt lat="43.5420867" lon="6.071525"><ele>562.4</ele></trkpt>
<trkpt lat="43.54206" lon="6.0715133"><ele>562.43</ele></trkpt>
<trkpt lat="43.5420317" lon="6.071496700000001"><ele>562.79</ele></trkpt>
<trkpt lat="43.5420083" lon="6.0714717"><ele>563.15</ele></trkpt>
<trkpt lat="43.5420417" lon="6.07148"><ele>564.43</ele></trkpt>
<trkpt lat="43.542075" lon="6.07148"><ele>564.04</ele></trkpt>
<trkpt lat="43.5421133" lon="6.07148"><ele>563.61</ele></trkpt>
<trkpt lat="43.54209" lon="6.0714467"><ele>562</ele></trkpt>
<trkpt lat="43.5420717" lon="6.071418300000001"><ele>561.96</ele></trkpt>
<trkpt lat="43.542045" lon="6.071395"><ele>562.24</ele></trkpt>
<trkpt lat="43.54202" lon="6.071371700000001"><ele>562.35</ele></trkpt>
<trkpt lat="43.54199" lon="6.071360000000001"><ele>562.17</ele></trkpt>
<trkpt lat="43.5419533" lon="6.0713467"><ele>562.23</ele></trkpt>
<trkpt lat="43.5419267" lon="6.071329999999999"><ele>562.45</ele></trkpt>
<trkpt lat="43.5418967" lon="6.0713067"><ele>562.73</ele></trkpt>
<trkpt lat="43.5418767" lon="6.07128"><ele>562.5</ele></trkpt>
<trkpt lat="43.5418467" lon="6.071256700000001"><ele>562.3</ele></trkpt>
<trkpt lat="43.5418267" lon="6.0712317"><ele>561.94</ele></trkpt>
<trkpt lat="43.5418" lon="6.0712033"><ele>561.15</ele></trkpt>
<trkpt lat="43.5417783" lon="6.071180000000001"><ele>560.52</ele></trkpt>
<trkpt lat="43.54175" lon="6.0711567"><ele>560.21</ele></trkpt>
<trkpt lat="43.5417217" lon="6.07113"><ele>560.35</ele></trkpt>
<trkpt lat="43.5416983" lon="6.071101699999999"><ele>560.11</ele></trkpt>
<trkpt lat="43.541675" lon="6.071075000000001"><ele>559.9</ele></trkpt>
<trkpt lat="43.54165" lon="6.0710533"><ele>559.77</ele></trkpt>
<trkpt lat="43.5416267" lon="6.071025"><ele>559.47</ele></trkpt>
<trkpt lat="43.5416433" lon="6.07099"><ele>559.07</ele></trkpt>
<trkpt lat="43.5416483" lon="6.07095"><ele>559.06</ele></trkpt>
<trkpt lat="43.5416833" lon="6.0708467"><ele>557.56</ele></trkpt>
<trkpt lat="43.541695" lon="6.0708067"><ele>556.77</ele></trkpt>
<trkpt lat="43.541665" lon="6.0708117"><ele>558.24</ele></trkpt>
<trkpt lat="43.5416883" lon="6.070836700000001"><ele>559.09</ele></trkpt>
<trkpt lat="43.541675" lon="6.0708733"><ele>558.03</ele></trkpt>
<trkpt lat="43.54165" lon="6.0709"><ele>558.08</ele></trkpt>
<trkpt lat="43.5416583" lon="6.070940000000001"><ele>556.9</ele></trkpt>
<trkpt lat="43.5416817" lon="6.07096"><ele>555.92</ele></trkpt>
<trkpt lat="43.5417083" lon="6.070945"><ele>555.48</ele></trkpt>
<trkpt lat="43.5417333" lon="6.0709633"><ele>555.65</ele></trkpt>
<trkpt lat="43.5416517" lon="6.070905"><ele>558.32</ele></trkpt>
<trkpt lat="43.5416433" lon="6.0709567"><ele>559.34</ele></trkpt>
<trkpt lat="43.54164" lon="6.070995"><ele>559.79</ele></trkpt>
<trkpt lat="43.5416283" lon="6.071031700000001"><ele>559.92</ele></trkpt>
<trkpt lat="43.5416383" lon="6.07107"><ele>560.03</ele></trkpt>
<trkpt lat="43.5416017" lon="6.071065"><ele>556.03</ele></trkpt>
<trkpt lat="43.541575" lon="6.071041699999999"><ele>555.8</ele></trkpt>
<trkpt lat="43.5415467" lon="6.071009999999999"><ele>555.76</ele></trkpt>
<trkpt lat="43.5415233" lon="6.070988300000001"><ele>555.76</ele></trkpt>
<trkpt lat="43.5414983" lon="6.0709633"><ele>555.55</ele></trkpt>
<trkpt lat="43.5414717" lon="6.070941699999999"><ele>555.73</ele></trkpt>
<trkpt lat="43.541445" lon="6.0709217"><ele>555.9</ele></trkpt>
<trkpt lat="43.5414133" lon="6.070905"><ele>556.48</ele></trkpt>
<trkpt lat="43.5413867" lon="6.07089"><ele>557.03</ele></trkpt>
<trkpt lat="43.5413583" lon="6.0708767"><ele>556.89</ele></trkpt>
<trkpt lat="43.5413383" lon="6.0708517"><ele>556.58</ele></trkpt>
<trkpt lat="43.5413283" lon="6.0708117"><ele>556.14</ele></trkpt>
<trkpt lat="43.54133" lon="6.070773299999999"><ele>555.51</ele></trkpt>
<trkpt lat="43.5413233" lon="6.07073"><ele>555.65</ele></trkpt>
<trkpt lat="43.5413417" lon="6.070700000000001"><ele>556.29</ele></trkpt>
<trkpt lat="43.54135" lon="6.0707383"><ele>558.88</ele></trkpt>
<trkpt lat="43.5413417" lon="6.0707767"><ele>558.35</ele></trkpt>
<trkpt lat="43.5413267" lon="6.070815"><ele>557.95</ele></trkpt>
<trkpt lat="43.5413167" lon="6.070850000000001"><ele>557.53</ele></trkpt>
<trkpt lat="43.54128" lon="6.0708567"><ele>557.41</ele></trkpt>
<trkpt lat="43.5412467" lon="6.0708483"><ele>557.27</ele></trkpt>
<trkpt lat="43.5412133" lon="6.070835"><ele>557.19</ele></trkpt>
<trkpt lat="43.54118" lon="6.0708217"><ele>557.07</ele></trkpt>
<trkpt lat="43.5411467" lon="6.070804999999999"><ele>557.39</ele></trkpt>
<trkpt lat="43.54112" lon="6.070791700000001"><ele>557.18</ele></trkpt>
<trkpt lat="43.5410867" lon="6.070795"><ele>557</ele></trkpt>
<trkpt lat="43.54106" lon="6.0707817"><ele>556.77</ele></trkpt>
<trkpt lat="43.541035" lon="6.0707633"><ele>556.76</ele></trkpt>
<trkpt lat="43.5409983" lon="6.070746700000001"><ele>556.77</ele></trkpt>
<trkpt lat="43.540965" lon="6.070748300000001"><ele>556.44</ele></trkpt>
<trkpt lat="43.5409367" lon="6.070746700000001"><ele>555.86</ele></trkpt>
<trkpt lat="43.540905" lon="6.070746700000001"><ele>554.85</ele></trkpt>
<trkpt lat="43.5408733" lon="6.07074"><ele>553.49</ele></trkpt>
<trkpt lat="43.5408417" lon="6.07073"><ele>552.95</ele></trkpt>
<trkpt lat="43.540805" lon="6.0707183"><ele>552.51</ele></trkpt>
<trkpt lat="43.5407783" lon="6.0707067"><ele>552.4</ele></trkpt>
<trkpt lat="43.5407417" lon="6.0706933"><ele>552.26</ele></trkpt>
<trkpt lat="43.540705" lon="6.0706783"><ele>552</ele></trkpt>
<trkpt lat="43.5406717" lon="6.0706617"><ele>551.67</ele></trkpt>
<trkpt lat="43.540645" lon="6.070641700000001"><ele>551.59</ele></trkpt>
<trkpt lat="43.5406067" lon="6.070624999999999"><ele>551.57</ele></trkpt>
<trkpt lat="43.540575" lon="6.07062"><ele>551.72</ele></trkpt>
<trkpt lat="43.5405467" lon="6.070613300000001"><ele>551.67</ele></trkpt>
<trkpt lat="43.5405183" lon="6.070613300000001"><ele>551.75</ele></trkpt>
<trkpt lat="43.54048" lon="6.070613300000001"><ele>551.86</ele></trkpt>
<trkpt lat="43.5404467" lon="6.0706067"><ele>551.93</ele></trkpt>
<trkpt lat="43.5404167" lon="6.0705933"><ele>552.31</ele></trkpt>
<trkpt lat="43.5403833" lon="6.0705917"><ele>552.55</ele></trkpt>
<trkpt lat="43.540345" lon="6.0705917"><ele>552.75</ele></trkpt>
<trkpt lat="43.5403167" lon="6.07059"><ele>552.6</ele></trkpt>
<trkpt lat="43.5402783" lon="6.0705817"><ele>552.3</ele></trkpt>
<trkpt lat="43.540245" lon="6.070566699999999"><ele>552.24</ele></trkpt>
<trkpt lat="43.5402083" lon="6.07055"><ele>552.41</ele></trkpt>
<trkpt lat="43.5401817" lon="6.0705383"><ele>552.43</ele></trkpt>
<trkpt lat="43.5401483" lon="6.0705283"><ele>552.91</ele></trkpt>
<trkpt lat="43.540115" lon="6.070515"><ele>552.89</ele></trkpt>
<trkpt lat="43.540085" lon="6.070505"><ele>552.67</ele></trkpt>
<trkpt lat="43.540055" lon="6.070498300000001"><ele>552.57</ele></trkpt>
<trkpt lat="43.54002" lon="6.0705017"><ele>552.28</ele></trkpt>
<trkpt lat="43.5399867" lon="6.070506700000001"><ele>552.25</ele></trkpt>
<trkpt lat="43.539955" lon="6.070523299999999"><ele>552.45</ele></trkpt>
<trkpt lat="43.5399283" lon="6.0705433"><ele>552.62</ele></trkpt>
<trkpt lat="43.5399033" lon="6.07056"><ele>552.68</ele></trkpt>
<trkpt lat="43.5398733" lon="6.0705717"><ele>552.66</ele></trkpt>
<trkpt lat="43.5398433" lon="6.070585"><ele>552.62</ele></trkpt>
<trkpt lat="43.539815" lon="6.0705883"><ele>552.8</ele></trkpt>
<trkpt lat="43.5397867" lon="6.0705867"><ele>553.13</ele></trkpt>
<trkpt lat="43.5397583" lon="6.0705883"><ele>553.33</ele></trkpt>
<trkpt lat="43.53973" lon="6.0705933"><ele>553.91</ele></trkpt>
<trkpt lat="43.5396983" lon="6.0705983"><ele>554.67</ele></trkpt>
<trkpt lat="43.539665" lon="6.070605"><ele>555.01</ele></trkpt>
<trkpt lat="43.5396317" lon="6.0706083"><ele>554.8</ele></trkpt>
<trkpt lat="43.5396" lon="6.070605"><ele>554.66</ele></trkpt>
<trkpt lat="43.5395633" lon="6.070610000000001"><ele>554.56</ele></trkpt>
<trkpt lat="43.5395283" lon="6.0706167"><ele>554.3</ele></trkpt>
<trkpt lat="43.5394933" lon="6.070613300000001"><ele>554.17</ele></trkpt>
<trkpt lat="43.5394617" lon="6.0706067"><ele>553.83</ele></trkpt>
<trkpt lat="43.5394317" lon="6.0705917"><ele>553.41</ele></trkpt>
<trkpt lat="43.5393983" lon="6.070576699999999"><ele>553.04</ele></trkpt>
<trkpt lat="43.53937" lon="6.07055"><ele>552.35</ele></trkpt>
<trkpt lat="43.5393467" lon="6.070519999999999"><ele>552</ele></trkpt>
<trkpt lat="43.539325" lon="6.070488299999999"><ele>551.42</ele></trkpt>
<trkpt lat="43.5392967" lon="6.0704583"><ele>551.37</ele></trkpt>
<trkpt lat="43.5392717" lon="6.0704317"><ele>551.01</ele></trkpt>
<trkpt lat="43.5392433" lon="6.0704033"><ele>550.6</ele></trkpt>
<trkpt lat="43.5392133" lon="6.0703767"><ele>550.37</ele></trkpt>
<trkpt lat="43.5391817" lon="6.070355"><ele>550.03</ele></trkpt>
<trkpt lat="43.5391483" lon="6.070339999999999"><ele>549.87</ele></trkpt>
<trkpt lat="43.539115" lon="6.07033"><ele>550.09</ele></trkpt>
<trkpt lat="43.5390817" lon="6.07032"><ele>550.34</ele></trkpt>
<trkpt lat="43.5390467" lon="6.070311700000001"><ele>550.59</ele></trkpt>
<trkpt lat="43.5390167" lon="6.070311700000001"><ele>550.82</ele></trkpt>
<trkpt lat="43.5389683" lon="6.0703467"><ele>550.81</ele></trkpt>
<trkpt lat="43.5389567" lon="6.070465"><ele>551.72</ele></trkpt>
<trkpt lat="43.5389617" lon="6.0705033"><ele>555.78</ele></trkpt>
<trkpt lat="43.5389583" lon="6.0705467"><ele>556.51</ele></trkpt>
<trkpt lat="43.538935" lon="6.0705717"><ele>557.48</ele></trkpt>
<trkpt lat="43.538915" lon="6.0705983"><ele>558.11</ele></trkpt>
<trkpt lat="43.5389633" lon="6.07064"><ele>558.11</ele></trkpt>
<trkpt lat="43.5389933" lon="6.07065"><ele>557.79</ele></trkpt>
<trkpt lat="43.5390217" lon="6.070658300000001"><ele>557.6</ele></trkpt>
<trkpt lat="43.5390483" lon="6.0706767"><ele>557.39</ele></trkpt>
<trkpt lat="43.5390767" lon="6.070690000000001"><ele>557.2</ele></trkpt>
<trkpt lat="43.539105" lon="6.070714999999999"><ele>556.9</ele></trkpt>
<trkpt lat="43.53914" lon="6.070728299999999"><ele>556.6</ele></trkpt>
<trkpt lat="43.5391683" lon="6.0707367"><ele>556.32</ele></trkpt>
<trkpt lat="43.5391983" lon="6.070755"><ele>556.16</ele></trkpt>
<trkpt lat="43.5392283" lon="6.0707817"><ele>556.25</ele></trkpt>
<trkpt lat="43.53925" lon="6.0708117"><ele>556.34</ele></trkpt>
<trkpt lat="43.539275" lon="6.070845"><ele>556.69</ele></trkpt>
<trkpt lat="43.5392933" lon="6.0708767"><ele>557.27</ele></trkpt>
<trkpt lat="43.5393067" lon="6.0709133"><ele>557.55</ele></trkpt>
<trkpt lat="43.5393267" lon="6.070954999999999"><ele>557.37</ele></trkpt>
<trkpt lat="43.5393467" lon="6.070988300000001"><ele>557.01</ele></trkpt>
<trkpt lat="43.5393667" lon="6.071013299999999"><ele>556.8</ele></trkpt>
<trkpt lat="43.5394033" lon="6.0710367"><ele>556.24</ele></trkpt>
<trkpt lat="43.5394367" lon="6.071043300000001"><ele>555.81</ele></trkpt>
<trkpt lat="43.5394667" lon="6.071041699999999"><ele>555.67</ele></trkpt>
<trkpt lat="43.5394933" lon="6.071030000000001"><ele>555.57</ele></trkpt>
<trkpt lat="43.539525" lon="6.0710167"><ele>555.73</ele></trkpt>
<trkpt lat="43.5395533" lon="6.0710033"><ele>555.86</ele></trkpt>
<trkpt lat="43.539585" lon="6.0709933"><ele>555.69</ele></trkpt>
<trkpt lat="43.539615" lon="6.070988300000001"><ele>555.5</ele></trkpt>
<trkpt lat="43.53965" lon="6.07098"><ele>555.9</ele></trkpt>
<trkpt lat="43.53968" lon="6.0709783"><ele>556.54</ele></trkpt>
<trkpt lat="43.539715" lon="6.0709733"><ele>556.91</ele></trkpt>
<trkpt lat="43.5397517" lon="6.070968299999999"><ele>556.98</ele></trkpt>
<trkpt lat="43.5397817" lon="6.070964999999999"><ele>557.06</ele></trkpt>
<trkpt lat="43.53981" lon="6.070953299999999"><ele>557.16</ele></trkpt>
<trkpt lat="43.5398417" lon="6.0709317"><ele>557.16</ele></trkpt>
<trkpt lat="43.5398817" lon="6.0709333"><ele>557.35</ele></trkpt>
<trkpt lat="43.5399117" lon="6.070925"><ele>557.52</ele></trkpt>
<trkpt lat="43.53994" lon="6.070926700000001"><ele>557.72</ele></trkpt>
<trkpt lat="43.539975" lon="6.0709283"><ele>558.21</ele></trkpt>
<trkpt lat="43.54001" lon="6.0709333"><ele>558.09</ele></trkpt>
<trkpt lat="43.5400483" lon="6.0709367"><ele>558.2</ele></trkpt>
<trkpt lat="43.5400817" lon="6.070941699999999"><ele>557.93</ele></trkpt>
<trkpt lat="43.5401133" lon="6.07095"><ele>557.6</ele></trkpt>
<trkpt lat="43.54015" lon="6.0709467"><ele>557.69</ele></trkpt>
<trkpt lat="43.54018" lon="6.07095"><ele>557.85</ele></trkpt>
<trkpt lat="43.5402117" lon="6.0709617"><ele>557.63</ele></trkpt>
<trkpt lat="43.54024" lon="6.0709833"><ele>557.63</ele></trkpt>
<trkpt lat="43.5402717" lon="6.070998300000001"><ele>558.01</ele></trkpt>
<trkpt lat="43.5403067" lon="6.071015"><ele>558.65</ele></trkpt>
<trkpt lat="43.54034" lon="6.0710283"><ele>558.92</ele></trkpt>
<trkpt lat="43.540375" lon="6.071041699999999"><ele>559.36</ele></trkpt>
<trkpt lat="43.5404017" lon="6.0710567"><ele>559.37</ele></trkpt>
<trkpt lat="43.5404267" lon="6.071075000000001"><ele>559.1</ele></trkpt>
<trkpt lat="43.5404583" lon="6.0710933"><ele>559.06</ele></trkpt>
<trkpt lat="43.54049" lon="6.0711117"><ele>559.22</ele></trkpt>
<trkpt lat="43.5405267" lon="6.0711317"><ele>559.44</ele></trkpt>
<trkpt lat="43.5405633" lon="6.0711433"><ele>559.23</ele></trkpt>
<trkpt lat="43.5405933" lon="6.071155"><ele>559.09</ele></trkpt>
<trkpt lat="43.5406267" lon="6.0711683"><ele>558.68</ele></trkpt>
<trkpt lat="43.5406633" lon="6.0711783"><ele>559.06</ele></trkpt>
<trkpt lat="43.5406917" lon="6.0711883"><ele>559.33</ele></trkpt>
<trkpt lat="43.5407233" lon="6.0712017"><ele>559.5</ele></trkpt>
<trkpt lat="43.5407567" lon="6.0712167"><ele>559.82</ele></trkpt>
<trkpt lat="43.5407883" lon="6.0712267"><ele>559.79</ele></trkpt>
<trkpt lat="43.5408167" lon="6.071236699999999"><ele>559.62</ele></trkpt>
<trkpt lat="43.540845" lon="6.071245"><ele>559.09</ele></trkpt>
<trkpt lat="43.540875" lon="6.0712583"><ele>558.74</ele></trkpt>
<trkpt lat="43.540905" lon="6.0712667"><ele>559.07</ele></trkpt>
<trkpt lat="43.540935" lon="6.0712767"><ele>559.49</ele></trkpt>
<trkpt lat="43.54097" lon="6.07129"><ele>559.82</ele></trkpt>
<trkpt lat="43.5410017" lon="6.0713067"><ele>559.79</ele></trkpt>
<trkpt lat="43.5410383" lon="6.0713217"><ele>559.93</ele></trkpt>
<trkpt lat="43.54107" lon="6.071335"><ele>560.31</ele></trkpt>
<trkpt lat="43.5410967" lon="6.0713567"><ele>560.8</ele></trkpt>
<trkpt lat="43.5411267" lon="6.071365"><ele>561.02</ele></trkpt>
<trkpt lat="43.541155" lon="6.07137"><ele>560.87</ele></trkpt>
<trkpt lat="43.5411867" lon="6.07138"><ele>560.6</ele></trkpt>
<trkpt lat="43.5412167" lon="6.071384999999999"><ele>560.28</ele></trkpt>
<trkpt lat="43.5412467" lon="6.0713833"><ele>559.75</ele></trkpt>
<trkpt lat="43.5412733" lon="6.0713767"><ele>559.76</ele></trkpt>
<trkpt lat="43.5413117" lon="6.0713667"><ele>559.31</ele></trkpt>
<trkpt lat="43.5413483" lon="6.071355"><ele>559.26</ele></trkpt>
<trkpt lat="43.5413833" lon="6.0713517"><ele>559.08</ele></trkpt>
<trkpt lat="43.5414183" lon="6.0713517"><ele>559.11</ele></trkpt>
<trkpt lat="43.5414483" lon="6.0713517"><ele>559.46</ele></trkpt>
<trkpt lat="43.5414817" lon="6.0713583"><ele>559.99</ele></trkpt>
<trkpt lat="43.541515" lon="6.071363300000001"><ele>560.77</ele></trkpt>
<trkpt lat="43.5415467" lon="6.07137"><ele>560.76</ele></trkpt>
<trkpt lat="43.541575" lon="6.07138"><ele>560.27</ele></trkpt>
<trkpt lat="43.5416067" lon="6.0713917"><ele>559.8</ele></trkpt>
<trkpt lat="43.5416333" lon="6.071405"><ele>559.92</ele></trkpt>
<trkpt lat="43.54167" lon="6.0714133"><ele>560.13</ele></trkpt>
<trkpt lat="43.5416983" lon="6.0714267"><ele>560.35</ele></trkpt>
<trkpt lat="43.5417233" lon="6.07145"><ele>560.37</ele></trkpt>
<trkpt lat="43.541755" lon="6.0714683"><ele>560.52</ele></trkpt>
<trkpt lat="43.541785" lon="6.071476699999999"><ele>560.9</ele></trkpt>
<trkpt lat="43.541815" lon="6.0714733"><ele>560.68</ele></trkpt>
<trkpt lat="43.5418483" lon="6.071496700000001"><ele>561.01</ele></trkpt>
<trkpt lat="43.54187" lon="6.07152"><ele>561.35</ele></trkpt>
<trkpt lat="43.5419017" lon="6.0715183"><ele>562.13</ele></trkpt>
<trkpt lat="43.5419283" lon="6.0714983"><ele>562.74</ele></trkpt>
<trkpt lat="43.5419633" lon="6.0714983"><ele>562.85</ele></trkpt>
<trkpt lat="43.5419917" lon="6.0715067"><ele>562.95</ele></trkpt>
<trkpt lat="43.5420183" lon="6.0714883"><ele>563.41</ele></trkpt>
<trkpt lat="43.54205" lon="6.0714983"><ele>562.07</ele></trkpt>
<trkpt lat="43.54212" lon="6.0715"><ele>563.28</ele></trkpt>
<trkpt lat="43.54215" lon="6.071489999999999"><ele>564.16</ele></trkpt>
<trkpt lat="43.542175" lon="6.071475"><ele>563.99</ele></trkpt>
<trkpt lat="43.5421367" lon="6.071515"><ele>563.61</ele></trkpt>
<trkpt lat="43.542145" lon="6.0715583"><ele>564.25</ele></trkpt>
<trkpt lat="43.542175" lon="6.071579999999999"><ele>564.09</ele></trkpt>
<trkpt lat="43.5422" lon="6.0715983"><ele>563.81</ele></trkpt>
<trkpt lat="43.5422283" lon="6.0716083"><ele>563.86</ele></trkpt>
<trkpt lat="43.5422567" lon="6.0716167"><ele>564.07</ele></trkpt>
<trkpt lat="43.5422867" lon="6.0716283"><ele>564.48</ele></trkpt>
<trkpt lat="43.5423217" lon="6.071646700000001"><ele>564.82</ele></trkpt>
<trkpt lat="43.5423483" lon="6.0716683"><ele>565.12</ele></trkpt>
<trkpt lat="43.542375" lon="6.071705000000001"><ele>565.4</ele></trkpt>
<trkpt lat="43.5423983" lon="6.0717417"><ele>565.3</ele></trkpt>
<trkpt lat="43.54242" lon="6.0717783"><ele>565.13</ele></trkpt>
<trkpt lat="43.5424433" lon="6.071816699999999"><ele>564.48</ele></trkpt>
<trkpt lat="43.54247" lon="6.071855"><ele>563.88</ele></trkpt>
<trkpt lat="43.542495" lon="6.0718917"><ele>563.35</ele></trkpt>
<trkpt lat="43.5425167" lon="6.0719317"><ele>563.08</ele></trkpt>
<trkpt lat="43.542535" lon="6.0719717"><ele>563.04</ele></trkpt>
<trkpt lat="43.5425533" lon="6.072013299999999"><ele>563.08</ele></trkpt>
<trkpt lat="43.5425767" lon="6.07205"><ele>562.99</ele></trkpt>
<trkpt lat="43.5426033" lon="6.072090000000001"><ele>562.64</ele></trkpt>
<trkpt lat="43.54263" lon="6.0721183"><ele>562.08</ele></trkpt>
<trkpt lat="43.542655" lon="6.072149999999999"><ele>561.62</ele></trkpt>
<trkpt lat="43.542675" lon="6.072185"><ele>561.31</ele></trkpt>
<trkpt lat="43.5426883" lon="6.0722233"><ele>561.36</ele></trkpt>
<trkpt lat="43.5427067" lon="6.0722667"><ele>561.11</ele></trkpt>
<trkpt lat="43.5427233" lon="6.0723"><ele>561.21</ele></trkpt>
<trkpt lat="43.5427417" lon="6.0723367"><ele>561.19</ele></trkpt>
<trkpt lat="43.5427533" lon="6.072385"><ele>560.92</ele></trkpt>
<trkpt lat="43.542765" lon="6.072421699999999"><ele>560.62</ele></trkpt>
<trkpt lat="43.5427733" lon="6.072465000000001"><ele>560.5</ele></trkpt>
<trkpt lat="43.5427867" lon="6.0725033"><ele>560.58</ele></trkpt>
<trkpt lat="43.5428017" lon="6.07255"><ele>560.35</ele></trkpt>
<trkpt lat="43.5428133" lon="6.0725967"><ele>560.27</ele></trkpt>
<trkpt lat="43.542815" lon="6.072635"><ele>560.13</ele></trkpt>
<trkpt lat="43.54282" lon="6.0726833"><ele>560.3</ele></trkpt>
<trkpt lat="43.5428317" lon="6.0727233"><ele>560.53</ele></trkpt>
<trkpt lat="43.542835" lon="6.072765"><ele>560.4</ele></trkpt>
<trkpt lat="43.5428317" lon="6.072809999999999"><ele>560.33</ele></trkpt>
<trkpt lat="43.54282" lon="6.0728617"><ele>559.91</ele></trkpt>
<trkpt lat="43.5428117" lon="6.072898300000001"><ele>559.64</ele></trkpt>
<trkpt lat="43.5428" lon="6.0729467"><ele>559.03</ele></trkpt>
<trkpt lat="43.5427867" lon="6.072986700000001"><ele>558.81</ele></trkpt>
<trkpt lat="43.5427717" lon="6.0730183"><ele>558.36</ele></trkpt>
<trkpt lat="43.5427633" lon="6.0730667"><ele>557.65</ele></trkpt>
<trkpt lat="43.542745" lon="6.07311"><ele>557.28</ele></trkpt>
<trkpt lat="43.5427317" lon="6.0731433"><ele>557.62</ele></trkpt>
<trkpt lat="43.542725" lon="6.0731933"><ele>557.57</ele></trkpt>
<trkpt lat="43.5427133" lon="6.073243299999999"><ele>557.29</ele></trkpt>
<trkpt lat="43.5427133" lon="6.073286699999999"><ele>557.1</ele></trkpt>
<trkpt lat="43.5427183" lon="6.0733283"><ele>557.39</ele></trkpt>
<trkpt lat="43.5427317" lon="6.0733667"><ele>557.75</ele></trkpt>
<trkpt lat="43.5427533" lon="6.0734033"><ele>558.09</ele></trkpt>
<trkpt lat="43.5427783" lon="6.0734333"><ele>558.36</ele></trkpt>
<trkpt lat="43.542805" lon="6.073465"><ele>558.43</ele></trkpt>
<trkpt lat="43.5428267" lon="6.073493299999999"><ele>558.53</ele></trkpt>
<trkpt lat="43.542855" lon="6.0735333"><ele>559.18</ele></trkpt>
<trkpt lat="43.5428817" lon="6.0735633"><ele>559.72</ele></trkpt>
<trkpt lat="43.5429083" lon="6.0735983"><ele>559.61</ele></trkpt>
<trkpt lat="43.54293" lon="6.0736417"><ele>559.56</ele></trkpt>
<trkpt lat="43.542945" lon="6.073684999999999"><ele>559.75</ele></trkpt>
<trkpt lat="43.5429633" lon="6.0737217"><ele>559.65</ele></trkpt>
<trkpt lat="43.5429783" lon="6.0737683"><ele>559.88</ele></trkpt>
<trkpt lat="43.543" lon="6.0738183"><ele>559.86</ele></trkpt>
<trkpt lat="43.543025" lon="6.07386"><ele>560.15</ele></trkpt>
<trkpt lat="43.5430417" lon="6.073905"><ele>560.26</ele></trkpt>
<trkpt lat="43.5430517" lon="6.07394"><ele>560.43</ele></trkpt>
<trkpt lat="43.543065" lon="6.073980000000001"><ele>560.47</ele></trkpt>
<trkpt lat="43.5430917" lon="6.074021700000001"><ele>559.97</ele></trkpt>
<trkpt lat="43.5431183" lon="6.0740533"><ele>559.61</ele></trkpt>
<trkpt lat="43.5431433" lon="6.074091699999999"><ele>559.15</ele></trkpt>
<trkpt lat="43.54317" lon="6.0741217"><ele>558.95</ele></trkpt>
<trkpt lat="43.5431983" lon="6.0741467"><ele>559.03</ele></trkpt>
<trkpt lat="43.5432233" lon="6.0741767"><ele>558.88</ele></trkpt>
<trkpt lat="43.54325" lon="6.0742033"><ele>558.96</ele></trkpt>
<trkpt lat="43.5432783" lon="6.074230000000001"><ele>559.06</ele></trkpt>
<trkpt lat="43.5433083" lon="6.0742533"><ele>559.07</ele></trkpt>
<trkpt lat="43.5433367" lon="6.0742767"><ele>558.9</ele></trkpt>
<trkpt lat="43.5433617" lon="6.0742983"><ele>558.85</ele></trkpt>
<trkpt lat="43.5433883" lon="6.0743283"><ele>559.03</ele></trkpt>
<trkpt lat="43.5434167" lon="6.074355000000001"><ele>559.42</ele></trkpt>
<trkpt lat="43.5434433" lon="6.0743817"><ele>559.99</ele></trkpt>
<trkpt lat="43.5434717" lon="6.074415"><ele>560.32</ele></trkpt>
<trkpt lat="43.5434967" lon="6.07444"><ele>560.2</ele></trkpt>
<trkpt lat="43.5435233" lon="6.0744633"><ele>559.98</ele></trkpt>
<trkpt lat="43.54355" lon="6.0744967"><ele>560.15</ele></trkpt>
<trkpt lat="43.5435683" lon="6.0745333"><ele>560.28</ele></trkpt>
<trkpt lat="43.5435867" lon="6.0745633"><ele>560.34</ele></trkpt>
<trkpt lat="43.5436033" lon="6.0746067"><ele>560.27</ele></trkpt>
<trkpt lat="43.54362" lon="6.0746433"><ele>560.18</ele></trkpt>
<trkpt lat="43.543635" lon="6.0746933"><ele>560.49</ele></trkpt>
<trkpt lat="43.5436467" lon="6.074743300000001"><ele>560.82</ele></trkpt>
<trkpt lat="43.5436617" lon="6.074776699999999"><ele>561.09</ele></trkpt>
<trkpt lat="43.5436783" lon="6.074815"><ele>561.84</ele></trkpt>
<trkpt lat="43.543685" lon="6.074856699999999"><ele>562.5</ele></trkpt>
<trkpt lat="43.5436967" lon="6.0749067"><ele>562.66</ele></trkpt>
<trkpt lat="43.54371" lon="6.0749517"><ele>562.57</ele></trkpt>
<trkpt lat="43.543725" lon="6.075004999999999"><ele>562.47</ele></trkpt>
<trkpt lat="43.543735" lon="6.0750417"><ele>562.24</ele></trkpt>
<trkpt lat="43.5437517" lon="6.07509"><ele>561.82</ele></trkpt>
<trkpt lat="43.54377" lon="6.0751333"><ele>561.53</ele></trkpt>
<trkpt lat="43.5437883" lon="6.075173300000001"><ele>561.63</ele></trkpt>
<trkpt lat="43.543805" lon="6.075216700000001"><ele>561.74</ele></trkpt>
<trkpt lat="43.5438217" lon="6.075265000000001"><ele>561.84</ele></trkpt>
<trkpt lat="43.5438417" lon="6.0753067"><ele>561.61</ele></trkpt>
<trkpt lat="43.54386" lon="6.07535"><ele>561.22</ele></trkpt>
<trkpt lat="43.543875" lon="6.0753817"><ele>561.08</ele></trkpt>
<trkpt lat="43.5438867" lon="6.075428299999999"><ele>560.74</ele></trkpt>
<trkpt lat="43.5438883" lon="6.075475"><ele>560.03</ele></trkpt>
<trkpt lat="43.5438817" lon="6.07552"><ele>559.65</ele></trkpt>
<trkpt lat="43.54386" lon="6.075565"><ele>559.12</ele></trkpt>
<trkpt lat="43.5438383" lon="6.0755983"><ele>558.75</ele></trkpt>
<trkpt lat="43.5438217" lon="6.075631699999999"><ele>558.58</ele></trkpt>
<trkpt lat="43.5438067" lon="6.075678299999999"><ele>558.11</ele></trkpt>
<trkpt lat="43.5438" lon="6.0757267"><ele>557.78</ele></trkpt>
<trkpt lat="43.5437933" lon="6.075775"><ele>557.79</ele></trkpt>
<trkpt lat="43.5437767" lon="6.0758183"><ele>557.44</ele></trkpt>
<trkpt lat="43.543765" lon="6.075858300000001"><ele>557.07</ele></trkpt>
<trkpt lat="43.543765" lon="6.0759083"><ele>557.05</ele></trkpt>
<trkpt lat="43.54376" lon="6.075948300000001"><ele>557.16</ele></trkpt>
<trkpt lat="43.543755" lon="6.0759867"><ele>557.07</ele></trkpt>
<trkpt lat="43.54374" lon="6.076035"><ele>557.23</ele></trkpt>
<trkpt lat="43.54372" lon="6.07608"><ele>557.33</ele></trkpt>
<trkpt lat="43.5437017" lon="6.0761183"><ele>557.64</ele></trkpt>
<trkpt lat="43.5436883" lon="6.0761617"><ele>557.67</ele></trkpt>
<trkpt lat="43.5436717" lon="6.0761917"><ele>557.6</ele></trkpt>
<trkpt lat="43.5436533" lon="6.076220000000001"><ele>557.32</ele></trkpt>
<trkpt lat="43.543625" lon="6.0762433"><ele>556.86</ele></trkpt>
<trkpt lat="43.543595" lon="6.0762717"><ele>556.08</ele></trkpt>
<trkpt lat="43.5435633" lon="6.076293299999999"><ele>555.1</ele></trkpt>
<trkpt lat="43.54353" lon="6.07632"><ele>554.52</ele></trkpt>
<trkpt lat="43.5435017" lon="6.076346699999999"><ele>554.53</ele></trkpt>
<trkpt lat="43.543475" lon="6.076381699999999"><ele>554.7</ele></trkpt>
<trkpt lat="43.5434583" lon="6.076425000000001"><ele>554.58</ele></trkpt>
<trkpt lat="43.5434483" lon="6.0764633"><ele>554.02</ele></trkpt>
<trkpt lat="43.5434367" lon="6.076498299999999"><ele>554.26</ele></trkpt>
<trkpt lat="43.54344" lon="6.0765367"><ele>553.78</ele></trkpt>
<trkpt lat="43.54344" lon="6.07658"><ele>553.68</ele></trkpt>
<trkpt lat="43.5434117" lon="6.0765817"><ele>553.03</ele></trkpt>
<trkpt lat="43.5433867" lon="6.076596700000001"><ele>552.45</ele></trkpt>
<trkpt lat="43.5433567" lon="6.076623299999999"><ele>552.25</ele></trkpt>
<trkpt lat="43.54333" lon="6.076645"><ele>552.36</ele></trkpt>
<trkpt lat="43.5433017" lon="6.0766617"><ele>552.46</ele></trkpt>
<trkpt lat="43.5432717" lon="6.0766617"><ele>552.39</ele></trkpt>
<trkpt lat="43.543245" lon="6.076641700000001"><ele>552.43</ele></trkpt>
<trkpt lat="43.5432367" lon="6.076605"><ele>552.91</ele></trkpt>
<trkpt lat="43.5432233" lon="6.07657"><ele>553.22</ele></trkpt>
<trkpt lat="43.5432" lon="6.076545"><ele>553.55</ele></trkpt>
<trkpt lat="43.5431733" lon="6.0765233"><ele>553.56</ele></trkpt>
<trkpt lat="43.5431433" lon="6.0765017"><ele>553.99</ele></trkpt>
<trkpt lat="43.5431133" lon="6.0764767"><ele>554.92</ele></trkpt>
<trkpt lat="43.5430867" lon="6.0764667"><ele>555.67</ele></trkpt>
<trkpt lat="43.5430567" lon="6.0764583"><ele>556.58</ele></trkpt>
<trkpt lat="43.5430283" lon="6.076465"><ele>557.59</ele></trkpt>
<trkpt lat="43.5430033" lon="6.07648"><ele>557.99</ele></trkpt>
<trkpt lat="43.5429783" lon="6.0765067"><ele>558.23</ele></trkpt>
<trkpt lat="43.5429533" lon="6.0765233"><ele>558.72</ele></trkpt>
<trkpt lat="43.54293" lon="6.076543299999999"><ele>559.48</ele></trkpt>
<trkpt lat="43.5429" lon="6.07656"><ele>559.83</ele></trkpt>
<trkpt lat="43.542875" lon="6.076574999999999"><ele>560.61</ele></trkpt>
<trkpt lat="43.5428417" lon="6.0765767"><ele>561.18</ele></trkpt>
<trkpt lat="43.542815" lon="6.076565"><ele>561.97</ele></trkpt>
<trkpt lat="43.5427867" lon="6.0765667"><ele>563.58</ele></trkpt>
<trkpt lat="43.5427583" lon="6.0765783"><ele>564.46</ele></trkpt>
<trkpt lat="43.54275" lon="6.076621699999999"><ele>565.02</ele></trkpt>
<trkpt lat="43.5427333" lon="6.0766583"><ele>565.71</ele></trkpt>
<trkpt lat="43.542705" lon="6.07667"><ele>566.29</ele></trkpt>
<trkpt lat="43.5426717" lon="6.076685"><ele>566.26</ele></trkpt>
<trkpt lat="43.542645" lon="6.076700000000001"><ele>566.62</ele></trkpt>
<trkpt lat="43.5426167" lon="6.076695"><ele>566.82</ele></trkpt>
<trkpt lat="43.5425883" lon="6.0767083"><ele>568.01</ele></trkpt>
<trkpt lat="43.5425733" lon="6.076741700000001"><ele>568.61</ele></trkpt>
<trkpt lat="43.54254" lon="6.076745000000001"><ele>569.43</ele></trkpt>
<trkpt lat="43.5425067" lon="6.0767483"><ele>570.02</ele></trkpt>
<trkpt lat="43.54248" lon="6.076768299999999"><ele>570.41</ele></trkpt>
<trkpt lat="43.5424483" lon="6.076766699999999"><ele>572</ele></trkpt>
<trkpt lat="43.5424167" lon="6.076785"><ele>573.65</ele></trkpt>
<trkpt lat="43.5423967" lon="6.07681"><ele>575.18</ele></trkpt>
<trkpt lat="43.5423683" lon="6.07682"><ele>576.32</ele></trkpt>
<trkpt lat="43.5423383" lon="6.0768183"><ele>577.02</ele></trkpt>
<trkpt lat="43.542315" lon="6.07684"><ele>578.19</ele></trkpt>
<trkpt lat="43.5422867" lon="6.076855"><ele>579.09</ele></trkpt>
<trkpt lat="43.5422583" lon="6.0768517"><ele>579.72</ele></trkpt>
<trkpt lat="43.54223" lon="6.07684"><ele>580.37</ele></trkpt>
<trkpt lat="43.5422017" lon="6.0768433"><ele>581.72</ele></trkpt>
<trkpt lat="43.54217" lon="6.076848300000001"><ele>583.29</ele></trkpt>
<trkpt lat="43.5421417" lon="6.07685"><ele>583.89</ele></trkpt>
<trkpt lat="43.542115" lon="6.0768567"><ele>585.7</ele></trkpt>
<trkpt lat="43.5420867" lon="6.07685"><ele>586.79</ele></trkpt>
<trkpt lat="43.542065" lon="6.0768233"><ele>587.58</ele></trkpt>
<trkpt lat="43.5420367" lon="6.0768267"><ele>589.21</ele></trkpt>
<trkpt lat="43.5420067" lon="6.076846700000001"><ele>590.25</ele></trkpt>
<trkpt lat="43.5419767" lon="6.0768583"><ele>590.99</ele></trkpt>
<trkpt lat="43.54195" lon="6.076846700000001"><ele>591.59</ele></trkpt>
<trkpt lat="43.5419433" lon="6.0768067"><ele>593.18</ele></trkpt>
<trkpt lat="43.5419167" lon="6.076813300000001"><ele>595.01</ele></trkpt>
<trkpt lat="43.5418883" lon="6.076811699999999"><ele>595.42</ele></trkpt>
<trkpt lat="43.54186" lon="6.076786700000001"><ele>596.31</ele></trkpt>
<trkpt lat="43.5418317" lon="6.076769999999999"><ele>597.29</ele></trkpt>
<trkpt lat="43.5417267" lon="6.0767783"><ele>604.08</ele></trkpt>
<trkpt lat="43.541635" lon="6.0768217"><ele>607.39</ele></trkpt>
<trkpt lat="43.5415383" lon="6.0767817"><ele>614.45</ele></trkpt>
<trkpt lat="43.5415217" lon="6.076811699999999"><ele>617.83</ele></trkpt>
<trkpt lat="43.5414617" lon="6.07682"><ele>621.69</ele></trkpt>
<trkpt lat="43.54145" lon="6.076785"><ele>623.45</ele></trkpt>
<trkpt lat="43.54142" lon="6.0767717"><ele>624.25</ele></trkpt>
<trkpt lat="43.54139" lon="6.076755000000001"><ele>624.63</ele></trkpt>
<trkpt lat="43.5413717" lon="6.076790000000001"><ele>625.31</ele></trkpt>
<trkpt lat="43.54136" lon="6.076824999999999"><ele>626.08</ele></trkpt>
<trkpt lat="43.5413333" lon="6.076814999999999"><ele>630.94</ele></trkpt>
<trkpt lat="43.5413017" lon="6.076805"><ele>631.58</ele></trkpt>
<trkpt lat="43.541265" lon="6.0768083"><ele>634.06</ele></trkpt>
<trkpt lat="43.5412467" lon="6.0768383"><ele>635.51</ele></trkpt>
<trkpt lat="43.54122" lon="6.076855"><ele>637.13</ele></trkpt>
<trkpt lat="43.5412033" lon="6.076885"><ele>639.37</ele></trkpt>
<trkpt lat="43.5411767" lon="6.0768783"><ele>640.41</ele></trkpt>
<trkpt lat="43.54115" lon="6.076885"><ele>643.7</ele></trkpt>
<trkpt lat="43.54113" lon="6.0769133"><ele>645</ele></trkpt>
<trkpt lat="43.5410983" lon="6.0769067"><ele>646.45</ele></trkpt>
<trkpt lat="43.54107" lon="6.0769"><ele>646.92</ele></trkpt>
<trkpt lat="43.54104" lon="6.07691"><ele>647.71</ele></trkpt>
<trkpt lat="43.5410133" lon="6.0769033"><ele>649.12</ele></trkpt>
<trkpt lat="43.5410133" lon="6.0768617"><ele>649.98</ele></trkpt>
<trkpt lat="43.54099" lon="6.0768833"><ele>651.45</ele></trkpt>
<trkpt lat="43.54097" lon="6.0769133"><ele>651.65</ele></trkpt>
<trkpt lat="43.540945" lon="6.0769333"><ele>652.48</ele></trkpt>
<trkpt lat="43.5409167" lon="6.076938300000001"><ele>654.17</ele></trkpt>
<trkpt lat="43.5408967" lon="6.076963299999999"><ele>655.9</ele></trkpt>
<trkpt lat="43.5408833" lon="6.07693"><ele>658.7</ele></trkpt>
<trkpt lat="43.5407833" lon="6.0769567"><ele>663.61</ele></trkpt>
<trkpt lat="43.540755" lon="6.0769467"><ele>665.35</ele></trkpt>
<trkpt lat="43.5407283" lon="6.076904999999999"><ele>667.17</ele></trkpt>
<trkpt lat="43.540625" lon="6.0768883"><ele>670.48</ele></trkpt>
<trkpt lat="43.5405517" lon="6.076938300000001"><ele>673.37</ele></trkpt>
<trkpt lat="43.540525" lon="6.076915"><ele>674.49</ele></trkpt>
<trkpt lat="43.540515" lon="6.07688"><ele>675.06</ele></trkpt>
<trkpt lat="43.5405067" lon="6.0768417"><ele>676.58</ele></trkpt>
<trkpt lat="43.5404683" lon="6.0768067"><ele>679.17</ele></trkpt>
<trkpt lat="43.54045" lon="6.0768417"><ele>680.67</ele></trkpt>
<trkpt lat="43.54044" lon="6.0768783"><ele>681.58</ele></trkpt>
<trkpt lat="43.5403267" lon="6.0768867"><ele>685.57</ele></trkpt>
<trkpt lat="43.54028" lon="6.076904999999999"><ele>687.35</ele></trkpt>
<trkpt lat="43.5402533" lon="6.0768883"><ele>688.21</ele></trkpt>
<trkpt lat="43.5401983" lon="6.0769267"><ele>689.77</ele></trkpt>
<trkpt lat="43.540145" lon="6.0768067"><ele>692.91</ele></trkpt>
<trkpt lat="43.5400983" lon="6.076800000000001"><ele>696.34</ele></trkpt>
<trkpt lat="43.5400733" lon="6.07682"><ele>697.91</ele></trkpt>
<trkpt lat="43.5400217" lon="6.07675"><ele>699.09</ele></trkpt>
<trkpt lat="43.5400417" lon="6.0766717"><ele>700.94</ele></trkpt>
<trkpt lat="43.5400067" lon="6.07656"><ele>705.48</ele></trkpt>
<trkpt lat="43.5399783" lon="6.0765383"><ele>708.04</ele></trkpt>
<trkpt lat="43.5399583" lon="6.076505000000001"><ele>708.71</ele></trkpt>
<trkpt lat="43.5399317" lon="6.07652"><ele>709.12</ele></trkpt>
<trkpt lat="43.5399283" lon="6.07648"><ele>710.18</ele></trkpt>
<trkpt lat="43.5399017" lon="6.0764567"><ele>711.21</ele></trkpt>
<trkpt lat="43.5398933" lon="6.0763983"><ele>712.91</ele></trkpt>
<trkpt lat="43.5398767" lon="6.076368300000001"><ele>713.5</ele></trkpt>
<trkpt lat="43.5398533" lon="6.07634"><ele>713.92</ele></trkpt>
<trkpt lat="43.539835" lon="6.07631"><ele>714.25</ele></trkpt>
<trkpt lat="43.5398033" lon="6.0762717"><ele>716.01</ele></trkpt>
<trkpt lat="43.5397733" lon="6.07626"><ele>716.91</ele></trkpt>
<trkpt lat="43.53975" lon="6.076233300000001"><ele>717.42</ele></trkpt>
<trkpt lat="43.5397367" lon="6.0761967"><ele>718.19</ele></trkpt>
<trkpt lat="43.5397217" lon="6.0761617"><ele>719.18</ele></trkpt>
<trkpt lat="43.5396983" lon="6.0761333"><ele>719.48</ele></trkpt>
<trkpt lat="43.5396783" lon="6.07609"><ele>719.84</ele></trkpt>
<trkpt lat="43.539655" lon="6.0760583"><ele>720.41</ele></trkpt>
<trkpt lat="43.5396267" lon="6.07605"><ele>720.83</ele></trkpt>
<trkpt lat="43.5396033" lon="6.07603"><ele>720.76</ele></trkpt>
<trkpt lat="43.5395733" lon="6.076025"><ele>720.19</ele></trkpt>
<trkpt lat="43.5395483" lon="6.0759967"><ele>720.05</ele></trkpt>
<trkpt lat="43.5395117" lon="6.075995000000001"><ele>720.29</ele></trkpt>
<trkpt lat="43.5394817" lon="6.075993300000001"><ele>720.64</ele></trkpt>
<trkpt lat="43.5394567" lon="6.0759717"><ele>721.42</ele></trkpt>
<trkpt lat="43.5394317" lon="6.075955"><ele>722.35</ele></trkpt>
<trkpt lat="43.53941" lon="6.0759317"><ele>721.96</ele></trkpt>
<trkpt lat="43.5394117" lon="6.075893300000001"><ele>722.35</ele></trkpt>
<trkpt lat="43.5394233" lon="6.075856699999999"><ele>722.96</ele></trkpt>
<trkpt lat="43.539405" lon="6.07582"><ele>723.44</ele></trkpt>
<trkpt lat="43.5393783" lon="6.075811699999999"><ele>723.37</ele></trkpt>
<trkpt lat="43.5393517" lon="6.075786700000001"><ele>723.71</ele></trkpt>
<trkpt lat="43.5392767" lon="6.0756933"><ele>724.72</ele></trkpt>
<trkpt lat="43.5391817" lon="6.075698300000001"><ele>726.24</ele></trkpt>
<trkpt lat="43.5390883" lon="6.075743300000001"><ele>728.05</ele></trkpt>
<trkpt lat="43.5390567" lon="6.0757633"><ele>731.14</ele></trkpt>
<trkpt lat="43.5390483" lon="6.075800000000001"><ele>740.25</ele></trkpt>
<trkpt lat="43.5389833" lon="6.075891700000001"><ele>742.78</ele></trkpt>
<trkpt lat="43.53906" lon="6.075985"><ele>745.78</ele></trkpt>
<trkpt lat="43.53911" lon="6.076105"><ele>748.72</ele></trkpt>
<trkpt lat="43.5390917" lon="6.076233300000001"><ele>755.48</ele></trkpt>
<trkpt lat="43.5389983" lon="6.07623"><ele>759.51</ele></trkpt>
<trkpt lat="43.5389533" lon="6.0761567"><ele>761.35</ele></trkpt>
<trkpt lat="43.5388533" lon="6.076195"><ele>764.05</ele></trkpt>
<trkpt lat="43.53881" lon="6.076213299999999"><ele>766.73</ele></trkpt>
<trkpt lat="43.5387833" lon="6.076220000000001"><ele>767.79</ele></trkpt>
<trkpt lat="43.538755" lon="6.076220000000001"><ele>768.44</ele></trkpt>
<trkpt lat="43.538725" lon="6.076221700000001"><ele>768.17</ele></trkpt>
<trkpt lat="43.5387017" lon="6.0762433"><ele>768.81</ele></trkpt>
<trkpt lat="43.5386767" lon="6.0762283"><ele>770.58</ele></trkpt>
<trkpt lat="43.53866" lon="6.07626"><ele>772.11</ele></trkpt>
<trkpt lat="43.5386433" lon="6.076289999999999"><ele>773.04</ele></trkpt>
<trkpt lat="43.538615" lon="6.0763017"><ele>773.7</ele></trkpt>
<trkpt lat="43.538585" lon="6.0762817"><ele>774.31</ele></trkpt>
<trkpt lat="43.5385567" lon="6.076280000000001"><ele>775.18</ele></trkpt>
<trkpt lat="43.5385417" lon="6.076311700000001"><ele>777.15</ele></trkpt>
<trkpt lat="43.5385133" lon="6.0763283"><ele>778.21</ele></trkpt>
<trkpt lat="43.538495" lon="6.0762983"><ele>778.9799999999999</ele></trkpt>
<trkpt lat="43.5384817" lon="6.0762617"><ele>780.38</ele></trkpt>
<trkpt lat="43.5384667" lon="6.07623"><ele>780.55</ele></trkpt>
<trkpt lat="43.53841" lon="6.0762383"><ele>781.65</ele></trkpt>
<trkpt lat="43.5383817" lon="6.0762533"><ele>782.25</ele></trkpt>
<trkpt lat="43.538355" lon="6.076278300000001"><ele>782.52</ele></trkpt>
<trkpt lat="43.53833" lon="6.0762983"><ele>782.81</ele></trkpt>
<trkpt lat="43.5383033" lon="6.0763083"><ele>783.27</ele></trkpt>
<trkpt lat="43.538275" lon="6.0763283"><ele>783.98</ele></trkpt>
<trkpt lat="43.538245" lon="6.0763417"><ele>784.33</ele></trkpt>
<trkpt lat="43.53822" lon="6.0763617"><ele>784.3500000000001</ele></trkpt>
<trkpt lat="43.5382067" lon="6.0763967"><ele>784.26</ele></trkpt>
<trkpt lat="43.5381767" lon="6.076473300000001"><ele>784.0199999999999</ele></trkpt>
<trkpt lat="43.538155" lon="6.07651"><ele>784.4200000000001</ele></trkpt>
<trkpt lat="43.5381317" lon="6.0765383"><ele>784.55</ele></trkpt>
<trkpt lat="43.5381083" lon="6.0765683"><ele>784.6199999999999</ele></trkpt>
<trkpt lat="43.5380783" lon="6.076565"><ele>785.02</ele></trkpt>
<trkpt lat="43.5380467" lon="6.0765667"><ele>785.52</ele></trkpt>
<trkpt lat="43.5380233" lon="6.076596700000001"><ele>785.62</ele></trkpt>
<trkpt lat="43.5379983" lon="6.0766133"><ele>785.95</ele></trkpt>
<trkpt lat="43.537985" lon="6.076651700000001"><ele>785.6599999999999</ele></trkpt>
<trkpt lat="43.5379783" lon="6.0766883"><ele>785.9100000000001</ele></trkpt>
<trkpt lat="43.537965" lon="6.0767283"><ele>786.24</ele></trkpt>
<trkpt lat="43.53794" lon="6.0767483"><ele>786.6800000000001</ele></trkpt>
<trkpt lat="43.53792" lon="6.076785"><ele>787.04</ele></trkpt>
<trkpt lat="43.5378933" lon="6.076800000000001"><ele>787.14</ele></trkpt>
<trkpt lat="43.5378667" lon="6.076813300000001"><ele>787.6699999999998</ele></trkpt>
<trkpt lat="43.5378383" lon="6.07683"><ele>788.5200000000001</ele></trkpt>
<trkpt lat="43.53781" lon="6.0768433"><ele>789.02</ele></trkpt>
<trkpt lat="43.5377833" lon="6.0768333"><ele>789.6799999999998</ele></trkpt>
<trkpt lat="43.5377817" lon="6.076873299999999"><ele>790.34</ele></trkpt>
<trkpt lat="43.5377567" lon="6.0769017"><ele>790.45</ele></trkpt>
<trkpt lat="43.5377417" lon="6.076935"><ele>791.4199999999998</ele></trkpt>
<trkpt lat="43.5377083" lon="6.076950000000001"><ele>792.0199999999999</ele></trkpt>
<trkpt lat="43.53768" lon="6.076936700000001"><ele>792.48</ele></trkpt>
<trkpt lat="43.5376583" lon="6.0769667"><ele>793.08</ele></trkpt>
<trkpt lat="43.5376367" lon="6.076995000000001"><ele>794.07</ele></trkpt>
<trkpt lat="43.5376067" lon="6.076995000000001"><ele>795.0999999999999</ele></trkpt>
<trkpt lat="43.5375917" lon="6.077040000000001"><ele>797.5899999999999</ele></trkpt>
<trkpt lat="43.5375867" lon="6.0770767"><ele>797.7799999999999</ele></trkpt>
<trkpt lat="43.5375717" lon="6.077109999999999"><ele>797.9100000000001</ele></trkpt>
<trkpt lat="43.5375467" lon="6.0771367"><ele>797.97</ele></trkpt>
<trkpt lat="43.537525" lon="6.07717"><ele>798.08</ele></trkpt>
<trkpt lat="43.5375033" lon="6.077203299999999"><ele>798.25</ele></trkpt>
<trkpt lat="43.5374917" lon="6.0772417"><ele>798.3600000000001</ele></trkpt>
<trkpt lat="43.5374733" lon="6.0772833"><ele>798.61</ele></trkpt>
<trkpt lat="43.5374417" lon="6.0773017"><ele>799.01</ele></trkpt>
<trkpt lat="43.537425" lon="6.0773333"><ele>799.4999999999999</ele></trkpt>
<trkpt lat="43.5374033" lon="6.077365"><ele>799.81</ele></trkpt>
<trkpt lat="43.5373967" lon="6.0774017"><ele>800.1999999999999</ele></trkpt>
<trkpt lat="43.5373783" lon="6.0774383"><ele>800.7</ele></trkpt>
<trkpt lat="43.5373683" lon="6.077473300000001"><ele>801.37</ele></trkpt>
<trkpt lat="43.5373533" lon="6.0775117"><ele>802.09</ele></trkpt>
<trkpt lat="43.5373333" lon="6.077541699999999"><ele>802.54</ele></trkpt>
<trkpt lat="43.53732" lon="6.0775817"><ele>802.84</ele></trkpt>
<trkpt lat="43.5373033" lon="6.0776167"><ele>803.3999999999999</ele></trkpt>
<trkpt lat="43.53727" lon="6.0776083"><ele>804.03</ele></trkpt>
<trkpt lat="43.5372467" lon="6.07763"><ele>804.7399999999999</ele></trkpt>
<trkpt lat="43.5371483" lon="6.0776933"><ele>808.34</ele></trkpt>
<trkpt lat="43.537185" lon="6.0778317"><ele>807.18</ele></trkpt>
<trkpt lat="43.53718" lon="6.077871699999999"><ele>806.17</ele></trkpt>
<trkpt lat="43.5371683" lon="6.077916699999999"><ele>805.79</ele></trkpt>
<trkpt lat="43.53716" lon="6.0779667"><ele>805.58</ele></trkpt>
<trkpt lat="43.5371517" lon="6.0780067"><ele>805.03</ele></trkpt>
<trkpt lat="43.5371483" lon="6.0780533"><ele>804.4</ele></trkpt>
<trkpt lat="43.5371417" lon="6.0780983"><ele>803.73</ele></trkpt>
<trkpt lat="43.537135" lon="6.078135000000001"><ele>802.93</ele></trkpt>
<trkpt lat="43.5371217" lon="6.0781733"><ele>802.6</ele></trkpt>
<trkpt lat="43.5371133" lon="6.078215"><ele>802.2</ele></trkpt>
<trkpt lat="43.5371067" lon="6.0782567"><ele>801.89</ele></trkpt>
<trkpt lat="43.5370967" lon="6.0783"><ele>801.6599999999999</ele></trkpt>
<trkpt lat="43.5370917" lon="6.078338300000001"><ele>801.18</ele></trkpt>
<trkpt lat="43.5370817" lon="6.078384999999999"><ele>800.96</ele></trkpt>
<trkpt lat="43.5370717" lon="6.0784217"><ele>801.0699999999999</ele></trkpt>
<trkpt lat="43.537065" lon="6.0784583"><ele>801.0599999999998</ele></trkpt>
<trkpt lat="43.5370533" lon="6.0784983"><ele>800.8</ele></trkpt>
<trkpt lat="43.5370417" lon="6.078533299999999"><ele>800.42</ele></trkpt>
<trkpt lat="43.5370217" lon="6.078565000000001"><ele>800.1700000000001</ele></trkpt>
<trkpt lat="43.5370167" lon="6.078613300000001"><ele>799.99</ele></trkpt>
<trkpt lat="43.5370133" lon="6.07866"><ele>799.69</ele></trkpt>
<trkpt lat="43.5370117" lon="6.07871"><ele>799.6500000000001</ele></trkpt>
<trkpt lat="43.5370167" lon="6.0787633"><ele>799.72</ele></trkpt>
<trkpt lat="43.5370217" lon="6.078816699999999"><ele>799.7499999999999</ele></trkpt>
<trkpt lat="43.53702" lon="6.07887"><ele>800.24</ele></trkpt>
<trkpt lat="43.53702" lon="6.0789167"><ele>800.61</ele></trkpt>
<trkpt lat="43.5370233" lon="6.0789617"><ele>800.65</ele></trkpt>
<trkpt lat="43.5370233" lon="6.0790033"><ele>800.4899999999999</ele></trkpt>
<trkpt lat="43.5370267" lon="6.0790517"><ele>800.36</ele></trkpt>
<trkpt lat="43.537025" lon="6.0791"><ele>800.2699999999999</ele></trkpt>
<trkpt lat="43.5370267" lon="6.079146699999999"><ele>800.09</ele></trkpt>
<trkpt lat="43.5370317" lon="6.079193300000001"><ele>799.96</ele></trkpt>
<trkpt lat="43.537035" lon="6.0792417"><ele>799.88</ele></trkpt>
<trkpt lat="43.5370417" lon="6.0792883"><ele>799.4999999999999</ele></trkpt>
<trkpt lat="43.53705" lon="6.0793367"><ele>799.0799999999999</ele></trkpt>
<trkpt lat="43.5370583" lon="6.079386699999999"><ele>798.61</ele></trkpt>
<trkpt lat="43.5370667" lon="6.0794233"><ele>798.5799999999999</ele></trkpt>
<trkpt lat="43.5370717" lon="6.07946"><ele>798.64</ele></trkpt>
<trkpt lat="43.537075" lon="6.0795083"><ele>798.35</ele></trkpt>
<trkpt lat="43.5370817" lon="6.079548299999999"><ele>798</ele></trkpt>
<trkpt lat="43.537085" lon="6.0795917"><ele>797.7599999999999</ele></trkpt>
<trkpt lat="43.53706" lon="6.07961"><ele>797.75</ele></trkpt>
<trkpt lat="43.5370317" lon="6.079600000000001"><ele>797.85</ele></trkpt>
<trkpt lat="43.5370017" lon="6.0795967"><ele>798.24</ele></trkpt>
<trkpt lat="43.5369683" lon="6.0795967"><ele>798.62</ele></trkpt>
<trkpt lat="43.53694" lon="6.079595"><ele>798.91</ele></trkpt>
<trkpt lat="43.53691" lon="6.079605"><ele>799.21</ele></trkpt>
<trkpt lat="43.5368867" lon="6.07963"><ele>799.34</ele></trkpt>
<trkpt lat="43.5368633" lon="6.079655"><ele>799.3499999999999</ele></trkpt>
<trkpt lat="43.5368433" lon="6.0796883"><ele>799.3499999999999</ele></trkpt>
<trkpt lat="43.5368217" lon="6.079715000000001"><ele>799.3499999999999</ele></trkpt>
<trkpt lat="43.5368017" lon="6.079750000000001"><ele>799.38</ele></trkpt>
<trkpt lat="43.536785" lon="6.07979"><ele>799.28</ele></trkpt>
<trkpt lat="43.5367817" lon="6.0798283"><ele>799.34</ele></trkpt>
<trkpt lat="43.5367767" lon="6.079864999999999"><ele>799.3499999999999</ele></trkpt>
<trkpt lat="43.5367633" lon="6.079898300000001"><ele>799.19</ele></trkpt>
<trkpt lat="43.5367467" lon="6.0799333"><ele>798.89</ele></trkpt>
<trkpt lat="43.53674" lon="6.07997"><ele>798.2099999999999</ele></trkpt>
<trkpt lat="43.5367367" lon="6.080011699999999"><ele>797.7799999999999</ele></trkpt>
<trkpt lat="43.5367267" lon="6.080046699999999"><ele>797.6799999999998</ele></trkpt>
<trkpt lat="43.5367033" lon="6.0800683"><ele>797.55</ele></trkpt>
<trkpt lat="43.536685" lon="6.0800967"><ele>797.4900000000001</ele></trkpt>
<trkpt lat="43.5366617" lon="6.0801167"><ele>796.9</ele></trkpt>
<trkpt lat="43.5366417" lon="6.080146699999999"><ele>796.3899999999999</ele></trkpt>
<trkpt lat="43.5366433" lon="6.08019"><ele>795.76</ele></trkpt>
<trkpt lat="43.53662" lon="6.08023"><ele>795.4800000000001</ele></trkpt>
<trkpt lat="43.5365983" lon="6.0802617"><ele>795.0999999999999</ele></trkpt>
<trkpt lat="43.5365767" lon="6.08029"><ele>794.76</ele></trkpt>
<trkpt lat="43.53657" lon="6.080330000000001"><ele>794.66</ele></trkpt>
<trkpt lat="43.5365583" lon="6.08037"><ele>794.4799999999999</ele></trkpt>
<trkpt lat="43.5365317" lon="6.08039"><ele>794.3799999999999</ele></trkpt>
<trkpt lat="43.536505" lon="6.0804017"><ele>793.92</ele></trkpt>
<trkpt lat="43.536475" lon="6.080423300000001"><ele>793.38</ele></trkpt>
<trkpt lat="43.5364083" lon="6.08043"><ele>794.68</ele></trkpt>
<trkpt lat="43.5364433" lon="6.0804267"><ele>795.4199999999998</ele></trkpt>
<trkpt lat="43.5364683" lon="6.0803917"><ele>792.63</ele></trkpt>
<trkpt lat="43.5364383" lon="6.0804583"><ele>796.0199999999999</ele></trkpt>
<trkpt lat="43.5364167" lon="6.0804833"><ele>796.38</ele></trkpt>
<trkpt lat="43.536405" lon="6.08052"><ele>796.6199999999999</ele></trkpt>
<trkpt lat="43.5363983" lon="6.080556700000001"><ele>797.08</ele></trkpt>
<trkpt lat="43.5363867" lon="6.080591699999999"><ele>797.37</ele></trkpt>
<trkpt lat="43.5363733" lon="6.0806333"><ele>797.64</ele></trkpt>
<trkpt lat="43.5363533" lon="6.0806683"><ele>797.9399999999999</ele></trkpt>
<trkpt lat="43.53633" lon="6.0806983"><ele>798.31</ele></trkpt>
<trkpt lat="43.53631" lon="6.0807233"><ele>798.44</ele></trkpt>
<trkpt lat="43.5362883" lon="6.0807533"><ele>798.5499999999998</ele></trkpt>
<trkpt lat="43.536265" lon="6.0807783"><ele>799.1300000000001</ele></trkpt>
<trkpt lat="43.5362383" lon="6.08079"><ele>799.55</ele></trkpt>
<trkpt lat="43.5362117" lon="6.080833299999999"><ele>800.93</ele></trkpt>
<trkpt lat="43.5362017" lon="6.080868299999999"><ele>801.29</ele></trkpt>
<trkpt lat="43.5361817" lon="6.0809033"><ele>799.93</ele></trkpt>
<trkpt lat="43.53617" lon="6.080941700000001"><ele>800.1199999999999</ele></trkpt>
<trkpt lat="43.536145" lon="6.0809733"><ele>799.6699999999998</ele></trkpt>
<trkpt lat="43.536145" lon="6.08102"><ele>799.29</ele></trkpt>
<trkpt lat="43.53613" lon="6.081055"><ele>798.49</ele></trkpt>
<trkpt lat="43.5361183" lon="6.081095"><ele>798.06</ele></trkpt>
<trkpt lat="43.5361283" lon="6.081135"><ele>797.6599999999999</ele></trkpt>
<trkpt lat="43.5361267" lon="6.0811767"><ele>797.3900000000001</ele></trkpt>
<trkpt lat="43.536115" lon="6.0812133"><ele>796.7899999999998</ele></trkpt>
<trkpt lat="43.5361067" lon="6.081253299999999"><ele>796.1999999999999</ele></trkpt>
<trkpt lat="43.5360983" lon="6.0812917"><ele>795.69</ele></trkpt>
<trkpt lat="43.5360967" lon="6.081333300000001"><ele>795.46</ele></trkpt>
<trkpt lat="43.5361067" lon="6.081376700000001"><ele>795.18</ele></trkpt>
<trkpt lat="43.5360983" lon="6.08142"><ele>794.6299999999999</ele></trkpt>
<trkpt lat="43.5360733" lon="6.081448299999999"><ele>793.83</ele></trkpt>
<trkpt lat="43.5360433" lon="6.0814733"><ele>793.03</ele></trkpt>
<trkpt lat="43.5360167" lon="6.081491699999999"><ele>792.33</ele></trkpt>
<trkpt lat="43.5359833" lon="6.081515"><ele>791.63</ele></trkpt>
<trkpt lat="43.5359567" lon="6.0815333"><ele>791.1300000000001</ele></trkpt>
<trkpt lat="43.5359267" lon="6.081558300000001"><ele>790.24</ele></trkpt>
<trkpt lat="43.535905" lon="6.0815867"><ele>790.31</ele></trkpt>
<trkpt lat="43.5358867" lon="6.08162"><ele>790.52</ele></trkpt>
<trkpt lat="43.5358733" lon="6.0816583"><ele>790.4799999999999</ele></trkpt>
<trkpt lat="43.53586" lon="6.0816933"><ele>790.2099999999999</ele></trkpt>
<trkpt lat="43.5358417" lon="6.081733299999999"><ele>789.87</ele></trkpt>
<trkpt lat="43.5358167" lon="6.0817683"><ele>789.17</ele></trkpt>
<trkpt lat="43.53579" lon="6.081788299999999"><ele>788.28</ele></trkpt>
<trkpt lat="43.5357617" lon="6.08182"><ele>787.61</ele></trkpt>
<trkpt lat="43.5357383" lon="6.0818567"><ele>787.12</ele></trkpt>
<trkpt lat="43.5357167" lon="6.081885"><ele>787.06</ele></trkpt>
<trkpt lat="43.53571" lon="6.0819283"><ele>786.85</ele></trkpt>
<trkpt lat="43.5357" lon="6.0819667"><ele>786.49</ele></trkpt>
<trkpt lat="43.5356817" lon="6.082"><ele>786.3799999999999</ele></trkpt>
<trkpt lat="43.5356583" lon="6.0820233"><ele>785.88</ele></trkpt>
<trkpt lat="43.5356367" lon="6.082048300000001"><ele>785.3200000000002</ele></trkpt>
<trkpt lat="43.535625" lon="6.0820867"><ele>785.5099999999999</ele></trkpt>
<trkpt lat="43.5356133" lon="6.0821217"><ele>785.65</ele></trkpt>
<trkpt lat="43.5355933" lon="6.082155"><ele>785.85</ele></trkpt>
<trkpt lat="43.5355783" lon="6.082196699999999"><ele>785.6899999999999</ele></trkpt>
<trkpt lat="43.5355733" lon="6.0822383"><ele>785.3200000000002</ele></trkpt>
<trkpt lat="43.5355617" lon="6.0822733"><ele>785</ele></trkpt>
<trkpt lat="43.535545" lon="6.082313299999999"><ele>784.5699999999999</ele></trkpt>
<trkpt lat="43.5355217" lon="6.08235"><ele>783.6999999999999</ele></trkpt>
<trkpt lat="43.5355033" lon="6.0823883"><ele>783.61</ele></trkpt>
<trkpt lat="43.5355083" lon="6.0824267"><ele>783.64</ele></trkpt>
<trkpt lat="43.5355167" lon="6.082466700000001"><ele>783.38</ele></trkpt>
<trkpt lat="43.53552" lon="6.082511700000001"><ele>783.1499999999999</ele></trkpt>
<trkpt lat="43.5355167" lon="6.0825533"><ele>783.1499999999999</ele></trkpt>
<trkpt lat="43.5355033" lon="6.082595"><ele>782.99</ele></trkpt>
<trkpt lat="43.5354883" lon="6.0826417"><ele>783.21</ele></trkpt>
<trkpt lat="43.5354767" lon="6.0826783"><ele>783.11</ele></trkpt>
<trkpt lat="43.5354717" lon="6.0827167"><ele>783.14</ele></trkpt>
<trkpt lat="43.5354733" lon="6.082755000000001"><ele>783.22</ele></trkpt>
<trkpt lat="43.53548" lon="6.0827933"><ele>783.18</ele></trkpt>
<trkpt lat="43.535485" lon="6.082834999999999"><ele>782.92</ele></trkpt>
<trkpt lat="43.535495" lon="6.0828767"><ele>782.56</ele></trkpt>
<trkpt lat="43.5355" lon="6.082913300000001"><ele>782.29</ele></trkpt>
<trkpt lat="43.535495" lon="6.0829583"><ele>782.24</ele></trkpt>
<trkpt lat="43.535495" lon="6.0829983"><ele>782.37</ele></trkpt>
<trkpt lat="43.5355" lon="6.0830417"><ele>782.2600000000001</ele></trkpt>
<trkpt lat="43.5354983" lon="6.08309"><ele>782.25</ele></trkpt>
<trkpt lat="43.535505" lon="6.083135"><ele>782.0900000000001</ele></trkpt>
<trkpt lat="43.5355167" lon="6.0831783"><ele>781.6899999999999</ele></trkpt>
<trkpt lat="43.5355233" lon="6.083225"><ele>781.21</ele></trkpt>
<trkpt lat="43.5355333" lon="6.0832683"><ele>780.7199999999999</ele></trkpt>
<trkpt lat="43.5355383" lon="6.0833167"><ele>780.4699999999999</ele></trkpt>
<trkpt lat="43.5355383" lon="6.0833583"><ele>780.16</ele></trkpt>
<trkpt lat="43.53553" lon="6.0834017"><ele>779.59</ele></trkpt>
<trkpt lat="43.5355183" lon="6.08344"><ele>778.86</ele></trkpt>
<trkpt lat="43.5354967" lon="6.0834767"><ele>777.88</ele></trkpt>
<trkpt lat="43.5354833" lon="6.083515000000001"><ele>777.31</ele></trkpt>
<trkpt lat="43.5354733" lon="6.0835767"><ele>776.13</ele></trkpt>
<trkpt lat="43.5354733" lon="6.0836233"><ele>776.22</ele></trkpt>
<trkpt lat="43.5354817" lon="6.0836667"><ele>776.37</ele></trkpt>
<trkpt lat="43.5354883" lon="6.0837033"><ele>776.21</ele></trkpt>
<trkpt lat="43.5354933" lon="6.0837467"><ele>775.87</ele></trkpt>
<trkpt lat="43.5355067" lon="6.0837917"><ele>775.31</ele></trkpt>
<trkpt lat="43.53553" lon="6.0838233"><ele>774.82</ele></trkpt>
<trkpt lat="43.53555" lon="6.083856700000001"><ele>774.33</ele></trkpt>
<trkpt lat="43.53556" lon="6.083891700000001"><ele>774.34</ele></trkpt>
<trkpt lat="43.535575" lon="6.083926699999999"><ele>774.28</ele></trkpt>
<trkpt lat="43.535595" lon="6.0839533"><ele>773.99</ele></trkpt>
<trkpt lat="43.5356233" lon="6.083971699999999"><ele>773.14</ele></trkpt>
<trkpt lat="43.5356467" lon="6.083993300000001"><ele>772.15</ele></trkpt>
<trkpt lat="43.5356617" lon="6.0840283"><ele>771</ele></trkpt>
<trkpt lat="43.535665" lon="6.08407"><ele>770.03</ele></trkpt>
<trkpt lat="43.5356683" lon="6.084109999999999"><ele>769.13</ele></trkpt>
<trkpt lat="43.5356617" lon="6.0841533"><ele>767.07</ele></trkpt>
<trkpt lat="43.5356567" lon="6.084195"><ele>765.43</ele></trkpt>
<trkpt lat="43.53565" lon="6.084233300000001"><ele>764.23</ele></trkpt>
<trkpt lat="43.5356433" lon="6.08427"><ele>763.13</ele></trkpt>
<trkpt lat="43.535665" lon="6.084295"><ele>762.12</ele></trkpt>
<trkpt lat="43.5356533" lon="6.08433"><ele>760.9</ele></trkpt>
<trkpt lat="43.5356783" lon="6.0843583"><ele>759.71</ele></trkpt>
<trkpt lat="43.5357017" lon="6.084381699999999"><ele>759.03</ele></trkpt>
<trkpt lat="43.535735" lon="6.084391699999999"><ele>758.24</ele></trkpt>
<trkpt lat="43.535765" lon="6.0843983"><ele>757.62</ele></trkpt>
<trkpt lat="43.5357717" lon="6.084436699999999"><ele>756.02</ele></trkpt>
<trkpt lat="43.53576" lon="6.084471700000001"><ele>755.43</ele></trkpt>
<trkpt lat="43.5357467" lon="6.084505"><ele>754.84</ele></trkpt>
<trkpt lat="43.535725" lon="6.0845283"><ele>753.77</ele></trkpt>
<trkpt lat="43.5356983" lon="6.0845567"><ele>752.61</ele></trkpt>
<trkpt lat="43.5356883" lon="6.0845933"><ele>751.63</ele></trkpt>
<trkpt lat="43.5356767" lon="6.084634999999999"><ele>751.2</ele></trkpt>
<trkpt lat="43.535655" lon="6.084668300000001"><ele>750.07</ele></trkpt>
<trkpt lat="43.5356483" lon="6.084705"><ele>748.93</ele></trkpt>
<trkpt lat="43.535665" lon="6.084734999999999"><ele>747.6999999999999</ele></trkpt>
<trkpt lat="43.5356717" lon="6.084775"><ele>746.44</ele></trkpt>
<trkpt lat="43.5356517" lon="6.084805"><ele>745.04</ele></trkpt>
<trkpt lat="43.535635" lon="6.084835"><ele>742.5699999999999</ele></trkpt>
<trkpt lat="43.535615" lon="6.084865"><ele>741.23</ele></trkpt>
<trkpt lat="43.5356" lon="6.0849017"><ele>740.99</ele></trkpt>
<trkpt lat="43.53559" lon="6.0849383"><ele>740.79</ele></trkpt>
<trkpt lat="43.53558" lon="6.0849817"><ele>740.42</ele></trkpt>
<trkpt lat="43.5355683" lon="6.0850183"><ele>740.1</ele></trkpt>
<trkpt lat="43.53555" lon="6.0850583"><ele>739.69</ele></trkpt>
<trkpt lat="43.5355367" lon="6.085098300000001"><ele>739.2</ele></trkpt>
<trkpt lat="43.53552" lon="6.085135"><ele>739.06</ele></trkpt>
<trkpt lat="43.5355133" lon="6.085175"><ele>739.05</ele></trkpt>
<trkpt lat="43.5355167" lon="6.0852167"><ele>738.92</ele></trkpt>
<trkpt lat="43.5355233" lon="6.0852533"><ele>739.04</ele></trkpt>
<trkpt lat="43.5355267" lon="6.085293300000001"><ele>739.21</ele></trkpt>
<trkpt lat="43.5355367" lon="6.085336699999999"><ele>739.6</ele></trkpt>
<trkpt lat="43.5355417" lon="6.085383300000001"><ele>739.97</ele></trkpt>
<trkpt lat="43.5355317" lon="6.0854233"><ele>739.88</ele></trkpt>
<trkpt lat="43.5355283" lon="6.0854767"><ele>739.68</ele></trkpt>
<trkpt lat="43.5355333" lon="6.085525"><ele>739.49</ele></trkpt>
<trkpt lat="43.535535" lon="6.085576699999999"><ele>739</ele></trkpt>
<trkpt lat="43.5355383" lon="6.0856283"><ele>738.78</ele></trkpt>
<trkpt lat="43.535545" lon="6.0856767"><ele>738.58</ele></trkpt>
<trkpt lat="43.53555" lon="6.085713300000001"><ele>738.37</ele></trkpt>
<trkpt lat="43.535555" lon="6.08575"><ele>738.28</ele></trkpt>
<trkpt lat="43.5355633" lon="6.085803300000001"><ele>738.5699999999999</ele></trkpt>
<trkpt lat="43.5355717" lon="6.085850000000001"><ele>738.41</ele></trkpt>
<trkpt lat="43.5355583" lon="6.0858833"><ele>738.15</ele></trkpt>
<trkpt lat="43.5355617" lon="6.085935"><ele>737.62</ele></trkpt>
<trkpt lat="43.5355717" lon="6.08598"><ele>737.36</ele></trkpt>
<trkpt lat="43.5355833" lon="6.08603"><ele>737.26</ele></trkpt>
<trkpt lat="43.5355917" lon="6.0860817"><ele>737.18</ele></trkpt>
<trkpt lat="43.5355983" lon="6.0861183"><ele>736.74</ele></trkpt>
<trkpt lat="43.5356067" lon="6.086155"><ele>736.17</ele></trkpt>
<trkpt lat="43.535615" lon="6.086203299999999"><ele>735.6</ele></trkpt>
<trkpt lat="43.5356283" lon="6.0862567"><ele>735.44</ele></trkpt>
<trkpt lat="43.5356383" lon="6.086293300000001"><ele>735.38</ele></trkpt>
<trkpt lat="43.5356517" lon="6.086338300000001"><ele>735.72</ele></trkpt>
<trkpt lat="43.5356683" lon="6.08638"><ele>735.92</ele></trkpt>
<trkpt lat="43.535685" lon="6.086415"><ele>736.01</ele></trkpt>
<trkpt lat="43.5357017" lon="6.0864483"><ele>736.44</ele></trkpt>
<trkpt lat="43.53572" lon="6.0864767"><ele>736.93</ele></trkpt>
<trkpt lat="43.535735" lon="6.0865083"><ele>737.45</ele></trkpt>
<trkpt lat="43.5357533" lon="6.0865567"><ele>738.13</ele></trkpt>
<trkpt lat="43.5357617" lon="6.086595"><ele>738.43</ele></trkpt>
<trkpt lat="43.5357733" lon="6.086634999999999"><ele>738.61</ele></trkpt>
<trkpt lat="43.5357867" lon="6.0866783"><ele>738.76</ele></trkpt>
<trkpt lat="43.5358" lon="6.086724999999999"><ele>738.82</ele></trkpt>
<trkpt lat="43.5358117" lon="6.086775"><ele>738.96</ele></trkpt>
<trkpt lat="43.5358217" lon="6.0868233"><ele>738.97</ele></trkpt>
<trkpt lat="43.535835" lon="6.086874999999999"><ele>738.85</ele></trkpt>
<trkpt lat="43.5358483" lon="6.086925"><ele>738.5</ele></trkpt>
<trkpt lat="43.53586" lon="6.08696"><ele>737.97</ele></trkpt>
<trkpt lat="43.5358717" lon="6.087009999999999"><ele>737.34</ele></trkpt>
<trkpt lat="43.5358733" lon="6.0870617"><ele>736.66</ele></trkpt>
<trkpt lat="43.5358667" lon="6.0871133"><ele>735.77</ele></trkpt>
<trkpt lat="43.5358533" lon="6.087146699999999"><ele>734.92</ele></trkpt>
<trkpt lat="43.5358233" lon="6.0871833"><ele>733.27</ele></trkpt>
<trkpt lat="43.5358" lon="6.0872067"><ele>732.15</ele></trkpt>
<trkpt lat="43.53577" lon="6.087238300000001"><ele>730.79</ele></trkpt>
<trkpt lat="43.5357383" lon="6.087263299999999"><ele>729.26</ele></trkpt>
<trkpt lat="43.5357117" lon="6.087281700000001"><ele>727.81</ele></trkpt>
<trkpt lat="43.53568" lon="6.08731"><ele>727.12</ele></trkpt>
<trkpt lat="43.5356467" lon="6.0873383"><ele>726.62</ele></trkpt>
<trkpt lat="43.53562" lon="6.087361700000001"><ele>726.21</ele></trkpt>
<trkpt lat="43.535585" lon="6.08739"><ele>726.06</ele></trkpt>
<trkpt lat="43.5355567" lon="6.0874083"><ele>725.96</ele></trkpt>
<trkpt lat="43.5355233" lon="6.087433300000001"><ele>726.14</ele></trkpt>
<trkpt lat="43.5354917" lon="6.0874483"><ele>726.05</ele></trkpt>
<trkpt lat="43.5354567" lon="6.0874633"><ele>725.72</ele></trkpt>
<trkpt lat="43.5354233" lon="6.0874817"><ele>725.2</ele></trkpt>
<trkpt lat="43.5353917" lon="6.087499999999999"><ele>724.7</ele></trkpt>
<trkpt lat="43.5353583" lon="6.087525"><ele>724.49</ele></trkpt>
<trkpt lat="43.5353267" lon="6.0875567"><ele>724.26</ele></trkpt>
<trkpt lat="43.5353067" lon="6.087591699999999"><ele>724.44</ele></trkpt>
<trkpt lat="43.535285" lon="6.0876167"><ele>724.68</ele></trkpt>
<trkpt lat="43.5353117" lon="6.087645"><ele>727.55</ele></trkpt>
<trkpt lat="43.5353367" lon="6.087665"><ele>726.91</ele></trkpt>
<trkpt lat="43.5353683" lon="6.087673300000001"><ele>725.95</ele></trkpt>
<trkpt lat="43.5353833" lon="6.0877117"><ele>724.51</ele></trkpt>
<trkpt lat="43.5353667" lon="6.0877417"><ele>723.88</ele></trkpt>
<trkpt lat="43.53535" lon="6.0877767"><ele>723.75</ele></trkpt>
<trkpt lat="43.5353317" lon="6.087819999999999"><ele>723.75</ele></trkpt>
<trkpt lat="43.53532" lon="6.08786"><ele>723.65</ele></trkpt>
<trkpt lat="43.5353167" lon="6.0879033"><ele>723.81</ele></trkpt>
<trkpt lat="43.535315" lon="6.0879517"><ele>724.1</ele></trkpt>
<trkpt lat="43.535305" lon="6.0879933"><ele>723.79</ele></trkpt>
<trkpt lat="43.5352967" lon="6.0880367"><ele>723.49</ele></trkpt>
<trkpt lat="43.535295" lon="6.0880833"><ele>723.26</ele></trkpt>
<trkpt lat="43.5353083" lon="6.08812"><ele>722.89</ele></trkpt>
<trkpt lat="43.5353267" lon="6.088159999999999"><ele>722.66</ele></trkpt>
<trkpt lat="43.535325" lon="6.08821"><ele>721.83</ele></trkpt>
<trkpt lat="43.5353133" lon="6.088249999999999"><ele>721.12</ele></trkpt>
<trkpt lat="43.53531" lon="6.0882917"><ele>720.32</ele></trkpt>
<trkpt lat="43.5353217" lon="6.088330000000001"><ele>719.98</ele></trkpt>
<trkpt lat="43.5353167" lon="6.0883667"><ele>719.5</ele></trkpt>
<trkpt lat="43.5353183" lon="6.08841"><ele>719.09</ele></trkpt>
<trkpt lat="43.5353067" lon="6.0884467"><ele>718.5</ele></trkpt>
<trkpt lat="43.5352783" lon="6.08847"><ele>717.36</ele></trkpt>
<trkpt lat="43.5352583" lon="6.0885017"><ele>716.13</ele></trkpt>
<trkpt lat="43.5352517" lon="6.0885433"><ele>715.32</ele></trkpt>
<trkpt lat="43.53527" lon="6.0885783"><ele>714.26</ele></trkpt>
<trkpt lat="43.5352933" lon="6.08861"><ele>713.62</ele></trkpt>
<trkpt lat="43.5353067" lon="6.0886467"><ele>713.22</ele></trkpt>
<trkpt lat="43.535325" lon="6.088675"><ele>712.44</ele></trkpt>
<trkpt lat="43.535335" lon="6.088715"><ele>710.76</ele></trkpt>
<trkpt lat="43.5353483" lon="6.0887517"><ele>709.52</ele></trkpt>
<trkpt lat="43.5353683" lon="6.088785"><ele>709.08</ele></trkpt>
<trkpt lat="43.5353983" lon="6.088808300000001"><ele>708.43</ele></trkpt>
<trkpt lat="43.5353833" lon="6.0888467"><ele>707.66</ele></trkpt>
<trkpt lat="43.5353683" lon="6.088879999999999"><ele>707.21</ele></trkpt>
<trkpt lat="43.535355" lon="6.088913300000001"><ele>706.81</ele></trkpt>
<trkpt lat="43.5353383" lon="6.088955000000001"><ele>706.68</ele></trkpt>
<trkpt lat="43.5353233" lon="6.088995"><ele>706.18</ele></trkpt>
<trkpt lat="43.5353067" lon="6.0890367"><ele>704.85</ele></trkpt>
<trkpt lat="43.53529" lon="6.0890783"><ele>703.54</ele></trkpt>
<trkpt lat="43.5352817" lon="6.0891233"><ele>703.16</ele></trkpt>
<trkpt lat="43.5352783" lon="6.089161699999999"><ele>703.22</ele></trkpt>
<trkpt lat="43.5352683" lon="6.0892117"><ele>703.28</ele></trkpt>
<trkpt lat="43.53526" lon="6.089253299999999"><ele>703.41</ele></trkpt>
<trkpt lat="43.5352517" lon="6.0892933"><ele>703.02</ele></trkpt>
<trkpt lat="43.5352417" lon="6.089335"><ele>702.27</ele></trkpt>
<trkpt lat="43.535235" lon="6.089385"><ele>701.8</ele></trkpt>
<trkpt lat="43.5352217" lon="6.0894333"><ele>701.49</ele></trkpt>
<trkpt lat="43.535215" lon="6.0894833"><ele>701.19</ele></trkpt>
<trkpt lat="43.5352083" lon="6.0895283"><ele>700.79</ele></trkpt>
<trkpt lat="43.5352017" lon="6.089573300000001"><ele>700.68</ele></trkpt>
<trkpt lat="43.5351967" lon="6.0896217"><ele>700.41</ele></trkpt>
<trkpt lat="43.535195" lon="6.089671700000001"><ele>699.83</ele></trkpt>
<trkpt lat="43.5351883" lon="6.089716700000001"><ele>699.07</ele></trkpt>
<trkpt lat="43.535185" lon="6.089763300000001"><ele>698.72</ele></trkpt>
<trkpt lat="43.5351833" lon="6.0898017"><ele>699.15</ele></trkpt>
<trkpt lat="43.535155" lon="6.0898133"><ele>697.89</ele></trkpt>
<trkpt lat="43.535075" lon="6.0898717"><ele>698.36</ele></trkpt>
<trkpt lat="43.535005" lon="6.089774999999999"><ele>698.45</ele></trkpt>
<trkpt lat="43.5349833" lon="6.0898067"><ele>698.03</ele></trkpt>
<trkpt lat="43.5350133" lon="6.0898117"><ele>699.21</ele></trkpt>
<trkpt lat="43.5350283" lon="6.089778299999999"><ele>698.97</ele></trkpt>
<trkpt lat="43.5351033" lon="6.0898467"><ele>699.59</ele></trkpt>
<trkpt lat="43.53517" lon="6.0898167"><ele>695.99</ele></trkpt>
<trkpt lat="43.5351733" lon="6.08986"><ele>696.24</ele></trkpt>
<trkpt lat="43.53518" lon="6.0899067"><ele>696.27</ele></trkpt>
<trkpt lat="43.535185" lon="6.0899533"><ele>696.32</ele></trkpt>
<trkpt lat="43.5351917" lon="6.0899967"><ele>696.32</ele></trkpt>
<trkpt lat="43.5352" lon="6.09004"><ele>696.32</ele></trkpt>
<trkpt lat="43.5352067" lon="6.090081700000001"><ele>696.54</ele></trkpt>
<trkpt lat="43.53521" lon="6.090126700000001"><ele>696.36</ele></trkpt>
<trkpt lat="43.5352133" lon="6.0901717"><ele>696.28</ele></trkpt>
<trkpt lat="43.53522" lon="6.09022"><ele>696.4</ele></trkpt>
<trkpt lat="43.5352333" lon="6.0902617"><ele>696.35</ele></trkpt>
<trkpt lat="43.5352517" lon="6.090299999999999"><ele>695.73</ele></trkpt>
<trkpt lat="43.535265" lon="6.090348299999999"><ele>695.19</ele></trkpt>
<trkpt lat="43.5352767" lon="6.090390000000001"><ele>694.9799999999999</ele></trkpt>
<trkpt lat="43.5352883" lon="6.0904267"><ele>694.71</ele></trkpt>
<trkpt lat="43.5352933" lon="6.0904717"><ele>694.39</ele></trkpt>
<trkpt lat="43.5353017" lon="6.0905183"><ele>694</ele></trkpt>
<trkpt lat="43.5353083" lon="6.0905567"><ele>693.39</ele></trkpt>
<trkpt lat="43.535305" lon="6.0906017"><ele>692.54</ele></trkpt>
<trkpt lat="43.5353167" lon="6.0906383"><ele>692.55</ele></trkpt>
<trkpt lat="43.5353117" lon="6.0906783"><ele>692.55</ele></trkpt>
<trkpt lat="43.53524" lon="6.090775"><ele>689.46</ele></trkpt>
<trkpt lat="43.5352867" lon="6.090733299999999"><ele>683.6</ele></trkpt>
<trkpt lat="43.5352867" lon="6.0906533"><ele>684.82</ele></trkpt>
<trkpt lat="43.53532" lon="6.09065"><ele>685.61</ele></trkpt>
<trkpt lat="43.535355" lon="6.0906717"><ele>685.64</ele></trkpt>
<trkpt lat="43.5353767" lon="6.090696700000001"><ele>685.48</ele></trkpt>
<trkpt lat="43.535405" lon="6.090733299999999"><ele>685.52</ele></trkpt>
<trkpt lat="43.5354283" lon="6.0907633"><ele>685.62</ele></trkpt>
<trkpt lat="43.53546" lon="6.0907917"><ele>686.11</ele></trkpt>
<trkpt lat="43.535485" lon="6.090810000000001"><ele>686.7</ele></trkpt>
<trkpt lat="43.5355167" lon="6.0908417"><ele>687.45</ele></trkpt>
<trkpt lat="43.5355433" lon="6.090868300000001"><ele>687.61</ele></trkpt>
<trkpt lat="43.5355717" lon="6.09089"><ele>687.48</ele></trkpt>
<trkpt lat="43.5356033" lon="6.090914999999999"><ele>686.87</ele></trkpt>
<trkpt lat="43.53563" lon="6.0909417"><ele>685.65</ele></trkpt>
<trkpt lat="43.5356567" lon="6.090965"><ele>684.51</ele></trkpt>
<trkpt lat="43.5356833" lon="6.090985"><ele>683.23</ele></trkpt>
<trkpt lat="43.5357067" lon="6.0910133"><ele>682.14</ele></trkpt>
<trkpt lat="43.535715" lon="6.0910583"><ele>681.0699999999999</ele></trkpt>
<trkpt lat="43.5357083" lon="6.0911033"><ele>680.27</ele></trkpt>
<trkpt lat="43.5357" lon="6.0911467"><ele>680.14</ele></trkpt>
<trkpt lat="43.535695" lon="6.09119"><ele>679.96</ele></trkpt>
<trkpt lat="43.5356817" lon="6.09124"><ele>680.29</ele></trkpt>
<trkpt lat="43.5356717" lon="6.091286700000001"><ele>680.6</ele></trkpt>
<trkpt lat="43.535655" lon="6.0913283"><ele>680.62</ele></trkpt>
<trkpt lat="43.5356417" lon="6.0913617"><ele>680.58</ele></trkpt>
<trkpt lat="43.5356333" lon="6.0914"><ele>680.78</ele></trkpt>
<trkpt lat="43.535615" lon="6.0914317"><ele>680.64</ele></trkpt>
<trkpt lat="43.535595" lon="6.0914583"><ele>681.92</ele></trkpt>
<trkpt lat="43.535615" lon="6.0914933"><ele>681.85</ele></trkpt>
<trkpt lat="43.535625" lon="6.091530000000001"><ele>681.82</ele></trkpt>
<trkpt lat="43.5356333" lon="6.09157"><ele>681.84</ele></trkpt>
<trkpt lat="43.5356467" lon="6.091605"><ele>681.65</ele></trkpt>
<trkpt lat="43.5356417" lon="6.0916467"><ele>681.22</ele></trkpt>
<trkpt lat="43.53563" lon="6.0916817"><ele>681.34</ele></trkpt>
<trkpt lat="43.5356267" lon="6.091723300000001"><ele>680.99</ele></trkpt>
<trkpt lat="43.5356367" lon="6.0917583"><ele>680.82</ele></trkpt>
<trkpt lat="43.5356283" lon="6.091795"><ele>680.74</ele></trkpt>
<trkpt lat="43.53562" lon="6.0918317"><ele>680.55</ele></trkpt>
<trkpt lat="43.5356167" lon="6.091869999999999"><ele>681</ele></trkpt>
<trkpt lat="43.5356" lon="6.091905000000001"><ele>681.5</ele></trkpt>
<trkpt lat="43.5355717" lon="6.091916699999999"><ele>682.26</ele></trkpt>
<trkpt lat="43.5354667" lon="6.0919417"><ele>686.81</ele></trkpt>
<trkpt lat="43.53546" lon="6.0920667"><ele>693.99</ele></trkpt>
<trkpt lat="43.53546" lon="6.0921083"><ele>694.61</ele></trkpt>
<trkpt lat="43.5354467" lon="6.092143300000001"><ele>694.94</ele></trkpt>
<trkpt lat="43.5354383" lon="6.09218"><ele>694.67</ele></trkpt>
<trkpt lat="43.535435" lon="6.0922217"><ele>694.65</ele></trkpt>
<trkpt lat="43.535455" lon="6.0922533"><ele>694.84</ele></trkpt>
<trkpt lat="43.53555" lon="6.0922533"><ele>692.67</ele></trkpt>
<trkpt lat="43.535555" lon="6.0922167"><ele>691.98</ele></trkpt>
<trkpt lat="43.5355633" lon="6.0921517"><ele>691.52</ele></trkpt>
<trkpt lat="43.535575" lon="6.092115"><ele>690.91</ele></trkpt>
<trkpt lat="43.5355967" lon="6.0920917"><ele>690.5</ele></trkpt>
<trkpt lat="43.5356233" lon="6.0920767"><ele>689.87</ele></trkpt>
<trkpt lat="43.5356517" lon="6.0920717"><ele>689.68</ele></trkpt>
<trkpt lat="43.5356783" lon="6.0920583"><ele>689.09</ele></trkpt>
<trkpt lat="43.5357183" lon="6.0920233"><ele>687.89</ele></trkpt>
<trkpt lat="43.53575" lon="6.0920017"><ele>686.69</ele></trkpt>
<trkpt lat="43.5357783" lon="6.091995000000001"><ele>686.1</ele></trkpt>
<trkpt lat="43.535805" lon="6.091971699999999"><ele>685.87</ele></trkpt>
<trkpt lat="43.535785" lon="6.0919417"><ele>685.4</ele></trkpt>
<trkpt lat="43.5357717" lon="6.0919067"><ele>684.82</ele></trkpt>
<trkpt lat="43.5357583" lon="6.091865"><ele>684.23</ele></trkpt>
<trkpt lat="43.535745" lon="6.091815"><ele>683.6599999999999</ele></trkpt>
<trkpt lat="43.535735" lon="6.091765"><ele>682.96</ele></trkpt>
<trkpt lat="43.5357283" lon="6.091721699999999"><ele>682.16</ele></trkpt>
<trkpt lat="43.5357117" lon="6.0916833"><ele>681.72</ele></trkpt>
<trkpt lat="43.5356917" lon="6.0916467"><ele>681.22</ele></trkpt>
<trkpt lat="43.53567" lon="6.091620000000001"><ele>680.89</ele></trkpt>
<trkpt lat="43.53565" lon="6.0915917"><ele>680.07</ele></trkpt>
<trkpt lat="43.5356183" lon="6.0915217"><ele>679.63</ele></trkpt>
<trkpt lat="43.5356183" lon="6.0914717"><ele>679.36</ele></trkpt>
<trkpt lat="43.5356217" lon="6.0914333"><ele>679.44</ele></trkpt>
<trkpt lat="43.5356317" lon="6.091385"><ele>679.35</ele></trkpt>
<trkpt lat="43.535645" lon="6.091348299999999"><ele>679.53</ele></trkpt>
<trkpt lat="43.53566" lon="6.091303299999999"><ele>679.9</ele></trkpt>
<trkpt lat="43.5356767" lon="6.09126"><ele>680.11</ele></trkpt>
<trkpt lat="43.5356967" lon="6.091223299999999"><ele>680.34</ele></trkpt>
<trkpt lat="43.535715" lon="6.0911817"><ele>680.8</ele></trkpt>
<trkpt lat="43.53572" lon="6.091140000000001"><ele>680.94</ele></trkpt>
<trkpt lat="43.5357183" lon="6.0910967"><ele>681.2</ele></trkpt>
<trkpt lat="43.5357133" lon="6.0910517"><ele>681.41</ele></trkpt>
<trkpt lat="43.5357233" lon="6.091016699999999"><ele>681.55</ele></trkpt>
<trkpt lat="43.5357467" lon="6.0909783"><ele>681.62</ele></trkpt>
<trkpt lat="43.5357817" lon="6.09085"><ele>683.21</ele></trkpt>
<trkpt lat="43.5358633" lon="6.0907867"><ele>676.94</ele></trkpt>
<trkpt lat="43.5359267" lon="6.0906717"><ele>674.78</ele></trkpt>
<trkpt lat="43.53599" lon="6.090663300000001"><ele>672.67</ele></trkpt>
<trkpt lat="43.5360183" lon="6.09067"><ele>671.06</ele></trkpt>
<trkpt lat="43.5360833" lon="6.0905633"><ele>663.26</ele></trkpt>
<trkpt lat="43.5360767" lon="6.0905233"><ele>662.88</ele></trkpt>
<trkpt lat="43.5360633" lon="6.0904867"><ele>662.75</ele></trkpt>
<trkpt lat="43.536055" lon="6.090446699999999"><ele>662.78</ele></trkpt>
<trkpt lat="43.5360583" lon="6.0904083"><ele>662.91</ele></trkpt>
<trkpt lat="43.53606" lon="6.090366700000001"><ele>662.95</ele></trkpt>
<trkpt lat="43.5360667" lon="6.090315"><ele>662.05</ele></trkpt>
<trkpt lat="43.5360533" lon="6.0903633"><ele>662.05</ele></trkpt>
<trkpt lat="43.5360383" lon="6.090325"><ele>661.62</ele></trkpt>
<trkpt lat="43.5361467" lon="6.0902767"><ele>661.16</ele></trkpt>
<trkpt lat="43.536225" lon="6.0902817"><ele>660.54</ele></trkpt>
<trkpt lat="43.536255" lon="6.0902967"><ele>660.48</ele></trkpt>
<trkpt lat="43.5362833" lon="6.0903167"><ele>659.85</ele></trkpt>
<trkpt lat="43.5362983" lon="6.090348299999999"><ele>659.23</ele></trkpt>
<trkpt lat="43.5363233" lon="6.0903683"><ele>658.9</ele></trkpt>
<trkpt lat="43.536355" lon="6.09037"><ele>658.49</ele></trkpt>
<trkpt lat="43.5363833" lon="6.090376700000001"><ele>658</ele></trkpt>
<trkpt lat="43.5364117" lon="6.0903967"><ele>657.4</ele></trkpt>
<trkpt lat="43.536435" lon="6.09042"><ele>656.63</ele></trkpt>
<trkpt lat="43.536465" lon="6.090435000000001"><ele>656.38</ele></trkpt>
<trkpt lat="43.5364933" lon="6.090448299999999"><ele>655.98</ele></trkpt>
<trkpt lat="43.53652" lon="6.0904733"><ele>655.36</ele></trkpt>
<trkpt lat="43.5365417" lon="6.0904983"><ele>654.73</ele></trkpt>
<trkpt lat="43.5365617" lon="6.0905233"><ele>654.13</ele></trkpt>
<trkpt lat="43.5365817" lon="6.090553299999999"><ele>652.87</ele></trkpt>
<trkpt lat="43.53661" lon="6.09057"><ele>651.94</ele></trkpt>
<trkpt lat="43.5366383" lon="6.0905883"><ele>651.12</ele></trkpt>
<trkpt lat="43.53666" lon="6.09062"><ele>650.33</ele></trkpt>
<trkpt lat="43.5366883" lon="6.090641699999999"><ele>649.53</ele></trkpt>
<trkpt lat="43.5367133" lon="6.090663300000001"><ele>648.76</ele></trkpt>
<trkpt lat="43.53674" lon="6.0906833"><ele>648.02</ele></trkpt>
<trkpt lat="43.5367667" lon="6.0907033"><ele>647.32</ele></trkpt>
<trkpt lat="43.5367967" lon="6.0907267"><ele>646.81</ele></trkpt>
<trkpt lat="43.53683" lon="6.090725"><ele>646.03</ele></trkpt>
<trkpt lat="43.5368617" lon="6.0907283"><ele>645.4</ele></trkpt>
<trkpt lat="43.53689" lon="6.0907483"><ele>643.23</ele></trkpt>
<trkpt lat="43.5369133" lon="6.090776699999999"><ele>641.21</ele></trkpt>
<trkpt lat="43.536935" lon="6.0908017"><ele>638.85</ele></trkpt>
<trkpt lat="43.53696" lon="6.0908183"><ele>638.02</ele></trkpt>
<trkpt lat="43.53699" lon="6.0908167"><ele>637.11</ele></trkpt>
<trkpt lat="43.5370167" lon="6.090824999999999"><ele>635.97</ele></trkpt>
<trkpt lat="43.5370383" lon="6.09085"><ele>634.34</ele></trkpt>
<trkpt lat="43.5370683" lon="6.090866699999999"><ele>633.03</ele></trkpt>
<trkpt lat="43.5370917" lon="6.090893299999999"><ele>632.53</ele></trkpt>
<trkpt lat="43.5371067" lon="6.0909333"><ele>631.47</ele></trkpt>
<trkpt lat="43.5371267" lon="6.0909667"><ele>630.63</ele></trkpt>
<trkpt lat="43.53715" lon="6.0909983"><ele>629.93</ele></trkpt>
<trkpt lat="43.53716" lon="6.091045"><ele>628.67</ele></trkpt>
<trkpt lat="43.5371767" lon="6.0910867"><ele>627.95</ele></trkpt>
<trkpt lat="43.537185" lon="6.0911267"><ele>626.53</ele></trkpt>
<trkpt lat="43.53721" lon="6.091154999999999"><ele>625.44</ele></trkpt>
<trkpt lat="43.5372267" lon="6.091188300000001"><ele>624.26</ele></trkpt>
<trkpt lat="43.53725" lon="6.0912217"><ele>623.52</ele></trkpt>
<trkpt lat="43.537265" lon="6.091256699999999"><ele>623.09</ele></trkpt>
<trkpt lat="43.53727" lon="6.091295"><ele>622.11</ele></trkpt>
<trkpt lat="43.537295" lon="6.0913183"><ele>621.51</ele></trkpt>
<trkpt lat="43.5373233" lon="6.0913333"><ele>620.99</ele></trkpt>
<trkpt lat="43.5373583" lon="6.09133"><ele>620.71</ele></trkpt>
<trkpt lat="43.5373917" lon="6.0913417"><ele>620.26</ele></trkpt>
<trkpt lat="43.5374183" lon="6.0913617"><ele>620.08</ele></trkpt>
<trkpt lat="43.5374417" lon="6.0913867"><ele>619.13</ele></trkpt>
<trkpt lat="43.5374767" lon="6.0914033"><ele>618.72</ele></trkpt>
<trkpt lat="43.5375" lon="6.0914233"><ele>618.13</ele></trkpt>
<trkpt lat="43.5375217" lon="6.0914517"><ele>617</ele></trkpt>
<trkpt lat="43.5375467" lon="6.0914317"><ele>615.07</ele></trkpt>
<trkpt lat="43.5375767" lon="6.09142"><ele>613.44</ele></trkpt>
<trkpt lat="43.5376033" lon="6.0914067"><ele>612.76</ele></trkpt>
<trkpt lat="43.5376217" lon="6.091375"><ele>611.49</ele></trkpt>
<trkpt lat="43.53765" lon="6.0913683"><ele>611.12</ele></trkpt>
<trkpt lat="43.5376783" lon="6.091375"><ele>610.63</ele></trkpt>
<trkpt lat="43.5377133" lon="6.0913867"><ele>610</ele></trkpt>
<trkpt lat="43.5377383" lon="6.091415"><ele>609.03</ele></trkpt>
<trkpt lat="43.537765" lon="6.0914417"><ele>608.12</ele></trkpt>
<trkpt lat="43.5378633" lon="6.091463299999999"><ele>606.93</ele></trkpt>
<trkpt lat="43.53793" lon="6.091494999999999"><ele>604.09</ele></trkpt>
<trkpt lat="43.53796" lon="6.09151"><ele>602.65</ele></trkpt>
<trkpt lat="43.5379883" lon="6.091526700000001"><ele>601.84</ele></trkpt>
<trkpt lat="43.5380183" lon="6.0915233"><ele>600.67</ele></trkpt>
<trkpt lat="43.5380533" lon="6.091505"><ele>598.92</ele></trkpt>
<trkpt lat="43.5380817" lon="6.091505"><ele>598.48</ele></trkpt>
<trkpt lat="43.5381133" lon="6.0915067"><ele>597.92</ele></trkpt>
<trkpt lat="43.5381433" lon="6.091515000000001"><ele>597.12</ele></trkpt>
<trkpt lat="43.5381833" lon="6.091494999999999"><ele>595.57</ele></trkpt>
<trkpt lat="43.5382167" lon="6.091508299999999"><ele>595.19</ele></trkpt>
<trkpt lat="43.5382467" lon="6.091508299999999"><ele>595.15</ele></trkpt>
<trkpt lat="43.5382767" lon="6.0915"><ele>594.23</ele></trkpt>
<trkpt lat="43.5383067" lon="6.09152"><ele>593.41</ele></trkpt>
<trkpt lat="43.5383333" lon="6.091528300000001"><ele>593.1</ele></trkpt>
<trkpt lat="43.5383583" lon="6.0915517"><ele>592.22</ele></trkpt>
<trkpt lat="43.5383933" lon="6.0915483"><ele>591.07</ele></trkpt>
<trkpt lat="43.5384233" lon="6.091565"><ele>590.28</ele></trkpt>
<trkpt lat="43.5384517" lon="6.0915817"><ele>589.84</ele></trkpt>
<trkpt lat="43.5384767" lon="6.0916017"><ele>589.68</ele></trkpt>
<trkpt lat="43.538505" lon="6.0915817"><ele>587.32</ele></trkpt>
<trkpt lat="43.5385333" lon="6.0916"><ele>585.63</ele></trkpt>
<trkpt lat="43.538555" lon="6.0915767"><ele>585.03</ele></trkpt>
<trkpt lat="43.538585" lon="6.091596699999999"><ele>583.54</ele></trkpt>
<trkpt lat="43.5386083" lon="6.091616700000001"><ele>582.64</ele></trkpt>
<trkpt lat="43.538635" lon="6.0916267"><ele>581.25</ele></trkpt>
<trkpt lat="43.5386617" lon="6.091633299999999"><ele>580.19</ele></trkpt>
<trkpt lat="43.538695" lon="6.091641699999999"><ele>579.27</ele></trkpt>
<trkpt lat="43.538715" lon="6.091675000000001"><ele>577.53</ele></trkpt>
<trkpt lat="43.53874" lon="6.091695"><ele>576.74</ele></trkpt>
<trkpt lat="43.538765" lon="6.091721699999999"><ele>575.71</ele></trkpt>
<trkpt lat="43.5387833" lon="6.0917533"><ele>574.31</ele></trkpt>
<trkpt lat="43.5388167" lon="6.0917617"><ele>573.89</ele></trkpt>
<trkpt lat="43.5388517" lon="6.0917533"><ele>573.49</ele></trkpt>
<trkpt lat="43.5388867" lon="6.091755000000001"><ele>572.64</ele></trkpt>
<trkpt lat="43.5389117" lon="6.0917367"><ele>570.64</ele></trkpt>
<trkpt lat="43.5389467" lon="6.0917383"><ele>569.86</ele></trkpt>
<trkpt lat="43.5389683" lon="6.0917133"><ele>568.38</ele></trkpt>
<trkpt lat="43.5389883" lon="6.091685"><ele>567.35</ele></trkpt>
<trkpt lat="43.539015" lon="6.091661700000001"><ele>565.74</ele></trkpt>
<trkpt lat="43.5390433" lon="6.0916717"><ele>564.61</ele></trkpt>
<trkpt lat="43.5391067" lon="6.09172"><ele>563.13</ele></trkpt>
<trkpt lat="43.5391117" lon="6.0917617"><ele>562.46</ele></trkpt>
<trkpt lat="43.539115" lon="6.0918083"><ele>562.38</ele></trkpt>
<trkpt lat="43.5391083" lon="6.091846700000001"><ele>562.16</ele></trkpt>
<trkpt lat="43.53911" lon="6.0918967"><ele>562.08</ele></trkpt>
<trkpt lat="43.539115" lon="6.0919333"><ele>561.96</ele></trkpt>
<trkpt lat="43.5391367" lon="6.091963300000001"><ele>561.56</ele></trkpt>
<trkpt lat="43.53916" lon="6.0919833"><ele>560.89</ele></trkpt>
<trkpt lat="43.5391783" lon="6.092019999999999"><ele>560.85</ele></trkpt>
<trkpt lat="43.5391967" lon="6.0920567"><ele>560.55</ele></trkpt>
<trkpt lat="43.539225" lon="6.092085000000001"><ele>560.21</ele></trkpt>
<trkpt lat="43.5392417" lon="6.0921167"><ele>559.99</ele></trkpt>
<trkpt lat="43.539265" lon="6.092141700000001"><ele>559.86</ele></trkpt>
<trkpt lat="43.5392883" lon="6.092166699999999"><ele>559.21</ele></trkpt>
<trkpt lat="43.5393117" lon="6.092188300000001"><ele>558.61</ele></trkpt>
<trkpt lat="43.53933" lon="6.0922167"><ele>558.23</ele></trkpt>
<trkpt lat="43.539345" lon="6.0922533"><ele>557.7</ele></trkpt>
<trkpt lat="43.5393567" lon="6.092290000000001"><ele>556.94</ele></trkpt>
<trkpt lat="43.5393717" lon="6.0923333"><ele>556.5</ele></trkpt>
<trkpt lat="43.53938" lon="6.092370000000001"><ele>556.03</ele></trkpt>
<trkpt lat="43.5393883" lon="6.09241"><ele>555.31</ele></trkpt>
<trkpt lat="43.5394083" lon="6.092449999999999"><ele>554.71</ele></trkpt>
<trkpt lat="43.5394233" lon="6.0924867"><ele>554.11</ele></trkpt>
<trkpt lat="43.539435" lon="6.0925267"><ele>553.56</ele></trkpt>
<trkpt lat="43.53946" lon="6.0925517"><ele>552.83</ele></trkpt>
<trkpt lat="43.5394767" lon="6.0925933"><ele>552.31</ele></trkpt>
<trkpt lat="43.5395" lon="6.09263"><ele>552.09</ele></trkpt>
<trkpt lat="43.5395217" lon="6.0926583"><ele>551.8</ele></trkpt>
<trkpt lat="43.539545" lon="6.092695"><ele>551.14</ele></trkpt>
<trkpt lat="43.539565" lon="6.0927283"><ele>550.68</ele></trkpt>
<trkpt lat="43.5395933" lon="6.0927433"><ele>549.81</ele></trkpt>
<trkpt lat="43.53962" lon="6.0927733"><ele>548.94</ele></trkpt>
<trkpt lat="43.5396333" lon="6.0928167"><ele>548.42</ele></trkpt>
<trkpt lat="43.539645" lon="6.0928517"><ele>548</ele></trkpt>
<trkpt lat="43.53966" lon="6.092884999999999"><ele>547.76</ele></trkpt>
<trkpt lat="43.53967" lon="6.0929283"><ele>547.68</ele></trkpt>
<trkpt lat="43.5396817" lon="6.0929683"><ele>547.3</ele></trkpt>
<trkpt lat="43.539685" lon="6.0930167"><ele>546.73</ele></trkpt>
<trkpt lat="43.539685" lon="6.093055000000001"><ele>546.4</ele></trkpt>
<trkpt lat="43.5396983" lon="6.0930917"><ele>546.25</ele></trkpt>
<trkpt lat="43.53971" lon="6.09313"><ele>545.6</ele></trkpt>
<trkpt lat="43.5397133" lon="6.093175"><ele>545.39</ele></trkpt>
<trkpt lat="43.5397183" lon="6.09322"><ele>544.93</ele></trkpt>
<trkpt lat="43.5397267" lon="6.09327"><ele>544.48</ele></trkpt>
<trkpt lat="43.5397317" lon="6.0933067"><ele>544.2</ele></trkpt>
<trkpt lat="43.5397383" lon="6.0933567"><ele>543.71</ele></trkpt>
<trkpt lat="43.5397483" lon="6.0934033"><ele>543.21</ele></trkpt>
<trkpt lat="43.5397533" lon="6.093453299999999"><ele>542.9</ele></trkpt>
<trkpt lat="43.53976" lon="6.0934933"><ele>542.6</ele></trkpt>
<trkpt lat="43.53977" lon="6.093531699999999"><ele>542.29</ele></trkpt>
<trkpt lat="43.539785" lon="6.0935717"><ele>541.99</ele></trkpt>
<trkpt lat="43.539805" lon="6.093603299999999"><ele>541.57</ele></trkpt>
<trkpt lat="43.5398183" lon="6.0936383"><ele>541.32</ele></trkpt>
<trkpt lat="43.53984" lon="6.09367"><ele>541</ele></trkpt>
<trkpt lat="43.5398583" lon="6.0937067"><ele>540.24</ele></trkpt>
<trkpt lat="43.5398733" lon="6.093745"><ele>539.97</ele></trkpt>
<trkpt lat="43.53989" lon="6.093783299999999"><ele>539.69</ele></trkpt>
<trkpt lat="43.5398983" lon="6.093829999999999"><ele>539.46</ele></trkpt>
<trkpt lat="43.5399033" lon="6.0938683"><ele>539.2</ele></trkpt>
<trkpt lat="43.5399133" lon="6.093916699999999"><ele>538.9</ele></trkpt>
<trkpt lat="43.5399217" lon="6.09396"><ele>538.6</ele></trkpt>
<trkpt lat="43.5399317" lon="6.094005"><ele>538.04</ele></trkpt>
<trkpt lat="43.5399383" lon="6.0940483"><ele>537.98</ele></trkpt>
<trkpt lat="43.5399417" lon="6.094086700000001"><ele>537.83</ele></trkpt>
<trkpt lat="43.53994" lon="6.0941283"><ele>537.85</ele></trkpt>
<trkpt lat="43.53995" lon="6.0941633"><ele>537.69</ele></trkpt>
<trkpt lat="43.5399617" lon="6.0941983"><ele>537.2</ele></trkpt>
<trkpt lat="43.5399733" lon="6.0942333"><ele>537.09</ele></trkpt>
<trkpt lat="43.539985" lon="6.094275"><ele>536.57</ele></trkpt>
<trkpt lat="43.53999" lon="6.09432"><ele>536.16</ele></trkpt>
<trkpt lat="43.5399717" lon="6.094353299999999"><ele>535.99</ele></trkpt>
<trkpt lat="43.5399633" lon="6.0943917"><ele>536.61</ele></trkpt>
<trkpt lat="43.5399583" lon="6.094430000000001"><ele>536.65</ele></trkpt>
<trkpt lat="43.5399667" lon="6.0944733"><ele>536.46</ele></trkpt>
<trkpt lat="43.53996" lon="6.094520000000001"><ele>536.21</ele></trkpt>
<trkpt lat="43.5399467" lon="6.094568300000001"><ele>535.78</ele></trkpt>
<trkpt lat="43.5399367" lon="6.0946067"><ele>535.33</ele></trkpt>
<trkpt lat="43.5399317" lon="6.094648299999999"><ele>534.71</ele></trkpt>
<trkpt lat="43.5399217" lon="6.0946883"><ele>534.56</ele></trkpt>
<trkpt lat="43.539915" lon="6.094725000000001"><ele>534.55</ele></trkpt>
<trkpt lat="43.5399067" lon="6.0947617"><ele>534.39</ele></trkpt>
<trkpt lat="43.5399" lon="6.094798299999999"><ele>534.19</ele></trkpt>
<trkpt lat="43.539895" lon="6.094845"><ele>533.8</ele></trkpt>
<trkpt lat="43.5398833" lon="6.09489"><ele>533.23</ele></trkpt>
<trkpt lat="43.5398767" lon="6.09493"><ele>532.73</ele></trkpt>
<trkpt lat="43.53987" lon="6.094968299999999"><ele>532.4</ele></trkpt>
<trkpt lat="43.5398583" lon="6.0950067"><ele>531.83</ele></trkpt>
<trkpt lat="43.5398533" lon="6.0950517"><ele>531.51</ele></trkpt>
<trkpt lat="43.53984" lon="6.0950883"><ele>530.91</ele></trkpt>
<trkpt lat="43.539825" lon="6.0951333"><ele>530.3</ele></trkpt>
<trkpt lat="43.5398217" lon="6.095173299999999"><ele>530.04</ele></trkpt>
<trkpt lat="43.5398167" lon="6.095216699999999"><ele>530.05</ele></trkpt>
<trkpt lat="43.5398083" lon="6.095261699999999"><ele>530.03</ele></trkpt>
<trkpt lat="43.5398067" lon="6.0953"><ele>530.05</ele></trkpt>
<trkpt lat="43.5398067" lon="6.0953467"><ele>529.53</ele></trkpt>
<trkpt lat="43.539805" lon="6.09539"><ele>529.2</ele></trkpt>
<trkpt lat="43.5398033" lon="6.095431700000001"><ele>528.73</ele></trkpt>
<trkpt lat="43.5398033" lon="6.095475000000001"><ele>528.38</ele></trkpt>
<trkpt lat="43.5397983" lon="6.095521700000001"><ele>528.14</ele></trkpt>
<trkpt lat="43.539795" lon="6.0955617"><ele>527.73</ele></trkpt>
<trkpt lat="43.53979" lon="6.0956033"><ele>527.4</ele></trkpt>
<trkpt lat="43.5397767" lon="6.0956483"><ele>527.07</ele></trkpt>
<trkpt lat="43.5397717" lon="6.0956883"><ele>526.35</ele></trkpt>
<trkpt lat="43.539765" lon="6.095725"><ele>525.68</ele></trkpt>
<trkpt lat="43.539765" lon="6.095765"><ele>525.3</ele></trkpt>
<trkpt lat="43.5397717" lon="6.095808300000001"><ele>524.96</ele></trkpt>
<trkpt lat="43.5397817" lon="6.09585"><ele>524.68</ele></trkpt>
<trkpt lat="43.5398017" lon="6.095878299999999"><ele>524.01</ele></trkpt>
<trkpt lat="43.5397783" lon="6.0959883"><ele>521.27</ele></trkpt>
<trkpt lat="43.5397817" lon="6.0960283"><ele>521.58</ele></trkpt>
<trkpt lat="43.53979" lon="6.096073299999999"><ele>521.92</ele></trkpt>
<trkpt lat="43.5397967" lon="6.096118299999999"><ele>522.31</ele></trkpt>
<trkpt lat="43.5398033" lon="6.0961567"><ele>522.26</ele></trkpt>
<trkpt lat="43.5398" lon="6.096205000000001"><ele>522.25</ele></trkpt>
<trkpt lat="43.5397983" lon="6.096253300000001"><ele>522.39</ele></trkpt>
<trkpt lat="43.539795" lon="6.0963017"><ele>522.55</ele></trkpt>
<trkpt lat="43.5397883" lon="6.096345"><ele>522.36</ele></trkpt>
<trkpt lat="43.539785" lon="6.0963917"><ele>522.16</ele></trkpt>
<trkpt lat="43.5397817" lon="6.0964417"><ele>522.32</ele></trkpt>
<trkpt lat="43.5397783" lon="6.0964833"><ele>522.37</ele></trkpt>
<trkpt lat="43.5397717" lon="6.096525000000001"><ele>522.37</ele></trkpt>
<trkpt lat="43.5397667" lon="6.096566700000001"><ele>522.09</ele></trkpt>
<trkpt lat="43.5397633" lon="6.0966083"><ele>521.96</ele></trkpt>
<trkpt lat="43.5397583" lon="6.0966467"><ele>521.55</ele></trkpt>
<trkpt lat="43.5397517" lon="6.0966883"><ele>521.11</ele></trkpt>
<trkpt lat="43.5397483" lon="6.0967317"><ele>520.98</ele></trkpt>
<trkpt lat="43.5397517" lon="6.096775000000001"><ele>520.82</ele></trkpt>
<trkpt lat="43.53975" lon="6.0968167"><ele>520.43</ele></trkpt>
<trkpt lat="43.53975" lon="6.0968583"><ele>519.87</ele></trkpt>
<trkpt lat="43.5397533" lon="6.0968983"><ele>519.07</ele></trkpt>
<trkpt lat="43.5397417" lon="6.0969367"><ele>518.51</ele></trkpt>
<trkpt lat="43.5397317" lon="6.0969767"><ele>518.01</ele></trkpt>
<trkpt lat="43.539725" lon="6.0970233"><ele>517.71</ele></trkpt>
<trkpt lat="43.53973" lon="6.0970683"><ele>516.38</ele></trkpt>
<trkpt lat="43.539725" lon="6.0971067"><ele>515.57</ele></trkpt>
<trkpt lat="43.5397217" lon="6.0971517"><ele>515.01</ele></trkpt>
<trkpt lat="43.5397233" lon="6.0971917"><ele>514.61</ele></trkpt>
<trkpt lat="43.539735" lon="6.09723"><ele>513.95</ele></trkpt>
<trkpt lat="43.5397533" lon="6.0972617"><ele>513.48</ele></trkpt>
<trkpt lat="43.5397717" lon="6.097298300000001"><ele>513.26</ele></trkpt>
<trkpt lat="43.5397767" lon="6.0973367"><ele>513.35</ele></trkpt>
<trkpt lat="43.5397783" lon="6.097376700000001"><ele>513.36</ele></trkpt>
<trkpt lat="43.5397733" lon="6.0974167"><ele>513.38</ele></trkpt>
<trkpt lat="43.5397733" lon="6.097459999999999"><ele>513.28</ele></trkpt>
<trkpt lat="43.5397733" lon="6.097504999999999"><ele>513.05</ele></trkpt>
<trkpt lat="43.5397667" lon="6.0975433"><ele>513.09</ele></trkpt>
<trkpt lat="43.539775" lon="6.0975867"><ele>512.89</ele></trkpt>
<trkpt lat="43.53978" lon="6.0976233"><ele>513.01</ele></trkpt>
<trkpt lat="43.53978" lon="6.097663300000001"><ele>512.99</ele></trkpt>
<trkpt lat="43.5397817" lon="6.0977017"><ele>512.67</ele></trkpt>
<trkpt lat="43.53978" lon="6.0977533"><ele>512.16</ele></trkpt>
<trkpt lat="43.5397833" lon="6.0977983"><ele>511.45</ele></trkpt>
<trkpt lat="43.5397883" lon="6.09784"><ele>510.61</ele></trkpt>
<trkpt lat="43.539795" lon="6.0978883"><ele>509.44</ele></trkpt>
<trkpt lat="43.5398067" lon="6.0979283"><ele>508.84</ele></trkpt>
<trkpt lat="43.539815" lon="6.097969999999999"><ele>508.05</ele></trkpt>
<trkpt lat="43.5398217" lon="6.0980117"><ele>507.72</ele></trkpt>
<trkpt lat="43.539835" lon="6.0980533"><ele>507.33</ele></trkpt>
<trkpt lat="43.5398483" lon="6.098095000000001"><ele>506.88</ele></trkpt>
<trkpt lat="43.5398433" lon="6.098151700000001"><ele>506.86</ele></trkpt>
<trkpt lat="43.5398367" lon="6.0981883"><ele>506.4399999999999</ele></trkpt>
<trkpt lat="43.539835" lon="6.0982317"><ele>505.64</ele></trkpt>
<trkpt lat="43.5398333" lon="6.098275"><ele>505.44</ele></trkpt>
<trkpt lat="43.5398383" lon="6.0983183"><ele>505.2699999999999</ele></trkpt>
<trkpt lat="43.5398483" lon="6.0983617"><ele>504.6999999999999</ele></trkpt>
<trkpt lat="43.539855" lon="6.098403299999999"><ele>504.56</ele></trkpt>
<trkpt lat="43.5398633" lon="6.0984417"><ele>504.55</ele></trkpt>
<trkpt lat="43.5398717" lon="6.098481700000001"><ele>504.81</ele></trkpt>
<trkpt lat="43.5398783" lon="6.098525000000001"><ele>505.21</ele></trkpt>
<trkpt lat="43.5398817" lon="6.0985667"><ele>505.09</ele></trkpt>
<trkpt lat="43.5398883" lon="6.0986133"><ele>504.79</ele></trkpt>
<trkpt lat="43.5398983" lon="6.0986517"><ele>504.3</ele></trkpt>
<trkpt lat="43.5399117" lon="6.098686699999999"><ele>504.16</ele></trkpt>
<trkpt lat="43.5399267" lon="6.098720000000001"><ele>503.6199999999999</ele></trkpt>
<trkpt lat="43.5399367" lon="6.0987567"><ele>503.47</ele></trkpt>
<trkpt lat="43.5399417" lon="6.0987967"><ele>502.85</ele></trkpt>
<trkpt lat="43.53995" lon="6.09884"><ele>502.17</ele></trkpt>
<trkpt lat="43.53996" lon="6.098881699999999"><ele>501.44</ele></trkpt>
<trkpt lat="43.539975" lon="6.09892"><ele>500.6499999999999</ele></trkpt>
<trkpt lat="43.5399983" lon="6.0989517"><ele>499.98</ele></trkpt>
<trkpt lat="43.54002" lon="6.098975"><ele>499.72</ele></trkpt>
<trkpt lat="43.5400517" lon="6.0989883"><ele>499.04</ele></trkpt>
<trkpt lat="43.5400867" lon="6.098984999999999"><ele>498.4300000000001</ele></trkpt>
<trkpt lat="43.5401233" lon="6.0989967"><ele>497.9</ele></trkpt>
<trkpt lat="43.5401533" lon="6.099016699999999"><ele>497.8299999999999</ele></trkpt>
<trkpt lat="43.54018" lon="6.0990483"><ele>498.12</ele></trkpt>
<trkpt lat="43.540205" lon="6.09908"><ele>498.15</ele></trkpt>
<trkpt lat="43.5402283" lon="6.099115"><ele>497.85</ele></trkpt>
<trkpt lat="43.5402533" lon="6.0991467"><ele>497.4</ele></trkpt>
<trkpt lat="43.540275" lon="6.0991733"><ele>497.59</ele></trkpt>
<trkpt lat="43.54029" lon="6.099205"><ele>497.85</ele></trkpt>
<trkpt lat="43.5403117" lon="6.099235"><ele>497.9</ele></trkpt>
<trkpt lat="43.540335" lon="6.099265"><ele>498.04</ele></trkpt>
<trkpt lat="43.540355" lon="6.099301699999999"><ele>498.1399999999999</ele></trkpt>
<trkpt lat="43.5403733" lon="6.0993433"><ele>498.1299999999999</ele></trkpt>
<trkpt lat="43.5403883" lon="6.09939"><ele>498.6</ele></trkpt>
<trkpt lat="43.5403967" lon="6.0994317"><ele>499.0599999999999</ele></trkpt>
<trkpt lat="43.5404017" lon="6.0994767"><ele>499.25</ele></trkpt>
<trkpt lat="43.5404083" lon="6.099525"><ele>499.16</ele></trkpt>
<trkpt lat="43.54042" lon="6.0995633"><ele>498.42</ele></trkpt>
<trkpt lat="43.540445" lon="6.099598299999999"><ele>497.5600000000001</ele></trkpt>
<trkpt lat="43.5404683" lon="6.0996267"><ele>496.84</ele></trkpt>
<trkpt lat="43.5404917" lon="6.0996583"><ele>495.9299999999999</ele></trkpt>
<trkpt lat="43.5405133" lon="6.099685"><ele>495.37</ele></trkpt>
<trkpt lat="43.540545" lon="6.099699999999999"><ele>493.67</ele></trkpt>
<trkpt lat="43.5405733" lon="6.09973"><ele>492.37</ele></trkpt>
<trkpt lat="43.5405983" lon="6.0997583"><ele>491.34</ele></trkpt>
<trkpt lat="43.5406167" lon="6.0997883"><ele>490.06</ele></trkpt>
<trkpt lat="43.5406383" lon="6.09982"><ele>489.7</ele></trkpt>
<trkpt lat="43.5406617" lon="6.099846700000001"><ele>489.23</ele></trkpt>
<trkpt lat="43.540685" lon="6.0998733"><ele>488.3899999999999</ele></trkpt>
<trkpt lat="43.5407083" lon="6.0998967"><ele>488.1200000000001</ele></trkpt>
<trkpt lat="43.5407317" lon="6.09992"><ele>487.99</ele></trkpt>
<trkpt lat="43.5407583" lon="6.0999467"><ele>487.7</ele></trkpt>
<trkpt lat="43.540785" lon="6.0999667"><ele>487.3099999999999</ele></trkpt>
<trkpt lat="43.5408117" lon="6.09999"><ele>487.33</ele></trkpt>
<trkpt lat="43.5408383" lon="6.1000133"><ele>487.45</ele></trkpt>
<trkpt lat="43.5408667" lon="6.1000383"><ele>487.71</ele></trkpt>
<trkpt lat="43.54089" lon="6.1000667"><ele>488.1799999999999</ele></trkpt>
<trkpt lat="43.54092" lon="6.10009"><ele>488.9999999999999</ele></trkpt>
<trkpt lat="43.54095" lon="6.100115"><ele>489.34</ele></trkpt>
<trkpt lat="43.5409767" lon="6.100141700000001"><ele>489.47</ele></trkpt>
<trkpt lat="43.541" lon="6.100165"><ele>490</ele></trkpt>
<trkpt lat="43.5410333" lon="6.1001783"><ele>490.4499999999999</ele></trkpt>
<trkpt lat="43.5410583" lon="6.1001933"><ele>490.61</ele></trkpt>
<trkpt lat="43.5410883" lon="6.10021"><ele>490.21</ele></trkpt>
<trkpt lat="43.5411183" lon="6.1002267"><ele>489.97</ele></trkpt>
<trkpt lat="43.541145" lon="6.100235000000001"><ele>489.95</ele></trkpt>
<trkpt lat="43.5411783" lon="6.1002417"><ele>489.72</ele></trkpt>
<trkpt lat="43.5412067" lon="6.10024"><ele>488.85</ele></trkpt>
<trkpt lat="43.5412383" lon="6.10024"><ele>488.1200000000001</ele></trkpt>
<trkpt lat="43.54127" lon="6.1002467"><ele>487.6199999999999</ele></trkpt>
<trkpt lat="43.5413217" lon="6.1002683"><ele>485.47</ele></trkpt>
<trkpt lat="43.54135" lon="6.100293300000001"><ele>484.89</ele></trkpt>
<trkpt lat="43.541375" lon="6.1003133"><ele>484.51</ele></trkpt>
<trkpt lat="43.5414" lon="6.100335000000001"><ele>484.32</ele></trkpt>
<trkpt lat="43.541425" lon="6.1003517"><ele>484.16</ele></trkpt>
<trkpt lat="43.5414533" lon="6.1003667"><ele>484.3399999999999</ele></trkpt>
<trkpt lat="43.5414867" lon="6.1003767"><ele>484.3800000000001</ele></trkpt>
<trkpt lat="43.5415167" lon="6.100381700000001"><ele>484.33</ele></trkpt>
<trkpt lat="43.5415567" lon="6.1003867"><ele>484.87</ele></trkpt>
<trkpt lat="43.5415917" lon="6.10039"><ele>485.3099999999999</ele></trkpt>
<trkpt lat="43.5416217" lon="6.10039"><ele>485.42</ele></trkpt>
<trkpt lat="43.5416567" lon="6.1004"><ele>485.41</ele></trkpt>
<trkpt lat="43.5416867" lon="6.1004017"><ele>484.98</ele></trkpt>
<trkpt lat="43.54172" lon="6.1004033"><ele>484.86</ele></trkpt>
<trkpt lat="43.5417517" lon="6.1004117"><ele>484.86</ele></trkpt>
<trkpt lat="43.541785" lon="6.100418299999999"><ele>484.67</ele></trkpt>
<trkpt lat="43.5418167" lon="6.10042"><ele>484.63</ele></trkpt>
<trkpt lat="43.54185" lon="6.10042"><ele>484.59</ele></trkpt>
<trkpt lat="43.5418817" lon="6.100418299999999"><ele>484.25</ele></trkpt>
<trkpt lat="43.5419167" lon="6.100418299999999"><ele>484.24</ele></trkpt>
<trkpt lat="43.54195" lon="6.10042"><ele>484.26</ele></trkpt>
<trkpt lat="43.5419833" lon="6.1004217"><ele>484.1299999999999</ele></trkpt>
<trkpt lat="43.54202" lon="6.100425"><ele>484.0899999999999</ele></trkpt>
<trkpt lat="43.5420533" lon="6.100426700000001"><ele>484.31</ele></trkpt>
<trkpt lat="43.5420867" lon="6.100428300000001"><ele>484.54</ele></trkpt>
<trkpt lat="43.54212" lon="6.100435"><ele>484.21</ele></trkpt>
<trkpt lat="43.5421533" lon="6.100445"><ele>484.1299999999999</ele></trkpt>
<trkpt lat="43.542185" lon="6.1004467"><ele>483.92</ele></trkpt>
<trkpt lat="43.5422183" lon="6.1004483"><ele>483.5099999999999</ele></trkpt>
<trkpt lat="43.54225" lon="6.1004483"><ele>483.03</ele></trkpt>
<trkpt lat="43.5422833" lon="6.100445"><ele>482.63</ele></trkpt>
<trkpt lat="43.5423183" lon="6.1004467"><ele>482.3</ele></trkpt>
<trkpt lat="43.5423533" lon="6.100445"><ele>482.35</ele></trkpt>
<trkpt lat="43.54239" lon="6.1004467"><ele>482.3399999999999</ele></trkpt>
<trkpt lat="43.5424267" lon="6.1004467"><ele>482.4299999999999</ele></trkpt>
<trkpt lat="43.5424583" lon="6.100453299999999"><ele>482.55</ele></trkpt>
<trkpt lat="43.5424867" lon="6.1004583"><ele>482.47</ele></trkpt>
<trkpt lat="43.54251" lon="6.1004817"><ele>481.65</ele></trkpt>
<trkpt lat="43.5425367" lon="6.100505"><ele>481.8199999999999</ele></trkpt>
<trkpt lat="43.542565" lon="6.1005033"><ele>481.6000000000001</ele></trkpt>
<trkpt lat="43.5425967" lon="6.1005033"><ele>481.44</ele></trkpt>
<trkpt lat="43.5426267" lon="6.10052"><ele>481.39</ele></trkpt>
<trkpt lat="43.5426483" lon="6.1005483"><ele>480.9999999999999</ele></trkpt>
<trkpt lat="43.54267" lon="6.1005733"><ele>480.79</ele></trkpt>
<trkpt lat="43.5426983" lon="6.100588300000001"><ele>480.8</ele></trkpt>
<trkpt lat="43.5427267" lon="6.100595"><ele>480.9900000000001</ele></trkpt>
<trkpt lat="43.542755" lon="6.100605"><ele>480.63</ele></trkpt>
<trkpt lat="43.542785" lon="6.100623300000001"><ele>479.63</ele></trkpt>
<trkpt lat="43.5428117" lon="6.100633300000001"><ele>478.59</ele></trkpt>
<trkpt lat="43.54284" lon="6.1006517"><ele>477.45</ele></trkpt>
<trkpt lat="43.5428683" lon="6.1006733"><ele>476.84</ele></trkpt>
<trkpt lat="43.5428967" lon="6.100691699999999"><ele>476.4</ele></trkpt>
<trkpt lat="43.54293" lon="6.1007083"><ele>476.36</ele></trkpt>
<trkpt lat="43.5429583" lon="6.100721700000001"><ele>476.0299999999999</ele></trkpt>
<trkpt lat="43.5429833" lon="6.100748299999999"><ele>475.6000000000001</ele></trkpt>
<trkpt lat="43.5430083" lon="6.100766700000001"><ele>475.48</ele></trkpt>
<trkpt lat="43.5430317" lon="6.100793299999999"><ele>475.5599999999999</ele></trkpt>
<trkpt lat="43.543055" lon="6.100825000000001"><ele>475.59</ele></trkpt>
<trkpt lat="43.54308" lon="6.100860000000001"><ele>475.73</ele></trkpt>
<trkpt lat="43.5431117" lon="6.1008917"><ele>475.99</ele></trkpt>
<trkpt lat="43.543135" lon="6.1009233"><ele>475.73</ele></trkpt>
<trkpt lat="43.543155" lon="6.1009567"><ele>474.91</ele></trkpt>
<trkpt lat="43.5431767" lon="6.1009817"><ele>474.79</ele></trkpt>
<trkpt lat="43.543205" lon="6.101"><ele>474.4299999999999</ele></trkpt>
<trkpt lat="43.5432333" lon="6.1010183"><ele>474.01</ele></trkpt>
<trkpt lat="43.54326" lon="6.1010483"><ele>473.7699999999999</ele></trkpt>
<trkpt lat="43.54328" lon="6.101079999999999"><ele>473.86</ele></trkpt>
<trkpt lat="43.5432983" lon="6.101124999999999"><ele>473.5</ele></trkpt>
<trkpt lat="43.5433133" lon="6.1011633"><ele>472.81</ele></trkpt>
<trkpt lat="43.5433317" lon="6.1011933"><ele>472.4</ele></trkpt>
<trkpt lat="43.543345" lon="6.101235000000001"><ele>471.98</ele></trkpt>
<trkpt lat="43.54337" lon="6.1012683"><ele>471.76</ele></trkpt>
<trkpt lat="43.5433917" lon="6.101295"><ele>471.59</ele></trkpt>
<trkpt lat="43.5434167" lon="6.101325"><ele>471.3</ele></trkpt>
<trkpt lat="43.5434433" lon="6.101355"><ele>471.16</ele></trkpt>
<trkpt lat="43.5434617" lon="6.1013833"><ele>470.93</ele></trkpt>
<trkpt lat="43.5434833" lon="6.101415"><ele>470.61</ele></trkpt>
<trkpt lat="43.54351" lon="6.101443300000001"><ele>470.48</ele></trkpt>
<trkpt lat="43.543535" lon="6.10147"><ele>470.37</ele></trkpt>
<trkpt lat="43.54356" lon="6.101498300000001"><ele>470.42</ele></trkpt>
<trkpt lat="43.5435883" lon="6.101525"><ele>470.89</ele></trkpt>
<trkpt lat="43.543615" lon="6.101543300000001"><ele>471.08</ele></trkpt>
<trkpt lat="43.543645" lon="6.1015633"><ele>470.98</ele></trkpt>
<trkpt lat="43.5436783" lon="6.101576700000001"><ele>469.8199999999999</ele></trkpt>
<trkpt lat="43.543715" lon="6.1015933"><ele>469.2099999999999</ele></trkpt>
<trkpt lat="43.54375" lon="6.101599999999999"><ele>468.88</ele></trkpt>
<trkpt lat="43.54378" lon="6.101601699999999"><ele>468.5</ele></trkpt>
<trkpt lat="43.5438117" lon="6.101605"><ele>467.92</ele></trkpt>
<trkpt lat="43.5438433" lon="6.1016067"><ele>467.18</ele></trkpt>
<trkpt lat="43.5438767" lon="6.101603299999999"><ele>466.41</ele></trkpt>
<trkpt lat="43.543905" lon="6.1015983"><ele>466.1</ele></trkpt>
<trkpt lat="43.5439367" lon="6.101595"><ele>465.85</ele></trkpt>
<trkpt lat="43.5439683" lon="6.1015833"><ele>465.3099999999999</ele></trkpt>
<trkpt lat="43.544005" lon="6.101578300000001"><ele>465.1</ele></trkpt>
<trkpt lat="43.5440383" lon="6.1015717"><ele>464.83</ele></trkpt>
<trkpt lat="43.54407" lon="6.1015683"><ele>464.67</ele></trkpt>
<trkpt lat="43.5440983" lon="6.1015633"><ele>464.54</ele></trkpt>
<trkpt lat="43.5441267" lon="6.1015533"><ele>464.57</ele></trkpt>
<trkpt lat="43.544155" lon="6.1015483"><ele>464.49</ele></trkpt>
<trkpt lat="43.544185" lon="6.1015383"><ele>464.4</ele></trkpt>
<trkpt lat="43.5442183" lon="6.101535"><ele>464.24</ele></trkpt>
<trkpt lat="43.5442517" lon="6.101525"><ele>464.1799999999999</ele></trkpt>
<trkpt lat="43.5442833" lon="6.101515"><ele>463.93</ele></trkpt>
<trkpt lat="43.544315" lon="6.1015067"><ele>463.28</ele></trkpt>
<trkpt lat="43.5443467" lon="6.101495"><ele>462.74</ele></trkpt>
<trkpt lat="43.5443817" lon="6.101488300000001"><ele>462.1</ele></trkpt>
<trkpt lat="43.5444167" lon="6.10149"><ele>462.0299999999999</ele></trkpt>
<trkpt lat="43.5444517" lon="6.101485000000001"><ele>461.9</ele></trkpt>
<trkpt lat="43.5444883" lon="6.1014833"><ele>461.93</ele></trkpt>
<trkpt lat="43.5445233" lon="6.1014817"><ele>461.8099999999999</ele></trkpt>
<trkpt lat="43.5445583" lon="6.1014783"><ele>461.6</ele></trkpt>
<trkpt lat="43.5445917" lon="6.10147"><ele>461.4</ele></trkpt>
<trkpt lat="43.54462" lon="6.1014617"><ele>461.17</ele></trkpt>
<trkpt lat="43.5446517" lon="6.1014583"><ele>460.72</ele></trkpt>
<trkpt lat="43.5446867" lon="6.10147"><ele>460.8</ele></trkpt>
<trkpt lat="43.5447133" lon="6.1014783"><ele>461.34</ele></trkpt>
<trkpt lat="43.5447433" lon="6.101495"><ele>461.74</ele></trkpt>
<trkpt lat="43.5447733" lon="6.1015083"><ele>461.5699999999999</ele></trkpt>
<trkpt lat="43.544805" lon="6.101520000000001"><ele>461.42</ele></trkpt>
<trkpt lat="43.5448333" lon="6.101505"><ele>460.87</ele></trkpt>
<trkpt lat="43.5448567" lon="6.10148"><ele>460.48</ele></trkpt>
<trkpt lat="43.54487" lon="6.1014467"><ele>460.46</ele></trkpt>
<trkpt lat="43.5448933" lon="6.1014133"><ele>460.49</ele></trkpt>
<trkpt lat="43.544915" lon="6.1013883"><ele>459.62</ele></trkpt>
<trkpt lat="43.5449367" lon="6.1013517"><ele>458.89</ele></trkpt>
<trkpt lat="43.5449617" lon="6.101325"><ele>458.67</ele></trkpt>
<trkpt lat="43.5449883" lon="6.1013083"><ele>458.57</ele></trkpt>
<trkpt lat="43.5450133" lon="6.101285"><ele>458</ele></trkpt>
<trkpt lat="43.5450283" lon="6.10124"><ele>457.23</ele></trkpt>
<trkpt lat="43.5450417" lon="6.101190000000001"><ele>457.58</ele></trkpt>
<trkpt lat="43.545055" lon="6.101145000000001"><ele>457.99</ele></trkpt>
<trkpt lat="43.5450733" lon="6.101105"><ele>457.99</ele></trkpt>
<trkpt lat="43.545085" lon="6.1010633"><ele>457.73</ele></trkpt>
<trkpt lat="43.5450967" lon="6.1010283"><ele>457.63</ele></trkpt>
<trkpt lat="43.5451117" lon="6.1009867"><ele>457.85</ele></trkpt>
<trkpt lat="43.5451317" lon="6.1009567"><ele>458.19</ele></trkpt>
<trkpt lat="43.5451483" lon="6.1009217"><ele>458.61</ele></trkpt>
<trkpt lat="43.54517" lon="6.1008817"><ele>459.18</ele></trkpt>
<trkpt lat="43.54519" lon="6.1008417"><ele>459.6</ele></trkpt>
<trkpt lat="43.5452083" lon="6.1007983"><ele>459.98</ele></trkpt>
<trkpt lat="43.54523" lon="6.100756700000001"><ele>460.41</ele></trkpt>
<trkpt lat="43.54525" lon="6.100721700000001"><ele>460.37</ele></trkpt>
<trkpt lat="43.54527" lon="6.100691699999999"><ele>460.14</ele></trkpt>
<trkpt lat="43.54529" lon="6.100658299999999"><ele>459.8099999999999</ele></trkpt>
<trkpt lat="43.5453033" lon="6.1006167"><ele>459.74</ele></trkpt>
<trkpt lat="43.54532" lon="6.1005833"><ele>459.67</ele></trkpt>
<trkpt lat="43.54534" lon="6.1005483"><ele>459.5599999999999</ele></trkpt>
<trkpt lat="43.5453617" lon="6.1005083"><ele>459.91</ele></trkpt>
<trkpt lat="43.5453867" lon="6.1004767"><ele>460.32</ele></trkpt>
<trkpt lat="43.5454117" lon="6.100440000000001"><ele>460.23</ele></trkpt>
<trkpt lat="43.54543" lon="6.100408299999999"><ele>459.91</ele></trkpt>
<trkpt lat="43.54545" lon="6.1003767"><ele>459.72</ele></trkpt>
<trkpt lat="43.5454717" lon="6.10034"><ele>459.6</ele></trkpt>
<trkpt lat="43.5454917" lon="6.1003083"><ele>459.63</ele></trkpt>
<trkpt lat="43.5455167" lon="6.100285"><ele>460.1199999999999</ele></trkpt>
<trkpt lat="43.5455433" lon="6.1002617"><ele>460.4200000000001</ele></trkpt>
<trkpt lat="43.5455717" lon="6.1002317"><ele>460.4200000000001</ele></trkpt>
<trkpt lat="43.5455967" lon="6.100205"><ele>459.94</ele></trkpt>
<trkpt lat="43.54562" lon="6.1001817"><ele>459.64</ele></trkpt>
<trkpt lat="43.5456533" lon="6.1001833"><ele>459.12</ele></trkpt>
<trkpt lat="43.5456783" lon="6.100166699999999"><ele>458.6899999999999</ele></trkpt>
<trkpt lat="43.5456767" lon="6.100121699999999"><ele>457.79</ele></trkpt>
<trkpt lat="43.545675" lon="6.1000833"><ele>457.4</ele></trkpt>
<trkpt lat="43.5456867" lon="6.100035"><ele>457.53</ele></trkpt>
<trkpt lat="43.5457" lon="6.09999"><ele>457.89</ele></trkpt>
<trkpt lat="43.5457117" lon="6.0999383"><ele>458.22</ele></trkpt>
<trkpt lat="43.5457267" lon="6.09989"><ele>458.78</ele></trkpt>
<trkpt lat="43.5457367" lon="6.099845"><ele>459.15</ele></trkpt>
<trkpt lat="43.5457483" lon="6.099805"><ele>459.42</ele></trkpt>
<trkpt lat="43.5457617" lon="6.099766700000001"><ele>459.65</ele></trkpt>
<trkpt lat="43.54578" lon="6.099725"><ele>459.3099999999999</ele></trkpt>
<trkpt lat="43.5458033" lon="6.0996833"><ele>459.62</ele></trkpt>
<trkpt lat="43.5458217" lon="6.0996467"><ele>459.7</ele></trkpt>
<trkpt lat="43.54584" lon="6.099615"><ele>459.34</ele></trkpt>
<trkpt lat="43.545865" lon="6.099586699999999"><ele>459.3</ele></trkpt>
<trkpt lat="43.54589" lon="6.099554999999999"><ele>459.07</ele></trkpt>
<trkpt lat="43.5459117" lon="6.099530000000001"><ele>458.8999999999999</ele></trkpt>
<trkpt lat="43.5459283" lon="6.099498299999999"><ele>458.5899999999999</ele></trkpt>
<trkpt lat="43.5459533" lon="6.0994683"><ele>458.02</ele></trkpt>
<trkpt lat="43.5459733" lon="6.09944"><ele>457.36</ele></trkpt>
<trkpt lat="43.5459933" lon="6.099404999999999"><ele>456.75</ele></trkpt>
<trkpt lat="43.54602" lon="6.099375"><ele>455.7799999999999</ele></trkpt>
<trkpt lat="43.546045" lon="6.0993433"><ele>455.04</ele></trkpt>
<trkpt lat="43.5460617" lon="6.099313299999999"><ele>454.3799999999999</ele></trkpt>
<trkpt lat="43.5460683" lon="6.099276700000001"><ele>453.91</ele></trkpt>
<trkpt lat="43.54608" lon="6.09924"><ele>453.5099999999999</ele></trkpt>
<trkpt lat="43.5461033" lon="6.099205"><ele>453.11</ele></trkpt>
<trkpt lat="43.5461283" lon="6.099178299999999"><ele>452.55</ele></trkpt>
<trkpt lat="43.5461517" lon="6.099155000000001"><ele>452.3</ele></trkpt>
<trkpt lat="43.5461783" lon="6.0991367"><ele>452.0299999999999</ele></trkpt>
<trkpt lat="43.5462" lon="6.099106700000001"><ele>451.5199999999999</ele></trkpt>
<trkpt lat="43.546205" lon="6.0990667"><ele>451.14</ele></trkpt>
<trkpt lat="43.5462133" lon="6.0990267"><ele>450.9999999999999</ele></trkpt>
<trkpt lat="43.546215" lon="6.0989867"><ele>451.13</ele></trkpt>
<trkpt lat="43.5462167" lon="6.098946700000001"><ele>451.68</ele></trkpt>
<trkpt lat="43.546205" lon="6.098905"><ele>451.8699999999999</ele></trkpt>
<trkpt lat="43.5461833" lon="6.0988783"><ele>451.59</ele></trkpt>
<trkpt lat="43.546165" lon="6.0988317"><ele>451.75</ele></trkpt>
<trkpt lat="43.54616" lon="6.098793299999999"><ele>451.69</ele></trkpt>
<trkpt lat="43.546155" lon="6.0987417"><ele>451.67</ele></trkpt>
<trkpt lat="43.546155" lon="6.098699999999999"><ele>451.64</ele></trkpt>
<trkpt lat="43.546155" lon="6.09865"><ele>452.3399999999999</ele></trkpt>
<trkpt lat="43.5461567" lon="6.0986"><ele>452.58</ele></trkpt>
<trkpt lat="43.5461633" lon="6.098549999999999"><ele>452.48</ele></trkpt>
<trkpt lat="43.5461717" lon="6.0985033"><ele>452.3700000000001</ele></trkpt>
<trkpt lat="43.54618" lon="6.0984583"><ele>452.46</ele></trkpt>
<trkpt lat="43.546195" lon="6.098418299999999"><ele>452.21</ele></trkpt>
<trkpt lat="43.5462083" lon="6.0983733"><ele>452.52</ele></trkpt>
<trkpt lat="43.5462233" lon="6.098335000000001"><ele>452.6300000000001</ele></trkpt>
<trkpt lat="43.54623" lon="6.098288300000001"><ele>452.76</ele></trkpt>
<trkpt lat="43.5462317" lon="6.098241700000001"><ele>452.76</ele></trkpt>
<trkpt lat="43.5462333" lon="6.098198300000001"><ele>452.67</ele></trkpt>
<trkpt lat="43.5462317" lon="6.0981467"><ele>452.0199999999999</ele></trkpt>
<trkpt lat="43.5462217" lon="6.098108300000001"><ele>452.2</ele></trkpt>
<trkpt lat="43.54621" lon="6.098063300000001"><ele>452.88</ele></trkpt>
<trkpt lat="43.5462017" lon="6.098016699999999"><ele>453.13</ele></trkpt>
<trkpt lat="43.5461933" lon="6.097975"><ele>453.23</ele></trkpt>
<trkpt lat="43.5461867" lon="6.0979317"><ele>453.5199999999999</ele></trkpt>
<trkpt lat="43.5461767" lon="6.097885"><ele>453.8199999999999</ele></trkpt>
<trkpt lat="43.5461717" lon="6.0978383"><ele>454.5899999999999</ele></trkpt>
<trkpt lat="43.5461733" lon="6.0977967"><ele>455.48</ele></trkpt>
<trkpt lat="43.5461717" lon="6.0977583"><ele>455.92</ele></trkpt>
<trkpt lat="43.5461483" lon="6.097720000000001"><ele>456.74</ele></trkpt>
<trkpt lat="43.5461317" lon="6.097671700000001"><ele>457.5000000000001</ele></trkpt>
<trkpt lat="43.5461283" lon="6.0976217"><ele>457.74</ele></trkpt>
<trkpt lat="43.5461283" lon="6.09758"><ele>457.93</ele></trkpt>
<trkpt lat="43.5461433" lon="6.0975467"><ele>458.57</ele></trkpt>
<trkpt lat="43.54616" lon="6.097515"><ele>459.5199999999999</ele></trkpt>
<trkpt lat="43.5461733" lon="6.097475"><ele>459.3</ele></trkpt>
<trkpt lat="43.546185" lon="6.097425"><ele>459.11</ele></trkpt>
<trkpt lat="43.5461983" lon="6.0973833"><ele>458.6799999999999</ele></trkpt>
<trkpt lat="43.5462167" lon="6.0973467"><ele>458.3799999999999</ele></trkpt>
<trkpt lat="43.5462333" lon="6.0973167"><ele>458.3399999999999</ele></trkpt>
<trkpt lat="43.5462517" lon="6.097288300000001"><ele>458.51</ele></trkpt>
<trkpt lat="43.5462667" lon="6.097245"><ele>459.12</ele></trkpt>
<trkpt lat="43.5462867" lon="6.097198300000001"><ele>460.11</ele></trkpt>
<trkpt lat="43.5462983" lon="6.0971583"><ele>460.9399999999999</ele></trkpt>
<trkpt lat="43.546315" lon="6.097116699999999"><ele>461.48</ele></trkpt>
<trkpt lat="43.5463383" lon="6.0970783"><ele>461.84</ele></trkpt>
<trkpt lat="43.5463517" lon="6.0970433"><ele>462.4399999999999</ele></trkpt>
<trkpt lat="43.5463667" lon="6.09699"><ele>463.06</ele></trkpt>
<trkpt lat="43.5463883" lon="6.096955000000001"><ele>463.7799999999999</ele></trkpt>
<trkpt lat="43.5464033" lon="6.0969183"><ele>464.19</ele></trkpt>
<trkpt lat="43.5464217" lon="6.096876699999999"><ele>464.55</ele></trkpt>
<trkpt lat="43.5464417" lon="6.0968367"><ele>464.82</ele></trkpt>
<trkpt lat="43.5464633" lon="6.096806700000001"><ele>464.87</ele></trkpt>
<trkpt lat="43.5464817" lon="6.096765"><ele>465.5699999999999</ele></trkpt>
<trkpt lat="43.5465" lon="6.096735"><ele>467.01</ele></trkpt>
<trkpt lat="43.5465117" lon="6.0966683"><ele>467.11</ele></trkpt>
<trkpt lat="43.5465167" lon="6.096628300000001"><ele>467.7799999999999</ele></trkpt>
<trkpt lat="43.5465267" lon="6.096583300000001"><ele>467.89</ele></trkpt>
<trkpt lat="43.546545" lon="6.0965433"><ele>467.54</ele></trkpt>
<trkpt lat="43.5465567" lon="6.096503299999999"><ele>467.48</ele></trkpt>
<trkpt lat="43.5465667" lon="6.096466700000001"><ele>467.12</ele></trkpt>
<trkpt lat="43.5465767" lon="6.0964283"><ele>467.14</ele></trkpt>
<trkpt lat="43.54659" lon="6.096388300000001"><ele>467.15</ele></trkpt>
<trkpt lat="43.5466" lon="6.09635"><ele>467.09</ele></trkpt>
<trkpt lat="43.5466217" lon="6.096315"><ele>466.91</ele></trkpt>
<trkpt lat="43.546635" lon="6.0962767"><ele>466.89</ele></trkpt>
<trkpt lat="43.5466517" lon="6.0962417"><ele>467.17</ele></trkpt>
<trkpt lat="43.5466717" lon="6.096205000000001"><ele>467.6</ele></trkpt>
<trkpt lat="43.5466917" lon="6.09617"><ele>468.0899999999999</ele></trkpt>
<trkpt lat="43.5467133" lon="6.096136700000001"><ele>468.17</ele></trkpt>
<trkpt lat="43.5467383" lon="6.0961067"><ele>468.01</ele></trkpt>
<trkpt lat="43.5467583" lon="6.096075"><ele>468.16</ele></trkpt>
<trkpt lat="43.5467783" lon="6.096045000000001"><ele>467.93</ele></trkpt>
<trkpt lat="43.5467983" lon="6.0960033"><ele>467.86</ele></trkpt>
<trkpt lat="43.5468183" lon="6.095965"><ele>467.96</ele></trkpt>
<trkpt lat="43.5468317" lon="6.095925"><ele>467.99</ele></trkpt>
<trkpt lat="43.5468467" lon="6.0958817"><ele>467.95</ele></trkpt>
<trkpt lat="43.5468633" lon="6.0958467"><ele>468.25</ele></trkpt>
<trkpt lat="43.5468633" lon="6.0958017"><ele>468.29</ele></trkpt>
<trkpt lat="43.5468467" lon="6.095760000000001"><ele>468.1</ele></trkpt>
<trkpt lat="43.546835" lon="6.095718300000001"><ele>468.49</ele></trkpt>
<trkpt lat="43.5468117" lon="6.095681699999999"><ele>468.99</ele></trkpt>
<trkpt lat="43.5468017" lon="6.095636699999999"><ele>469.41</ele></trkpt>
<trkpt lat="43.546795" lon="6.095593299999999"><ele>469.68</ele></trkpt>
<trkpt lat="43.5467933" lon="6.0955433"><ele>469.8100000000001</ele></trkpt>
<trkpt lat="43.5468" lon="6.095495"><ele>470.22</ele></trkpt>
<trkpt lat="43.546815" lon="6.095454999999999"><ele>470.36</ele></trkpt>
<trkpt lat="43.5468183" lon="6.095405"><ele>470.84</ele></trkpt>
<trkpt lat="43.5468283" lon="6.095364999999999"><ele>470.77</ele></trkpt>
<trkpt lat="43.5468433" lon="6.0953233"><ele>470.7499999999999</ele></trkpt>
<trkpt lat="43.5468517" lon="6.0952867"><ele>470.86</ele></trkpt>
<trkpt lat="43.5468617" lon="6.0952417"><ele>471.45</ele></trkpt>
<trkpt lat="43.5468683" lon="6.0952033"><ele>471.92</ele></trkpt>
<trkpt lat="43.5468717" lon="6.0951583"><ele>472.48</ele></trkpt>
<trkpt lat="43.54687" lon="6.09511"><ele>473.2599999999999</ele></trkpt>
<trkpt lat="43.5468633" lon="6.095069999999999"><ele>473.72</ele></trkpt>
<trkpt lat="43.546855" lon="6.095024999999999"><ele>473.7699999999999</ele></trkpt>
<trkpt lat="43.5468467" lon="6.094976699999999"><ele>474.02</ele></trkpt>
<trkpt lat="43.5468433" lon="6.094931699999999"><ele>474.16</ele></trkpt>
<trkpt lat="43.5468433" lon="6.094885"><ele>474.33</ele></trkpt>
<trkpt lat="43.5468467" lon="6.09484"><ele>474.6</ele></trkpt>
<trkpt lat="43.5468517" lon="6.09479"><ele>474.9599999999999</ele></trkpt>
<trkpt lat="43.5468533" lon="6.0947467"><ele>475.06</ele></trkpt>
<trkpt lat="43.5468567" lon="6.0946983"><ele>474.97</ele></trkpt>
<trkpt lat="43.5468633" lon="6.0946517"><ele>474.97</ele></trkpt>
<trkpt lat="43.54688" lon="6.094613300000001"><ele>474.71</ele></trkpt>
<trkpt lat="43.5468967" lon="6.094578300000001"><ele>474.24</ele></trkpt>
<trkpt lat="43.5469133" lon="6.094544999999999"><ele>473.5599999999999</ele></trkpt>
<trkpt lat="43.5469333" lon="6.094505"><ele>473.05</ele></trkpt>
<trkpt lat="43.5469483" lon="6.0944667"><ele>472.55</ele></trkpt>
<trkpt lat="43.5469633" lon="6.0944333"><ele>472.54</ele></trkpt>
<trkpt lat="43.5469867" lon="6.09439"><ele>473.16</ele></trkpt>
<trkpt lat="43.5470083" lon="6.094363299999999"><ele>473.38</ele></trkpt>
<trkpt lat="43.547025" lon="6.094326700000001"><ele>473.68</ele></trkpt>
<trkpt lat="43.5470433" lon="6.094291700000001"><ele>473.35</ele></trkpt>
<trkpt lat="43.54706" lon="6.0942583"><ele>473.01</ele></trkpt>
<trkpt lat="43.54707" lon="6.094214999999999"><ele>472.88</ele></trkpt>
<trkpt lat="43.5470767" lon="6.094175"><ele>472.9999999999999</ele></trkpt>
<trkpt lat="43.547085" lon="6.0941317"><ele>473.1</ele></trkpt>
<trkpt lat="43.5470983" lon="6.0940933"><ele>473.24</ele></trkpt>
<trkpt lat="43.5471233" lon="6.094065"><ele>473.63</ele></trkpt>
<trkpt lat="43.547145" lon="6.0940383"><ele>473.76</ele></trkpt>
<trkpt lat="43.547155" lon="6.0940017"><ele>473.63</ele></trkpt>
<trkpt lat="43.547185" lon="6.0939733"><ele>473.24</ele></trkpt>
<trkpt lat="43.5472067" lon="6.09394"><ele>472.9599999999999</ele></trkpt>
<trkpt lat="43.5472183" lon="6.0939033"><ele>473.02</ele></trkpt>
<trkpt lat="43.5472283" lon="6.093860000000001"><ele>473.16</ele></trkpt>
<trkpt lat="43.5472317" lon="6.093818300000001"><ele>473.2599999999999</ele></trkpt>
<trkpt lat="43.5472383" lon="6.0937783"><ele>473.46</ele></trkpt>
<trkpt lat="43.54724" lon="6.0937333"><ele>473.3099999999999</ele></trkpt>
<trkpt lat="43.5472417" lon="6.093693299999999"><ele>473.06</ele></trkpt>
<trkpt lat="43.547245" lon="6.09365"><ele>472.55</ele></trkpt>
<trkpt lat="43.5472383" lon="6.093603299999999"><ele>472.28</ele></trkpt>
<trkpt lat="43.5472317" lon="6.09356"><ele>472.23</ele></trkpt>
<trkpt lat="43.547225" lon="6.09351"><ele>472.3</ele></trkpt>
<trkpt lat="43.5472183" lon="6.0934683"><ele>472.1799999999999</ele></trkpt>
<trkpt lat="43.547205" lon="6.093425"><ele>472.36</ele></trkpt>
<trkpt lat="43.5472" lon="6.0933883"><ele>473.01</ele></trkpt>
<trkpt lat="43.5472233" lon="6.0933667"><ele>474.6399999999999</ele></trkpt>
<trkpt lat="43.54726" lon="6.0933667"><ele>476.0299999999999</ele></trkpt>
<trkpt lat="43.5472833" lon="6.0933433"><ele>476.42</ele></trkpt>
<trkpt lat="43.5472983" lon="6.09331"><ele>475.98</ele></trkpt>
<trkpt lat="43.5472483" lon="6.093408299999999"><ele>477.44</ele></trkpt>
<trkpt lat="43.5472883" lon="6.0932817"><ele>476.31</ele></trkpt>
<trkpt lat="43.54729" lon="6.0932267"><ele>476.4</ele></trkpt>
<trkpt lat="43.5472983" lon="6.093175"><ele>476.21</ele></trkpt>
<trkpt lat="43.547305" lon="6.09312"><ele>476</ele></trkpt>
<trkpt lat="43.5473183" lon="6.093078299999999"><ele>475.68</ele></trkpt>
<trkpt lat="43.547325" lon="6.0930267"><ele>475.66</ele></trkpt>
<trkpt lat="43.5473333" lon="6.0929767"><ele>475.67</ele></trkpt>
<trkpt lat="43.5473433" lon="6.092929999999999"><ele>475.64</ele></trkpt>
<trkpt lat="43.5473483" lon="6.092884999999999"><ele>475.8600000000001</ele></trkpt>
<trkpt lat="43.5473567" lon="6.0928417"><ele>476.31</ele></trkpt>
<trkpt lat="43.5473767" lon="6.0928083"><ele>477.14</ele></trkpt>
<trkpt lat="43.5473883" lon="6.092766700000001"><ele>477.43</ele></trkpt>
<trkpt lat="43.547405" lon="6.092724999999999"><ele>477.3099999999999</ele></trkpt>
<trkpt lat="43.5474183" lon="6.092678300000001"><ele>477.17</ele></trkpt>
<trkpt lat="43.5474317" lon="6.092631699999999"><ele>477.13</ele></trkpt>
<trkpt lat="43.54744" lon="6.092588299999999"><ele>477.2699999999999</ele></trkpt>
<trkpt lat="43.5474433" lon="6.092545"><ele>477.63</ele></trkpt>
<trkpt lat="43.547445" lon="6.092496699999999"><ele>477.5</ele></trkpt>
<trkpt lat="43.5474467" lon="6.092451699999999"><ele>477.11</ele></trkpt>
<trkpt lat="43.54745" lon="6.0924017"><ele>476.88</ele></trkpt>
<trkpt lat="43.5474617" lon="6.092349999999999"><ele>476.84</ele></trkpt>
<trkpt lat="43.5474783" lon="6.0923"><ele>476.77</ele></trkpt>
<trkpt lat="43.5474917" lon="6.092265"><ele>476.9400000000001</ele></trkpt>
<trkpt lat="43.5475017" lon="6.0922233"><ele>476.87</ele></trkpt>
<trkpt lat="43.54752" lon="6.09218"><ele>476.8</ele></trkpt>
<trkpt lat="43.547535" lon="6.09214"><ele>476.87</ele></trkpt>
<trkpt lat="43.547555" lon="6.0921083"><ele>476.62</ele></trkpt>
<trkpt lat="43.5475733" lon="6.0920717"><ele>476.32</ele></trkpt>
<trkpt lat="43.5475917" lon="6.092036700000001"><ele>475.71</ele></trkpt>
<trkpt lat="43.5476083" lon="6.0919983"><ele>475.6000000000001</ele></trkpt>
<trkpt lat="43.547625" lon="6.091955"><ele>475.5699999999999</ele></trkpt>
<trkpt lat="43.5476383" lon="6.091918299999999"><ele>475.5</ele></trkpt>
<trkpt lat="43.5476483" lon="6.0918767"><ele>475.4</ele></trkpt>
<trkpt lat="43.5476567" lon="6.0918367"><ele>475.37</ele></trkpt>
<trkpt lat="43.5476633" lon="6.091800000000001"><ele>475.27</ele></trkpt>
<trkpt lat="43.5476767" lon="6.091765"><ele>475.0099999999999</ele></trkpt>
<trkpt lat="43.54768" lon="6.0917267"><ele>474.71</ele></trkpt>
<trkpt lat="43.547685" lon="6.091686699999999"><ele>474.32</ele></trkpt>
<trkpt lat="43.5476883" lon="6.091644999999999"><ele>473.7799999999999</ele></trkpt>
<trkpt lat="43.5476867" lon="6.091598299999999"><ele>473.22</ele></trkpt>
<trkpt lat="43.5476867" lon="6.09155"><ele>472.56</ele></trkpt>
<trkpt lat="43.547675" lon="6.0915117"><ele>471.66</ele></trkpt>
<trkpt lat="43.5476617" lon="6.091470000000001"><ele>471.13</ele></trkpt>
<trkpt lat="43.5476483" lon="6.091436699999999"><ele>470.46</ele></trkpt>
<trkpt lat="43.5476283" lon="6.091404999999999"><ele>469.92</ele></trkpt>
<trkpt lat="43.5476133" lon="6.0913683"><ele>469.2599999999999</ele></trkpt>
<trkpt lat="43.5476017" lon="6.091325"><ele>468.63</ele></trkpt>
<trkpt lat="43.54759" lon="6.091278300000001"><ele>467.8299999999999</ele></trkpt>
<trkpt lat="43.5475867" lon="6.0912367"><ele>467.42</ele></trkpt>
<trkpt lat="43.54758" lon="6.091198300000001"><ele>467.27</ele></trkpt>
<trkpt lat="43.5475717" lon="6.091153300000001"><ele>467.08</ele></trkpt>
<trkpt lat="43.5475567" lon="6.091109999999999"><ele>466.97</ele></trkpt>
<trkpt lat="43.5475433" lon="6.09107"><ele>466.71</ele></trkpt>
<trkpt lat="43.547525" lon="6.0910333"><ele>466.76</ele></trkpt>
<trkpt lat="43.5475117" lon="6.090995"><ele>466.6999999999999</ele></trkpt>
<trkpt lat="43.5474933" lon="6.0909583"><ele>466.74</ele></trkpt>
<trkpt lat="43.54748" lon="6.09092"><ele>467.2900000000001</ele></trkpt>
<trkpt lat="43.5474683" lon="6.0908783"><ele>467.97</ele></trkpt>
<trkpt lat="43.5474467" lon="6.0908367"><ele>468.9400000000001</ele></trkpt>
<trkpt lat="43.5474283" lon="6.0908083"><ele>469.5099999999999</ele></trkpt>
<trkpt lat="43.547405" lon="6.090779999999999"><ele>469.93</ele></trkpt>
<trkpt lat="43.54738" lon="6.090751700000001"><ele>470.49</ele></trkpt>
<trkpt lat="43.5473567" lon="6.090720000000001"><ele>470.99</ele></trkpt>
<trkpt lat="43.547335" lon="6.090686699999999"><ele>471.4599999999999</ele></trkpt>
<trkpt lat="43.5473117" lon="6.090655"><ele>471.54</ele></trkpt>
<trkpt lat="43.54729" lon="6.0906217"><ele>471.64</ele></trkpt>
<trkpt lat="43.54727" lon="6.0905833"><ele>471.84</ele></trkpt>
<trkpt lat="43.5472617" lon="6.090539999999999"><ele>471.8699999999999</ele></trkpt>
<trkpt lat="43.5472567" lon="6.0905017"><ele>472.3</ele></trkpt>
<trkpt lat="43.5472467" lon="6.09046"><ele>472.72</ele></trkpt>
<trkpt lat="43.5472467" lon="6.090415"><ele>473.04</ele></trkpt>
<trkpt lat="43.547245" lon="6.090376700000001"><ele>473.35</ele></trkpt>
<trkpt lat="43.5472467" lon="6.0903283"><ele>473.5699999999999</ele></trkpt>
<trkpt lat="43.54724" lon="6.0902833"><ele>474.0899999999999</ele></trkpt>
<trkpt lat="43.5472317" lon="6.090245"><ele>474.36</ele></trkpt>
<trkpt lat="43.54721" lon="6.090209999999999"><ele>474.4399999999999</ele></trkpt>
<trkpt lat="43.5471883" lon="6.0901717"><ele>474.37</ele></trkpt>
<trkpt lat="43.5471667" lon="6.090136700000001"><ele>474.21</ele></trkpt>
<trkpt lat="43.547145" lon="6.090108299999999"><ele>473.8799999999999</ele></trkpt>
<trkpt lat="43.5471217" lon="6.0900867"><ele>473.7799999999999</ele></trkpt>
<trkpt lat="43.5471017" lon="6.0900567"><ele>473.58</ele></trkpt>
<trkpt lat="43.54708" lon="6.090028299999999"><ele>473.33</ele></trkpt>
<trkpt lat="43.5470567" lon="6.090001700000001"><ele>473.13</ele></trkpt>
<trkpt lat="43.547035" lon="6.0899683"><ele>472.82</ele></trkpt>
<trkpt lat="43.5470183" lon="6.089935"><ele>472.3899999999999</ele></trkpt>
<trkpt lat="43.5470033" lon="6.089895"><ele>472.04</ele></trkpt>
<trkpt lat="43.54699" lon="6.0898617"><ele>471.48</ele></trkpt>
<trkpt lat="43.5469717" lon="6.089823299999999"><ele>470.6899999999999</ele></trkpt>
<trkpt lat="43.5469583" lon="6.08978"><ele>470.41</ele></trkpt>
<trkpt lat="43.5469417" lon="6.089741699999999"><ele>470.3</ele></trkpt>
<trkpt lat="43.5469167" lon="6.089708300000001"><ele>470.05</ele></trkpt>
<trkpt lat="43.5468867" lon="6.089688299999999"><ele>470.1</ele></trkpt>
<trkpt lat="43.5468667" lon="6.0896517"><ele>470.0700000000001</ele></trkpt>
<trkpt lat="43.5468483" lon="6.0896117"><ele>470.0700000000001</ele></trkpt>
<trkpt lat="43.5468333" lon="6.089573300000001"><ele>470.24</ele></trkpt>
<trkpt lat="43.546815" lon="6.0895433"><ele>470.37</ele></trkpt>
<trkpt lat="43.5467983" lon="6.0895067"><ele>470.6</ele></trkpt>
<trkpt lat="43.5467783" lon="6.0894683"><ele>470.92</ele></trkpt>
<trkpt lat="43.5467617" lon="6.089435000000001"><ele>471.2499999999999</ele></trkpt>
<trkpt lat="43.5467417" lon="6.089399999999999"><ele>471.95</ele></trkpt>
<trkpt lat="43.5467183" lon="6.089365"><ele>472.6800000000001</ele></trkpt>
<trkpt lat="43.54669" lon="6.08934"><ele>473.36</ele></trkpt>
<trkpt lat="43.5466633" lon="6.0893183"><ele>474.16</ele></trkpt>
<trkpt lat="43.546635" lon="6.0892933"><ele>475.0099999999999</ele></trkpt>
<trkpt lat="43.5466117" lon="6.0892667"><ele>475.75</ele></trkpt>
<trkpt lat="43.546585" lon="6.089240000000001"><ele>476.21</ele></trkpt>
<trkpt lat="43.54656" lon="6.0892133"><ele>476.78</ele></trkpt>
<trkpt lat="43.54654" lon="6.0891783"><ele>477.38</ele></trkpt>
<trkpt lat="43.54653" lon="6.089135"><ele>478.59</ele></trkpt>
<trkpt lat="43.5465233" lon="6.0890983"><ele>480.33</ele></trkpt>
<trkpt lat="43.5465283" lon="6.0890567"><ele>481.17</ele></trkpt>
<trkpt lat="43.546535" lon="6.08901"><ele>482.35</ele></trkpt>
<trkpt lat="43.54654" lon="6.088968299999999"><ele>483.44</ele></trkpt>
<trkpt lat="43.5465467" lon="6.0889317"><ele>484.02</ele></trkpt>
<trkpt lat="43.5465533" lon="6.0888867"><ele>484.72</ele></trkpt>
<trkpt lat="43.5465483" lon="6.088845"><ele>485.28</ele></trkpt>
<trkpt lat="43.5465317" lon="6.088808300000001"><ele>485.8799999999999</ele></trkpt>
<trkpt lat="43.546515" lon="6.0887783"><ele>486.48</ele></trkpt>
<trkpt lat="43.5465" lon="6.0887383"><ele>487.36</ele></trkpt>
<trkpt lat="43.546485" lon="6.0887017"><ele>487.89</ele></trkpt>
<trkpt lat="43.5464717" lon="6.0886683"><ele>488.32</ele></trkpt>
<trkpt lat="43.546455" lon="6.088635"><ele>488.63</ele></trkpt>
<trkpt lat="43.546435" lon="6.0886083"><ele>488.83</ele></trkpt>
<trkpt lat="43.5464183" lon="6.0885783"><ele>489.0400000000001</ele></trkpt>
<trkpt lat="43.5463967" lon="6.0885533"><ele>489.36</ele></trkpt>
<trkpt lat="43.5463867" lon="6.0885083"><ele>489.5299999999999</ele></trkpt>
<trkpt lat="43.5463817" lon="6.08847"><ele>489.71</ele></trkpt>
<trkpt lat="43.5463683" lon="6.088431700000001"><ele>490.0299999999999</ele></trkpt>
<trkpt lat="43.5463633" lon="6.0883833"><ele>490.26</ele></trkpt>
<trkpt lat="43.546355" lon="6.0883383"><ele>490.53</ele></trkpt>
<trkpt lat="43.5463517" lon="6.088296699999999"><ele>490.68</ele></trkpt>
<trkpt lat="43.5463483" lon="6.088255"><ele>490.77</ele></trkpt>
<trkpt lat="43.54634" lon="6.088208299999999"><ele>490.77</ele></trkpt>
<trkpt lat="43.546325" lon="6.088165"><ele>490.51</ele></trkpt>
<trkpt lat="43.5463133" lon="6.088118299999999"><ele>490.21</ele></trkpt>
<trkpt lat="43.5463" lon="6.0880767"><ele>490.1</ele></trkpt>
<trkpt lat="43.5462883" lon="6.088035000000001"><ele>490.1299999999999</ele></trkpt>
<trkpt lat="43.546275" lon="6.087995"><ele>490.1399999999999</ele></trkpt>
<trkpt lat="43.54626" lon="6.0879567"><ele>490.26</ele></trkpt>
<trkpt lat="43.546245" lon="6.087923299999999"><ele>490.4299999999999</ele></trkpt>
<trkpt lat="43.5462333" lon="6.0878817"><ele>490.82</ele></trkpt>
<trkpt lat="43.5462267" lon="6.087845"><ele>491.2</ele></trkpt>
<trkpt lat="43.546215" lon="6.0878017"><ele>491.8</ele></trkpt>
<trkpt lat="43.5462033" lon="6.087761700000001"><ele>492.22</ele></trkpt>
<trkpt lat="43.5461917" lon="6.087726699999999"><ele>492.27</ele></trkpt>
<trkpt lat="43.5461883" lon="6.087681699999999"><ele>492.27</ele></trkpt>
<trkpt lat="43.5461767" lon="6.0876283"><ele>492.1399999999999</ele></trkpt>
<trkpt lat="43.5461667" lon="6.0875783"><ele>492.1399999999999</ele></trkpt>
<trkpt lat="43.5461567" lon="6.087534999999999"><ele>492.01</ele></trkpt>
<trkpt lat="43.546145" lon="6.087489999999999"><ele>492.25</ele></trkpt>
<trkpt lat="43.54615" lon="6.08745"><ele>491.75</ele></trkpt>
<trkpt lat="43.5461483" lon="6.0874117"><ele>491.48</ele></trkpt>
<trkpt lat="43.5461517" lon="6.08737"><ele>491.49</ele></trkpt>
<trkpt lat="43.5461517" lon="6.087328300000001"><ele>491.2500000000001</ele></trkpt>
<trkpt lat="43.5461433" lon="6.0872767"><ele>491.7799999999999</ele></trkpt>
<trkpt lat="43.5461433" lon="6.087236700000001"><ele>492.02</ele></trkpt>
<trkpt lat="43.5461467" lon="6.0871883"><ele>492.36</ele></trkpt>
<trkpt lat="43.5461633" lon="6.087145"><ele>492.78</ele></trkpt>
<trkpt lat="43.546175" lon="6.087105"><ele>492.77</ele></trkpt>
<trkpt lat="43.5461967" lon="6.087066699999999"><ele>492.6899999999999</ele></trkpt>
<trkpt lat="43.5462217" lon="6.0870383"><ele>492.77</ele></trkpt>
<trkpt lat="43.5462433" lon="6.0870083"><ele>492.6999999999999</ele></trkpt>
<trkpt lat="43.5462583" lon="6.08697"><ele>492.64</ele></trkpt>
<trkpt lat="43.5462733" lon="6.0869267"><ele>492.9999999999999</ele></trkpt>
<trkpt lat="43.546295" lon="6.0868867"><ele>493.51</ele></trkpt>
<trkpt lat="43.546315" lon="6.0868417"><ele>493.69</ele></trkpt>
<trkpt lat="43.546335" lon="6.0868017"><ele>493.45</ele></trkpt>
<trkpt lat="43.5463533" lon="6.0867683"><ele>493.5199999999999</ele></trkpt>
<trkpt lat="43.5463717" lon="6.086724999999999"><ele>493.65</ele></trkpt>
<trkpt lat="43.5463883" lon="6.08669"><ele>493.76</ele></trkpt>
<trkpt lat="43.546405" lon="6.0866533"><ele>494.29</ele></trkpt>
<trkpt lat="43.5464267" lon="6.0866183"><ele>494.48</ele></trkpt>
<trkpt lat="43.5464467" lon="6.0865833"><ele>494.56</ele></trkpt>
<trkpt lat="43.5464683" lon="6.0865433"><ele>494.85</ele></trkpt>
<trkpt lat="43.5464883" lon="6.0865117"><ele>495.03</ele></trkpt>
<trkpt lat="43.5465067" lon="6.08648"><ele>495.05</ele></trkpt>
<trkpt lat="43.5465267" lon="6.0864467"><ele>495.3099999999999</ele></trkpt>
<trkpt lat="43.5465533" lon="6.0864317"><ele>495.55</ele></trkpt>
<trkpt lat="43.5465483" lon="6.08647"><ele>497.14</ele></trkpt>
<trkpt lat="43.5465783" lon="6.0865017"><ele>496.9999999999999</ele></trkpt>
<trkpt lat="43.5466067" lon="6.086533300000001"><ele>496.9</ele></trkpt>
<trkpt lat="43.5466283" lon="6.08656"><ele>496.64</ele></trkpt>
<trkpt lat="43.54665" lon="6.086605"><ele>496.29</ele></trkpt>
<trkpt lat="43.5466683" lon="6.086648299999999"><ele>495.94</ele></trkpt>
<trkpt lat="43.5466817" lon="6.086683299999999"><ele>495.95</ele></trkpt>
<trkpt lat="43.5467" lon="6.08673"><ele>495.5600000000001</ele></trkpt>
<trkpt lat="43.5467167" lon="6.086765"><ele>495.23</ele></trkpt>
<trkpt lat="43.5467417" lon="6.0868017"><ele>494.91</ele></trkpt>
<trkpt lat="43.5467633" lon="6.0868283"><ele>494.7499999999999</ele></trkpt>
<trkpt lat="43.5467933" lon="6.086855"><ele>494.6999999999999</ele></trkpt>
<trkpt lat="43.54683" lon="6.0868733"><ele>494.6</ele></trkpt>
<trkpt lat="43.546855" lon="6.0868883"><ele>494.87</ele></trkpt>
<trkpt lat="43.5468883" lon="6.086905"><ele>495.0599999999999</ele></trkpt>
<trkpt lat="43.5469183" lon="6.086919999999999"><ele>495.23</ele></trkpt>
<trkpt lat="43.5469583" lon="6.08693"><ele>495.34</ele></trkpt>
<trkpt lat="43.5469833" lon="6.086945"><ele>495.46</ele></trkpt>
<trkpt lat="43.5470183" lon="6.086975"><ele>495.2099999999999</ele></trkpt>
<trkpt lat="43.5470433" lon="6.0869933"><ele>495.0099999999999</ele></trkpt>
<trkpt lat="43.5470767" lon="6.0870183"><ele>494.97</ele></trkpt>
<trkpt lat="43.5471117" lon="6.0870367"><ele>494.7099999999999</ele></trkpt>
<trkpt lat="43.5471383" lon="6.0870483"><ele>494.49</ele></trkpt>
<trkpt lat="43.5471633" lon="6.0870633"><ele>494.63</ele></trkpt>
<trkpt lat="43.5471883" lon="6.08708"><ele>494.83</ele></trkpt>
<trkpt lat="43.5472233" lon="6.087100000000001"><ele>494.85</ele></trkpt>
<trkpt lat="43.5472633" lon="6.087111699999999"><ele>494.9599999999999</ele></trkpt>
<trkpt lat="43.54729" lon="6.08712"><ele>494.88</ele></trkpt>
<trkpt lat="43.5473183" lon="6.0871333"><ele>495.12</ele></trkpt>
<trkpt lat="43.5473433" lon="6.08715"><ele>495.19</ele></trkpt>
<trkpt lat="43.5473817" lon="6.08717"><ele>495.2599999999999</ele></trkpt>
<trkpt lat="43.5474083" lon="6.0871817"><ele>495.36</ele></trkpt>
<trkpt lat="43.5474433" lon="6.0871983"><ele>495.36</ele></trkpt>
<trkpt lat="43.5474783" lon="6.087215"><ele>495.51</ele></trkpt>
<trkpt lat="43.5475117" lon="6.0872267"><ele>495.59</ele></trkpt>
<trkpt lat="43.547545" lon="6.087235"><ele>495.64</ele></trkpt>
<trkpt lat="43.5475783" lon="6.0872467"><ele>496.28</ele></trkpt>
<trkpt lat="43.5476133" lon="6.0872667"><ele>496.37</ele></trkpt>
<trkpt lat="43.547645" lon="6.087285000000001"><ele>496.3399999999999</ele></trkpt>
<trkpt lat="43.54768" lon="6.087305"><ele>496.63</ele></trkpt>
<trkpt lat="43.547705" lon="6.08732"><ele>496.6</ele></trkpt>
<trkpt lat="43.5477383" lon="6.087345"><ele>496.9999999999999</ele></trkpt>
<trkpt lat="43.54777" lon="6.08736"><ele>497.23</ele></trkpt>
<trkpt lat="43.5478083" lon="6.087371700000001"><ele>497.5299999999999</ele></trkpt>
<trkpt lat="43.5478283" lon="6.087396699999999"><ele>497.2699999999999</ele></trkpt>
<trkpt lat="43.5478583" lon="6.0874083"><ele>496.88</ele></trkpt>
<trkpt lat="43.5478833" lon="6.0874283"><ele>496.54</ele></trkpt>
<trkpt lat="43.5479067" lon="6.0874483"><ele>496.12</ele></trkpt>
<trkpt lat="43.54796" lon="6.087488300000001"><ele>495.89</ele></trkpt>
<trkpt lat="43.54799" lon="6.0875167"><ele>495.98</ele></trkpt>
<trkpt lat="43.5480133" lon="6.087548299999999"><ele>495.5299999999999</ele></trkpt>
<trkpt lat="43.54803" lon="6.087579999999999"><ele>495.12</ele></trkpt>
<trkpt lat="43.54805" lon="6.087611700000001"><ele>494.82</ele></trkpt>
<trkpt lat="43.5480717" lon="6.087645"><ele>494.42</ele></trkpt>
<trkpt lat="43.5480917" lon="6.087684999999999"><ele>493.92</ele></trkpt>
<trkpt lat="43.5481133" lon="6.08771"><ele>493.64</ele></trkpt>
<trkpt lat="43.5481383" lon="6.0877433"><ele>493.39</ele></trkpt>
<trkpt lat="43.5481567" lon="6.0877817"><ele>493.2099999999999</ele></trkpt>
<trkpt lat="43.5481717" lon="6.087819999999999"><ele>492.59</ele></trkpt>
<trkpt lat="43.5481883" lon="6.087855"><ele>492.1299999999999</ele></trkpt>
<trkpt lat="43.5482083" lon="6.08789"><ele>491.9100000000001</ele></trkpt>
<trkpt lat="43.5482283" lon="6.0879267"><ele>491.68</ele></trkpt>
<trkpt lat="43.548245" lon="6.0879617"><ele>491.3199999999999</ele></trkpt>
<trkpt lat="43.5482567" lon="6.0880017"><ele>490.49</ele></trkpt>
<trkpt lat="43.54827" lon="6.088048300000001"><ele>489.59</ele></trkpt>
<trkpt lat="43.5482883" lon="6.0880767"><ele>489.2699999999999</ele></trkpt>
<trkpt lat="43.5483117" lon="6.088114999999999"><ele>488.67</ele></trkpt>
<trkpt lat="43.5483317" lon="6.088155"><ele>487.73</ele></trkpt>
<trkpt lat="43.548355" lon="6.0881867"><ele>486.9599999999999</ele></trkpt>
<trkpt lat="43.548375" lon="6.0882167"><ele>486.24</ele></trkpt>
<trkpt lat="43.548405" lon="6.088245"><ele>486.15</ele></trkpt>
<trkpt lat="43.5484367" lon="6.088271700000001"><ele>486.46</ele></trkpt>
<trkpt lat="43.54847" lon="6.08829"><ele>487.15</ele></trkpt>
<trkpt lat="43.5485" lon="6.0883117"><ele>488.07</ele></trkpt>
<trkpt lat="43.548525" lon="6.08834"><ele>488.3899999999999</ele></trkpt>
<trkpt lat="43.5485433" lon="6.088375000000001"><ele>488.04</ele></trkpt>
<trkpt lat="43.5485617" lon="6.0884083"><ele>487.74</ele></trkpt>
<trkpt lat="43.5485767" lon="6.0884417"><ele>487.2599999999999</ele></trkpt>
<trkpt lat="43.5485917" lon="6.088478300000001"><ele>487.0599999999999</ele></trkpt>
<trkpt lat="43.5486067" lon="6.0885167"><ele>487.05</ele></trkpt>
<trkpt lat="43.5486267" lon="6.0885533"><ele>487.17</ele></trkpt>
<trkpt lat="43.5486483" lon="6.0885967"><ele>487.3199999999999</ele></trkpt>
<trkpt lat="43.5486667" lon="6.088645"><ele>487.04</ele></trkpt>
<trkpt lat="43.5486867" lon="6.0886833"><ele>486.5</ele></trkpt>
<trkpt lat="43.5487067" lon="6.08872"><ele>486.3399999999999</ele></trkpt>
<trkpt lat="43.5487333" lon="6.0887583"><ele>486.11</ele></trkpt>
<trkpt lat="43.5487633" lon="6.0887867"><ele>485.75</ele></trkpt>
<trkpt lat="43.5488" lon="6.0888117"><ele>485.47</ele></trkpt>
<trkpt lat="43.548825" lon="6.0888267"><ele>485.45</ele></trkpt>
<trkpt lat="43.54885" lon="6.08885"><ele>485.45</ele></trkpt>
<trkpt lat="43.5488833" lon="6.088878299999999"><ele>485.55</ele></trkpt>
<trkpt lat="43.548915" lon="6.0889083"><ele>485.9</ele></trkpt>
<trkpt lat="43.548945" lon="6.0889367"><ele>485.9299999999999</ele></trkpt>
<trkpt lat="43.5489783" lon="6.088956699999999"><ele>485.81</ele></trkpt>
<trkpt lat="43.5490083" lon="6.0889817"><ele>485.17</ele></trkpt>
<trkpt lat="43.5490383" lon="6.089014999999999"><ele>484.56</ele></trkpt>
<trkpt lat="43.5490717" lon="6.0890333"><ele>484.0299999999999</ele></trkpt>
<trkpt lat="43.5490983" lon="6.089045"><ele>483.5699999999999</ele></trkpt>
<trkpt lat="43.5491233" lon="6.0890633"><ele>483.18</ele></trkpt>
<trkpt lat="43.5491533" lon="6.0890867"><ele>482.21</ele></trkpt>
<trkpt lat="43.549185" lon="6.089118299999999"><ele>481.14</ele></trkpt>
<trkpt lat="43.549205" lon="6.089145"><ele>480.3399999999999</ele></trkpt>
<trkpt lat="43.54923" lon="6.0891667"><ele>479.76</ele></trkpt>
<trkpt lat="43.5492533" lon="6.0891933"><ele>479.43</ele></trkpt>
<trkpt lat="43.549285" lon="6.0892233"><ele>479.38</ele></trkpt>
<trkpt lat="43.5493167" lon="6.0892583"><ele>479.63</ele></trkpt>
<trkpt lat="43.5493367" lon="6.089285000000001"><ele>480.06</ele></trkpt>
<trkpt lat="43.549365" lon="6.089320000000001"><ele>480.24</ele></trkpt>
<trkpt lat="43.54939" lon="6.0893617"><ele>480.41</ele></trkpt>
<trkpt lat="43.549415" lon="6.089399999999999"><ele>480.74</ele></trkpt>
<trkpt lat="43.5494433" lon="6.0894283"><ele>480.68</ele></trkpt>
<trkpt lat="43.5494717" lon="6.0894683"><ele>480.98</ele></trkpt>
<trkpt lat="43.5495" lon="6.089504999999999"><ele>481.42</ele></trkpt>
<trkpt lat="43.5495217" lon="6.0895417"><ele>481.66</ele></trkpt>
<trkpt lat="43.54954" lon="6.089583300000001"><ele>481.7</ele></trkpt>
<trkpt lat="43.549555" lon="6.089629999999999"><ele>481.16</ele></trkpt>
<trkpt lat="43.5495717" lon="6.089663300000001"><ele>480.83</ele></trkpt>
<trkpt lat="43.5495933" lon="6.08969"><ele>480.55</ele></trkpt>
<trkpt lat="43.549615" lon="6.089715"><ele>480.25</ele></trkpt>
<trkpt lat="43.549635" lon="6.089741699999999"><ele>480.02</ele></trkpt>
<trkpt lat="43.549665" lon="6.0897733"><ele>479.65</ele></trkpt>
<trkpt lat="43.5496933" lon="6.0898033"><ele>479.3099999999999</ele></trkpt>
<trkpt lat="43.5497267" lon="6.0898267"><ele>479.02</ele></trkpt>
<trkpt lat="43.5497517" lon="6.089845"><ele>479.07</ele></trkpt>
<trkpt lat="43.5497783" lon="6.0898617"><ele>479.24</ele></trkpt>
<trkpt lat="43.54981" lon="6.089885"><ele>479.16</ele></trkpt>
<trkpt lat="43.5498417" lon="6.089905"><ele>479.41</ele></trkpt>
<trkpt lat="43.5498783" lon="6.089915"><ele>479.63</ele></trkpt>
<trkpt lat="43.54991" lon="6.089913300000001"><ele>480.25</ele></trkpt>
<trkpt lat="43.5499383" lon="6.0899167"><ele>480.52</ele></trkpt>
<trkpt lat="43.5499767" lon="6.0899167"><ele>480.57</ele></trkpt>
<trkpt lat="43.5500083" lon="6.0899233"><ele>480.06</ele></trkpt>
<trkpt lat="43.5500467" lon="6.089924999999999"><ele>479.46</ele></trkpt>
<trkpt lat="43.55008" lon="6.0899167"><ele>479.16</ele></trkpt>
<trkpt lat="43.55011" lon="6.089905"><ele>479.41</ele></trkpt>
<trkpt lat="43.5501483" lon="6.089900000000001"><ele>479.41</ele></trkpt>
<trkpt lat="43.5501833" lon="6.0899067"><ele>479.08</ele></trkpt>
<trkpt lat="43.550215" lon="6.08992"><ele>478.55</ele></trkpt>
<trkpt lat="43.5502517" lon="6.0899267"><ele>477.9</ele></trkpt>
<trkpt lat="43.550285" lon="6.0899283"><ele>477.3099999999999</ele></trkpt>
<trkpt lat="43.5503217" lon="6.08993"><ele>477.13</ele></trkpt>
<trkpt lat="43.5503617" lon="6.0899267"><ele>477.5199999999999</ele></trkpt>
<trkpt lat="43.5504017" lon="6.08992"><ele>478.2</ele></trkpt>
<trkpt lat="43.5504417" lon="6.089915"><ele>478.79</ele></trkpt>
<trkpt lat="43.55047" lon="6.089913300000001"><ele>479.1</ele></trkpt>
<trkpt lat="43.55051" lon="6.08991"><ele>479.71</ele></trkpt>
<trkpt lat="43.5505483" lon="6.089913300000001"><ele>480.05</ele></trkpt>
<trkpt lat="43.5505767" lon="6.089911699999999"><ele>479.91</ele></trkpt>
<trkpt lat="43.5506033" lon="6.0899183"><ele>480.06</ele></trkpt>
<trkpt lat="43.5506417" lon="6.089924999999999"><ele>479.89</ele></trkpt>
<trkpt lat="43.550675" lon="6.0899433"><ele>480.11</ele></trkpt>
<trkpt lat="43.5507033" lon="6.089955"><ele>480.01</ele></trkpt>
<trkpt lat="43.550735" lon="6.0899683"><ele>479.5599999999999</ele></trkpt>
<trkpt lat="43.5507667" lon="6.0899967"><ele>478.36</ele></trkpt>
<trkpt lat="43.550805" lon="6.0900083"><ele>477.74</ele></trkpt>
<trkpt lat="43.5508433" lon="6.0900233"><ele>477.67</ele></trkpt>
<trkpt lat="43.5508717" lon="6.090035"><ele>477.3099999999999</ele></trkpt>
<trkpt lat="43.5509133" lon="6.090035"><ele>477.11</ele></trkpt>
<trkpt lat="43.5509417" lon="6.0900233"><ele>476.85</ele></trkpt>
<trkpt lat="43.550975" lon="6.090003300000001"><ele>476.26</ele></trkpt>
<trkpt lat="43.551" lon="6.089983299999999"><ele>476.02</ele></trkpt>
<trkpt lat="43.5510317" lon="6.089955"><ele>475.91</ele></trkpt>
<trkpt lat="43.5510617" lon="6.0899333"><ele>475.36</ele></trkpt>
<trkpt lat="43.55109" lon="6.0899217"><ele>475.12</ele></trkpt>
<trkpt lat="43.551125" lon="6.0898983"><ele>474.63</ele></trkpt>
<trkpt lat="43.55115" lon="6.0898833"><ele>474.24</ele></trkpt>
<trkpt lat="43.5511867" lon="6.0898517"><ele>473.85</ele></trkpt>
<trkpt lat="43.55122" lon="6.08982"><ele>473.35</ele></trkpt>
<trkpt lat="43.5512483" lon="6.089786699999999"><ele>472.67</ele></trkpt>
<trkpt lat="43.5512733" lon="6.0897583"><ele>472.4299999999999</ele></trkpt>
<trkpt lat="43.5513033" lon="6.089731699999999"><ele>472.24</ele></trkpt>
<trkpt lat="43.55133" lon="6.0897133"><ele>472.58</ele></trkpt>
<trkpt lat="43.5513583" lon="6.089695"><ele>472.93</ele></trkpt>
<trkpt lat="43.5513867" lon="6.08968"><ele>472.8999999999999</ele></trkpt>
<trkpt lat="43.5514183" lon="6.0896583"><ele>472.37</ele></trkpt>
<trkpt lat="43.5514533" lon="6.0896367"><ele>471.72</ele></trkpt>
<trkpt lat="43.55148" lon="6.0896117"><ele>471.94</ele></trkpt>
<trkpt lat="43.551505" lon="6.0895917"><ele>472.17</ele></trkpt>
<trkpt lat="43.551525" lon="6.089565"><ele>472.0799999999999</ele></trkpt>
<trkpt lat="43.5515517" lon="6.0895333"><ele>471.38</ele></trkpt>
<trkpt lat="43.5515833" lon="6.0894983"><ele>470.91</ele></trkpt>
<trkpt lat="43.5516067" lon="6.0894767"><ele>471.27</ele></trkpt>
<trkpt lat="43.5516283" lon="6.0894517"><ele>471.5599999999999</ele></trkpt>
<trkpt lat="43.5516533" lon="6.08943"><ele>471.42</ele></trkpt>
<trkpt lat="43.5516817" lon="6.089405"><ele>471.22</ele></trkpt>
<trkpt lat="43.5517083" lon="6.0893967"><ele>471.5</ele></trkpt>
<trkpt lat="43.55174" lon="6.089385"><ele>471.9</ele></trkpt>
<trkpt lat="43.55177" lon="6.08937"><ele>472.53</ele></trkpt>
<trkpt lat="43.5518067" lon="6.0893617"><ele>472.9999999999999</ele></trkpt>
<trkpt lat="43.5518367" lon="6.0893533"><ele>473.65</ele></trkpt>
<trkpt lat="43.5518667" lon="6.089354999999999"><ele>474.68</ele></trkpt>
<trkpt lat="43.5519017" lon="6.089354999999999"><ele>475.4</ele></trkpt>
<trkpt lat="43.5519333" lon="6.0893633"><ele>475.69</ele></trkpt>
<trkpt lat="43.55196" lon="6.0893733"><ele>475.68</ele></trkpt>
<trkpt lat="43.551985" lon="6.0893917"><ele>475.39</ele></trkpt>
<trkpt lat="43.5520267" lon="6.0894067"><ele>474.83</ele></trkpt>
<trkpt lat="43.552055" lon="6.0893983"><ele>474.56</ele></trkpt>
<trkpt lat="43.5520767" lon="6.089425"><ele>473.8199999999999</ele></trkpt>
<trkpt lat="43.5521017" lon="6.089445"><ele>473.61</ele></trkpt>
<trkpt lat="43.55212" lon="6.0894833"><ele>473.54</ele></trkpt>
<trkpt lat="43.55213" lon="6.0895217"><ele>474.0799999999999</ele></trkpt>
<trkpt lat="43.5521367" lon="6.0895583"><ele>474.15</ele></trkpt>
<trkpt lat="43.5521467" lon="6.089594999999999"><ele>474.3399999999999</ele></trkpt>
<trkpt lat="43.5521717" lon="6.089615000000001"><ele>474.3799999999999</ele></trkpt>
<trkpt lat="43.552205" lon="6.089628300000001"><ele>473.85</ele></trkpt>
<trkpt lat="43.552235" lon="6.089645"><ele>473.27</ele></trkpt>
<trkpt lat="43.552265" lon="6.0896567"><ele>472.67</ele></trkpt>
<trkpt lat="43.5522967" lon="6.08967"><ele>472</ele></trkpt>
<trkpt lat="43.5523267" lon="6.089695"><ele>471.07</ele></trkpt>
<trkpt lat="43.5523517" lon="6.089718300000001"><ele>470.67</ele></trkpt>
<trkpt lat="43.5523833" lon="6.089741699999999"><ele>470.3899999999999</ele></trkpt>
<trkpt lat="43.5524067" lon="6.08977"><ele>470.26</ele></trkpt>
<trkpt lat="43.5524317" lon="6.089795"><ele>470.4700000000001</ele></trkpt>
<trkpt lat="43.5524467" lon="6.0898283"><ele>470.48</ele></trkpt>
<trkpt lat="43.5524583" lon="6.0898633"><ele>470.3299999999999</ele></trkpt>
<trkpt lat="43.552475" lon="6.0899067"><ele>470.1199999999999</ele></trkpt>
<trkpt lat="43.552495" lon="6.0899417"><ele>470.15</ele></trkpt>
<trkpt lat="43.5525167" lon="6.0899683"><ele>470.28</ele></trkpt>
<trkpt lat="43.5525367" lon="6.090005000000001"><ele>471.08</ele></trkpt>
<trkpt lat="43.5525317" lon="6.0900517"><ele>471.6000000000001</ele></trkpt>
<trkpt lat="43.5525233" lon="6.090091700000001"><ele>472.17</ele></trkpt>
<trkpt lat="43.552525" lon="6.0901383"><ele>473.3</ele></trkpt>
<trkpt lat="43.5525417" lon="6.0901733"><ele>474.81</ele></trkpt>
<trkpt lat="43.552545" lon="6.090215"><ele>475.6000000000001</ele></trkpt>
<trkpt lat="43.5525233" lon="6.09024"><ele>476.88</ele></trkpt>
<trkpt lat="43.5525133" lon="6.0902783"><ele>476.52</ele></trkpt>
<trkpt lat="43.5524933" lon="6.090311699999999"><ele>476.15</ele></trkpt>
<trkpt lat="43.5524717" lon="6.090335"><ele>475.8</ele></trkpt>
<trkpt lat="43.5524467" lon="6.0903633"><ele>475.5099999999999</ele></trkpt>
<trkpt lat="43.55246" lon="6.090404999999999"><ele>474.92</ele></trkpt>
<trkpt lat="43.5524783" lon="6.0904333"><ele>474.4299999999999</ele></trkpt>
<trkpt lat="43.55249" lon="6.0904717"><ele>473.22</ele></trkpt>
<trkpt lat="43.5523967" lon="6.090480000000001"><ele>471.58</ele></trkpt>
<trkpt lat="43.5523717" lon="6.0904633"><ele>470.52</ele></trkpt>
<trkpt lat="43.552375" lon="6.0905033"><ele>464.71</ele></trkpt>
<trkpt lat="43.55231" lon="6.0905867"><ele>463.79</ele></trkpt>
<trkpt lat="43.552265" lon="6.0907"><ele>460.8</ele></trkpt>
<trkpt lat="43.5523483" lon="6.0907733"><ele>459.91</ele></trkpt>
<trkpt lat="43.5523117" lon="6.09083"><ele>459.65</ele></trkpt>
<trkpt lat="43.55233" lon="6.090858300000001"><ele>459.3099999999999</ele></trkpt>
<trkpt lat="43.552355" lon="6.090883299999999"><ele>459.01</ele></trkpt>
<trkpt lat="43.5523767" lon="6.090911700000001"><ele>458.46</ele></trkpt>
<trkpt lat="43.5523933" lon="6.09095"><ele>458.19</ele></trkpt>
<trkpt lat="43.5524217" lon="6.0909367"><ele>457.92</ele></trkpt>
<trkpt lat="43.5524583" lon="6.0909317"><ele>457.58</ele></trkpt>
<trkpt lat="43.5524833" lon="6.09095"><ele>457.49</ele></trkpt>
<trkpt lat="43.5525067" lon="6.09097"><ele>457.64</ele></trkpt>
<trkpt lat="43.5525333" lon="6.0909833"><ele>457.85</ele></trkpt>
<trkpt lat="43.55256" lon="6.090993300000001"><ele>458.0699999999999</ele></trkpt>
<trkpt lat="43.5525933" lon="6.0909983"><ele>458.3399999999999</ele></trkpt>
<trkpt lat="43.5526267" lon="6.0910033"><ele>458.6399999999999</ele></trkpt>
<trkpt lat="43.5526533" lon="6.0909883"><ele>459.13</ele></trkpt>
<trkpt lat="43.552685" lon="6.0909883"><ele>459.48</ele></trkpt>
<trkpt lat="43.5527083" lon="6.090946700000001"><ele>460.3399999999999</ele></trkpt>
<trkpt lat="43.5527467" lon="6.0909333"><ele>460.71</ele></trkpt>
<trkpt lat="43.5527783" lon="6.09094"><ele>460.75</ele></trkpt>
<trkpt lat="43.5528017" lon="6.09092"><ele>460.66</ele></trkpt>
<trkpt lat="43.55286" lon="6.090800000000001"><ele>461.1999999999999</ele></trkpt>
<trkpt lat="43.552895" lon="6.090778299999999"><ele>461.62</ele></trkpt>
<trkpt lat="43.5529233" lon="6.0907567"><ele>462.04</ele></trkpt>
<trkpt lat="43.5529483" lon="6.0907283"><ele>463.13</ele></trkpt>
<trkpt lat="43.552955" lon="6.090688299999999"><ele>463.49</ele></trkpt>
<trkpt lat="43.5529733" lon="6.0906533"><ele>463.47</ele></trkpt>
<trkpt lat="43.55299" lon="6.0906133"><ele>463.13</ele></trkpt>
<trkpt lat="43.553" lon="6.0905767"><ele>462.28</ele></trkpt>
<trkpt lat="43.553065" lon="6.0905417"><ele>462.0699999999999</ele></trkpt>
<trkpt lat="43.5530567" lon="6.0905033"><ele>461.5500000000001</ele></trkpt>
<trkpt lat="43.5530833" lon="6.090481699999999"><ele>461.05</ele></trkpt>
<trkpt lat="43.5531033" lon="6.090438300000001"><ele>460.89</ele></trkpt>
<trkpt lat="43.55312" lon="6.090403299999999"><ele>461.07</ele></trkpt>
<trkpt lat="43.5531167" lon="6.090365"><ele>461.45</ele></trkpt>
<trkpt lat="43.553085" lon="6.0902283"><ele>464</ele></trkpt>
<trkpt lat="43.553045" lon="6.0902583"><ele>466.4</ele></trkpt>
<trkpt lat="43.5530167" lon="6.0902533"><ele>467.54</ele></trkpt>
<trkpt lat="43.55298" lon="6.090126700000001"><ele>470.6499999999999</ele></trkpt>
<trkpt lat="43.5530033" lon="6.0900967"><ele>471.8799999999999</ele></trkpt>
<trkpt lat="43.553015" lon="6.090005000000001"><ele>474.0299999999999</ele></trkpt>
<trkpt lat="43.5529933" lon="6.0899717"><ele>476.01</ele></trkpt>
<trkpt lat="43.5528983" lon="6.08994"><ele>477.16</ele></trkpt>
<trkpt lat="43.55286" lon="6.0898933"><ele>479.11</ele></trkpt>
<trkpt lat="43.552885" lon="6.0898717"><ele>479.97</ele></trkpt>
<trkpt lat="43.5528983" lon="6.0898283"><ele>480.25</ele></trkpt>
<trkpt lat="43.5529" lon="6.0897833"><ele>480.55</ele></trkpt>
<trkpt lat="43.553" lon="6.0897033"><ele>480.11</ele></trkpt>
<trkpt lat="43.5529633" lon="6.089733299999999"><ele>477.33</ele></trkpt>
<trkpt lat="43.5529383" lon="6.089751700000001"><ele>478.49</ele></trkpt>
<trkpt lat="43.5529117" lon="6.08977"><ele>478.58</ele></trkpt>
<trkpt lat="43.5529033" lon="6.0898133"><ele>478.59</ele></trkpt>
<trkpt lat="43.5528867" lon="6.0898467"><ele>478.46</ele></trkpt>
<trkpt lat="43.55287" lon="6.0898783"><ele>478.1</ele></trkpt>
<trkpt lat="43.5528533" lon="6.089915"><ele>477.72</ele></trkpt>
<trkpt lat="43.5528283" lon="6.089945000000001"><ele>477.5099999999999</ele></trkpt>
<trkpt lat="43.55281" lon="6.0899783"><ele>477.29</ele></trkpt>
<trkpt lat="43.5527867" lon="6.090001700000001"><ele>477.09</ele></trkpt>
<trkpt lat="43.5527667" lon="6.090028299999999"><ele>476.91</ele></trkpt>
<trkpt lat="43.55275" lon="6.0900583"><ele>476.81</ele></trkpt>
<trkpt lat="43.5527317" lon="6.090095000000001"><ele>476.6899999999999</ele></trkpt>
<trkpt lat="43.5527133" lon="6.0901233"><ele>476.6499999999999</ele></trkpt>
<trkpt lat="43.55269" lon="6.090153300000001"><ele>476.77</ele></trkpt>
<trkpt lat="43.5526617" lon="6.0901767"><ele>476.52</ele></trkpt>
<trkpt lat="43.5526333" lon="6.0901833"><ele>476.19</ele></trkpt>
<trkpt lat="43.5526067" lon="6.09019"><ele>475.02</ele></trkpt>
<trkpt lat="43.5525567" lon="6.0902667"><ele>475.5099999999999</ele></trkpt>
<trkpt lat="43.5525483" lon="6.0903033"><ele>475.58</ele></trkpt>
<trkpt lat="43.5525583" lon="6.0903733"><ele>474.83</ele></trkpt>
<trkpt lat="43.5526017" lon="6.090421700000001"><ele>474.6899999999999</ele></trkpt>
<trkpt lat="43.55263" lon="6.0904283"><ele>474.98</ele></trkpt>
<trkpt lat="43.552655" lon="6.090448299999999"><ele>475.67</ele></trkpt>
<trkpt lat="43.552645" lon="6.0904867"><ele>478.67</ele></trkpt>
<trkpt lat="43.5526167" lon="6.090470000000001"><ele>478.0899999999999</ele></trkpt>
<trkpt lat="43.5525883" lon="6.090449999999999"><ele>477.8</ele></trkpt>
<trkpt lat="43.5525767" lon="6.090411700000001"><ele>477.06</ele></trkpt>
<trkpt lat="43.552565" lon="6.090366700000001"><ele>476.4299999999999</ele></trkpt>
<trkpt lat="43.5525367" lon="6.0903433"><ele>475.5699999999999</ele></trkpt>
<trkpt lat="43.5525083" lon="6.090333300000001"><ele>474.9599999999999</ele></trkpt>
<trkpt lat="43.55248" lon="6.09035"><ele>472.91</ele></trkpt>
<trkpt lat="43.55247" lon="6.0903883"><ele>472</ele></trkpt>
<trkpt lat="43.5524833" lon="6.090423300000001"><ele>471.3</ele></trkpt>
<trkpt lat="43.5525" lon="6.090455"><ele>470.83</ele></trkpt>
<trkpt lat="43.5525433" lon="6.0906033"><ele>470.02</ele></trkpt>
<trkpt lat="43.5524967" lon="6.0907367"><ele>468.5899999999999</ele></trkpt>
<trkpt lat="43.552475" lon="6.0908717"><ele>465.35</ele></trkpt>
<trkpt lat="43.55245" lon="6.090991700000001"><ele>461.79</ele></trkpt>
<trkpt lat="43.552415" lon="6.0910017"><ele>460.98</ele></trkpt>
<trkpt lat="43.5524133" lon="6.0910517"><ele>459.8</ele></trkpt>
<trkpt lat="43.5524267" lon="6.0910867"><ele>458.83</ele></trkpt>
<trkpt lat="43.5524367" lon="6.0911267"><ele>458.1299999999999</ele></trkpt>
<trkpt lat="43.55244" lon="6.091175"><ele>457.16</ele></trkpt>
<trkpt lat="43.5524283" lon="6.091215"><ele>456.55</ele></trkpt>
<trkpt lat="43.5524117" lon="6.091245000000001"><ele>455.5599999999999</ele></trkpt>
<trkpt lat="43.5523917" lon="6.091275"><ele>454.57</ele></trkpt>
<trkpt lat="43.5523467" lon="6.0913983"><ele>452.88</ele></trkpt>
<trkpt lat="43.5523117" lon="6.091463299999999"><ele>451.9</ele></trkpt>
<trkpt lat="43.5522933" lon="6.0915"><ele>451.49</ele></trkpt>
<trkpt lat="43.5522783" lon="6.091535"><ele>451.22</ele></trkpt>
<trkpt lat="43.5522617" lon="6.091565"><ele>450.85</ele></trkpt>
<trkpt lat="43.5522367" lon="6.0915933"><ele>450.0699999999999</ele></trkpt>
<trkpt lat="43.55222" lon="6.0916283"><ele>449.1999999999999</ele></trkpt>
<trkpt lat="43.552205" lon="6.0916733"><ele>448.3700000000001</ele></trkpt>
<trkpt lat="43.55219" lon="6.0917117"><ele>447.7</ele></trkpt>
<trkpt lat="43.552175" lon="6.0917567"><ele>447.07</ele></trkpt>
<trkpt lat="43.552155" lon="6.091795"><ele>446.54</ele></trkpt>
<trkpt lat="43.552135" lon="6.09183"><ele>445.96</ele></trkpt>
<trkpt lat="43.552115" lon="6.0918617"><ele>445.4599999999999</ele></trkpt>
<trkpt lat="43.5521017" lon="6.0919067"><ele>444.76</ele></trkpt>
<trkpt lat="43.55209" lon="6.0919517"><ele>444.1299999999999</ele></trkpt>
<trkpt lat="43.552085" lon="6.091991700000001"><ele>443.37</ele></trkpt>
<trkpt lat="43.5520783" lon="6.092029999999999"><ele>442.57</ele></trkpt>
<trkpt lat="43.5520717" lon="6.0920733"><ele>441.86</ele></trkpt>
<trkpt lat="43.552065" lon="6.0921117"><ele>441.43</ele></trkpt>
<trkpt lat="43.5520583" lon="6.0921517"><ele>440.96</ele></trkpt>
<trkpt lat="43.55205" lon="6.09219"><ele>440.55</ele></trkpt>
<trkpt lat="43.55204" lon="6.0922267"><ele>439.96</ele></trkpt>
<trkpt lat="43.5520133" lon="6.0922517"><ele>439.22</ele></trkpt>
<trkpt lat="43.5519917" lon="6.092276700000001"><ele>438.65</ele></trkpt>
<trkpt lat="43.55197" lon="6.092303299999999"><ele>438.21</ele></trkpt>
<trkpt lat="43.5519533" lon="6.092346699999999"><ele>438.18</ele></trkpt>
<trkpt lat="43.5519467" lon="6.0923883"><ele>438.18</ele></trkpt>
<trkpt lat="43.551935" lon="6.092435"><ele>438.09</ele></trkpt>
<trkpt lat="43.551925" lon="6.0924867"><ele>437.99</ele></trkpt>
<trkpt lat="43.5519167" lon="6.0925267"><ele>437.79</ele></trkpt>
<trkpt lat="43.5519067" lon="6.0925733"><ele>437.78</ele></trkpt>
<trkpt lat="43.5518967" lon="6.092615"><ele>437.7099999999999</ele></trkpt>
<trkpt lat="43.5518833" lon="6.09266"><ele>437.58</ele></trkpt>
<trkpt lat="43.5518767" lon="6.0927"><ele>437.7599999999999</ele></trkpt>
<trkpt lat="43.5518667" lon="6.092738299999999"><ele>437.75</ele></trkpt>
<trkpt lat="43.5518583" lon="6.092779999999999"><ele>437.7</ele></trkpt>
<trkpt lat="43.5518517" lon="6.0928217"><ele>437.69</ele></trkpt>
<trkpt lat="43.5518333" lon="6.09287"><ele>437.65</ele></trkpt>
<trkpt lat="43.5518233" lon="6.0929133"><ele>437.59</ele></trkpt>
<trkpt lat="43.5518133" lon="6.092963300000001"><ele>437.75</ele></trkpt>
<trkpt lat="43.5518067" lon="6.093009999999999"><ele>438.01</ele></trkpt>
<trkpt lat="43.5518" lon="6.0930567"><ele>438.36</ele></trkpt>
<trkpt lat="43.5517883" lon="6.0931017"><ele>438.45</ele></trkpt>
<trkpt lat="43.5517817" lon="6.0931383"><ele>438.6399999999999</ele></trkpt>
<trkpt lat="43.55177" lon="6.0931833"><ele>438.97</ele></trkpt>
<trkpt lat="43.5517617" lon="6.09322"><ele>438.91</ele></trkpt>
<trkpt lat="43.5517517" lon="6.0932617"><ele>438.85</ele></trkpt>
<trkpt lat="43.5517433" lon="6.0933033"><ele>439.07</ele></trkpt>
<trkpt lat="43.5517333" lon="6.093345"><ele>439.18</ele></trkpt>
<trkpt lat="43.55172" lon="6.093383300000001"><ele>439.28</ele></trkpt>
<trkpt lat="43.55171" lon="6.09342"><ele>439.38</ele></trkpt>
<trkpt lat="43.5517033" lon="6.0934583"><ele>439.47</ele></trkpt>
<trkpt lat="43.5517283" lon="6.0934833"><ele>439.7099999999999</ele></trkpt>
<trkpt lat="43.5517667" lon="6.093485000000001"><ele>439.32</ele></trkpt>
<trkpt lat="43.5518033" lon="6.093486699999999"><ele>439.02</ele></trkpt>
<trkpt lat="43.551835" lon="6.0934783"><ele>438.5799999999999</ele></trkpt>
<trkpt lat="43.5518717" lon="6.0934667"><ele>438.2</ele></trkpt>
<trkpt lat="43.5519083" lon="6.093454999999999"><ele>437.7599999999999</ele></trkpt>
<trkpt lat="43.551945" lon="6.093441699999999"><ele>437.42</ele></trkpt>
<trkpt lat="43.5519783" lon="6.093426700000001"><ele>436.76</ele></trkpt>
<trkpt lat="43.55201" lon="6.093408299999999"><ele>436.13</ele></trkpt>
<trkpt lat="43.55204" lon="6.0933917"><ele>436.01</ele></trkpt>
<trkpt lat="43.55207" lon="6.093371700000001"><ele>435.91</ele></trkpt>
<trkpt lat="43.5521" lon="6.0933533"><ele>435.92</ele></trkpt>
<trkpt lat="43.5521283" lon="6.093336700000001"><ele>435.84</ele></trkpt>
<trkpt lat="43.5521567" lon="6.09332"><ele>435.94</ele></trkpt>
<trkpt lat="43.5521883" lon="6.093304999999999"><ele>436.01</ele></trkpt>
<trkpt lat="43.5522217" lon="6.0932867"><ele>436.0699999999999</ele></trkpt>
<trkpt lat="43.552255" lon="6.09327"><ele>435.66</ele></trkpt>
<trkpt lat="43.5522867" lon="6.0932533"><ele>434.81</ele></trkpt>
<trkpt lat="43.55232" lon="6.093235000000001"><ele>434.26</ele></trkpt>
<trkpt lat="43.5523483" lon="6.09322"><ele>433.39</ele></trkpt>
<trkpt lat="43.55238" lon="6.0932083"><ele>432.9300000000001</ele></trkpt>
<trkpt lat="43.552415" lon="6.0931983"><ele>432.9499999999999</ele></trkpt>
<trkpt lat="43.5524483" lon="6.093190000000001"><ele>432.91</ele></trkpt>
<trkpt lat="43.55248" lon="6.0931783"><ele>432.8800000000001</ele></trkpt>
<trkpt lat="43.5525117" lon="6.093166699999999"><ele>432.97</ele></trkpt>
<trkpt lat="43.5525433" lon="6.0931533"><ele>433.08</ele></trkpt>
<trkpt lat="43.5525767" lon="6.0931383"><ele>433.11</ele></trkpt>
<trkpt lat="43.5526083" lon="6.093124999999999"><ele>432.98</ele></trkpt>
<trkpt lat="43.5526383" lon="6.093111699999999"><ele>432.98</ele></trkpt>
<trkpt lat="43.5526683" lon="6.093098300000001"><ele>433.18</ele></trkpt>
<trkpt lat="43.5526983" lon="6.0930883"><ele>433.01</ele></trkpt>
<trkpt lat="43.55273" lon="6.093078299999999"><ele>432.82</ele></trkpt>
<trkpt lat="43.5527583" lon="6.093064999999999"><ele>432.34</ele></trkpt>
<trkpt lat="43.5527917" lon="6.09305"><ele>432.21</ele></trkpt>
<trkpt lat="43.552825" lon="6.0930367"><ele>432.44</ele></trkpt>
<trkpt lat="43.5528533" lon="6.09303"><ele>432.4100000000001</ele></trkpt>
<trkpt lat="43.552885" lon="6.0930167"><ele>432.4</ele></trkpt>
<trkpt lat="43.5529183" lon="6.0930033"><ele>432.1199999999999</ele></trkpt>
<trkpt lat="43.5529483" lon="6.0929833"><ele>431.89</ele></trkpt>
<trkpt lat="43.5529783" lon="6.0929683"><ele>431.43</ele></trkpt>
<trkpt lat="43.55301" lon="6.0929567"><ele>431.1899999999999</ele></trkpt>
<trkpt lat="43.5530467" lon="6.092945"><ele>431.5400000000001</ele></trkpt>
<trkpt lat="43.5530767" lon="6.092935"><ele>431.5400000000001</ele></trkpt>
<trkpt lat="43.5531067" lon="6.09292"><ele>431.06</ele></trkpt>
<trkpt lat="43.553135" lon="6.0929067"><ele>430.3699999999999</ele></trkpt>
<trkpt lat="43.5531667" lon="6.092895"><ele>429.7699999999999</ele></trkpt>
<trkpt lat="43.5531967" lon="6.0928817"><ele>429.42</ele></trkpt>
<trkpt lat="43.5532283" lon="6.0928683"><ele>429.38</ele></trkpt>
<trkpt lat="43.5532583" lon="6.092855"><ele>429.03</ele></trkpt>
<trkpt lat="43.553295" lon="6.092839999999999"><ele>428.82</ele></trkpt>
<trkpt lat="43.5533283" lon="6.0928217"><ele>428.8</ele></trkpt>
<trkpt lat="43.5533583" lon="6.0928083"><ele>428.17</ele></trkpt>
<trkpt lat="43.55339" lon="6.092795"><ele>427.7599999999999</ele></trkpt>
<trkpt lat="43.553425" lon="6.092785"><ele>427.4900000000001</ele></trkpt>
<trkpt lat="43.5534583" lon="6.0927767"><ele>427.73</ele></trkpt>
<trkpt lat="43.55349" lon="6.092766700000001"><ele>427.98</ele></trkpt>
<trkpt lat="43.5535233" lon="6.092748299999999"><ele>427.98</ele></trkpt>
<trkpt lat="43.5535567" lon="6.0927333"><ele>427.91</ele></trkpt>
<trkpt lat="43.5535883" lon="6.092723300000001"><ele>427.53</ele></trkpt>
<trkpt lat="43.55362" lon="6.092710000000001"><ele>427.48</ele></trkpt>
<trkpt lat="43.5536483" lon="6.0927"><ele>427.11</ele></trkpt>
<trkpt lat="43.55368" lon="6.092689999999999"><ele>427.17</ele></trkpt>
<trkpt lat="43.5537133" lon="6.092678300000001"><ele>427.35</ele></trkpt>
<trkpt lat="43.5537433" lon="6.092665000000001"><ele>427.12</ele></trkpt>
<trkpt lat="43.5537717" lon="6.09265"><ele>426.99</ele></trkpt>
<trkpt lat="43.5538" lon="6.092634999999999"><ele>426.91</ele></trkpt>
<trkpt lat="43.5538333" lon="6.0926217"><ele>426.56</ele></trkpt>
<trkpt lat="43.5538633" lon="6.0926083"><ele>426.25</ele></trkpt>
<trkpt lat="43.553895" lon="6.0925933"><ele>426.21</ele></trkpt>
<trkpt lat="43.5539267" lon="6.0925833"><ele>425.83</ele></trkpt>
<trkpt lat="43.5539617" lon="6.0925667"><ele>425.52</ele></trkpt>
<trkpt lat="43.5539933" lon="6.0925517"><ele>425.2499999999999</ele></trkpt>
<trkpt lat="43.5540267" lon="6.0925383"><ele>424.9299999999999</ele></trkpt>
<trkpt lat="43.5540583" lon="6.0925233"><ele>424.7</ele></trkpt>
<trkpt lat="43.5540933" lon="6.0925083"><ele>424.85</ele></trkpt>
<trkpt lat="43.5541283" lon="6.092495"><ele>424.86</ele></trkpt>
<trkpt lat="43.55416" lon="6.09248"><ele>424.65</ele></trkpt>
<trkpt lat="43.554195" lon="6.0924667"><ele>424.21</ele></trkpt>
<trkpt lat="43.5542317" lon="6.092453299999999"><ele>424.11</ele></trkpt>
<trkpt lat="43.55427" lon="6.092438300000001"><ele>423.83</ele></trkpt>
<trkpt lat="43.5543083" lon="6.092425000000001"><ele>423.93</ele></trkpt>
<trkpt lat="43.5543433" lon="6.092415"><ele>423.91</ele></trkpt>
<trkpt lat="43.55438" lon="6.0924033"><ele>423.6</ele></trkpt>
<trkpt lat="43.5544167" lon="6.092385"><ele>423.78</ele></trkpt>
<trkpt lat="43.5544417" lon="6.092370000000001"><ele>423.92</ele></trkpt>
<trkpt lat="43.5544767" lon="6.092363299999999"><ele>423.91</ele></trkpt>
<trkpt lat="43.55451" lon="6.0923583"><ele>424.1199999999999</ele></trkpt>
<trkpt lat="43.554545" lon="6.0923433"><ele>424.4</ele></trkpt>
<trkpt lat="43.5545783" lon="6.0923267"><ele>424.46</ele></trkpt>
<trkpt lat="43.554605" lon="6.0923117"><ele>424.57</ele></trkpt>
<trkpt lat="43.5546333" lon="6.0923"><ele>424.67</ele></trkpt>
<trkpt lat="43.55466" lon="6.0922867"><ele>424.61</ele></trkpt>
<trkpt lat="43.5546867" lon="6.0922733"><ele>424.27</ele></trkpt>
<trkpt lat="43.5547233" lon="6.0922533"><ele>423.7699999999999</ele></trkpt>
<trkpt lat="43.55476" lon="6.0922333"><ele>423.43</ele></trkpt>
<trkpt lat="43.554785" lon="6.0922033"><ele>423.05</ele></trkpt>
<trkpt lat="43.5548017" lon="6.09217"><ele>422.54</ele></trkpt>
<trkpt lat="43.5548117" lon="6.092135"><ele>422.24</ele></trkpt>
<trkpt lat="43.5548167" lon="6.0920833"><ele>421.83</ele></trkpt>
<trkpt lat="43.5548133" lon="6.092040000000001"><ele>422.0199999999999</ele></trkpt>
<trkpt lat="43.55481" lon="6.0920017"><ele>422.01</ele></trkpt>
<trkpt lat="43.5548067" lon="6.091961699999999"><ele>421.9</ele></trkpt>
<trkpt lat="43.5548083" lon="6.0919067"><ele>422.05</ele></trkpt>
<trkpt lat="43.554815" lon="6.0918667"><ele>422.08</ele></trkpt>
<trkpt lat="43.5548183" lon="6.0918183"><ele>422.18</ele></trkpt>
<trkpt lat="43.5548267" lon="6.091775"><ele>422</ele></trkpt>
<trkpt lat="43.5548383" lon="6.0917283"><ele>421.68</ele></trkpt>
<trkpt lat="43.5548683" lon="6.091695"><ele>420.8899999999999</ele></trkpt>
<trkpt lat="43.5549" lon="6.091661700000001"><ele>420.3699999999999</ele></trkpt>
<trkpt lat="43.554935" lon="6.091641699999999"><ele>419.74</ele></trkpt>
<trkpt lat="43.5549683" lon="6.0916283"><ele>419.69</ele></trkpt>
<trkpt lat="43.555005" lon="6.091615"><ele>419.85</ele></trkpt>
<trkpt lat="43.5550317" lon="6.091605"><ele>419.95</ele></trkpt>
<trkpt lat="43.5550683" lon="6.0916033"><ele>419.98</ele></trkpt>
<trkpt lat="43.5550967" lon="6.0916017"><ele>420.08</ele></trkpt>
<trkpt lat="43.555125" lon="6.0916017"><ele>420.09</ele></trkpt>
<trkpt lat="43.555165" lon="6.091596699999999"><ele>420.0599999999999</ele></trkpt>
<trkpt lat="43.555195" lon="6.091595"><ele>420.0199999999999</ele></trkpt>
<trkpt lat="43.5552267" lon="6.09159"><ele>419.66</ele></trkpt>
<trkpt lat="43.5552617" lon="6.091588299999999"><ele>419.36</ele></trkpt>
<trkpt lat="43.5552967" lon="6.09158"><ele>419.11</ele></trkpt>
<trkpt lat="43.5553317" lon="6.0915767"><ele>418.8999999999999</ele></trkpt>
<trkpt lat="43.5553717" lon="6.0915667"><ele>419.11</ele></trkpt>
<trkpt lat="43.5554" lon="6.091565"><ele>419.4999999999999</ele></trkpt>
<trkpt lat="43.555435" lon="6.0915517"><ele>419.84</ele></trkpt>
<trkpt lat="43.5554667" lon="6.091543299999999"><ele>419.82</ele></trkpt>
<trkpt lat="43.5555033" lon="6.091526700000001"><ele>419.8099999999999</ele></trkpt>
<trkpt lat="43.55554" lon="6.091516700000001"><ele>419.8099999999999</ele></trkpt>
<trkpt lat="43.555575" lon="6.091508299999999"><ele>419.43</ele></trkpt>
<trkpt lat="43.5556067" lon="6.0915017"><ele>418.96</ele></trkpt>
<trkpt lat="43.5556417" lon="6.0914917"><ele>418.46</ele></trkpt>
<trkpt lat="43.5556767" lon="6.091481700000001"><ele>418.11</ele></trkpt>
<trkpt lat="43.5557133" lon="6.0914717"><ele>418.25</ele></trkpt>
<trkpt lat="43.5557483" lon="6.0914683"><ele>418.0099999999999</ele></trkpt>
<trkpt lat="43.5557817" lon="6.0914667"><ele>417.05</ele></trkpt>
<trkpt lat="43.5558117" lon="6.0914617"><ele>416.03</ele></trkpt>
<trkpt lat="43.5558433" lon="6.091449999999999"><ele>415.34</ele></trkpt>
<trkpt lat="43.5558817" lon="6.091435"><ele>415.27</ele></trkpt>
<trkpt lat="43.5559167" lon="6.091425000000001"><ele>415.55</ele></trkpt>
<trkpt lat="43.5559517" lon="6.0914133"><ele>415.94</ele></trkpt>
<trkpt lat="43.5559883" lon="6.0914"><ele>416.1000000000001</ele></trkpt>
<trkpt lat="43.5560233" lon="6.091393300000001"><ele>416.18</ele></trkpt>
<trkpt lat="43.5560583" lon="6.0913833"><ele>416.3600000000001</ele></trkpt>
<trkpt lat="43.5560933" lon="6.091375"><ele>416.14</ele></trkpt>
<trkpt lat="43.5561317" lon="6.0913667"><ele>416.52</ele></trkpt>
<trkpt lat="43.5561667" lon="6.091355"><ele>417.01</ele></trkpt>
<trkpt lat="43.5562017" lon="6.091345"><ele>417</ele></trkpt>
<trkpt lat="43.556235" lon="6.0913383"><ele>416.3799999999999</ele></trkpt>
<trkpt lat="43.5562683" lon="6.0913317"><ele>415.77</ele></trkpt>
<trkpt lat="43.556305" lon="6.091325"><ele>415.6</ele></trkpt>
<trkpt lat="43.5563383" lon="6.0913183"><ele>415.59</ele></trkpt>
<trkpt lat="43.556375" lon="6.091315"><ele>415.69</ele></trkpt>
<trkpt lat="43.5564117" lon="6.0913083"><ele>415.59</ele></trkpt>
<trkpt lat="43.5564467" lon="6.091299999999999"><ele>415.59</ele></trkpt>
<trkpt lat="43.556485" lon="6.0912917"><ele>415.33</ele></trkpt>
<trkpt lat="43.5565217" lon="6.091285"><ele>414.92</ele></trkpt>
<trkpt lat="43.55656" lon="6.091275"><ele>414.54</ele></trkpt>
<trkpt lat="43.5565983" lon="6.09126"><ele>414.13</ele></trkpt>
<trkpt lat="43.556635" lon="6.091254999999999"><ele>413.73</ele></trkpt>
<trkpt lat="43.55667" lon="6.0912467"><ele>413.4999999999999</ele></trkpt>
<trkpt lat="43.5566967" lon="6.09124"><ele>413.26</ele></trkpt>
<trkpt lat="43.5567233" lon="6.091233300000001"><ele>413.03</ele></trkpt>
<trkpt lat="43.5567567" lon="6.091225"><ele>412.73</ele></trkpt>
<trkpt lat="43.556785" lon="6.0912183"><ele>412.85</ele></trkpt>
<trkpt lat="43.55682" lon="6.0912067"><ele>413.08</ele></trkpt>
<trkpt lat="43.5568583" lon="6.091198300000001"><ele>413.53</ele></trkpt>
<trkpt lat="43.556895" lon="6.0911917"><ele>413.43</ele></trkpt>
<trkpt lat="43.5569317" lon="6.0911833"><ele>413.31</ele></trkpt>
<trkpt lat="43.5569683" lon="6.0911733"><ele>413.16</ele></trkpt>
<trkpt lat="43.557005" lon="6.091164999999999"><ele>412.6199999999999</ele></trkpt>
<trkpt lat="43.5570417" lon="6.091153300000001"><ele>412.26</ele></trkpt>
<trkpt lat="43.5570767" lon="6.091143300000001"><ele>411.84</ele></trkpt>
<trkpt lat="43.55711" lon="6.0911317"><ele>412.03</ele></trkpt>
<trkpt lat="43.557145" lon="6.091119999999999"><ele>412.19</ele></trkpt>
<trkpt lat="43.5571783" lon="6.0911117"><ele>411.86</ele></trkpt>
<trkpt lat="43.5572117" lon="6.091106699999999"><ele>411.4400000000001</ele></trkpt>
<trkpt lat="43.55725" lon="6.0911017"><ele>411.04</ele></trkpt>
<trkpt lat="43.5572867" lon="6.0910967"><ele>410.45</ele></trkpt>
<trkpt lat="43.55732" lon="6.0910883"><ele>410.04</ele></trkpt>
<trkpt lat="43.557355" lon="6.0910767"><ele>409.89</ele></trkpt>
<trkpt lat="43.5573883" lon="6.091063299999999"><ele>409.98</ele></trkpt>
<trkpt lat="43.5574233" lon="6.091045"><ele>409.98</ele></trkpt>
<trkpt lat="43.55746" lon="6.09104"><ele>409.64</ele></trkpt>
<trkpt lat="43.557495" lon="6.09103"><ele>409.43</ele></trkpt>
<trkpt lat="43.5575317" lon="6.0910133"><ele>409.55</ele></trkpt>
<trkpt lat="43.5575667" lon="6.091"><ele>409.78</ele></trkpt>
<trkpt lat="43.5576017" lon="6.090991700000001"><ele>409.69</ele></trkpt>
<trkpt lat="43.5576383" lon="6.0909833"><ele>409.17</ele></trkpt>
<trkpt lat="43.5576733" lon="6.090973299999999"><ele>408.8399999999999</ele></trkpt>
<trkpt lat="43.557705" lon="6.0909633"><ele>408.35</ele></trkpt>
<trkpt lat="43.5577367" lon="6.0909567"><ele>407.87</ele></trkpt>
<trkpt lat="43.557775" lon="6.090948300000001"><ele>407.67</ele></trkpt>
<trkpt lat="43.5578117" lon="6.09094"><ele>407.62</ele></trkpt>
<trkpt lat="43.5578467" lon="6.0909367"><ele>407.4999999999999</ele></trkpt>
<trkpt lat="43.557885" lon="6.0909333"><ele>407.39</ele></trkpt>
<trkpt lat="43.55792" lon="6.0909333"><ele>406.8799999999999</ele></trkpt>
<trkpt lat="43.5579533" lon="6.090938299999999"><ele>406.54</ele></trkpt>
<trkpt lat="43.5579867" lon="6.09094"><ele>406.1</ele></trkpt>
<trkpt lat="43.5580233" lon="6.090946700000001"><ele>405.97</ele></trkpt>
<trkpt lat="43.5580633" lon="6.090945"><ele>406.29</ele></trkpt>
<trkpt lat="43.5581" lon="6.0909433"><ele>406.5799999999999</ele></trkpt>
<trkpt lat="43.5581367" lon="6.09094"><ele>406.5</ele></trkpt>
<trkpt lat="43.5581733" lon="6.090935"><ele>406.74</ele></trkpt>
<trkpt lat="43.5582083" lon="6.090935"><ele>406.72</ele></trkpt>
<trkpt lat="43.558245" lon="6.0909333"><ele>406.51</ele></trkpt>
<trkpt lat="43.5582833" lon="6.0909367"><ele>406.14</ele></trkpt>
<trkpt lat="43.55832" lon="6.0909333"><ele>405.77</ele></trkpt>
<trkpt lat="43.5583583" lon="6.090928299999999"><ele>405.6</ele></trkpt>
<trkpt lat="43.5583983" lon="6.090926699999999"><ele>405.26</ele></trkpt>
<trkpt lat="43.5584383" lon="6.090928299999999"><ele>405.01</ele></trkpt>
<trkpt lat="43.5584733" lon="6.0909233"><ele>404.8299999999999</ele></trkpt>
<trkpt lat="43.5585083" lon="6.09092"><ele>404.54</ele></trkpt>
<trkpt lat="43.5585433" lon="6.0909167"><ele>404.14</ele></trkpt>
<trkpt lat="43.55858" lon="6.0909217"><ele>403.91</ele></trkpt>
<trkpt lat="43.5586133" lon="6.090911700000001"><ele>403.78</ele></trkpt>
<trkpt lat="43.558645" lon="6.09091"><ele>403.6999999999999</ele></trkpt>
<trkpt lat="43.5586783" lon="6.090911700000001"><ele>403.4400000000001</ele></trkpt>
<trkpt lat="43.5587067" lon="6.090913300000001"><ele>403.24</ele></trkpt>
<trkpt lat="43.55872" lon="6.0909533"><ele>402.91</ele></trkpt>
<trkpt lat="43.5587417" lon="6.09099"><ele>403.06</ele></trkpt>
<trkpt lat="43.5587567" lon="6.091025"><ele>402.9299999999999</ele></trkpt>
<trkpt lat="43.5587767" lon="6.0910583"><ele>402.87</ele></trkpt>
<trkpt lat="43.5587883" lon="6.091098300000001"><ele>403.1499999999999</ele></trkpt>
<trkpt lat="43.5587767" lon="6.091141700000001"><ele>403.03</ele></trkpt>
<trkpt lat="43.558755" lon="6.0911833"><ele>402.8299999999999</ele></trkpt>
<trkpt lat="43.55874" lon="6.09122"><ele>402.77</ele></trkpt>
<trkpt lat="43.5587167" lon="6.091256699999999"><ele>403.35</ele></trkpt>
<trkpt lat="43.5586983" lon="6.0912933"><ele>403.27</ele></trkpt>
<trkpt lat="43.558685" lon="6.0913367"><ele>403.88</ele></trkpt>
<trkpt lat="43.5586717" lon="6.0913767"><ele>404.43</ele></trkpt>
<trkpt lat="43.55866" lon="6.0914117"><ele>404.77</ele></trkpt>
<trkpt lat="43.5586517" lon="6.0914533"><ele>403.68</ele></trkpt>
</trkseg></trk>
</gpx>