<?xml version="1.0" encoding="UTF-8"?>
<gpx version="1.1" creator="Marando" xmlns="http://www.topografix.com/GPX/1/1">
<wpt lat="43.732245" lon="6.177076699999999"><ele>486.61</ele><name>Départ</name></wpt>
<wpt lat="43.732245" lon="6.177076699999999"><ele>486.61</ele><name>Bauduen</name><desc>Bauduen s’étage sur les rives du lac de Sainte-Croix, à l’extrémité méridionale des gorges du Verdon. Le village occupe un site profondément remanié par la mise en eau du barrage, qui a ennoyé en 1973 l’ancien lit du Verdon et une partie de sa vallée. Le relief environnant traduit la structure des plateaux calcaires provençaux : calcaires massifs et dolomitiques, affectés par les déformations alpines, y commandent l’organisation du paysage. Les versants abrupts et les replats témoignent ainsi de l’interaction entre lithologie, tectonique et incision fluviale.
</desc></wpt>
<wpt lat="43.73383" lon="6.17583"><ele>518.27</ele><name>Panorama</name><desc>Le alc de Sainte Croix, un lac artificiel.
Né de décennies de projets hydroélectriques, le barrage de Sainte-Croix boucle son 95 mètres de béton sur le Verdon en 1973. Sa mise en eau engloutit irrémédiablement la fertile vallée des Salles et son vieux village, reconstruit plus haut. Si cette métamorphose radicale fît taire les terres agricoles d'autrefois, elle forgea un colosse turquoise de 2 200 hectares. Ce joyau artificiel sécurise aujourd'hui l'eau de la région tout en parant le Haut-Var d'une splendeur céruléenne incontournable.</desc></wpt>
<wpt lat="43.73382" lon="6.1765583"><ele>513.27</ele><name>Pierre de l'Escouranche</name><desc>Cette roche glissante et polie est la **pierre de l'Escourenche** (située rue de l'Escourenche dans le vieux village).

Il s'agit d'un rocher calcaire dont la surface a été entièrement lissée par le passage répété des habitants au fil des siècles. Ce site est associé à une ancienne tradition populaire de Bauduen : le jour de la fête patronale de Saint Lambert, les jeunes filles du village venaient y glisser pour espérer se marier dans l'année.</desc></wpt>
<wpt lat="43.734035" lon="6.176125"><ele>508.27</ele><name>Eglise</name><desc>Dévastée par les Huguenots lors des guerres de religion, l’église primitive de Bauduen cède sa place en 1584 à un nouvel édifice sous le vocable de Saint-Pierre. D'abord dotée d'une seule nef, elle s'élargit au XVIIe siècle avec l'adjonction de bas-côtés et de chapelles, dont celle du Mont-Carmel. Sa voûte est achevée en 1830. Elle abrite de précieux témoins du passé, à l'instar de deux cloches classées datant des XIIe et XIVe siècles ainsi qu'un remarquable retable dédié à saint Lambert, enfant du pays et ancien évêque de Vence.</desc></wpt>
<wpt lat="43.7341817" lon="6.1759317"><ele>507.9</ele><name>Porche de l'église</name><desc>L’église de Bauduen possède une particularité discrète : elle semble presque avoir été déportée avec le village. L’édifice actuel, dédié à Saint-Pierre, appartient au patrimoine religieux provençal, mais son implantation prend un relief singulier depuis la création du lac de Sainte-Croix. Le paysage que l’on contemple aujourd’hui depuis ses abords est en partie artificiel : sous les eaux s’étend l’ancienne vallée du Verdon. Ainsi, l’église offre un étonnant point d’observation où architecture, mémoire du territoire et transformation hydrographique se superposent.</desc></wpt>
<wpt lat="43.7353317" lon="6.1750033"><ele>516.51</ele><name>Chapelle</name><desc>La Chapelle Saint-Lambert : Située dans le village, cette chapelle privée est dédiée au saint patron de Bauduen (ancien évêque de Vence né dans la région). Elle fait écho au riche retable du XVIIIe siècle qui lui est consacré à l'intérieur de l'église paroissiale.</desc></wpt>
<wpt lat="43.7398233" lon="6.178419999999999"><ele>580.56</ele><name>Gorge</name><desc>Ces portions de sentiers ou de ravins secs offrent une atmosphère plus fraîche et sauvage, contrastant avec l'aridité des pentes ensoleillées qui dominent le lac de Sainte-Croix.</desc></wpt>
<wpt lat="43.7399583" lon="6.1785333"><ele>578.32</ele><name>Bloc éboulé</name><desc>Instabilité des corniches : Les falaises surplombant le secteur sont composées de calcaires massifs sujets au gel, aux infiltrations d'eau et à l'érosion naturelle, provoquant parfois le détachement de monolithes.

Blocs en équilibre : Il n'est pas rare de croiser sur les pentes ou au débouché des combes de volumineux blocs erratiques ou des écueils de pierre figés dans leur course par la végétation ou un changement de pente.</desc></wpt>
<wpt lat="43.740755" lon="6.178585"><ele>584.13</ele><name>Vue sur le lac</name><desc>Le lac de Sainte-Croix n’est pas un lac naturel : c’est une retenue artificielle créée par la construction du barrage de Sainte-Croix sur le Verdon.

Le barrage a été construit à partir de 1971 et mis en eau en 1973, principalement pour produire de l’électricité hydroélectrique et réguler les ressources en eau du Verdon. La retenue a noyé l’ancien fond de la vallée sur plusieurs kilomètres, ainsi que le village de Les Salles-sur-Verdon, qui a été entièrement reconstruit sur les hauteurs.</desc></wpt>
<wpt lat="43.7407367" lon="6.17855"><ele>592.53</ele><name>Les Salles sur Verdon</name><desc>Le nouveau village des Salles-sur-Verdon a été entièrement construit dans les années 1970, sur les hauteurs, avant la mise en eau du lac de Sainte-Croix. Il remplace l’ancien village, englouti en 1973 avec la vallée du Verdon. Le déplacement ne fut pas une simple opération immobilière : rues, mairie, église, commerces et habitations furent reconstruits selon un nouveau plan d’urbanisme. Le village actuel constitue ainsi un exemple remarquable de village déplacé, dont l’organisation contemporaine conserve pourtant la mémoire de l’ancien site.</desc></wpt>
<wpt lat="43.7468383" lon="6.1845617"><ele>663.25</ele><name>Ventoux</name><desc>Vu de loin, le mont Ventoux se reconnaît à sa silhouette très individualisée : un vaste dôme calcaire culminant à 1 910 m, nettement détaché des reliefs environnants. Son sommet, largement dénudé, forme une calotte blanchâtre particulièrement visible à distance, contrastant avec les versants boisés. Cette apparence résulte notamment de l’affleurement de calcaires très résistants et de l’action du gel sur les hauteurs. La blancheur sommitale, presque minérale, lui vaut son aspect caractéristique de « montagne pelée ».</desc></wpt>
<wpt lat="43.7529683" lon="6.1839667"><ele>650.79</ele><name>Aiguines</name><desc>Cette barre est un relief structural constitué principalement de calcaires jurassiques, correspondant aux puissantes séries calcaires du plateau de Canjuers et de ses bordures. L’érosion a dégagé cette barre plus résistante, tandis que les couches moins compétentes ont été davantage entaillées. Son relief marqué est également contrôlé par la tectonique provençale, qui a redressé et fracturé les bancs calcaires.</desc></wpt>
<wpt lat="43.7529683" lon="6.1839667"><ele>650.79</ele><name>Chapelle St Michel de Cousson</name><desc>Dans le lointain, le Cousson, la montagne emblématique de Digne-les-Bains, culminant à 1 516 m. Sa silhouette massive et légèrement dissymétrique correspond bien à celle visible sur votre cliché.

La chapelle Saint-Michel-du-Cousson est bien associée à ce relief : elle est implantée sur un éperon rocheux, à environ 1 516 m, au bord d'une falaise, sur le versant méridional du massif. Elle domine notamment les vallées de l'Asse, de la Bléone et des Eaux-Chaudes.</desc></wpt>
<wpt lat="43.753945" lon="6.2097067"><ele>505.02</ele><name>Des V à l'envers</name><desc>Les strates géologiques plissées : Les massifs calcaires de la région se sont formés par l'accumulation de sédiments marins au fil des millions d'années, avant d'être plissés et fracturés par les mouvements tectoniques alpin. Lorsque ces couches rocheuses inclinées sont recoupées par l'érosion (creusement de ravins, ruissellement des eaux de pluie), elles font apparaître des affleurements en relief qui dessinent naturellement des lignes brisées en forme de V.</desc></wpt>
<wpt lat="43.7550167" lon="6.210148300000001"><ele>492.76</ele><name>Château d'Aiguines</name><desc>Érigé dès le XIe siècle sous le nom de Castrum de Aquina, le site passe successivement des mains de l'abbaye Saint-Victor de Marseille à celles des célèbres familles des Baux, de Blacas et de Sabran. Au début du XVIIe siècle, le seigneur Balthazar de Gauthier métamorphose la vieille bastide fortifiée en une élégante demeure de style Renaissance. Ses quatre tours d'angle, coiffées de tuiles vernissées aux éclats polychromes, dominent aujourd'hui majestueusement le lac de Sainte-Croix.</desc></wpt>
<wpt lat="43.758375" lon="6.1941067"><ele>481.89</ele><name>Baigneurs</name><desc>Le lac de Sainte-Croix constitue l'un des plans d'eau de ravitaillement majeurs pour les avions bombardiers d'eau (notamment les Canadair CL-415 de la Sécurité civile) lors des incendies estivaux qui menacent le Var et les départements limitrophes. Grâce à sa vaste étendue et à ses calanques ou lignes droites dégagées, il permet aux appareils de se poser virtuellement sur l'eau pour écoper.</desc></wpt>
<wpt lat="43.7565433" lon="6.180308300000001"><ele>491.0099999999999</ele><name>Descente</name><desc>Juillet et août — 22 °C à 25 °C : C'est le pic de chaleur de l'année. La température est idéale et comparable à celle de la Méditerranée.  Septembre — 20 °C à 22 °C : Grâce à l'inertie thermique, l'eau reste chaude et très accueillante, constituant souvent le meilleur mois pour profiter du lac au calme.  </desc></wpt>
<wpt lat="43.7564967" lon="6.1801683"><ele>488.6999999999999</ele><name>Le lac</name><desc>Aimant touristique majeur du Verdon, le lac de Sainte-Croix attire chaque été des milliers de visiteurs en quête de nature et d'évasion. Entre farniente sur ses plages de sable, balades en pédalo à l'entrée des spectaculaires gorges et flâneries dans les villages perchés de Bauduen ou Sainte-Croix, le site conjugue loisirs nautiques et panoramas grandioses. Cette forte affluence estivale impose toutefois des défis de préservation pour protéger cet écosystème fragile et ses eaux turquoise.</desc></wpt>
<wpt lat="43.7552733" lon="6.1794"><ele>476.1299999999999</ele><name>Canot</name><desc>Les Salles-sur-Verdon et Bauduen : Idéal pour louer des embarcations et explorer les rives sauvages, les criques isolées et l'immensité turquoise du lac en toute quiétude.</desc></wpt>
<wpt lat="43.7533017" lon="6.178265"><ele>479.3</ele><name>Paddle</name><desc>Le Lac de Sainte-Croix offre un terrain de jeu exceptionnel pour la pratique du Stand-Up Paddle (SUP), permettant d'évoluer au plus près de ses eaux turquoise et de s'aventurer dans des recoins inaccessibles aux plus grosses embarcations.

Les meilleurs spots de départ : Le secteur du Pont du Galetas est idéal pour glisser à l'entrée des gorges du Verdon entre de gigantesques falaises calcaires. Pour plus de calme et de grands espaces, les bases nautiques installées aux Salles-sur-Verdon, à Bauduen ou sur les rives de Sainte-Croix-du-Verdon permettent de longer tranquillement les plages.</desc></wpt>
<wpt lat="43.7513367" lon="6.178215000000001"><ele>480.89</ele><name>Falaise</name><desc>Les roches qui composent les falaises dominant Bauduen et le lac de Sainte-Croix sont principalement des calcaires datant du Jurassique supérieur, formés il y a environ 140 à 160 millions d'années.

Ces strates calcaires massives se sont déposées à l'origine dans des mers chaudes et peu profondes, avant d'être plissées et surélevées lors de la formation de la chaîne des Alpes.</desc></wpt>
<wpt lat="43.743555" lon="6.1755783"><ele>478.85</ele><name>Plage</name><desc>Il est tout à fait possible de se baigner sur les plages bordant Bauduen, notamment au niveau de la Plage de Bauduen, qui s'étend directement au pied du village.

Cadre et aménagements : Cette plage de graviers et de galets offre un accès direct aux eaux limpides et turquoise du lac de Sainte-Croix, dans un cadre préservé face aux massifs environnants.

Activités nautiques : C'est un point de départ idéal pour la baignade mais aussi pour louer des pédalos, des canoës ou des paddles afin de longer les rives sauvages du lac.

</desc></wpt>
<wpt lat="43.7381867" lon="6.17229"><ele>474.1</ele><name>Rocher et voilier</name><desc>Le Lac de Sainte-Croix offre un plan d'eau idéal et de belles conditions aérologiques pour la pratique de la voile, qu'il s'agisse de dériveur, de catamaran, de planche à voile ou de wingfoil.

Les conditions de vent : Les thermes réguliers qui s'établissent en cours de journée (notamment l'après-midi) garantissent des brises bien établies, idéales pour naviguer en toute sécurité tout en profitant des paysages spectaculaires du Haut-Var.</desc></wpt>
<wpt lat="43.7334483" lon="6.1757517"><ele>486.9599999999999</ele><name>Arrivée</name><desc>Grande randonnée
Heure de départ: 08:59 6 sept. 2026
Heure d'arrivée: 16:38 6 sept. 2026
Distance: 15,2km 
Temps déplacement: 04:30
Vitesse moyenne: 1,98 km/h
Vitesse en mouvement: 3,37 km/h
Vitesse Max.: 13,45 km/h
Altitude minimale: 469 m
Altitude maximale: 714 m
Vitesse de montée: 458,7 m/h
Vitesse de descente: 178,3 m/h
Dénivelé positif: 383 m
Dénivelé négatif: 388 m
Temps de montée: 00:50
Temps de descente: 02:10

</desc></wpt>
<trk><name>2026-09-06_Bauduen</name><trkseg>
<trkpt lat="43.732245" lon="6.177076699999999"><ele>486.61</ele></trkpt>
<trkpt lat="43.732245" lon="6.177076699999999"><ele>486.61</ele></trkpt>
<trkpt lat="43.7322917" lon="6.177075000000001"><ele>484.23</ele></trkpt>
<trkpt lat="43.7323183" lon="6.1770583"><ele>482.7499999999999</ele></trkpt>
<trkpt lat="43.7323467" lon="6.177031699999999"><ele>482.45</ele></trkpt>
<trkpt lat="43.7323683" lon="6.1770083"><ele>482.57</ele></trkpt>
<trkpt lat="43.7324017" lon="6.1770017"><ele>483.15</ele></trkpt>
<trkpt lat="43.7324333" lon="6.17701"><ele>483.2099999999999</ele></trkpt>
<trkpt lat="43.7324617" lon="6.1770233"><ele>483.2099999999999</ele></trkpt>
<trkpt lat="43.7324867" lon="6.1770533"><ele>483.33</ele></trkpt>
<trkpt lat="43.73252" lon="6.177065000000001"><ele>483.2099999999999</ele></trkpt>
<trkpt lat="43.732555" lon="6.1770733"><ele>483.05</ele></trkpt>
<trkpt lat="43.7325867" lon="6.1770667"><ele>482.84</ele></trkpt>
<trkpt lat="43.73262" lon="6.1770567"><ele>482.82</ele></trkpt>
<trkpt lat="43.73265" lon="6.177055"><ele>482.74</ele></trkpt>
<trkpt lat="43.732685" lon="6.1770517"><ele>482.31</ele></trkpt>
<trkpt lat="43.7327217" lon="6.177041699999999"><ele>482.21</ele></trkpt>
<trkpt lat="43.7327533" lon="6.1770367"><ele>482.1200000000001</ele></trkpt>
<trkpt lat="43.7327817" lon="6.177031699999999"><ele>481.85</ele></trkpt>
<trkpt lat="43.7328167" lon="6.1770217"><ele>481.8299999999999</ele></trkpt>
<trkpt lat="43.7328483" lon="6.1770133"><ele>481.81</ele></trkpt>
<trkpt lat="43.7328783" lon="6.1770083"><ele>482.06</ele></trkpt>
<trkpt lat="43.73291" lon="6.17701"><ele>482.3</ele></trkpt>
<trkpt lat="43.7329367" lon="6.1770033"><ele>482.92</ele></trkpt>
<trkpt lat="43.7329683" lon="6.176996699999999"><ele>484.21</ele></trkpt>
<trkpt lat="43.7329367" lon="6.1770017"><ele>486.28</ele></trkpt>
<trkpt lat="43.7329" lon="6.17699"><ele>488.0899999999999</ele></trkpt>
<trkpt lat="43.7328817" lon="6.1770283"><ele>488.48</ele></trkpt>
<trkpt lat="43.73286" lon="6.177055"><ele>488.67</ele></trkpt>
<trkpt lat="43.73285" lon="6.177020000000001"><ele>488.42</ele></trkpt>
<trkpt lat="43.732875" lon="6.176996699999999"><ele>488.32</ele></trkpt>
<trkpt lat="43.7329017" lon="6.1769767"><ele>488.27</ele></trkpt>
<trkpt lat="43.73293" lon="6.1769483"><ele>488.63</ele></trkpt>
<trkpt lat="43.7329517" lon="6.1769217"><ele>489.24</ele></trkpt>
<trkpt lat="43.7329717" lon="6.176883300000001"><ele>489.8199999999999</ele></trkpt>
<trkpt lat="43.732985" lon="6.1768467"><ele>490.1299999999999</ele></trkpt>
<trkpt lat="43.7329933" lon="6.1768017"><ele>490.56</ele></trkpt>
<trkpt lat="43.7329867" lon="6.176756699999999"><ele>490.9599999999999</ele></trkpt>
<trkpt lat="43.7329917" lon="6.1767067"><ele>491.0099999999999</ele></trkpt>
<trkpt lat="43.7330017" lon="6.1766717"><ele>491.1</ele></trkpt>
<trkpt lat="43.7330083" lon="6.176623299999999"><ele>490.6899999999999</ele></trkpt>
<trkpt lat="43.733015" lon="6.176585000000001"><ele>490.26</ele></trkpt>
<trkpt lat="43.733025" lon="6.176545"><ele>489.67</ele></trkpt>
<trkpt lat="43.7330467" lon="6.1765217"><ele>489.28</ele></trkpt>
<trkpt lat="43.7330617" lon="6.17648"><ele>488.9599999999999</ele></trkpt>
<trkpt lat="43.733075" lon="6.176445"><ele>488.54</ele></trkpt>
<trkpt lat="43.733105" lon="6.176426699999999"><ele>488.61</ele></trkpt>
<trkpt lat="43.7331317" lon="6.1764117"><ele>488.1899999999999</ele></trkpt>
<trkpt lat="43.733165" lon="6.1764333"><ele>487.48</ele></trkpt>
<trkpt lat="43.733195" lon="6.176435"><ele>487.38</ele></trkpt>
<trkpt lat="43.733215" lon="6.17647"><ele>488</ele></trkpt>
<trkpt lat="43.7332367" lon="6.1765"><ele>489.0099999999999</ele></trkpt>
<trkpt lat="43.7332433" lon="6.17646"><ele>491.12</ele></trkpt>
<trkpt lat="43.7332617" lon="6.1764317"><ele>491.73</ele></trkpt>
<trkpt lat="43.7332767" lon="6.1763883"><ele>492.25</ele></trkpt>
<trkpt lat="43.7332817" lon="6.176348300000001"><ele>492.6</ele></trkpt>
<trkpt lat="43.7333117" lon="6.176346700000001"><ele>493.36</ele></trkpt>
<trkpt lat="43.7332817" lon="6.1763967"><ele>493.77</ele></trkpt>
<trkpt lat="43.7332683" lon="6.176435"><ele>493.54</ele></trkpt>
<trkpt lat="43.7332467" lon="6.1764833"><ele>493.25</ele></trkpt>
<trkpt lat="43.733225" lon="6.1765133"><ele>493.12</ele></trkpt>
<trkpt lat="43.733225" lon="6.1765617"><ele>493.02</ele></trkpt>
<trkpt lat="43.73323" lon="6.176609999999999"><ele>492.94</ele></trkpt>
<trkpt lat="43.73324" lon="6.176658299999999"><ele>493.08</ele></trkpt>
<trkpt lat="43.7332417" lon="6.1766983"><ele>493.2</ele></trkpt>
<trkpt lat="43.733255" lon="6.176735000000001"><ele>493.66</ele></trkpt>
<trkpt lat="43.73327" lon="6.176775"><ele>494.1299999999999</ele></trkpt>
<trkpt lat="43.7332983" lon="6.1767783"><ele>494.6</ele></trkpt>
<trkpt lat="43.733325" lon="6.1767533"><ele>495.0400000000001</ele></trkpt>
<trkpt lat="43.7333517" lon="6.17673"><ele>495.99</ele></trkpt>
<trkpt lat="43.7333633" lon="6.1766933"><ele>496.6899999999999</ele></trkpt>
<trkpt lat="43.733385" lon="6.176668299999999"><ele>497.02</ele></trkpt>
<trkpt lat="43.73342" lon="6.1766733"><ele>497.08</ele></trkpt>
<trkpt lat="43.7334533" lon="6.1766817"><ele>497.8299999999999</ele></trkpt>
<trkpt lat="43.73347" lon="6.1766467"><ele>500.11</ele></trkpt>
<trkpt lat="43.73348" lon="6.176611699999999"><ele>500.41</ele></trkpt>
<trkpt lat="43.7334883" lon="6.1765633"><ele>501.25</ele></trkpt>
<trkpt lat="43.7334983" lon="6.176525"><ele>501.5600000000001</ele></trkpt>
<trkpt lat="43.73351" lon="6.17649"><ele>501.7799999999999</ele></trkpt>
<trkpt lat="43.7335117" lon="6.1764433"><ele>502.49</ele></trkpt>
<trkpt lat="43.7335283" lon="6.176405000000001"><ele>502.84</ele></trkpt>
<trkpt lat="43.7335583" lon="6.1764"><ele>503.9299999999999</ele></trkpt>
<trkpt lat="43.7336017" lon="6.176418299999999"><ele>505.05</ele></trkpt>
<trkpt lat="43.7336417" lon="6.17641"><ele>505.5199999999999</ele></trkpt>
<trkpt lat="43.733675" lon="6.1764067"><ele>505.7799999999999</ele></trkpt>
<trkpt lat="43.7337067" lon="6.1764033"><ele>506.1399999999999</ele></trkpt>
<trkpt lat="43.733735" lon="6.176401700000001"><ele>506.58</ele></trkpt>
<trkpt lat="43.7337467" lon="6.176365"><ele>507.14</ele></trkpt>
<trkpt lat="43.7337617" lon="6.176324999999999"><ele>507.4</ele></trkpt>
<trkpt lat="43.7337733" lon="6.17629"><ele>508.03</ele></trkpt>
<trkpt lat="43.73379" lon="6.176245"><ele>510.1799999999999</ele></trkpt>
<trkpt lat="43.7338117" lon="6.1762167"><ele>511.05</ele></trkpt>
<trkpt lat="43.7338333" lon="6.1761733"><ele>511.98</ele></trkpt>
<trkpt lat="43.7338417" lon="6.176133299999999"><ele>513.79</ele></trkpt>
<trkpt lat="43.73384" lon="6.176085"><ele>515.02</ele></trkpt>
<trkpt lat="43.733835" lon="6.1760383"><ele>515.54</ele></trkpt>
<trkpt lat="43.7338383" lon="6.17599"><ele>516.21</ele></trkpt>
<trkpt lat="43.733835" lon="6.1759417"><ele>516.83</ele></trkpt>
<trkpt lat="43.733835" lon="6.175891699999999"><ele>517.46</ele></trkpt>
<trkpt lat="43.73384" lon="6.1758433"><ele>517.9</ele></trkpt>
<trkpt lat="43.7338667" lon="6.1758717"><ele>514.95</ele></trkpt>
<trkpt lat="43.7338683" lon="6.1759133"><ele>513.58</ele></trkpt>
<trkpt lat="43.733845" lon="6.1759483"><ele>513.54</ele></trkpt>
<trkpt lat="43.7338433" lon="6.1759917"><ele>513.54</ele></trkpt>
<trkpt lat="43.7338417" lon="6.1760367"><ele>513.34</ele></trkpt>
<trkpt lat="43.7338383" lon="6.1760767"><ele>512.91</ele></trkpt>
<trkpt lat="43.7338483" lon="6.176125"><ele>512.16</ele></trkpt>
<trkpt lat="43.7338567" lon="6.1761617"><ele>511.85</ele></trkpt>
<trkpt lat="43.7338717" lon="6.176205"><ele>511.13</ele></trkpt>
<trkpt lat="43.7338867" lon="6.1762417"><ele>510.68</ele></trkpt>
<trkpt lat="43.7338917" lon="6.1762867"><ele>510.59</ele></trkpt>
<trkpt lat="43.7338767" lon="6.176328299999999"><ele>510.35</ele></trkpt>
<trkpt lat="43.7338533" lon="6.1763683"><ele>510.1899999999999</ele></trkpt>
<trkpt lat="43.73384" lon="6.17641"><ele>510.38</ele></trkpt>
<trkpt lat="43.73384" lon="6.1764533"><ele>510.83</ele></trkpt>
<trkpt lat="43.7338233" lon="6.1764883"><ele>511.5</ele></trkpt>
<trkpt lat="43.7338117" lon="6.1765233"><ele>512.34</ele></trkpt>
<trkpt lat="43.7338167" lon="6.1765667"><ele>513.17</ele></trkpt>
<trkpt lat="43.7337883" lon="6.1765717"><ele>512.94</ele></trkpt>
<trkpt lat="43.7338167" lon="6.1765617"><ele>513.17</ele></trkpt>
<trkpt lat="43.73384" lon="6.1765817"><ele>511.92</ele></trkpt>
<trkpt lat="43.7338017" lon="6.176540000000001"><ele>516.75</ele></trkpt>
<trkpt lat="43.73381" lon="6.176495000000001"><ele>517.34</ele></trkpt>
<trkpt lat="43.7338217" lon="6.1764433"><ele>516.99</ele></trkpt>
<trkpt lat="43.733835" lon="6.1764033"><ele>516.3</ele></trkpt>
<trkpt lat="43.73385" lon="6.176371699999999"><ele>516.08</ele></trkpt>
<trkpt lat="43.7338533" lon="6.1763217"><ele>514.69</ele></trkpt>
<trkpt lat="43.7338483" lon="6.176269999999999"><ele>512.94</ele></trkpt>
<trkpt lat="43.7338417" lon="6.17623"><ele>512.51</ele></trkpt>
<trkpt lat="43.7338267" lon="6.1761983"><ele>512.82</ele></trkpt>
<trkpt lat="43.733825" lon="6.176145"><ele>512.2</ele></trkpt>
<trkpt lat="43.7338183" lon="6.176105"><ele>511.6</ele></trkpt>
<trkpt lat="43.7338333" lon="6.1760717"><ele>509.44</ele></trkpt>
<trkpt lat="43.7338633" lon="6.17607"><ele>508.1899999999999</ele></trkpt>
<trkpt lat="43.7338867" lon="6.1761"><ele>507.65</ele></trkpt>
<trkpt lat="43.7339117" lon="6.176120000000001"><ele>507.3199999999999</ele></trkpt>
<trkpt lat="43.7339417" lon="6.1761183"><ele>506.98</ele></trkpt>
<trkpt lat="43.7339667" lon="6.1760967"><ele>506.84</ele></trkpt>
<trkpt lat="43.7339933" lon="6.176088299999999"><ele>506.55</ele></trkpt>
<trkpt lat="43.7340233" lon="6.1761"><ele>506.82</ele></trkpt>
<trkpt lat="43.7340383" lon="6.17614"><ele>508.97</ele></trkpt>
<trkpt lat="43.7340783" lon="6.1761167"><ele>512.48</ele></trkpt>
<trkpt lat="43.734105" lon="6.1760483"><ele>516.01</ele></trkpt>
<trkpt lat="43.734085" lon="6.1760217"><ele>516.54</ele></trkpt>
<trkpt lat="43.7341167" lon="6.1760367"><ele>516.32</ele></trkpt>
<trkpt lat="43.7341467" lon="6.176063300000001"><ele>516.06</ele></trkpt>
<trkpt lat="43.7341633" lon="6.176029999999999"><ele>514.86</ele></trkpt>
<trkpt lat="43.7341417" lon="6.1760017"><ele>514.3</ele></trkpt>
<trkpt lat="43.7341683" lon="6.176018300000001"><ele>513.4</ele></trkpt>
<trkpt lat="43.7342167" lon="6.176085"><ele>513</ele></trkpt>
<trkpt lat="43.7342333" lon="6.176120000000001"><ele>512.6</ele></trkpt>
<trkpt lat="43.7342367" lon="6.176165000000001"><ele>512.2</ele></trkpt>
<trkpt lat="43.7342567" lon="6.1762017"><ele>510.9999999999999</ele></trkpt>
<trkpt lat="43.7342817" lon="6.1762267"><ele>510.69</ele></trkpt>
<trkpt lat="43.7342933" lon="6.1762867"><ele>510.23</ele></trkpt>
<trkpt lat="43.7343183" lon="6.176313300000001"><ele>509.3099999999999</ele></trkpt>
<trkpt lat="43.7343267" lon="6.1762717"><ele>508.23</ele></trkpt>
<trkpt lat="43.734315" lon="6.1762283"><ele>507.94</ele></trkpt>
<trkpt lat="43.7343067" lon="6.1761417"><ele>507.29</ele></trkpt>
<trkpt lat="43.7342233" lon="6.1761867"><ele>506.55</ele></trkpt>
<trkpt lat="43.7341183" lon="6.176131699999999"><ele>506.24</ele></trkpt>
<trkpt lat="43.7340867" lon="6.1761033"><ele>505.94</ele></trkpt>
<trkpt lat="43.7340567" lon="6.1761233"><ele>505.64</ele></trkpt>
<trkpt lat="43.7341183" lon="6.1760983"><ele>505.41</ele></trkpt>
<trkpt lat="43.7341483" lon="6.17608"><ele>505.48</ele></trkpt>
<trkpt lat="43.73416" lon="6.17601"><ele>506.41</ele></trkpt>
<trkpt lat="43.73417" lon="6.175971700000001"><ele>506.93</ele></trkpt>
<trkpt lat="43.73418" lon="6.1759333"><ele>507.86</ele></trkpt>
<trkpt lat="43.7341933" lon="6.1758983"><ele>507.3199999999999</ele></trkpt>
<trkpt lat="43.734195" lon="6.1758567"><ele>507.24</ele></trkpt>
<trkpt lat="43.734235" lon="6.1758"><ele>510.33</ele></trkpt>
<trkpt lat="43.734285" lon="6.1758717"><ele>511.33</ele></trkpt>
<trkpt lat="43.734285" lon="6.1759233"><ele>510.9599999999999</ele></trkpt>
<trkpt lat="43.7342583" lon="6.1759433"><ele>510.63</ele></trkpt>
<trkpt lat="43.7342283" lon="6.1759183"><ele>510.34</ele></trkpt>
<trkpt lat="43.7341933" lon="6.175904999999999"><ele>509.98</ele></trkpt>
<trkpt lat="43.7341667" lon="6.175849999999999"><ele>509.66</ele></trkpt>
<trkpt lat="43.734165" lon="6.1759033"><ele>509.19</ele></trkpt>
<trkpt lat="43.7342133" lon="6.1760133"><ele>508.89</ele></trkpt>
<trkpt lat="43.73422" lon="6.1759683"><ele>508.0899999999999</ele></trkpt>
<trkpt lat="43.7341917" lon="6.175926700000001"><ele>507.79</ele></trkpt>
<trkpt lat="43.7341517" lon="6.175925000000001"><ele>506.94</ele></trkpt>
<trkpt lat="43.734175" lon="6.1759567"><ele>504.37</ele></trkpt>
<trkpt lat="43.7341983" lon="6.1760133"><ele>504</ele></trkpt>
<trkpt lat="43.73422" lon="6.176041699999999"><ele>503.6</ele></trkpt>
<trkpt lat="43.7341933" lon="6.1760233"><ele>502.9</ele></trkpt>
<trkpt lat="43.73417" lon="6.175975"><ele>502.66</ele></trkpt>
<trkpt lat="43.7342267" lon="6.176029999999999"><ele>502.67</ele></trkpt>
<trkpt lat="43.73421" lon="6.176063300000001"><ele>503.42</ele></trkpt>
<trkpt lat="43.7342033" lon="6.176026700000001"><ele>503.92</ele></trkpt>
<trkpt lat="43.7342067" lon="6.1761167"><ele>505.41</ele></trkpt>
<trkpt lat="43.734195" lon="6.176151700000001"><ele>505.65</ele></trkpt>
<trkpt lat="43.73423" lon="6.176155000000001"><ele>505.02</ele></trkpt>
<trkpt lat="43.7342817" lon="6.1761183"><ele>503.91</ele></trkpt>
<trkpt lat="43.73423" lon="6.176179999999999"><ele>505.51</ele></trkpt>
<trkpt lat="43.7343283" lon="6.176234999999999"><ele>516.19</ele></trkpt>
<trkpt lat="43.7343633" lon="6.1762467"><ele>520.88</ele></trkpt>
<trkpt lat="43.73439" lon="6.1762633"><ele>523.53</ele></trkpt>
<trkpt lat="43.73443" lon="6.176258300000001"><ele>526.48</ele></trkpt>
<trkpt lat="43.7344683" lon="6.1762533"><ele>527.39</ele></trkpt>
<trkpt lat="43.7344983" lon="6.176258300000001"><ele>528.91</ele></trkpt>
<trkpt lat="43.7345233" lon="6.1762733"><ele>529.69</ele></trkpt>
<trkpt lat="43.734555" lon="6.176305"><ele>531.89</ele></trkpt>
<trkpt lat="43.7345783" lon="6.176324999999999"><ele>532.88</ele></trkpt>
<trkpt lat="43.7346067" lon="6.17634"><ele>534.69</ele></trkpt>
<trkpt lat="43.7346367" lon="6.176324999999999"><ele>535.74</ele></trkpt>
<trkpt lat="43.73467" lon="6.1763233"><ele>536.6</ele></trkpt>
<trkpt lat="43.734725" lon="6.176324999999999"><ele>538.46</ele></trkpt>
<trkpt lat="43.7347533" lon="6.176295"><ele>539.99</ele></trkpt>
<trkpt lat="43.7347683" lon="6.1762617"><ele>540.93</ele></trkpt>
<trkpt lat="43.7347883" lon="6.1762283"><ele>541.46</ele></trkpt>
<trkpt lat="43.7348167" lon="6.176213300000001"><ele>543.31</ele></trkpt>
<trkpt lat="43.7348433" lon="6.1761917"><ele>544.46</ele></trkpt>
<trkpt lat="43.7348683" lon="6.1761733"><ele>545.07</ele></trkpt>
<trkpt lat="43.7348817" lon="6.17614"><ele>545.49</ele></trkpt>
<trkpt lat="43.7348983" lon="6.17611"><ele>545.97</ele></trkpt>
<trkpt lat="43.7349083" lon="6.17607"><ele>546.27</ele></trkpt>
<trkpt lat="43.7349317" lon="6.1760367"><ele>546.47</ele></trkpt>
<trkpt lat="43.7349567" lon="6.17601"><ele>546.58</ele></trkpt>
<trkpt lat="43.7349867" lon="6.1759883"><ele>546.88</ele></trkpt>
<trkpt lat="43.7350217" lon="6.1759633"><ele>547.27</ele></trkpt>
<trkpt lat="43.73505" lon="6.175945"><ele>547.44</ele></trkpt>
<trkpt lat="43.7350733" lon="6.1759233"><ele>547.55</ele></trkpt>
<trkpt lat="43.7351" lon="6.1759117"><ele>547.15</ele></trkpt>
<trkpt lat="43.7351217" lon="6.175883300000001"><ele>546.92</ele></trkpt>
<trkpt lat="43.735145" lon="6.17586"><ele>547.08</ele></trkpt>
<trkpt lat="43.7351467" lon="6.1758167"><ele>547.33</ele></trkpt>
<trkpt lat="43.7351567" lon="6.175775"><ele>547.4</ele></trkpt>
<trkpt lat="43.7351767" lon="6.1757467"><ele>547.34</ele></trkpt>
<trkpt lat="43.7351917" lon="6.175711699999999"><ele>546.67</ele></trkpt>
<trkpt lat="43.7352133" lon="6.175685"><ele>545.88</ele></trkpt>
<trkpt lat="43.7352417" lon="6.1756967"><ele>544.79</ele></trkpt>
<trkpt lat="43.7352583" lon="6.1756633"><ele>543.16</ele></trkpt>
<trkpt lat="43.7352967" lon="6.1756633"><ele>542.27</ele></trkpt>
<trkpt lat="43.7353283" lon="6.1756617"><ele>541.57</ele></trkpt>
<trkpt lat="43.7353567" lon="6.1756383"><ele>540.96</ele></trkpt>
<trkpt lat="43.7353717" lon="6.175606699999999"><ele>540.1</ele></trkpt>
<trkpt lat="43.7353767" lon="6.1755667"><ele>538.23</ele></trkpt>
<trkpt lat="43.7353683" lon="6.1755217"><ele>536.94</ele></trkpt>
<trkpt lat="43.7353633" lon="6.175481700000001"><ele>534.98</ele></trkpt>
<trkpt lat="43.7353833" lon="6.175455"><ele>532.91</ele></trkpt>
<trkpt lat="43.7354117" lon="6.1754533"><ele>532.11</ele></trkpt>
<trkpt lat="43.7354417" lon="6.1754517"><ele>531.38</ele></trkpt>
<trkpt lat="43.7354633" lon="6.175426699999999"><ele>529.77</ele></trkpt>
<trkpt lat="43.7354667" lon="6.1753817"><ele>528.3</ele></trkpt>
<trkpt lat="43.735495" lon="6.1753683"><ele>526.71</ele></trkpt>
<trkpt lat="43.735535" lon="6.1753717"><ele>525.9</ele></trkpt>
<trkpt lat="43.7355483" lon="6.17533"><ele>524.91</ele></trkpt>
<trkpt lat="43.735545" lon="6.1752917"><ele>524.62</ele></trkpt>
<trkpt lat="43.7355683" lon="6.175266699999999"><ele>524.41</ele></trkpt>
<trkpt lat="43.735555" lon="6.175233299999999"><ele>523.78</ele></trkpt>
<trkpt lat="43.73553" lon="6.175208300000001"><ele>522.21</ele></trkpt>
<trkpt lat="43.7355017" lon="6.175196700000001"><ele>521.58</ele></trkpt>
<trkpt lat="43.7354983" lon="6.1751533"><ele>520.64</ele></trkpt>
<trkpt lat="43.735475" lon="6.1751283"><ele>520.09</ele></trkpt>
<trkpt lat="43.735445" lon="6.1751133"><ele>519.49</ele></trkpt>
<trkpt lat="43.735415" lon="6.175118300000001"><ele>518.57</ele></trkpt>
<trkpt lat="43.7353883" lon="6.175108300000001"><ele>517</ele></trkpt>
<trkpt lat="43.7353733" lon="6.175074999999999"><ele>516.85</ele></trkpt>
<trkpt lat="43.73537" lon="6.1750333"><ele>516.16</ele></trkpt>
<trkpt lat="43.735345" lon="6.175018300000001"><ele>515.79</ele></trkpt>
<trkpt lat="43.7353283" lon="6.1749767"><ele>516.2</ele></trkpt>
<trkpt lat="43.7353267" lon="6.1749233"><ele>515.18</ele></trkpt>
<trkpt lat="43.7353317" lon="6.174875"><ele>514.36</ele></trkpt>
<trkpt lat="43.7353367" lon="6.1748283"><ele>513.44</ele></trkpt>
<trkpt lat="43.7353533" lon="6.1747967"><ele>512.79</ele></trkpt>
<trkpt lat="43.7353817" lon="6.1747617"><ele>512.08</ele></trkpt>
<trkpt lat="43.7354067" lon="6.1747283"><ele>510.86</ele></trkpt>
<trkpt lat="43.7354333" lon="6.1747067"><ele>509.66</ele></trkpt>
<trkpt lat="43.7354583" lon="6.1746783"><ele>508.9999999999999</ele></trkpt>
<trkpt lat="43.7354833" lon="6.174654999999999"><ele>508.68</ele></trkpt>
<trkpt lat="43.735515" lon="6.1746317"><ele>508.53</ele></trkpt>
<trkpt lat="43.7355467" lon="6.17461"><ele>508.07</ele></trkpt>
<trkpt lat="43.7355767" lon="6.1745867"><ele>507.56</ele></trkpt>
<trkpt lat="43.7356" lon="6.174565"><ele>507.12</ele></trkpt>
<trkpt lat="43.7356283" lon="6.1745533"><ele>506.4800000000001</ele></trkpt>
<trkpt lat="43.7356583" lon="6.1745333"><ele>505.74</ele></trkpt>
<trkpt lat="43.7356867" lon="6.1745217"><ele>505.19</ele></trkpt>
<trkpt lat="43.7357183" lon="6.1745133"><ele>504.95</ele></trkpt>
<trkpt lat="43.7357483" lon="6.1744967"><ele>504.46</ele></trkpt>
<trkpt lat="43.7357767" lon="6.1744833"><ele>504.32</ele></trkpt>
<trkpt lat="43.7358067" lon="6.17448"><ele>504.25</ele></trkpt>
<trkpt lat="43.7358367" lon="6.1744683"><ele>504.2200000000001</ele></trkpt>
<trkpt lat="43.7358667" lon="6.1744533"><ele>503.89</ele></trkpt>
<trkpt lat="43.7359033" lon="6.174445000000001"><ele>503.39</ele></trkpt>
<trkpt lat="43.735935" lon="6.174435000000001"><ele>502.86</ele></trkpt>
<trkpt lat="43.7359667" lon="6.174411699999999"><ele>502.8</ele></trkpt>
<trkpt lat="43.7359917" lon="6.174395"><ele>502.91</ele></trkpt>
<trkpt lat="43.73602" lon="6.1743767"><ele>503.0099999999999</ele></trkpt>
<trkpt lat="43.736045" lon="6.17436"><ele>502.85</ele></trkpt>
<trkpt lat="43.7360667" lon="6.1743367"><ele>502.3999999999999</ele></trkpt>
<trkpt lat="43.7360817" lon="6.1742983"><ele>501.77</ele></trkpt>
<trkpt lat="43.7361017" lon="6.1742483"><ele>501.46</ele></trkpt>
<trkpt lat="43.73613" lon="6.1742217"><ele>501.19</ele></trkpt>
<trkpt lat="43.736165" lon="6.174205"><ele>500.85</ele></trkpt>
<trkpt lat="43.7361983" lon="6.1741867"><ele>501.07</ele></trkpt>
<trkpt lat="43.7362267" lon="6.1741867"><ele>501.2</ele></trkpt>
<trkpt lat="43.7362617" lon="6.1741933"><ele>501.05</ele></trkpt>
<trkpt lat="43.7362917" lon="6.174195"><ele>500.95</ele></trkpt>
<trkpt lat="43.7363217" lon="6.17421"><ele>500.76</ele></trkpt>
<trkpt lat="43.73635" lon="6.1742133"><ele>500.72</ele></trkpt>
<trkpt lat="43.736375" lon="6.1741983"><ele>500.81</ele></trkpt>
<trkpt lat="43.7364083" lon="6.17419"><ele>500.55</ele></trkpt>
<trkpt lat="43.73644" lon="6.1741867"><ele>500.35</ele></trkpt>
<trkpt lat="43.7364717" lon="6.1741783"><ele>500.22</ele></trkpt>
<trkpt lat="43.7365067" lon="6.1741717"><ele>500.41</ele></trkpt>
<trkpt lat="43.7365417" lon="6.1741717"><ele>500.6</ele></trkpt>
<trkpt lat="43.736575" lon="6.17416"><ele>500.74</ele></trkpt>
<trkpt lat="43.7366117" lon="6.174150000000001"><ele>500.9999999999999</ele></trkpt>
<trkpt lat="43.7366433" lon="6.1741533"><ele>500.93</ele></trkpt>
<trkpt lat="43.736675" lon="6.174150000000001"><ele>500.66</ele></trkpt>
<trkpt lat="43.73671" lon="6.174155"><ele>500.36</ele></trkpt>
<trkpt lat="43.736745" lon="6.174155"><ele>500.2</ele></trkpt>
<trkpt lat="43.7367767" lon="6.1741517"><ele>500.4499999999999</ele></trkpt>
<trkpt lat="43.7368117" lon="6.1741567"><ele>500.84</ele></trkpt>
<trkpt lat="43.73684" lon="6.1741833"><ele>501.6299999999999</ele></trkpt>
<trkpt lat="43.7368567" lon="6.1742167"><ele>502.53</ele></trkpt>
<trkpt lat="43.7368667" lon="6.1742567"><ele>503.42</ele></trkpt>
<trkpt lat="43.7368667" lon="6.174295"><ele>504.1299999999999</ele></trkpt>
<trkpt lat="43.7368767" lon="6.174334999999999"><ele>504.86</ele></trkpt>
<trkpt lat="43.73688" lon="6.1743767"><ele>505.34</ele></trkpt>
<trkpt lat="43.7368833" lon="6.1744217"><ele>506.2</ele></trkpt>
<trkpt lat="43.7368733" lon="6.1744633"><ele>506.92</ele></trkpt>
<trkpt lat="43.7368683" lon="6.174501700000001"><ele>507.92</ele></trkpt>
<trkpt lat="43.73687" lon="6.1745467"><ele>508.72</ele></trkpt>
<trkpt lat="43.7368733" lon="6.174595000000001"><ele>509.7</ele></trkpt>
<trkpt lat="43.7368783" lon="6.174635"><ele>510.33</ele></trkpt>
<trkpt lat="43.736885" lon="6.174686700000001"><ele>510.42</ele></trkpt>
<trkpt lat="43.7369067" lon="6.1747117"><ele>510.88</ele></trkpt>
<trkpt lat="43.7369333" lon="6.1747183"><ele>511.21</ele></trkpt>
<trkpt lat="43.7369617" lon="6.1747217"><ele>511.8399999999999</ele></trkpt>
<trkpt lat="43.7369883" lon="6.1747383"><ele>512.51</ele></trkpt>
<trkpt lat="43.7370167" lon="6.1747617"><ele>513.18</ele></trkpt>
<trkpt lat="43.7370433" lon="6.1747733"><ele>513.45</ele></trkpt>
<trkpt lat="43.7370767" lon="6.174785"><ele>513.94</ele></trkpt>
<trkpt lat="43.7371033" lon="6.1747917"><ele>514.63</ele></trkpt>
<trkpt lat="43.7371367" lon="6.174799999999999"><ele>515.44</ele></trkpt>
<trkpt lat="43.7371683" lon="6.174801699999999"><ele>516.33</ele></trkpt>
<trkpt lat="43.7372" lon="6.174805"><ele>517.04</ele></trkpt>
<trkpt lat="43.7372367" lon="6.174805"><ele>517.48</ele></trkpt>
<trkpt lat="43.7372633" lon="6.174813299999999"><ele>517.69</ele></trkpt>
<trkpt lat="43.7372983" lon="6.174821700000001"><ele>518.08</ele></trkpt>
<trkpt lat="43.73733" lon="6.1748283"><ele>518.45</ele></trkpt>
<trkpt lat="43.7373567" lon="6.17484"><ele>518.78</ele></trkpt>
<trkpt lat="43.7373933" lon="6.1748417"><ele>519.08</ele></trkpt>
<trkpt lat="43.737425" lon="6.17485"><ele>519.38</ele></trkpt>
<trkpt lat="43.7374517" lon="6.174856699999999"><ele>520.04</ele></trkpt>
<trkpt lat="43.73748" lon="6.174865"><ele>520.48</ele></trkpt>
<trkpt lat="43.73751" lon="6.174885"><ele>520.88</ele></trkpt>
<trkpt lat="43.7375383" lon="6.174895"><ele>521.11</ele></trkpt>
<trkpt lat="43.7375667" lon="6.174904999999999"><ele>521.03</ele></trkpt>
<trkpt lat="43.7375933" lon="6.174915"><ele>520.89</ele></trkpt>
<trkpt lat="43.73762" lon="6.1749067"><ele>520.96</ele></trkpt>
<trkpt lat="43.7376517" lon="6.174901699999999"><ele>521.19</ele></trkpt>
<trkpt lat="43.73768" lon="6.174911700000001"><ele>521.31</ele></trkpt>
<trkpt lat="43.7377083" lon="6.17493"><ele>521.22</ele></trkpt>
<trkpt lat="43.737735" lon="6.1749417"><ele>521.03</ele></trkpt>
<trkpt lat="43.7377667" lon="6.1749417"><ele>520.92</ele></trkpt>
<trkpt lat="43.7377933" lon="6.1749783"><ele>519.88</ele></trkpt>
<trkpt lat="43.737815" lon="6.1750017"><ele>519.49</ele></trkpt>
<trkpt lat="43.7378433" lon="6.1750067"><ele>519.68</ele></trkpt>
<trkpt lat="43.7378767" lon="6.175018300000001"><ele>520.13</ele></trkpt>
<trkpt lat="43.7379067" lon="6.175018300000001"><ele>520.72</ele></trkpt>
<trkpt lat="43.737935" lon="6.1750367"><ele>521.09</ele></trkpt>
<trkpt lat="43.73796" lon="6.1750517"><ele>521.45</ele></trkpt>
<trkpt lat="43.7379883" lon="6.175071700000001"><ele>521.71</ele></trkpt>
<trkpt lat="43.73801" lon="6.1750967"><ele>522.31</ele></trkpt>
<trkpt lat="43.7380333" lon="6.1751217"><ele>523.16</ele></trkpt>
<trkpt lat="43.738055" lon="6.1751467"><ele>524.46</ele></trkpt>
<trkpt lat="43.7380783" lon="6.175178299999999"><ele>525.27</ele></trkpt>
<trkpt lat="43.7381033" lon="6.175206700000001"><ele>526.38</ele></trkpt>
<trkpt lat="43.7381317" lon="6.1752133"><ele>526.35</ele></trkpt>
<trkpt lat="43.738165" lon="6.175208300000001"><ele>526.32</ele></trkpt>
<trkpt lat="43.7381983" lon="6.1752033"><ele>526.49</ele></trkpt>
<trkpt lat="43.7382333" lon="6.175206700000001"><ele>526.98</ele></trkpt>
<trkpt lat="43.738265" lon="6.1752"><ele>527.7</ele></trkpt>
<trkpt lat="43.7382933" lon="6.1752183"><ele>528.12</ele></trkpt>
<trkpt lat="43.7383133" lon="6.1752467"><ele>528.38</ele></trkpt>
<trkpt lat="43.7383367" lon="6.1752767"><ele>529.04</ele></trkpt>
<trkpt lat="43.73834" lon="6.1753233"><ele>530.27</ele></trkpt>
<trkpt lat="43.7383217" lon="6.1753517"><ele>530.8</ele></trkpt>
<trkpt lat="43.7382967" lon="6.1753733"><ele>531.23</ele></trkpt>
<trkpt lat="43.7382733" lon="6.1753967"><ele>532.46</ele></trkpt>
<trkpt lat="43.7382733" lon="6.175435"><ele>532.97</ele></trkpt>
<trkpt lat="43.7383" lon="6.1754583"><ele>533.41</ele></trkpt>
<trkpt lat="43.7383283" lon="6.175473299999999"><ele>533.82</ele></trkpt>
<trkpt lat="43.7383533" lon="6.1754983"><ele>533.81</ele></trkpt>
<trkpt lat="43.7383583" lon="6.1755417"><ele>533.93</ele></trkpt>
<trkpt lat="43.7383833" lon="6.1755683"><ele>534.45</ele></trkpt>
<trkpt lat="43.73841" lon="6.1755767"><ele>535.26</ele></trkpt>
<trkpt lat="43.7384367" lon="6.175598300000001"><ele>535.97</ele></trkpt>
<trkpt lat="43.7384567" lon="6.1756333"><ele>536.57</ele></trkpt>
<trkpt lat="43.7384783" lon="6.1756667"><ele>537.15</ele></trkpt>
<trkpt lat="43.7385" lon="6.1756967"><ele>537.77</ele></trkpt>
<trkpt lat="43.73851" lon="6.175731700000001"><ele>538.58</ele></trkpt>
<trkpt lat="43.7385183" lon="6.17577"><ele>538.95</ele></trkpt>
<trkpt lat="43.7385433" lon="6.1757883"><ele>540.23</ele></trkpt>
<trkpt lat="43.7385633" lon="6.175815"><ele>540.68</ele></trkpt>
<trkpt lat="43.7385817" lon="6.175846699999999"><ele>541.08</ele></trkpt>
<trkpt lat="43.73861" lon="6.175866700000001"><ele>541.62</ele></trkpt>
<trkpt lat="43.7386417" lon="6.175875"><ele>541.62</ele></trkpt>
<trkpt lat="43.73867" lon="6.175880000000001"><ele>541.62</ele></trkpt>
<trkpt lat="43.7386933" lon="6.17591"><ele>541.85</ele></trkpt>
<trkpt lat="43.738715" lon="6.1759483"><ele>542.94</ele></trkpt>
<trkpt lat="43.7387217" lon="6.1759867"><ele>543.78</ele></trkpt>
<trkpt lat="43.7387267" lon="6.176029999999999"><ele>544.54</ele></trkpt>
<trkpt lat="43.7387317" lon="6.176075000000001"><ele>545.17</ele></trkpt>
<trkpt lat="43.7387467" lon="6.1761117"><ele>545.51</ele></trkpt>
<trkpt lat="43.7387567" lon="6.17616"><ele>545.98</ele></trkpt>
<trkpt lat="43.7387667" lon="6.1761983"><ele>546.22</ele></trkpt>
<trkpt lat="43.73877" lon="6.176238299999999"><ele>546.32</ele></trkpt>
<trkpt lat="43.7387617" lon="6.1762767"><ele>546.62</ele></trkpt>
<trkpt lat="43.7387533" lon="6.176313300000001"><ele>547.07</ele></trkpt>
<trkpt lat="43.7387433" lon="6.176355"><ele>547.49</ele></trkpt>
<trkpt lat="43.7387433" lon="6.176395"><ele>547.98</ele></trkpt>
<trkpt lat="43.738755" lon="6.1764333"><ele>548.47</ele></trkpt>
<trkpt lat="43.738775" lon="6.1764733"><ele>548.69</ele></trkpt>
<trkpt lat="43.738795" lon="6.176505"><ele>549.05</ele></trkpt>
<trkpt lat="43.7388133" lon="6.1765333"><ele>549.29</ele></trkpt>
<trkpt lat="43.7388317" lon="6.1765667"><ele>549.85</ele></trkpt>
<trkpt lat="43.738825" lon="6.1766033"><ele>550.11</ele></trkpt>
<trkpt lat="43.7388217" lon="6.1766533"><ele>549.31</ele></trkpt>
<trkpt lat="43.738845" lon="6.176685"><ele>549.02</ele></trkpt>
<trkpt lat="43.7388583" lon="6.1767283"><ele>549.41</ele></trkpt>
<trkpt lat="43.7388717" lon="6.176765"><ele>549.62</ele></trkpt>
<trkpt lat="43.7388817" lon="6.176804999999999"><ele>549.43</ele></trkpt>
<trkpt lat="43.7388867" lon="6.176849999999999"><ele>549.33</ele></trkpt>
<trkpt lat="43.7389" lon="6.1768867"><ele>548.94</ele></trkpt>
<trkpt lat="43.7389083" lon="6.1769233"><ele>548.92</ele></trkpt>
<trkpt lat="43.7389183" lon="6.176963300000001"><ele>549.11</ele></trkpt>
<trkpt lat="43.7389183" lon="6.17701"><ele>549.13</ele></trkpt>
<trkpt lat="43.73892" lon="6.1770517"><ele>549.61</ele></trkpt>
<trkpt lat="43.7389183" lon="6.1770917"><ele>549.79</ele></trkpt>
<trkpt lat="43.7389233" lon="6.17713"><ele>549.75</ele></trkpt>
<trkpt lat="43.7389333" lon="6.17717"><ele>549.73</ele></trkpt>
<trkpt lat="43.7389433" lon="6.1772083"><ele>549.89</ele></trkpt>
<trkpt lat="43.7389433" lon="6.1772517"><ele>550.71</ele></trkpt>
<trkpt lat="43.7389567" lon="6.17729"><ele>551.25</ele></trkpt>
<trkpt lat="43.738965" lon="6.177326699999999"><ele>552.6</ele></trkpt>
<trkpt lat="43.7389583" lon="6.1773667"><ele>553.38</ele></trkpt>
<trkpt lat="43.7389583" lon="6.177408300000001"><ele>553.78</ele></trkpt>
<trkpt lat="43.7389583" lon="6.177450000000001"><ele>554.38</ele></trkpt>
<trkpt lat="43.738975" lon="6.1774817"><ele>554.88</ele></trkpt>
<trkpt lat="43.7389883" lon="6.1775183"><ele>555.55</ele></trkpt>
<trkpt lat="43.738985" lon="6.1775583"><ele>555.92</ele></trkpt>
<trkpt lat="43.7389917" lon="6.1775967"><ele>556.41</ele></trkpt>
<trkpt lat="43.7389967" lon="6.17764"><ele>556.62</ele></trkpt>
<trkpt lat="43.739005" lon="6.177676700000001"><ele>556.89</ele></trkpt>
<trkpt lat="43.7390183" lon="6.1777117"><ele>557.32</ele></trkpt>
<trkpt lat="43.7390283" lon="6.1777517"><ele>557.67</ele></trkpt>
<trkpt lat="43.7390483" lon="6.177785"><ele>558.34</ele></trkpt>
<trkpt lat="43.7390667" lon="6.177815"><ele>559.65</ele></trkpt>
<trkpt lat="43.7390817" lon="6.1778467"><ele>560.37</ele></trkpt>
<trkpt lat="43.73911" lon="6.177865"><ele>561.01</ele></trkpt>
<trkpt lat="43.73914" lon="6.177875"><ele>562.07</ele></trkpt>
<trkpt lat="43.7391683" lon="6.177898299999999"><ele>562.22</ele></trkpt>
<trkpt lat="43.7391983" lon="6.177898299999999"><ele>562.59</ele></trkpt>
<trkpt lat="43.7392283" lon="6.177905"><ele>562.89</ele></trkpt>
<trkpt lat="43.73926" lon="6.1779133"><ele>563.3</ele></trkpt>
<trkpt lat="43.73929" lon="6.177925"><ele>563.88</ele></trkpt>
<trkpt lat="43.7393167" lon="6.17794"><ele>564.9</ele></trkpt>
<trkpt lat="43.73935" lon="6.177941699999999"><ele>566.27</ele></trkpt>
<trkpt lat="43.739375" lon="6.1779567"><ele>566.78</ele></trkpt>
<trkpt lat="43.73941" lon="6.17795"><ele>567.02</ele></trkpt>
<trkpt lat="43.7394417" lon="6.1779383"><ele>567.19</ele></trkpt>
<trkpt lat="43.7394683" lon="6.1779283"><ele>567.77</ele></trkpt>
<trkpt lat="43.7394983" lon="6.1779367"><ele>568.65</ele></trkpt>
<trkpt lat="43.7395233" lon="6.17796"><ele>569.32</ele></trkpt>
<trkpt lat="43.7395333" lon="6.178005"><ele>570.24</ele></trkpt>
<trkpt lat="43.7395333" lon="6.1780533"><ele>570.88</ele></trkpt>
<trkpt lat="43.739545" lon="6.1780917"><ele>571.77</ele></trkpt>
<trkpt lat="43.73956" lon="6.178123300000001"><ele>572.83</ele></trkpt>
<trkpt lat="43.7395817" lon="6.1781617"><ele>573.64</ele></trkpt>
<trkpt lat="43.7396033" lon="6.1781867"><ele>574.63</ele></trkpt>
<trkpt lat="43.7396283" lon="6.178201700000001"><ele>576.35</ele></trkpt>
<trkpt lat="43.739655" lon="6.1782183"><ele>576.72</ele></trkpt>
<trkpt lat="43.7396867" lon="6.178228299999999"><ele>577.19</ele></trkpt>
<trkpt lat="43.739715" lon="6.1782483"><ele>577.49</ele></trkpt>
<trkpt lat="43.73974" lon="6.178270000000001"><ele>577.79</ele></trkpt>
<trkpt lat="43.7397617" lon="6.1783017"><ele>578.09</ele></trkpt>
<trkpt lat="43.7397783" lon="6.1783367"><ele>578.39</ele></trkpt>
<trkpt lat="43.7398" lon="6.178365"><ele>578.69</ele></trkpt>
<trkpt lat="43.73981" lon="6.1784"><ele>579.45</ele></trkpt>
<trkpt lat="43.7398283" lon="6.1784317"><ele>580.98</ele></trkpt>
<trkpt lat="43.739845" lon="6.1784617"><ele>581.51</ele></trkpt>
<trkpt lat="43.7398717" lon="6.1784833"><ele>581.47</ele></trkpt>
<trkpt lat="43.7398967" lon="6.1784667"><ele>580.63</ele></trkpt>
<trkpt lat="43.739925" lon="6.178486700000001"><ele>579.51</ele></trkpt>
<trkpt lat="43.739955" lon="6.1785017"><ele>578.81</ele></trkpt>
<trkpt lat="43.739975" lon="6.1785467"><ele>578.12</ele></trkpt>
<trkpt lat="43.74001" lon="6.1785267"><ele>577.56</ele></trkpt>
<trkpt lat="43.7400433" lon="6.1785067"><ele>576.82</ele></trkpt>
<trkpt lat="43.740075" lon="6.178541700000001"><ele>575.91</ele></trkpt>
<trkpt lat="43.7400933" lon="6.178569999999999"><ele>575.12</ele></trkpt>
<trkpt lat="43.7401217" lon="6.1785833"><ele>573.15</ele></trkpt>
<trkpt lat="43.7401517" lon="6.1786067"><ele>572.18</ele></trkpt>
<trkpt lat="43.74018" lon="6.1786083"><ele>572.46</ele></trkpt>
<trkpt lat="43.7402083" lon="6.1786333"><ele>573.61</ele></trkpt>
<trkpt lat="43.7402333" lon="6.17865"><ele>574.78</ele></trkpt>
<trkpt lat="43.740265" lon="6.1786533"><ele>575.9</ele></trkpt>
<trkpt lat="43.740295" lon="6.178655"><ele>576.18</ele></trkpt>
<trkpt lat="43.7403283" lon="6.1786633"><ele>576.69</ele></trkpt>
<trkpt lat="43.74036" lon="6.1786733"><ele>576.83</ele></trkpt>
<trkpt lat="43.7403917" lon="6.178675"><ele>577.97</ele></trkpt>
<trkpt lat="43.7404217" lon="6.1786767"><ele>578.89</ele></trkpt>
<trkpt lat="43.74045" lon="6.1786883"><ele>579.38</ele></trkpt>
<trkpt lat="43.74048" lon="6.17869"><ele>579.69</ele></trkpt>
<trkpt lat="43.7405133" lon="6.1786783"><ele>579.99</ele></trkpt>
<trkpt lat="43.7405417" lon="6.1786767"><ele>580.02</ele></trkpt>
<trkpt lat="43.7405717" lon="6.178680000000001"><ele>580.12</ele></trkpt>
<trkpt lat="43.7406083" lon="6.1786783"><ele>580.58</ele></trkpt>
<trkpt lat="43.7406383" lon="6.1786783"><ele>581.34</ele></trkpt>
<trkpt lat="43.7406717" lon="6.1786783"><ele>582.34</ele></trkpt>
<trkpt lat="43.7406983" lon="6.178685"><ele>582.75</ele></trkpt>
<trkpt lat="43.7407267" lon="6.1786783"><ele>583.19</ele></trkpt>
<trkpt lat="43.740755" lon="6.178665"><ele>583.99</ele></trkpt>
<trkpt lat="43.7407633" lon="6.1785967"><ele>584.13</ele></trkpt>
<trkpt lat="43.7407383" lon="6.178543300000001"><ele>591.31</ele></trkpt>
<trkpt lat="43.7407983" lon="6.178614999999999"><ele>595.24</ele></trkpt>
<trkpt lat="43.7408233" lon="6.178600000000001"><ele>597.17</ele></trkpt>
<trkpt lat="43.7408517" lon="6.178603300000001"><ele>596.87</ele></trkpt>
<trkpt lat="43.7408783" lon="6.1785967"><ele>596.46</ele></trkpt>
<trkpt lat="43.740905" lon="6.178613299999999"><ele>596.24</ele></trkpt>
<trkpt lat="43.740935" lon="6.1786217"><ele>596.16</ele></trkpt>
<trkpt lat="43.7409683" lon="6.1786267"><ele>596.19</ele></trkpt>
<trkpt lat="43.741" lon="6.1786283"><ele>596.33</ele></trkpt>
<trkpt lat="43.7410317" lon="6.1786217"><ele>596.35</ele></trkpt>
<trkpt lat="43.7410617" lon="6.1786217"><ele>596.33</ele></trkpt>
<trkpt lat="43.7410917" lon="6.1786183"><ele>596.24</ele></trkpt>
<trkpt lat="43.7411183" lon="6.17861"><ele>596.13</ele></trkpt>
<trkpt lat="43.741145" lon="6.1785983"><ele>595.9</ele></trkpt>
<trkpt lat="43.7411767" lon="6.178588300000001"><ele>595.73</ele></trkpt>
<trkpt lat="43.7412083" lon="6.178588300000001"><ele>595.8</ele></trkpt>
<trkpt lat="43.7412433" lon="6.178595"><ele>595.92</ele></trkpt>
<trkpt lat="43.7412733" lon="6.1785967"><ele>595.86</ele></trkpt>
<trkpt lat="43.74131" lon="6.1785933"><ele>595.57</ele></trkpt>
<trkpt lat="43.7413433" lon="6.1785967"><ele>595.46</ele></trkpt>
<trkpt lat="43.741375" lon="6.178611699999999"><ele>595.36</ele></trkpt>
<trkpt lat="43.741395" lon="6.1786383"><ele>595.4</ele></trkpt>
<trkpt lat="43.74143" lon="6.178646699999999"><ele>595.78</ele></trkpt>
<trkpt lat="43.7414567" lon="6.178669999999999"><ele>595.86</ele></trkpt>
<trkpt lat="43.7414883" lon="6.178691700000001"><ele>595.73</ele></trkpt>
<trkpt lat="43.741515" lon="6.1787233"><ele>595.73</ele></trkpt>
<trkpt lat="43.741545" lon="6.17874"><ele>596.09</ele></trkpt>
<trkpt lat="43.74157" lon="6.1787667"><ele>596.42</ele></trkpt>
<trkpt lat="43.741585" lon="6.1788"><ele>596.52</ele></trkpt>
<trkpt lat="43.7415917" lon="6.178851699999999"><ele>597.14</ele></trkpt>
<trkpt lat="43.741595" lon="6.1788933"><ele>597.68</ele></trkpt>
<trkpt lat="43.7415917" lon="6.1789367"><ele>598.16</ele></trkpt>
<trkpt lat="43.7415783" lon="6.1789817"><ele>599</ele></trkpt>
<trkpt lat="43.741585" lon="6.1790183"><ele>599.56</ele></trkpt>
<trkpt lat="43.7416083" lon="6.179046699999999"><ele>599.96</ele></trkpt>
<trkpt lat="43.7416383" lon="6.179076700000001"><ele>600.2</ele></trkpt>
<trkpt lat="43.74167" lon="6.1791033"><ele>600.39</ele></trkpt>
<trkpt lat="43.7417" lon="6.179125000000001"><ele>600.43</ele></trkpt>
<trkpt lat="43.7417267" lon="6.179136699999999"><ele>600.34</ele></trkpt>
<trkpt lat="43.7417533" lon="6.179165"><ele>600.59</ele></trkpt>
<trkpt lat="43.7417817" lon="6.1791867"><ele>600.56</ele></trkpt>
<trkpt lat="43.7418067" lon="6.1792067"><ele>600.6</ele></trkpt>
<trkpt lat="43.74184" lon="6.17922"><ele>600.87</ele></trkpt>
<trkpt lat="43.741865" lon="6.1792367"><ele>601.26</ele></trkpt>
<trkpt lat="43.74189" lon="6.179263300000001"><ele>601.98</ele></trkpt>
<trkpt lat="43.741915" lon="6.1792933"><ele>602.42</ele></trkpt>
<trkpt lat="43.7419383" lon="6.179315"><ele>602.6</ele></trkpt>
<trkpt lat="43.7419667" lon="6.179333299999999"><ele>602.72</ele></trkpt>
<trkpt lat="43.741995" lon="6.179353300000001"><ele>602.82</ele></trkpt>
<trkpt lat="43.7420217" lon="6.1793833"><ele>602.74</ele></trkpt>
<trkpt lat="43.7420483" lon="6.1794"><ele>602.8</ele></trkpt>
<trkpt lat="43.7420767" lon="6.179425"><ele>602.83</ele></trkpt>
<trkpt lat="43.7421067" lon="6.17944"><ele>603.14</ele></trkpt>
<trkpt lat="43.7421317" lon="6.179466699999999"><ele>603.63</ele></trkpt>
<trkpt lat="43.7421517" lon="6.1794983"><ele>603.73</ele></trkpt>
<trkpt lat="43.7421733" lon="6.1795283"><ele>603.89</ele></trkpt>
<trkpt lat="43.742195" lon="6.17956"><ele>604.03</ele></trkpt>
<trkpt lat="43.742215" lon="6.179595"><ele>604.2</ele></trkpt>
<trkpt lat="43.7422333" lon="6.1796333"><ele>604.52</ele></trkpt>
<trkpt lat="43.7422583" lon="6.179649999999999"><ele>604.79</ele></trkpt>
<trkpt lat="43.7422867" lon="6.179655"><ele>604.92</ele></trkpt>
<trkpt lat="43.74232" lon="6.179659999999999"><ele>605.1</ele></trkpt>
<trkpt lat="43.7423483" lon="6.179661699999999"><ele>605.04</ele></trkpt>
<trkpt lat="43.7423767" lon="6.1796783"><ele>604.96</ele></trkpt>
<trkpt lat="43.7423983" lon="6.1797033"><ele>604.81</ele></trkpt>
<trkpt lat="43.7424233" lon="6.1797233"><ele>604.95</ele></trkpt>
<trkpt lat="43.742445" lon="6.179751699999999"><ele>604.65</ele></trkpt>
<trkpt lat="43.7424767" lon="6.179765"><ele>604.54</ele></trkpt>
<trkpt lat="43.742505" lon="6.1797883"><ele>604.34</ele></trkpt>
<trkpt lat="43.7425317" lon="6.179805"><ele>604.34</ele></trkpt>
<trkpt lat="43.7425617" lon="6.1798117"><ele>604.43</ele></trkpt>
<trkpt lat="43.74259" lon="6.179825"><ele>604.89</ele></trkpt>
<trkpt lat="43.74262" lon="6.179840000000001"><ele>605.2</ele></trkpt>
<trkpt lat="43.7426517" lon="6.1798517"><ele>605.6</ele></trkpt>
<trkpt lat="43.74268" lon="6.1798667"><ele>606.02</ele></trkpt>
<trkpt lat="43.7427067" lon="6.1798767"><ele>606.36</ele></trkpt>
<trkpt lat="43.7427367" lon="6.179886699999999"><ele>606.91</ele></trkpt>
<trkpt lat="43.7427667" lon="6.1798917"><ele>607.29</ele></trkpt>
<trkpt lat="43.742795" lon="6.1799083"><ele>607.86</ele></trkpt>
<trkpt lat="43.7428267" lon="6.1799283"><ele>608.55</ele></trkpt>
<trkpt lat="43.742855" lon="6.179944999999999"><ele>609.15</ele></trkpt>
<trkpt lat="43.7428883" lon="6.1799533"><ele>609.69</ele></trkpt>
<trkpt lat="43.74292" lon="6.17996"><ele>609.99</ele></trkpt>
<trkpt lat="43.742945" lon="6.179975"><ele>610.2</ele></trkpt>
<trkpt lat="43.7429783" lon="6.1799817"><ele>610.33</ele></trkpt>
<trkpt lat="43.7430083" lon="6.1799867"><ele>610.34</ele></trkpt>
<trkpt lat="43.743035" lon="6.18"><ele>610.5</ele></trkpt>
<trkpt lat="43.7430583" lon="6.18002"><ele>610.54</ele></trkpt>
<trkpt lat="43.7430867" lon="6.1800317"><ele>610.7</ele></trkpt>
<trkpt lat="43.7431167" lon="6.180045"><ele>610.81</ele></trkpt>
<trkpt lat="43.7431417" lon="6.1800633"><ele>610.91</ele></trkpt>
<trkpt lat="43.7431717" lon="6.1800783"><ele>611.2</ele></trkpt>
<trkpt lat="43.7432017" lon="6.180085"><ele>611.33</ele></trkpt>
<trkpt lat="43.7432333" lon="6.1800867"><ele>611.43</ele></trkpt>
<trkpt lat="43.7432617" lon="6.1801067"><ele>611.46</ele></trkpt>
<trkpt lat="43.7432883" lon="6.180135"><ele>611.34</ele></trkpt>
<trkpt lat="43.7433183" lon="6.1801583"><ele>611.27</ele></trkpt>
<trkpt lat="43.7433483" lon="6.180181699999999"><ele>611.24</ele></trkpt>
<trkpt lat="43.743375" lon="6.1801967"><ele>611.21</ele></trkpt>
<trkpt lat="43.743405" lon="6.18021"><ele>611.33</ele></trkpt>
<trkpt lat="43.743435" lon="6.180229999999999"><ele>611.6</ele></trkpt>
<trkpt lat="43.7434617" lon="6.180255"><ele>611.64</ele></trkpt>
<trkpt lat="43.7434833" lon="6.180285"><ele>611.64</ele></trkpt>
<trkpt lat="43.74351" lon="6.18031"><ele>611.29</ele></trkpt>
<trkpt lat="43.7435367" lon="6.180333299999999"><ele>611.21</ele></trkpt>
<trkpt lat="43.7435633" lon="6.180345"><ele>611.08</ele></trkpt>
<trkpt lat="43.7436017" lon="6.180345"><ele>610.51</ele></trkpt>
<trkpt lat="43.743635" lon="6.1803467"><ele>610.11</ele></trkpt>
<trkpt lat="43.7436717" lon="6.18035"><ele>609.69</ele></trkpt>
<trkpt lat="43.7437033" lon="6.1803583"><ele>609.31</ele></trkpt>
<trkpt lat="43.743735" lon="6.1803717"><ele>608.62</ele></trkpt>
<trkpt lat="43.743765" lon="6.180378299999999"><ele>608.47</ele></trkpt>
<trkpt lat="43.7437967" lon="6.1803933"><ele>608.41</ele></trkpt>
<trkpt lat="43.7438283" lon="6.1804083"><ele>609.03</ele></trkpt>
<trkpt lat="43.743855" lon="6.1804333"><ele>609.5</ele></trkpt>
<trkpt lat="43.7438817" lon="6.180455000000001"><ele>609.84</ele></trkpt>
<trkpt lat="43.7439183" lon="6.18046"><ele>610.22</ele></trkpt>
<trkpt lat="43.7439533" lon="6.1804633"><ele>610.41</ele></trkpt>
<trkpt lat="43.7439867" lon="6.1804617"><ele>610.89</ele></trkpt>
<trkpt lat="43.7440217" lon="6.1804717"><ele>611.13</ele></trkpt>
<trkpt lat="43.7440567" lon="6.180485"><ele>611.41</ele></trkpt>
<trkpt lat="43.74409" lon="6.1804917"><ele>611.8</ele></trkpt>
<trkpt lat="43.7441217" lon="6.180490000000001"><ele>612.17</ele></trkpt>
<trkpt lat="43.7441533" lon="6.180483299999999"><ele>612.53</ele></trkpt>
<trkpt lat="43.7441883" lon="6.180490000000001"><ele>612.81</ele></trkpt>
<trkpt lat="43.744215" lon="6.180505"><ele>613.1</ele></trkpt>
<trkpt lat="43.7442333" lon="6.180546700000001"><ele>613.48</ele></trkpt>
<trkpt lat="43.744245" lon="6.18059"><ele>614.16</ele></trkpt>
<trkpt lat="43.7442583" lon="6.1806267"><ele>614.59</ele></trkpt>
<trkpt lat="43.7442833" lon="6.1806567"><ele>614.9</ele></trkpt>
<trkpt lat="43.7443117" lon="6.1806833"><ele>615.03</ele></trkpt>
<trkpt lat="43.7443383" lon="6.1807117"><ele>615.18</ele></trkpt>
<trkpt lat="43.7443617" lon="6.1807433"><ele>615.69</ele></trkpt>
<trkpt lat="43.744385" lon="6.180764999999999"><ele>615.9</ele></trkpt>
<trkpt lat="43.74441" lon="6.180785000000001"><ele>616.29</ele></trkpt>
<trkpt lat="43.744435" lon="6.1808033"><ele>616.89</ele></trkpt>
<trkpt lat="43.7444667" lon="6.1808117"><ele>617.5</ele></trkpt>
<trkpt lat="43.7444983" lon="6.180813299999999"><ele>618</ele></trkpt>
<trkpt lat="43.7445233" lon="6.180798300000001"><ele>618.04</ele></trkpt>
<trkpt lat="43.7445517" lon="6.180771700000001"><ele>618.21</ele></trkpt>
<trkpt lat="43.7445867" lon="6.1807767"><ele>618.44</ele></trkpt>
<trkpt lat="43.7446117" lon="6.180798300000001"><ele>618.54</ele></trkpt>
<trkpt lat="43.7446367" lon="6.180820000000001"><ele>619.1</ele></trkpt>
<trkpt lat="43.7446633" lon="6.180833300000001"><ele>619.08</ele></trkpt>
<trkpt lat="43.7446917" lon="6.1808117"><ele>618.29</ele></trkpt>
<trkpt lat="43.74472" lon="6.180796699999999"><ele>617.52</ele></trkpt>
<trkpt lat="43.744745" lon="6.1807733"><ele>617.06</ele></trkpt>
<trkpt lat="43.7447733" lon="6.1807633"><ele>616.75</ele></trkpt>
<trkpt lat="43.7448033" lon="6.180753299999999"><ele>616.25</ele></trkpt>
<trkpt lat="43.7448367" lon="6.180755"><ele>615.62</ele></trkpt>
<trkpt lat="43.7448633" lon="6.1807333"><ele>615.08</ele></trkpt>
<trkpt lat="43.7448933" lon="6.18071"><ele>614.85</ele></trkpt>
<trkpt lat="43.7449233" lon="6.1807117"><ele>614.67</ele></trkpt>
<trkpt lat="43.7449533" lon="6.1807033"><ele>614.64</ele></trkpt>
<trkpt lat="43.7449833" lon="6.1807017"><ele>614.64</ele></trkpt>
<trkpt lat="43.7450083" lon="6.1806783"><ele>614.61</ele></trkpt>
<trkpt lat="43.745035" lon="6.18066"><ele>614.64</ele></trkpt>
<trkpt lat="43.7450583" lon="6.18064"><ele>614.81</ele></trkpt>
<trkpt lat="43.7450883" lon="6.1806233"><ele>614.48</ele></trkpt>
<trkpt lat="43.7451183" lon="6.1806133"><ele>614.47</ele></trkpt>
<trkpt lat="43.7451467" lon="6.1805983"><ele>614.44</ele></trkpt>
<trkpt lat="43.7451733" lon="6.18059"><ele>614.35</ele></trkpt>
<trkpt lat="43.745205" lon="6.1805833"><ele>614.34</ele></trkpt>
<trkpt lat="43.745235" lon="6.1805867"><ele>614.34</ele></trkpt>
<trkpt lat="43.7452667" lon="6.180575"><ele>614.24</ele></trkpt>
<trkpt lat="43.745295" lon="6.180575"><ele>614.24</ele></trkpt>
<trkpt lat="43.7453267" lon="6.180555"><ele>613.9</ele></trkpt>
<trkpt lat="43.7453667" lon="6.180555"><ele>613.58</ele></trkpt>
<trkpt lat="43.7453983" lon="6.180575"><ele>613.55</ele></trkpt>
<trkpt lat="43.7454283" lon="6.1806033"><ele>613.35</ele></trkpt>
<trkpt lat="43.74546" lon="6.180625"><ele>613.51</ele></trkpt>
<trkpt lat="43.745485" lon="6.1806417"><ele>613.71</ele></trkpt>
<trkpt lat="43.7455117" lon="6.180655"><ele>614</ele></trkpt>
<trkpt lat="43.7455383" lon="6.1806767"><ele>614.31</ele></trkpt>
<trkpt lat="43.74556" lon="6.180705"><ele>614.41</ele></trkpt>
<trkpt lat="43.7455867" lon="6.180735"><ele>614.51</ele></trkpt>
<trkpt lat="43.7456133" lon="6.1807567"><ele>614.54</ele></trkpt>
<trkpt lat="43.7456433" lon="6.1807783"><ele>614.64</ele></trkpt>
<trkpt lat="43.7456683" lon="6.180815"><ele>614.9</ele></trkpt>
<trkpt lat="43.7456917" lon="6.1808383"><ele>615.1</ele></trkpt>
<trkpt lat="43.7457183" lon="6.18087"><ele>615.17</ele></trkpt>
<trkpt lat="43.7457367" lon="6.1808983"><ele>615.24</ele></trkpt>
<trkpt lat="43.745765" lon="6.1809283"><ele>615.24</ele></trkpt>
<trkpt lat="43.7457833" lon="6.18096"><ele>615.17</ele></trkpt>
<trkpt lat="43.7458" lon="6.180991699999999"><ele>614.98</ele></trkpt>
<trkpt lat="43.7458233" lon="6.18102"><ele>614.87</ele></trkpt>
<trkpt lat="43.745855" lon="6.1810333"><ele>614.94</ele></trkpt>
<trkpt lat="43.7458817" lon="6.1810517"><ele>614.85</ele></trkpt>
<trkpt lat="43.745905" lon="6.181075"><ele>614.94</ele></trkpt>
<trkpt lat="43.7459283" lon="6.1811033"><ele>615.01</ele></trkpt>
<trkpt lat="43.745955" lon="6.1811383"><ele>615.3</ele></trkpt>
<trkpt lat="43.745975" lon="6.181165"><ele>615.6</ele></trkpt>
<trkpt lat="43.7459917" lon="6.1812017"><ele>615.64</ele></trkpt>
<trkpt lat="43.7460033" lon="6.181243299999999"><ele>616.1</ele></trkpt>
<trkpt lat="43.7460183" lon="6.181285"><ele>617.22</ele></trkpt>
<trkpt lat="43.7460317" lon="6.1813283"><ele>617.27</ele></trkpt>
<trkpt lat="43.7460467" lon="6.181366699999999"><ele>617.25</ele></trkpt>
<trkpt lat="43.7460667" lon="6.181400000000001"><ele>617.25</ele></trkpt>
<trkpt lat="43.74608" lon="6.181435"><ele>617.54</ele></trkpt>
<trkpt lat="43.74611" lon="6.181445000000001"><ele>617.38</ele></trkpt>
<trkpt lat="43.7461367" lon="6.181413300000001"><ele>616.69</ele></trkpt>
<trkpt lat="43.7461667" lon="6.1814083"><ele>616.56</ele></trkpt>
<trkpt lat="43.7461983" lon="6.181415"><ele>616.38</ele></trkpt>
<trkpt lat="43.746225" lon="6.181424999999999"><ele>616.28</ele></trkpt>
<trkpt lat="43.7462517" lon="6.1814467"><ele>615.96</ele></trkpt>
<trkpt lat="43.7462817" lon="6.181465"><ele>615.76</ele></trkpt>
<trkpt lat="43.7463183" lon="6.1814733"><ele>615.65</ele></trkpt>
<trkpt lat="43.7463483" lon="6.1814667"><ele>615.74</ele></trkpt>
<trkpt lat="43.74638" lon="6.18146"><ele>615.84</ele></trkpt>
<trkpt lat="43.7464117" lon="6.1814617"><ele>616.27</ele></trkpt>
<trkpt lat="43.7464383" lon="6.1814683"><ele>616.51</ele></trkpt>
<trkpt lat="43.7464683" lon="6.1814883"><ele>616.87</ele></trkpt>
<trkpt lat="43.746495" lon="6.181514999999999"><ele>617.46</ele></trkpt>
<trkpt lat="43.746525" lon="6.1815433"><ele>618.1</ele></trkpt>
<trkpt lat="43.7465567" lon="6.181545"><ele>619.16</ele></trkpt>
<trkpt lat="43.746585" lon="6.181545"><ele>619.6</ele></trkpt>
<trkpt lat="43.7466217" lon="6.18154"><ele>619.91</ele></trkpt>
<trkpt lat="43.746665" lon="6.1815383"><ele>620.2</ele></trkpt>
<trkpt lat="43.7467033" lon="6.181535"><ele>620.66</ele></trkpt>
<trkpt lat="43.7467367" lon="6.1815433"><ele>620.93</ele></trkpt>
<trkpt lat="43.7467667" lon="6.1815383"><ele>621.41</ele></trkpt>
<trkpt lat="43.7468033" lon="6.181526699999999"><ele>622.47</ele></trkpt>
<trkpt lat="43.7468333" lon="6.1815417"><ele>623.26</ele></trkpt>
<trkpt lat="43.74686" lon="6.181563299999999"><ele>623.91</ele></trkpt>
<trkpt lat="43.746895" lon="6.1815667"><ele>624.82</ele></trkpt>
<trkpt lat="43.7469267" lon="6.1815667"><ele>625.47</ele></trkpt>
<trkpt lat="43.74696" lon="6.181585"><ele>626.16</ele></trkpt>
<trkpt lat="43.746985" lon="6.1816017"><ele>626.56</ele></trkpt>
<trkpt lat="43.74701" lon="6.1816217"><ele>627.12</ele></trkpt>
<trkpt lat="43.7470317" lon="6.1816483"><ele>627.66</ele></trkpt>
<trkpt lat="43.7470633" lon="6.1816717"><ele>628.69</ele></trkpt>
<trkpt lat="43.7470783" lon="6.181708299999999"><ele>629.83</ele></trkpt>
<trkpt lat="43.7471" lon="6.181745"><ele>630.69</ele></trkpt>
<trkpt lat="43.7471083" lon="6.1817833"><ele>630.94</ele></trkpt>
<trkpt lat="43.7471133" lon="6.1818217"><ele>631.37</ele></trkpt>
<trkpt lat="43.74713" lon="6.181858299999999"><ele>632.47</ele></trkpt>
<trkpt lat="43.747145" lon="6.181893299999999"><ele>633.56</ele></trkpt>
<trkpt lat="43.74715" lon="6.181935000000001"><ele>633.82</ele></trkpt>
<trkpt lat="43.7471533" lon="6.1819767"><ele>634.09</ele></trkpt>
<trkpt lat="43.7471483" lon="6.1820167"><ele>634.94</ele></trkpt>
<trkpt lat="43.7471683" lon="6.1820467"><ele>635.44</ele></trkpt>
<trkpt lat="43.7471867" lon="6.18208"><ele>635.83</ele></trkpt>
<trkpt lat="43.7471933" lon="6.18212"><ele>636.3</ele></trkpt>
<trkpt lat="43.7471983" lon="6.18216"><ele>636.77</ele></trkpt>
<trkpt lat="43.7471917" lon="6.1822017"><ele>637.11</ele></trkpt>
<trkpt lat="43.7471983" lon="6.18224"><ele>637.61</ele></trkpt>
<trkpt lat="43.747215" lon="6.1822833"><ele>638.18</ele></trkpt>
<trkpt lat="43.7472083" lon="6.18232"><ele>638.41</ele></trkpt>
<trkpt lat="43.7472183" lon="6.182368300000001"><ele>638.7</ele></trkpt>
<trkpt lat="43.7472283" lon="6.182405"><ele>639.48</ele></trkpt>
<trkpt lat="43.7472183" lon="6.18245"><ele>640.19</ele></trkpt>
<trkpt lat="43.747205" lon="6.1824867"><ele>640.34</ele></trkpt>
<trkpt lat="43.7472" lon="6.18253"><ele>640.52</ele></trkpt>
<trkpt lat="43.747185" lon="6.1825717"><ele>640.55</ele></trkpt>
<trkpt lat="43.7471617" lon="6.1825967"><ele>640.64</ele></trkpt>
<trkpt lat="43.7471383" lon="6.1826167"><ele>640.68</ele></trkpt>
<trkpt lat="43.7471133" lon="6.182643300000001"><ele>641.04</ele></trkpt>
<trkpt lat="43.7470867" lon="6.1826667"><ele>641.22</ele></trkpt>
<trkpt lat="43.7470667" lon="6.1827017"><ele>641.8</ele></trkpt>
<trkpt lat="43.7470517" lon="6.1827367"><ele>642.5</ele></trkpt>
<trkpt lat="43.7470317" lon="6.1827717"><ele>643.07</ele></trkpt>
<trkpt lat="43.7470083" lon="6.1827983"><ele>643.66</ele></trkpt>
<trkpt lat="43.746985" lon="6.182825"><ele>644.27</ele></trkpt>
<trkpt lat="43.74696" lon="6.182846699999999"><ele>645.22</ele></trkpt>
<trkpt lat="43.7469383" lon="6.182875"><ele>646.15</ele></trkpt>
<trkpt lat="43.7469267" lon="6.182914999999999"><ele>647.33</ele></trkpt>
<trkpt lat="43.7469033" lon="6.1829417"><ele>647.76</ele></trkpt>
<trkpt lat="43.74689" lon="6.1829783"><ele>648.18</ele></trkpt>
<trkpt lat="43.74686" lon="6.1830033"><ele>648.35</ele></trkpt>
<trkpt lat="43.74683" lon="6.1830317"><ele>648.06</ele></trkpt>
<trkpt lat="43.7468083" lon="6.183063300000001"><ele>648.14</ele></trkpt>
<trkpt lat="43.7467817" lon="6.1831"><ele>648.24</ele></trkpt>
<trkpt lat="43.7467583" lon="6.183131699999999"><ele>648.32</ele></trkpt>
<trkpt lat="43.74673" lon="6.183155"><ele>648.61</ele></trkpt>
<trkpt lat="43.7467083" lon="6.183178300000001"><ele>648.81</ele></trkpt>
<trkpt lat="43.746685" lon="6.1832017"><ele>650.06</ele></trkpt>
<trkpt lat="43.7466833" lon="6.1832433"><ele>650.97</ele></trkpt>
<trkpt lat="43.7466633" lon="6.18327"><ele>651.49</ele></trkpt>
<trkpt lat="43.7466333" lon="6.183285"><ele>651.97</ele></trkpt>
<trkpt lat="43.74661" lon="6.1833067"><ele>652.3</ele></trkpt>
<trkpt lat="43.7465917" lon="6.183335"><ele>652.86</ele></trkpt>
<trkpt lat="43.74659" lon="6.183375"><ele>653.57</ele></trkpt>
<trkpt lat="43.7465967" lon="6.1834233"><ele>654.27</ele></trkpt>
<trkpt lat="43.7466017" lon="6.1834683"><ele>654.64</ele></trkpt>
<trkpt lat="43.7466067" lon="6.183506699999999"><ele>654.74</ele></trkpt>
<trkpt lat="43.746605" lon="6.183550000000001"><ele>654.91</ele></trkpt>
<trkpt lat="43.746605" lon="6.1835917"><ele>654.95</ele></trkpt>
<trkpt lat="43.7466167" lon="6.1836367"><ele>655.14</ele></trkpt>
<trkpt lat="43.74661" lon="6.1836783"><ele>655.48</ele></trkpt>
<trkpt lat="43.7465883" lon="6.1837083"><ele>655.71</ele></trkpt>
<trkpt lat="43.7465583" lon="6.1837383"><ele>656.01</ele></trkpt>
<trkpt lat="43.7465333" lon="6.183765"><ele>656.14</ele></trkpt>
<trkpt lat="43.7465217" lon="6.183803299999999"><ele>656.6</ele></trkpt>
<trkpt lat="43.74652" lon="6.1838433"><ele>657</ele></trkpt>
<trkpt lat="43.7465117" lon="6.183885"><ele>657.21</ele></trkpt>
<trkpt lat="43.7465083" lon="6.183925000000001"><ele>657.51</ele></trkpt>
<trkpt lat="43.7465083" lon="6.1839667"><ele>657.81</ele></trkpt>
<trkpt lat="43.7465033" lon="6.184005"><ele>657.95</ele></trkpt>
<trkpt lat="43.7465083" lon="6.1840467"><ele>658.28</ele></trkpt>
<trkpt lat="43.7465083" lon="6.184086699999999"><ele>659.07</ele></trkpt>
<trkpt lat="43.746495" lon="6.1841283"><ele>659.58</ele></trkpt>
<trkpt lat="43.7464817" lon="6.184165000000001"><ele>659.75</ele></trkpt>
<trkpt lat="43.746475" lon="6.1842083"><ele>659.49</ele></trkpt>
<trkpt lat="43.746465" lon="6.1842467"><ele>659.45</ele></trkpt>
<trkpt lat="43.7464683" lon="6.184293299999999"><ele>659.36</ele></trkpt>
<trkpt lat="43.74648" lon="6.184336699999999"><ele>659.16</ele></trkpt>
<trkpt lat="43.7464967" lon="6.1843783"><ele>658.79</ele></trkpt>
<trkpt lat="43.7465083" lon="6.1844133"><ele>658.66</ele></trkpt>
<trkpt lat="43.7465067" lon="6.184461699999999"><ele>658.67</ele></trkpt>
<trkpt lat="43.746505" lon="6.1845"><ele>658.72</ele></trkpt>
<trkpt lat="43.7464983" lon="6.1845417"><ele>658.94</ele></trkpt>
<trkpt lat="43.7465033" lon="6.1845817"><ele>659.61</ele></trkpt>
<trkpt lat="43.74652" lon="6.184615"><ele>660.2</ele></trkpt>
<trkpt lat="43.746535" lon="6.1846467"><ele>661</ele></trkpt>
<trkpt lat="43.7465617" lon="6.184668299999999"><ele>661.87</ele></trkpt>
<trkpt lat="43.7465917" lon="6.184669999999999"><ele>662.11</ele></trkpt>
<trkpt lat="43.7466267" lon="6.1846617"><ele>662.41</ele></trkpt>
<trkpt lat="43.7466617" lon="6.18465"><ele>662.9</ele></trkpt>
<trkpt lat="43.7466883" lon="6.1846383"><ele>663.3</ele></trkpt>
<trkpt lat="43.74672" lon="6.184624999999999"><ele>663.54</ele></trkpt>
<trkpt lat="43.7467433" lon="6.184598300000001"><ele>663.64</ele></trkpt>
<trkpt lat="43.74677" lon="6.184585"><ele>663.74</ele></trkpt>
<trkpt lat="43.7468017" lon="6.184576699999999"><ele>663.94</ele></trkpt>
<trkpt lat="43.7468317" lon="6.1845733"><ele>663.27</ele></trkpt>
<trkpt lat="43.74688" lon="6.184553300000001"><ele>662.76</ele></trkpt>
<trkpt lat="43.7469067" lon="6.1845633"><ele>662.06</ele></trkpt>
<trkpt lat="43.7469333" lon="6.1845717"><ele>661.98</ele></trkpt>
<trkpt lat="43.74696" lon="6.18458"><ele>662.02</ele></trkpt>
<trkpt lat="43.7470033" lon="6.184586700000001"><ele>660.96</ele></trkpt>
<trkpt lat="43.7470317" lon="6.184576699999999"><ele>660.52</ele></trkpt>
<trkpt lat="43.7470667" lon="6.184568299999999"><ele>660.53</ele></trkpt>
<trkpt lat="43.7470967" lon="6.18456"><ele>660.55</ele></trkpt>
<trkpt lat="43.7471283" lon="6.1845383"><ele>660.55</ele></trkpt>
<trkpt lat="43.7471517" lon="6.1845167"><ele>660.56</ele></trkpt>
<trkpt lat="43.747185" lon="6.18449"><ele>660.45</ele></trkpt>
<trkpt lat="43.7472117" lon="6.1844733"><ele>660.59</ele></trkpt>
<trkpt lat="43.7472383" lon="6.1844483"><ele>660.29</ele></trkpt>
<trkpt lat="43.74727" lon="6.1844417"><ele>660.15</ele></trkpt>
<trkpt lat="43.747295" lon="6.184418300000001"><ele>659.96</ele></trkpt>
<trkpt lat="43.7473167" lon="6.18438"><ele>659.85</ele></trkpt>
<trkpt lat="43.74734" lon="6.18435"><ele>659.68</ele></trkpt>
<trkpt lat="43.7473617" lon="6.18432"><ele>659.39</ele></trkpt>
<trkpt lat="43.7473833" lon="6.1842967"><ele>659.35</ele></trkpt>
<trkpt lat="43.7474083" lon="6.184279999999999"><ele>659.09</ele></trkpt>
<trkpt lat="43.7474333" lon="6.1842633"><ele>658.78</ele></trkpt>
<trkpt lat="43.747455" lon="6.18424"><ele>658.68</ele></trkpt>
<trkpt lat="43.7474817" lon="6.18422"><ele>658.46</ele></trkpt>
<trkpt lat="43.7475083" lon="6.1842083"><ele>658.09</ele></trkpt>
<trkpt lat="43.7475333" lon="6.184178300000001"><ele>657.69</ele></trkpt>
<trkpt lat="43.7475617" lon="6.18416"><ele>657.73</ele></trkpt>
<trkpt lat="43.7475883" lon="6.18415"><ele>657.68</ele></trkpt>
<trkpt lat="43.7476183" lon="6.1841383"><ele>657.48</ele></trkpt>
<trkpt lat="43.74765" lon="6.1841233"><ele>657.16</ele></trkpt>
<trkpt lat="43.74768" lon="6.1841117"><ele>656.96</ele></trkpt>
<trkpt lat="43.7477067" lon="6.184105"><ele>656.76</ele></trkpt>
<trkpt lat="43.7477367" lon="6.1840933"><ele>656.75</ele></trkpt>
<trkpt lat="43.747765" lon="6.18408"><ele>656.74</ele></trkpt>
<trkpt lat="43.747795" lon="6.1840683"><ele>657.08</ele></trkpt>
<trkpt lat="43.7478233" lon="6.1840633"><ele>657.25</ele></trkpt>
<trkpt lat="43.7478383" lon="6.184026700000001"><ele>657.26</ele></trkpt>
<trkpt lat="43.747855" lon="6.18399"><ele>657.16</ele></trkpt>
<trkpt lat="43.747885" lon="6.183965"><ele>656.78</ele></trkpt>
<trkpt lat="43.747915" lon="6.183953299999999"><ele>656.49</ele></trkpt>
<trkpt lat="43.7479467" lon="6.18393"><ele>656.45</ele></trkpt>
<trkpt lat="43.747975" lon="6.18391"><ele>656.19</ele></trkpt>
<trkpt lat="43.7480067" lon="6.1838883"><ele>655.63</ele></trkpt>
<trkpt lat="43.7480317" lon="6.1838683"><ele>655.3</ele></trkpt>
<trkpt lat="43.7480683" lon="6.183865"><ele>654.99</ele></trkpt>
<trkpt lat="43.7481033" lon="6.183848300000001"><ele>654.57</ele></trkpt>
<trkpt lat="43.74813" lon="6.183825000000001"><ele>654.39</ele></trkpt>
<trkpt lat="43.7481567" lon="6.1838"><ele>654.16</ele></trkpt>
<trkpt lat="43.7481817" lon="6.1837833"><ele>654.15</ele></trkpt>
<trkpt lat="43.74821" lon="6.1837733"><ele>654.15</ele></trkpt>
<trkpt lat="43.7482417" lon="6.183755"><ele>654.15</ele></trkpt>
<trkpt lat="43.7482733" lon="6.183756699999999"><ele>654.34</ele></trkpt>
<trkpt lat="43.7483" lon="6.183769999999999"><ele>654.37</ele></trkpt>
<trkpt lat="43.7483283" lon="6.183776700000001"><ele>654.35</ele></trkpt>
<trkpt lat="43.7483617" lon="6.1837783"><ele>653.99</ele></trkpt>
<trkpt lat="43.7483967" lon="6.1837667"><ele>653.51</ele></trkpt>
<trkpt lat="43.7484283" lon="6.183758299999999"><ele>653.2</ele></trkpt>
<trkpt lat="43.74846" lon="6.1837467"><ele>653.06</ele></trkpt>
<trkpt lat="43.7484883" lon="6.1837367"><ele>652.89</ele></trkpt>
<trkpt lat="43.7485233" lon="6.183725"><ele>652.73</ele></trkpt>
<trkpt lat="43.748555" lon="6.183711699999999"><ele>653.12</ele></trkpt>
<trkpt lat="43.748585" lon="6.1837017"><ele>653.51</ele></trkpt>
<trkpt lat="43.74862" lon="6.1836967"><ele>653.81</ele></trkpt>
<trkpt lat="43.7486533" lon="6.1837033"><ele>654.02</ele></trkpt>
<trkpt lat="43.7486833" lon="6.1837267"><ele>654.15</ele></trkpt>
<trkpt lat="43.7487033" lon="6.1837617"><ele>654.61</ele></trkpt>
<trkpt lat="43.7487167" lon="6.183795"><ele>655.1</ele></trkpt>
<trkpt lat="43.7487267" lon="6.1838317"><ele>655.77</ele></trkpt>
<trkpt lat="43.7487433" lon="6.1838733"><ele>656.02</ele></trkpt>
<trkpt lat="43.7487617" lon="6.183908299999999"><ele>656.57</ele></trkpt>
<trkpt lat="43.7487883" lon="6.183935"><ele>657.18</ele></trkpt>
<trkpt lat="43.7488117" lon="6.1839567"><ele>657.6</ele></trkpt>
<trkpt lat="43.7488317" lon="6.183983300000001"><ele>657.85</ele></trkpt>
<trkpt lat="43.7488583" lon="6.1840117"><ele>657.86</ele></trkpt>
<trkpt lat="43.7488817" lon="6.184041699999999"><ele>657.85</ele></trkpt>
<trkpt lat="43.748905" lon="6.1840767"><ele>658.11</ele></trkpt>
<trkpt lat="43.7489233" lon="6.184115"><ele>658.16</ele></trkpt>
<trkpt lat="43.7489433" lon="6.18415"><ele>658.22</ele></trkpt>
<trkpt lat="43.74897" lon="6.1841717"><ele>658.51</ele></trkpt>
<trkpt lat="43.7489983" lon="6.1841833"><ele>658.65</ele></trkpt>
<trkpt lat="43.7490283" lon="6.184175"><ele>659.01</ele></trkpt>
<trkpt lat="43.74906" lon="6.184176699999999"><ele>659.21</ele></trkpt>
<trkpt lat="43.7490917" lon="6.1841833"><ele>659.09</ele></trkpt>
<trkpt lat="43.74912" lon="6.184189999999999"><ele>658.96</ele></trkpt>
<trkpt lat="43.7491533" lon="6.1841983"><ele>658.7</ele></trkpt>
<trkpt lat="43.749185" lon="6.1842"><ele>658.56</ele></trkpt>
<trkpt lat="43.7492167" lon="6.1842"><ele>658.75</ele></trkpt>
<trkpt lat="43.7492483" lon="6.1842"><ele>658.66</ele></trkpt>
<trkpt lat="43.7492833" lon="6.1841817"><ele>658.46</ele></trkpt>
<trkpt lat="43.7493167" lon="6.1841717"><ele>658.55</ele></trkpt>
<trkpt lat="43.749345" lon="6.1841533"><ele>658.93</ele></trkpt>
<trkpt lat="43.7493733" lon="6.184133300000001"><ele>659.34</ele></trkpt>
<trkpt lat="43.7494017" lon="6.1841267"><ele>659.17</ele></trkpt>
<trkpt lat="43.7494367" lon="6.1841133"><ele>658.77</ele></trkpt>
<trkpt lat="43.749465" lon="6.1841033"><ele>658.83</ele></trkpt>
<trkpt lat="43.7494917" lon="6.1840967"><ele>659.04</ele></trkpt>
<trkpt lat="43.7495233" lon="6.18409"><ele>658.96</ele></trkpt>
<trkpt lat="43.7495533" lon="6.18408"><ele>658.75</ele></trkpt>
<trkpt lat="43.74958" lon="6.1840583"><ele>658.83</ele></trkpt>
<trkpt lat="43.7496117" lon="6.1840483"><ele>658.83</ele></trkpt>
<trkpt lat="43.7496433" lon="6.184030000000001"><ele>658.69</ele></trkpt>
<trkpt lat="43.7496683" lon="6.18401"><ele>658.59</ele></trkpt>
<trkpt lat="43.7496933" lon="6.18399"><ele>658.56</ele></trkpt>
<trkpt lat="43.74972" lon="6.183983300000001"><ele>658.63</ele></trkpt>
<trkpt lat="43.7497467" lon="6.1839683"><ele>658.75</ele></trkpt>
<trkpt lat="43.749775" lon="6.183949999999999"><ele>658.73</ele></trkpt>
<trkpt lat="43.749805" lon="6.183928300000001"><ele>658.85</ele></trkpt>
<trkpt lat="43.7498317" lon="6.1839133"><ele>658.95</ele></trkpt>
<trkpt lat="43.749865" lon="6.1838967"><ele>658.98</ele></trkpt>
<trkpt lat="43.7498967" lon="6.183891699999999"><ele>658.79</ele></trkpt>
<trkpt lat="43.74992" lon="6.183863299999999"><ele>658.5</ele></trkpt>
<trkpt lat="43.749945" lon="6.183838300000001"><ele>658.55</ele></trkpt>
<trkpt lat="43.7499733" lon="6.1838133"><ele>658.47</ele></trkpt>
<trkpt lat="43.750005" lon="6.183803299999999"><ele>657.45</ele></trkpt>
<trkpt lat="43.7500333" lon="6.18378"><ele>656.73</ele></trkpt>
<trkpt lat="43.75006" lon="6.183758299999999"><ele>656.43</ele></trkpt>
<trkpt lat="43.7500883" lon="6.1837483"><ele>656.3</ele></trkpt>
<trkpt lat="43.7501233" lon="6.1837433"><ele>656.19</ele></trkpt>
<trkpt lat="43.7501533" lon="6.183731700000001"><ele>656.19</ele></trkpt>
<trkpt lat="43.7501867" lon="6.183735"><ele>656.03</ele></trkpt>
<trkpt lat="43.750215" lon="6.183725"><ele>655.66</ele></trkpt>
<trkpt lat="43.750235" lon="6.1836983"><ele>655.14</ele></trkpt>
<trkpt lat="43.7502617" lon="6.18368"><ele>654.82</ele></trkpt>
<trkpt lat="43.7502933" lon="6.183666699999999"><ele>654.52</ele></trkpt>
<trkpt lat="43.7503267" lon="6.1836567"><ele>654.22</ele></trkpt>
<trkpt lat="43.7503567" lon="6.183643300000001"><ele>654</ele></trkpt>
<trkpt lat="43.7503833" lon="6.18363"><ele>653.82</ele></trkpt>
<trkpt lat="43.7504117" lon="6.183615"><ele>653.6</ele></trkpt>
<trkpt lat="43.7504483" lon="6.183609999999999"><ele>653.23</ele></trkpt>
<trkpt lat="43.7504783" lon="6.183598300000001"><ele>652.84</ele></trkpt>
<trkpt lat="43.750515" lon="6.18359"><ele>652.7</ele></trkpt>
<trkpt lat="43.7505467" lon="6.183585000000001"><ele>652.69</ele></trkpt>
<trkpt lat="43.7505783" lon="6.1835917"><ele>652.4</ele></trkpt>
<trkpt lat="43.7506067" lon="6.183598300000001"><ele>651.86</ele></trkpt>
<trkpt lat="43.750635" lon="6.1836133"><ele>651.59</ele></trkpt>
<trkpt lat="43.7506633" lon="6.183619999999999"><ele>651.4</ele></trkpt>
<trkpt lat="43.7506917" lon="6.183605"><ele>651.48</ele></trkpt>
<trkpt lat="43.750715" lon="6.1835833"><ele>651.46</ele></trkpt>
<trkpt lat="43.7507417" lon="6.1835767"><ele>651.66</ele></trkpt>
<trkpt lat="43.75078" lon="6.18358"><ele>651.95</ele></trkpt>
<trkpt lat="43.7508083" lon="6.183561699999999"><ele>652.37</ele></trkpt>
<trkpt lat="43.7508367" lon="6.1835483"><ele>652.85</ele></trkpt>
<trkpt lat="43.7508683" lon="6.1835483"><ele>652.89</ele></trkpt>
<trkpt lat="43.7509017" lon="6.1835483"><ele>652.52</ele></trkpt>
<trkpt lat="43.75093" lon="6.1835467"><ele>651.94</ele></trkpt>
<trkpt lat="43.7509633" lon="6.1835417"><ele>651.17</ele></trkpt>
<trkpt lat="43.750995" lon="6.1835467"><ele>650.46</ele></trkpt>
<trkpt lat="43.7510233" lon="6.183550000000001"><ele>650.2</ele></trkpt>
<trkpt lat="43.7510567" lon="6.1835467"><ele>650.12</ele></trkpt>
<trkpt lat="43.7510833" lon="6.183536700000001"><ele>649.85</ele></trkpt>
<trkpt lat="43.751115" lon="6.183536700000001"><ele>649.55</ele></trkpt>
<trkpt lat="43.7511467" lon="6.1835283"><ele>649.46</ele></trkpt>
<trkpt lat="43.751175" lon="6.183519999999999"><ele>649.82</ele></trkpt>
<trkpt lat="43.7512033" lon="6.183525"><ele>649.6</ele></trkpt>
<trkpt lat="43.7512367" lon="6.1835317"><ele>649.03</ele></trkpt>
<trkpt lat="43.751265" lon="6.183533299999999"><ele>648.8</ele></trkpt>
<trkpt lat="43.7512917" lon="6.183555"><ele>648.6</ele></trkpt>
<trkpt lat="43.7513167" lon="6.1835867"><ele>648.56</ele></trkpt>
<trkpt lat="43.7513283" lon="6.183625"><ele>648.99</ele></trkpt>
<trkpt lat="43.7513267" lon="6.183665"><ele>649.48</ele></trkpt>
<trkpt lat="43.7513383" lon="6.183700000000001"><ele>649.59</ele></trkpt>
<trkpt lat="43.7513417" lon="6.18374"><ele>650.14</ele></trkpt>
<trkpt lat="43.7513533" lon="6.183785"><ele>651.15</ele></trkpt>
<trkpt lat="43.751375" lon="6.1838183"><ele>651.64</ele></trkpt>
<trkpt lat="43.7514033" lon="6.1838417"><ele>652.24</ele></trkpt>
<trkpt lat="43.7514167" lon="6.1838783"><ele>652.92</ele></trkpt>
<trkpt lat="43.75144" lon="6.1839067"><ele>653.45</ele></trkpt>
<trkpt lat="43.7514567" lon="6.183938300000001"><ele>654.05</ele></trkpt>
<trkpt lat="43.7514683" lon="6.183973300000001"><ele>654.45</ele></trkpt>
<trkpt lat="43.7514967" lon="6.184"><ele>654.58</ele></trkpt>
<trkpt lat="43.751525" lon="6.184030000000001"><ele>654.59</ele></trkpt>
<trkpt lat="43.7515533" lon="6.184025"><ele>654.42</ele></trkpt>
<trkpt lat="43.7515833" lon="6.1840367"><ele>654.22</ele></trkpt>
<trkpt lat="43.7516117" lon="6.184061700000001"><ele>654.29</ele></trkpt>
<trkpt lat="43.7516333" lon="6.184085"><ele>654.12</ele></trkpt>
<trkpt lat="43.7516517" lon="6.184115"><ele>653.73</ele></trkpt>
<trkpt lat="43.7516717" lon="6.18415"><ele>653.33</ele></trkpt>
<trkpt lat="43.7517033" lon="6.18417"><ele>653.19</ele></trkpt>
<trkpt lat="43.7517333" lon="6.1841917"><ele>653.38</ele></trkpt>
<trkpt lat="43.751765" lon="6.1842033"><ele>653.23</ele></trkpt>
<trkpt lat="43.7517983" lon="6.1842067"><ele>652.83</ele></trkpt>
<trkpt lat="43.7518317" lon="6.184211700000001"><ele>652.34</ele></trkpt>
<trkpt lat="43.75186" lon="6.184211700000001"><ele>651.94</ele></trkpt>
<trkpt lat="43.75189" lon="6.184205"><ele>651.7</ele></trkpt>
<trkpt lat="43.7519183" lon="6.1842"><ele>651.55</ele></trkpt>
<trkpt lat="43.751945" lon="6.1841867"><ele>650.88</ele></trkpt>
<trkpt lat="43.7519733" lon="6.1841833"><ele>650.25</ele></trkpt>
<trkpt lat="43.7520033" lon="6.184176699999999"><ele>649.57</ele></trkpt>
<trkpt lat="43.75202" lon="6.18414"><ele>648.83</ele></trkpt>
<trkpt lat="43.752035" lon="6.184106700000001"><ele>648.36</ele></trkpt>
<trkpt lat="43.752065" lon="6.184088299999999"><ele>647.78</ele></trkpt>
<trkpt lat="43.7521033" lon="6.1840833"><ele>647.27</ele></trkpt>
<trkpt lat="43.7521367" lon="6.1840917"><ele>646.94</ele></trkpt>
<trkpt lat="43.752165" lon="6.1840983"><ele>646.37</ele></trkpt>
<trkpt lat="43.7521983" lon="6.1840983"><ele>645.65</ele></trkpt>
<trkpt lat="43.75223" lon="6.184088299999999"><ele>645.4</ele></trkpt>
<trkpt lat="43.7522583" lon="6.1840833"><ele>645.23</ele></trkpt>
<trkpt lat="43.75229" lon="6.1840717"><ele>645.72</ele></trkpt>
<trkpt lat="43.75232" lon="6.184065"><ele>646.09</ele></trkpt>
<trkpt lat="43.752335" lon="6.184030000000001"><ele>646.19</ele></trkpt>
<trkpt lat="43.7523583" lon="6.1840033"><ele>646.1</ele></trkpt>
<trkpt lat="43.75238" lon="6.1839783"><ele>645.93</ele></trkpt>
<trkpt lat="43.7524067" lon="6.1839417"><ele>645.89</ele></trkpt>
<trkpt lat="43.7524283" lon="6.1839183"><ele>645.8</ele></trkpt>
<trkpt lat="43.7524483" lon="6.183880000000001"><ele>645.69</ele></trkpt>
<trkpt lat="43.75246" lon="6.1838417"><ele>645.69</ele></trkpt>
<trkpt lat="43.7524667" lon="6.1838"><ele>645.7</ele></trkpt>
<trkpt lat="43.752485" lon="6.1837717"><ele>645.41</ele></trkpt>
<trkpt lat="43.7525117" lon="6.1837417"><ele>645.29</ele></trkpt>
<trkpt lat="43.7525367" lon="6.1837233"><ele>645.3899999999999</ele></trkpt>
<trkpt lat="43.7525617" lon="6.183695"><ele>645.65</ele></trkpt>
<trkpt lat="43.7525867" lon="6.18368"><ele>646.24</ele></trkpt>
<trkpt lat="43.7526133" lon="6.18367"><ele>646.72</ele></trkpt>
<trkpt lat="43.7526383" lon="6.1836533"><ele>647.38</ele></trkpt>
<trkpt lat="43.7526617" lon="6.1836333"><ele>647.76</ele></trkpt>
<trkpt lat="43.7526867" lon="6.183609999999999"><ele>648.16</ele></trkpt>
<trkpt lat="43.7527133" lon="6.1835917"><ele>648.46</ele></trkpt>
<trkpt lat="43.7527467" lon="6.18359"><ele>648.85</ele></trkpt>
<trkpt lat="43.7527733" lon="6.183608300000001"><ele>649.34</ele></trkpt>
<trkpt lat="43.7528" lon="6.1836367"><ele>649.41</ele></trkpt>
<trkpt lat="43.7528333" lon="6.18365"><ele>649.76</ele></trkpt>
<trkpt lat="43.75286" lon="6.183665"><ele>650.08</ele></trkpt>
<trkpt lat="43.752875" lon="6.183713299999999"><ele>650.9</ele></trkpt>
<trkpt lat="43.7528917" lon="6.183745000000001"><ele>651.06</ele></trkpt>
<trkpt lat="43.7529083" lon="6.1837817"><ele>651.07</ele></trkpt>
<trkpt lat="43.752915" lon="6.1838233"><ele>650.99</ele></trkpt>
<trkpt lat="43.75293" lon="6.1838567"><ele>651.22</ele></trkpt>
<trkpt lat="43.75294" lon="6.1838983"><ele>650.73</ele></trkpt>
<trkpt lat="43.7529583" lon="6.18393"><ele>650.79</ele></trkpt>
<trkpt lat="43.752965" lon="6.1839683"><ele>650.69</ele></trkpt>
<trkpt lat="43.7529667" lon="6.1840117"><ele>652.73</ele></trkpt>
<trkpt lat="43.7529467" lon="6.184045"><ele>652.43</ele></trkpt>
<trkpt lat="43.7529233" lon="6.1840667"><ele>652.29</ele></trkpt>
<trkpt lat="43.75287" lon="6.1840933"><ele>652.89</ele></trkpt>
<trkpt lat="43.7528417" lon="6.184105"><ele>653.02</ele></trkpt>
<trkpt lat="43.7528133" lon="6.1841283"><ele>653.08</ele></trkpt>
<trkpt lat="43.7527817" lon="6.18414"><ele>653.26</ele></trkpt>
<trkpt lat="43.7527533" lon="6.1841483"><ele>653.29</ele></trkpt>
<trkpt lat="43.752725" lon="6.1841717"><ele>653.49</ele></trkpt>
<trkpt lat="43.7527033" lon="6.1841967"><ele>653.75</ele></trkpt>
<trkpt lat="43.7526683" lon="6.184255"><ele>653.86</ele></trkpt>
<trkpt lat="43.75264" lon="6.1842967"><ele>653.38</ele></trkpt>
<trkpt lat="43.752625" lon="6.184328299999999"><ele>653.38</ele></trkpt>
<trkpt lat="43.7526067" lon="6.1843633"><ele>653.46</ele></trkpt>
<trkpt lat="43.7525867" lon="6.184391700000001"><ele>653.4</ele></trkpt>
<trkpt lat="43.7525633" lon="6.1844133"><ele>653.03</ele></trkpt>
<trkpt lat="43.75254" lon="6.18444"><ele>652.79</ele></trkpt>
<trkpt lat="43.7525133" lon="6.184455"><ele>652.6</ele></trkpt>
<trkpt lat="43.7524883" lon="6.184485"><ele>652.4</ele></trkpt>
<trkpt lat="43.752465" lon="6.18451"><ele>652.2</ele></trkpt>
<trkpt lat="43.7524383" lon="6.1845283"><ele>652.19</ele></trkpt>
<trkpt lat="43.7524083" lon="6.18455"><ele>652.19</ele></trkpt>
<trkpt lat="43.75238" lon="6.18457"><ele>652.26</ele></trkpt>
<trkpt lat="43.7523533" lon="6.184598300000001"><ele>652.22</ele></trkpt>
<trkpt lat="43.7523267" lon="6.1846333"><ele>652.22</ele></trkpt>
<trkpt lat="43.752295" lon="6.18465"><ele>652.33</ele></trkpt>
<trkpt lat="43.7522667" lon="6.184655000000001"><ele>652.75</ele></trkpt>
<trkpt lat="43.752235" lon="6.18466"><ele>653.19</ele></trkpt>
<trkpt lat="43.7521967" lon="6.1846533"><ele>653.64</ele></trkpt>
<trkpt lat="43.7521617" lon="6.184645000000001"><ele>653.98</ele></trkpt>
<trkpt lat="43.75213" lon="6.18466"><ele>654.02</ele></trkpt>
<trkpt lat="43.7521" lon="6.184658299999999"><ele>653.73</ele></trkpt>
<trkpt lat="43.7520683" lon="6.1846717"><ele>653.85</ele></trkpt>
<trkpt lat="43.7520283" lon="6.184668299999999"><ele>654.15</ele></trkpt>
<trkpt lat="43.7519933" lon="6.184665"><ele>654.55</ele></trkpt>
<trkpt lat="43.7519567" lon="6.18465"><ele>654.75</ele></trkpt>
<trkpt lat="43.751925" lon="6.1846483"><ele>655.57</ele></trkpt>
<trkpt lat="43.7518967" lon="6.1846467"><ele>656.2</ele></trkpt>
<trkpt lat="43.7518667" lon="6.1846467"><ele>656.92</ele></trkpt>
<trkpt lat="43.7518467" lon="6.184676700000001"><ele>657.45</ele></trkpt>
<trkpt lat="43.75182" lon="6.18471"><ele>657.75</ele></trkpt>
<trkpt lat="43.7517983" lon="6.184748300000001"><ele>658.08</ele></trkpt>
<trkpt lat="43.751775" lon="6.1847717"><ele>658.49</ele></trkpt>
<trkpt lat="43.75175" lon="6.184795"><ele>659.1</ele></trkpt>
<trkpt lat="43.75173" lon="6.1848267"><ele>659.39</ele></trkpt>
<trkpt lat="43.751725" lon="6.18487"><ele>659.63</ele></trkpt>
<trkpt lat="43.7517267" lon="6.184908299999999"><ele>660.07</ele></trkpt>
<trkpt lat="43.7517167" lon="6.184945"><ele>660.28</ele></trkpt>
<trkpt lat="43.7517167" lon="6.184986699999999"><ele>660.62</ele></trkpt>
<trkpt lat="43.751695" lon="6.1850367"><ele>661.26</ele></trkpt>
<trkpt lat="43.7516733" lon="6.1850717"><ele>661.19</ele></trkpt>
<trkpt lat="43.7516583" lon="6.1851117"><ele>661.29</ele></trkpt>
<trkpt lat="43.7516333" lon="6.1851367"><ele>661.38</ele></trkpt>
<trkpt lat="43.7516133" lon="6.185166700000001"><ele>661.75</ele></trkpt>
<trkpt lat="43.75159" lon="6.1851867"><ele>662.05</ele></trkpt>
<trkpt lat="43.751565" lon="6.185211700000001"><ele>662.35</ele></trkpt>
<trkpt lat="43.7515367" lon="6.185245"><ele>662.74</ele></trkpt>
<trkpt lat="43.751505" lon="6.1852633"><ele>662.97</ele></trkpt>
<trkpt lat="43.7514733" lon="6.1852717"><ele>663.25</ele></trkpt>
<trkpt lat="43.751445" lon="6.185281699999999"><ele>663.63</ele></trkpt>
<trkpt lat="43.7514083" lon="6.1852933"><ele>664.2</ele></trkpt>
<trkpt lat="43.75138" lon="6.1853067"><ele>664.55</ele></trkpt>
<trkpt lat="43.7513533" lon="6.185328299999999"><ele>664.85</ele></trkpt>
<trkpt lat="43.7513267" lon="6.1853583"><ele>664.98</ele></trkpt>
<trkpt lat="43.7513033" lon="6.1853783"><ele>665.15</ele></trkpt>
<trkpt lat="43.7512767" lon="6.1853917"><ele>665.28</ele></trkpt>
<trkpt lat="43.7512433" lon="6.1854017"><ele>665.29</ele></trkpt>
<trkpt lat="43.7512117" lon="6.185418300000001"><ele>665.22</ele></trkpt>
<trkpt lat="43.7511767" lon="6.1854367"><ele>665.09</ele></trkpt>
<trkpt lat="43.7511467" lon="6.18546"><ele>665.35</ele></trkpt>
<trkpt lat="43.751115" lon="6.1854833"><ele>665.97</ele></trkpt>
<trkpt lat="43.751085" lon="6.1855033"><ele>667.12</ele></trkpt>
<trkpt lat="43.7510583" lon="6.185519999999999"><ele>668</ele></trkpt>
<trkpt lat="43.751035" lon="6.18555"><ele>669.12</ele></trkpt>
<trkpt lat="43.7510083" lon="6.1855733"><ele>669.74</ele></trkpt>
<trkpt lat="43.7509817" lon="6.185585"><ele>669.95</ele></trkpt>
<trkpt lat="43.7509467" lon="6.1855967"><ele>670.32</ele></trkpt>
<trkpt lat="43.75091" lon="6.18561"><ele>670.9</ele></trkpt>
<trkpt lat="43.7508783" lon="6.18561"><ele>671.34</ele></trkpt>
<trkpt lat="43.750845" lon="6.1856167"><ele>671.32</ele></trkpt>
<trkpt lat="43.7508133" lon="6.1856367"><ele>670.96</ele></trkpt>
<trkpt lat="43.7507883" lon="6.185656699999999"><ele>670.32</ele></trkpt>
<trkpt lat="43.75076" lon="6.185693300000001"><ele>669.84</ele></trkpt>
<trkpt lat="43.7507367" lon="6.1857333"><ele>669.83</ele></trkpt>
<trkpt lat="43.750715" lon="6.185759999999999"><ele>670.04</ele></trkpt>
<trkpt lat="43.75069" lon="6.185795000000001"><ele>670.34</ele></trkpt>
<trkpt lat="43.7506617" lon="6.18582"><ele>670.67</ele></trkpt>
<trkpt lat="43.7506367" lon="6.185855"><ele>670.66</ele></trkpt>
<trkpt lat="43.7506117" lon="6.1858917"><ele>670.33</ele></trkpt>
<trkpt lat="43.7505883" lon="6.1859267"><ele>669.94</ele></trkpt>
<trkpt lat="43.7505583" lon="6.1859567"><ele>669.73</ele></trkpt>
<trkpt lat="43.7505317" lon="6.185985"><ele>669.95</ele></trkpt>
<trkpt lat="43.7505033" lon="6.185999999999999"><ele>670.05</ele></trkpt>
<trkpt lat="43.7504683" lon="6.1860217"><ele>670.51</ele></trkpt>
<trkpt lat="43.7504433" lon="6.1860433"><ele>670.8</ele></trkpt>
<trkpt lat="43.7504117" lon="6.186055"><ele>671</ele></trkpt>
<trkpt lat="43.7503833" lon="6.186076700000001"><ele>671.77</ele></trkpt>
<trkpt lat="43.7503533" lon="6.186085"><ele>672.02</ele></trkpt>
<trkpt lat="43.7503267" lon="6.1861017"><ele>671.98</ele></trkpt>
<trkpt lat="43.75029" lon="6.1861067"><ele>672.41</ele></trkpt>
<trkpt lat="43.7502533" lon="6.1861083"><ele>673.01</ele></trkpt>
<trkpt lat="43.7502233" lon="6.18611"><ele>673.45</ele></trkpt>
<trkpt lat="43.7501933" lon="6.18611"><ele>673.76</ele></trkpt>
<trkpt lat="43.7501633" lon="6.186113300000001"><ele>674.04</ele></trkpt>
<trkpt lat="43.7501333" lon="6.1861083"><ele>674.53</ele></trkpt>
<trkpt lat="43.7501067" lon="6.1860983"><ele>675.04</ele></trkpt>
<trkpt lat="43.7500733" lon="6.1860983"><ele>675.18</ele></trkpt>
<trkpt lat="43.7500417" lon="6.186093299999999"><ele>675.26</ele></trkpt>
<trkpt lat="43.7500067" lon="6.186089999999999"><ele>675.38</ele></trkpt>
<trkpt lat="43.7499733" lon="6.1860833"><ele>676.43</ele></trkpt>
<trkpt lat="43.749945" lon="6.1860633"><ele>676.48</ele></trkpt>
<trkpt lat="43.7499167" lon="6.1860483"><ele>676.37</ele></trkpt>
<trkpt lat="43.749885" lon="6.18605"><ele>676.36</ele></trkpt>
<trkpt lat="43.7498567" lon="6.1860383"><ele>676.69</ele></trkpt>
<trkpt lat="43.749825" lon="6.186033300000001"><ele>677.1</ele></trkpt>
<trkpt lat="43.7497967" lon="6.1860283"><ele>677.32</ele></trkpt>
<trkpt lat="43.7497683" lon="6.186031700000001"><ele>677.45</ele></trkpt>
<trkpt lat="43.749735" lon="6.186033300000001"><ele>677.79</ele></trkpt>
<trkpt lat="43.7497017" lon="6.1860367"><ele>678.31</ele></trkpt>
<trkpt lat="43.7496733" lon="6.18604"><ele>678.52</ele></trkpt>
<trkpt lat="43.74964" lon="6.1860433"><ele>678.74</ele></trkpt>
<trkpt lat="43.749605" lon="6.1860417"><ele>679.14</ele></trkpt>
<trkpt lat="43.7495717" lon="6.18604"><ele>679.18</ele></trkpt>
<trkpt lat="43.7495433" lon="6.186044999999999"><ele>679.42</ele></trkpt>
<trkpt lat="43.749515" lon="6.1860517"><ele>679.64</ele></trkpt>
<trkpt lat="43.749485" lon="6.18606"><ele>680.01</ele></trkpt>
<trkpt lat="43.7494567" lon="6.186075"><ele>680.31</ele></trkpt>
<trkpt lat="43.7494233" lon="6.1860917"><ele>680.88</ele></trkpt>
<trkpt lat="43.7493933" lon="6.1861"><ele>681.31</ele></trkpt>
<trkpt lat="43.7493667" lon="6.1861067"><ele>681.7</ele></trkpt>
<trkpt lat="43.74934" lon="6.1861267"><ele>682.09</ele></trkpt>
<trkpt lat="43.7493117" lon="6.186148299999999"><ele>682.61</ele></trkpt>
<trkpt lat="43.7492817" lon="6.1861633"><ele>682.77</ele></trkpt>
<trkpt lat="43.7492467" lon="6.18619"><ele>682.83</ele></trkpt>
<trkpt lat="43.74921" lon="6.18619"><ele>683.09</ele></trkpt>
<trkpt lat="43.7491767" lon="6.186193299999999"><ele>683.6</ele></trkpt>
<trkpt lat="43.7491367" lon="6.1861883"><ele>684.17</ele></trkpt>
<trkpt lat="43.74911" lon="6.186175"><ele>684.57</ele></trkpt>
<trkpt lat="43.7490833" lon="6.18616"><ele>684.97</ele></trkpt>
<trkpt lat="43.7490483" lon="6.1861433"><ele>685.48</ele></trkpt>
<trkpt lat="43.7490217" lon="6.1861317"><ele>685.89</ele></trkpt>
<trkpt lat="43.748995" lon="6.1861183"><ele>686.34</ele></trkpt>
<trkpt lat="43.74896" lon="6.186105"><ele>686.45</ele></trkpt>
<trkpt lat="43.7489317" lon="6.186093299999999"><ele>686.41</ele></trkpt>
<trkpt lat="43.7489017" lon="6.186089999999999"><ele>686.61</ele></trkpt>
<trkpt lat="43.748865" lon="6.186093299999999"><ele>686.82</ele></trkpt>
<trkpt lat="43.74883" lon="6.18611"><ele>686.57</ele></trkpt>
<trkpt lat="43.748805" lon="6.18613"><ele>686.3</ele></trkpt>
<trkpt lat="43.748785" lon="6.1861583"><ele>685.66</ele></trkpt>
<trkpt lat="43.7487583" lon="6.186193299999999"><ele>685.3299999999999</ele></trkpt>
<trkpt lat="43.7487383" lon="6.186226699999999"><ele>685.45</ele></trkpt>
<trkpt lat="43.74872" lon="6.1862633"><ele>685.62</ele></trkpt>
<trkpt lat="43.7487033" lon="6.186298299999999"><ele>685.65</ele></trkpt>
<trkpt lat="43.7486833" lon="6.1863283"><ele>685.47</ele></trkpt>
<trkpt lat="43.7486517" lon="6.18634"><ele>685.39</ele></trkpt>
<trkpt lat="43.74862" lon="6.186350000000001"><ele>685.3</ele></trkpt>
<trkpt lat="43.7486167" lon="6.1863917"><ele>684.51</ele></trkpt>
<trkpt lat="43.7485967" lon="6.186435"><ele>684.45</ele></trkpt>
<trkpt lat="43.748585" lon="6.1864717"><ele>684.48</ele></trkpt>
<trkpt lat="43.7485783" lon="6.186515"><ele>684.55</ele></trkpt>
<trkpt lat="43.74859" lon="6.1865633"><ele>684.4599999999999</ele></trkpt>
<trkpt lat="43.7486067" lon="6.1865967"><ele>684.61</ele></trkpt>
<trkpt lat="43.7486167" lon="6.1866333"><ele>684.81</ele></trkpt>
<trkpt lat="43.74863" lon="6.1866767"><ele>685.14</ele></trkpt>
<trkpt lat="43.74864" lon="6.186716699999999"><ele>685.42</ele></trkpt>
<trkpt lat="43.74867" lon="6.1867467"><ele>686.34</ele></trkpt>
<trkpt lat="43.7486983" lon="6.1867683"><ele>687.46</ele></trkpt>
<trkpt lat="43.74872" lon="6.1867967"><ele>688.66</ele></trkpt>
<trkpt lat="43.7487433" lon="6.1868217"><ele>689.88</ele></trkpt>
<trkpt lat="43.7487717" lon="6.186853299999999"><ele>690.99</ele></trkpt>
<trkpt lat="43.7487917" lon="6.186888300000001"><ele>692.12</ele></trkpt>
<trkpt lat="43.7488133" lon="6.1869217"><ele>692.79</ele></trkpt>
<trkpt lat="43.74884" lon="6.1869533"><ele>693.53</ele></trkpt>
<trkpt lat="43.7488667" lon="6.186986700000001"><ele>694.1</ele></trkpt>
<trkpt lat="43.7488867" lon="6.187021700000001"><ele>694.34</ele></trkpt>
<trkpt lat="43.7489067" lon="6.187056699999999"><ele>694.38</ele></trkpt>
<trkpt lat="43.7489167" lon="6.1870967"><ele>693.67</ele></trkpt>
<trkpt lat="43.7489383" lon="6.1871217"><ele>693.3099999999998</ele></trkpt>
<trkpt lat="43.7489683" lon="6.1871583"><ele>693.26</ele></trkpt>
<trkpt lat="43.7489933" lon="6.187194999999999"><ele>693.35</ele></trkpt>
<trkpt lat="43.7490267" lon="6.187229999999999"><ele>693.9</ele></trkpt>
<trkpt lat="43.7490517" lon="6.1872583"><ele>694.02</ele></trkpt>
<trkpt lat="43.7490667" lon="6.1873"><ele>693.82</ele></trkpt>
<trkpt lat="43.7490767" lon="6.187341699999999"><ele>693.4</ele></trkpt>
<trkpt lat="43.7490933" lon="6.1873817"><ele>693.1</ele></trkpt>
<trkpt lat="43.7491133" lon="6.1874117"><ele>692.55</ele></trkpt>
<trkpt lat="43.74914" lon="6.18743"><ele>692.33</ele></trkpt>
<trkpt lat="43.7491683" lon="6.1874617"><ele>692.09</ele></trkpt>
<trkpt lat="43.7491933" lon="6.187500000000001"><ele>692.08</ele></trkpt>
<trkpt lat="43.7492117" lon="6.18753"><ele>691.99</ele></trkpt>
<trkpt lat="43.749225" lon="6.1875633"><ele>691.8</ele></trkpt>
<trkpt lat="43.74925" lon="6.1875883"><ele>691.39</ele></trkpt>
<trkpt lat="43.749275" lon="6.187628299999999"><ele>690.9</ele></trkpt>
<trkpt lat="43.7493033" lon="6.1876683"><ele>690.69</ele></trkpt>
<trkpt lat="43.7493217" lon="6.187708299999999"><ele>690.3</ele></trkpt>
<trkpt lat="43.7493433" lon="6.1877417"><ele>690.26</ele></trkpt>
<trkpt lat="43.7493617" lon="6.1877717"><ele>690.33</ele></trkpt>
<trkpt lat="43.749385" lon="6.1877933"><ele>690.17</ele></trkpt>
<trkpt lat="43.7494117" lon="6.1878033"><ele>689.97</ele></trkpt>
<trkpt lat="43.7494383" lon="6.1878233"><ele>689.82</ele></trkpt>
<trkpt lat="43.74947" lon="6.1878383"><ele>689.25</ele></trkpt>
<trkpt lat="43.7495033" lon="6.1878633"><ele>688.64</ele></trkpt>
<trkpt lat="43.7495383" lon="6.187888300000001"><ele>688.07</ele></trkpt>
<trkpt lat="43.7495633" lon="6.1879033"><ele>687.25</ele></trkpt>
<trkpt lat="43.7496017" lon="6.187925"><ele>686.77</ele></trkpt>
<trkpt lat="43.7496333" lon="6.1879417"><ele>686.63</ele></trkpt>
<trkpt lat="43.74966" lon="6.187965"><ele>686.66</ele></trkpt>
<trkpt lat="43.7496817" lon="6.188"><ele>686.53</ele></trkpt>
<trkpt lat="43.7496967" lon="6.1880333"><ele>686.54</ele></trkpt>
<trkpt lat="43.74971" lon="6.188070000000001"><ele>686.94</ele></trkpt>
<trkpt lat="43.7497067" lon="6.1881117"><ele>686.7899999999998</ele></trkpt>
<trkpt lat="43.7497" lon="6.1881567"><ele>686.86</ele></trkpt>
<trkpt lat="43.749695" lon="6.188194999999999"><ele>686.86</ele></trkpt>
<trkpt lat="43.7496967" lon="6.188241699999999"><ele>687.31</ele></trkpt>
<trkpt lat="43.7496967" lon="6.1882833"><ele>687.91</ele></trkpt>
<trkpt lat="43.7497067" lon="6.18833"><ele>688.77</ele></trkpt>
<trkpt lat="43.749715" lon="6.18837"><ele>689.47</ele></trkpt>
<trkpt lat="43.7497317" lon="6.188405"><ele>690.1799999999998</ele></trkpt>
<trkpt lat="43.74975" lon="6.18845"><ele>690.62</ele></trkpt>
<trkpt lat="43.7497517" lon="6.188500000000001"><ele>690.59</ele></trkpt>
<trkpt lat="43.74975" lon="6.18854"><ele>690.56</ele></trkpt>
<trkpt lat="43.7497583" lon="6.188583299999999"><ele>690.44</ele></trkpt>
<trkpt lat="43.7497817" lon="6.188615"><ele>690.35</ele></trkpt>
<trkpt lat="43.749805" lon="6.1886517"><ele>690.26</ele></trkpt>
<trkpt lat="43.7498233" lon="6.1886917"><ele>690.09</ele></trkpt>
<trkpt lat="43.7498383" lon="6.18873"><ele>690.03</ele></trkpt>
<trkpt lat="43.7498617" lon="6.1887633"><ele>690.05</ele></trkpt>
<trkpt lat="43.7498733" lon="6.188799999999999"><ele>690.08</ele></trkpt>
<trkpt lat="43.7498867" lon="6.18884"><ele>689.97</ele></trkpt>
<trkpt lat="43.7499017" lon="6.1888833"><ele>690.19</ele></trkpt>
<trkpt lat="43.7499167" lon="6.188915"><ele>690.42</ele></trkpt>
<trkpt lat="43.7499383" lon="6.188948299999999"><ele>690.81</ele></trkpt>
<trkpt lat="43.7499533" lon="6.1889833"><ele>690.93</ele></trkpt>
<trkpt lat="43.749965" lon="6.1890217"><ele>691.2</ele></trkpt>
<trkpt lat="43.749975" lon="6.1890683"><ele>691.71</ele></trkpt>
<trkpt lat="43.7499733" lon="6.189108299999999"><ele>692.11</ele></trkpt>
<trkpt lat="43.7499867" lon="6.1891517"><ele>692.78</ele></trkpt>
<trkpt lat="43.7499933" lon="6.1892"><ele>693.06</ele></trkpt>
<trkpt lat="43.75001" lon="6.18924"><ele>692.08</ele></trkpt>
<trkpt lat="43.750025" lon="6.189275000000001"><ele>692.17</ele></trkpt>
<trkpt lat="43.7500417" lon="6.189310000000001"><ele>692.09</ele></trkpt>
<trkpt lat="43.7500333" lon="6.1893567"><ele>691.79</ele></trkpt>
<trkpt lat="43.7500233" lon="6.1893967"><ele>691.68</ele></trkpt>
<trkpt lat="43.750015" lon="6.18944"><ele>691.75</ele></trkpt>
<trkpt lat="43.7500233" lon="6.18948"><ele>691.75</ele></trkpt>
<trkpt lat="43.750045" lon="6.1895167"><ele>691.72</ele></trkpt>
<trkpt lat="43.75007" lon="6.189550000000001"><ele>691.68</ele></trkpt>
<trkpt lat="43.7500833" lon="6.1895833"><ele>691.43</ele></trkpt>
<trkpt lat="43.7500933" lon="6.189618299999999"><ele>691.29</ele></trkpt>
<trkpt lat="43.7501017" lon="6.1896667"><ele>691.2</ele></trkpt>
<trkpt lat="43.7501133" lon="6.189706699999999"><ele>691.18</ele></trkpt>
<trkpt lat="43.7501283" lon="6.1897533"><ele>691.54</ele></trkpt>
<trkpt lat="43.7501333" lon="6.1897983"><ele>692.16</ele></trkpt>
<trkpt lat="43.7501267" lon="6.189845000000001"><ele>692.33</ele></trkpt>
<trkpt lat="43.7501217" lon="6.1898967"><ele>692.57</ele></trkpt>
<trkpt lat="43.7501117" lon="6.189936700000001"><ele>692.3</ele></trkpt>
<trkpt lat="43.75011" lon="6.1899783"><ele>692.1799999999998</ele></trkpt>
<trkpt lat="43.750125" lon="6.1900117"><ele>692.28</ele></trkpt>
<trkpt lat="43.75014" lon="6.190055"><ele>692.29</ele></trkpt>
<trkpt lat="43.750155" lon="6.1900933"><ele>692.35</ele></trkpt>
<trkpt lat="43.7501583" lon="6.190145"><ele>692.45</ele></trkpt>
<trkpt lat="43.7501567" lon="6.190188299999999"><ele>692.91</ele></trkpt>
<trkpt lat="43.7501633" lon="6.1902267"><ele>694.22</ele></trkpt>
<trkpt lat="43.7501483" lon="6.190265000000001"><ele>695.13</ele></trkpt>
<trkpt lat="43.750135" lon="6.1903"><ele>695.47</ele></trkpt>
<trkpt lat="43.750125" lon="6.190334999999999"><ele>695.92</ele></trkpt>
<trkpt lat="43.7501083" lon="6.1903717"><ele>696.63</ele></trkpt>
<trkpt lat="43.7501033" lon="6.190411700000001"><ele>697.33</ele></trkpt>
<trkpt lat="43.7500967" lon="6.1904533"><ele>698.32</ele></trkpt>
<trkpt lat="43.750075" lon="6.19049"><ele>698.83</ele></trkpt>
<trkpt lat="43.75006" lon="6.190529999999999"><ele>699.21</ele></trkpt>
<trkpt lat="43.7500483" lon="6.1905717"><ele>699.65</ele></trkpt>
<trkpt lat="43.7500417" lon="6.190608300000001"><ele>699.85</ele></trkpt>
<trkpt lat="43.75005" lon="6.19065"><ele>700.4</ele></trkpt>
<trkpt lat="43.75005" lon="6.1906883"><ele>700.81</ele></trkpt>
<trkpt lat="43.750025" lon="6.1907283"><ele>701.15</ele></trkpt>
<trkpt lat="43.75" lon="6.1907467"><ele>702.1</ele></trkpt>
<trkpt lat="43.749975" lon="6.1907617"><ele>702.28</ele></trkpt>
<trkpt lat="43.749945" lon="6.190788300000001"><ele>702.35</ele></trkpt>
<trkpt lat="43.7499233" lon="6.190811699999999"><ele>702.46</ele></trkpt>
<trkpt lat="43.7498967" lon="6.19084"><ele>702.55</ele></trkpt>
<trkpt lat="43.7498833" lon="6.190875"><ele>702.66</ele></trkpt>
<trkpt lat="43.7498633" lon="6.1909133"><ele>702.95</ele></trkpt>
<trkpt lat="43.74984" lon="6.19094"><ele>702.87</ele></trkpt>
<trkpt lat="43.7498233" lon="6.190975"><ele>702.85</ele></trkpt>
<trkpt lat="43.7498017" lon="6.1910017"><ele>702.7</ele></trkpt>
<trkpt lat="43.7497867" lon="6.1910333"><ele>702.6299999999999</ele></trkpt>
<trkpt lat="43.7497667" lon="6.191061700000001"><ele>703.12</ele></trkpt>
<trkpt lat="43.7497433" lon="6.1910933"><ele>703.36</ele></trkpt>
<trkpt lat="43.74973" lon="6.1911267"><ele>703.55</ele></trkpt>
<trkpt lat="43.7497133" lon="6.1911617"><ele>703.47</ele></trkpt>
<trkpt lat="43.749695" lon="6.191199999999999"><ele>703.72</ele></trkpt>
<trkpt lat="43.749675" lon="6.1912367"><ele>704.02</ele></trkpt>
<trkpt lat="43.7496417" lon="6.19127"><ele>704.32</ele></trkpt>
<trkpt lat="43.7496217" lon="6.191305"><ele>704.95</ele></trkpt>
<trkpt lat="43.7496133" lon="6.1913467"><ele>705.97</ele></trkpt>
<trkpt lat="43.749605" lon="6.19139"><ele>707.6899999999999</ele></trkpt>
<trkpt lat="43.7496067" lon="6.191435"><ele>708.71</ele></trkpt>
<trkpt lat="43.749605" lon="6.1914767"><ele>709.28</ele></trkpt>
<trkpt lat="43.7495917" lon="6.1915217"><ele>709.79</ele></trkpt>
<trkpt lat="43.7495717" lon="6.191553300000001"><ele>710.04</ele></trkpt>
<trkpt lat="43.74955" lon="6.1915917"><ele>710.04</ele></trkpt>
<trkpt lat="43.7495217" lon="6.191625"><ele>710.22</ele></trkpt>
<trkpt lat="43.7494983" lon="6.191651700000001"><ele>710.51</ele></trkpt>
<trkpt lat="43.7494717" lon="6.1916883"><ele>710.63</ele></trkpt>
<trkpt lat="43.749455" lon="6.1917217"><ele>710.59</ele></trkpt>
<trkpt lat="43.7494417" lon="6.191756699999999"><ele>710.92</ele></trkpt>
<trkpt lat="43.7494267" lon="6.1917967"><ele>711.19</ele></trkpt>
<trkpt lat="43.7494167" lon="6.1918317"><ele>711.48</ele></trkpt>
<trkpt lat="43.7494217" lon="6.191873299999999"><ele>711.85</ele></trkpt>
<trkpt lat="43.74943" lon="6.191915"><ele>712.24</ele></trkpt>
<trkpt lat="43.74944" lon="6.1919583"><ele>713.02</ele></trkpt>
<trkpt lat="43.7494367" lon="6.191996699999999"><ele>713.88</ele></trkpt>
<trkpt lat="43.7494183" lon="6.1920317"><ele>714.5</ele></trkpt>
<trkpt lat="43.7493967" lon="6.1920567"><ele>714.75</ele></trkpt>
<trkpt lat="43.749375" lon="6.192086699999999"><ele>714.43</ele></trkpt>
<trkpt lat="43.7493467" lon="6.1921117"><ele>714.03</ele></trkpt>
<trkpt lat="43.7493267" lon="6.1921433"><ele>713.54</ele></trkpt>
<trkpt lat="43.7493017" lon="6.192185"><ele>713.27</ele></trkpt>
<trkpt lat="43.7492867" lon="6.19223"><ele>713.24</ele></trkpt>
<trkpt lat="43.7492733" lon="6.1922733"><ele>713.1</ele></trkpt>
<trkpt lat="43.7492717" lon="6.1923167"><ele>713.57</ele></trkpt>
<trkpt lat="43.749285" lon="6.192356700000001"><ele>714.38</ele></trkpt>
<trkpt lat="43.7492883" lon="6.1924017"><ele>714.84</ele></trkpt>
<trkpt lat="43.7492783" lon="6.1924483"><ele>714.7</ele></trkpt>
<trkpt lat="43.7492667" lon="6.192495"><ele>714.83</ele></trkpt>
<trkpt lat="43.7492583" lon="6.192533299999999"><ele>714.76</ele></trkpt>
<trkpt lat="43.7492517" lon="6.192575"><ele>714.86</ele></trkpt>
<trkpt lat="43.7492467" lon="6.192621699999999"><ele>714.69</ele></trkpt>
<trkpt lat="43.74924" lon="6.1926617"><ele>714.66</ele></trkpt>
<trkpt lat="43.7492267" lon="6.1926983"><ele>714.41</ele></trkpt>
<trkpt lat="43.7492117" lon="6.192746700000001"><ele>713.84</ele></trkpt>
<trkpt lat="43.7491983" lon="6.1927967"><ele>713.44</ele></trkpt>
<trkpt lat="43.7491733" lon="6.192836700000001"><ele>713.27</ele></trkpt>
<trkpt lat="43.7491567" lon="6.1928667"><ele>713.19</ele></trkpt>
<trkpt lat="43.74913" lon="6.1929033"><ele>713.25</ele></trkpt>
<trkpt lat="43.749115" lon="6.1929367"><ele>713.24</ele></trkpt>
<trkpt lat="43.7490983" lon="6.192975000000001"><ele>713</ele></trkpt>
<trkpt lat="43.7490767" lon="6.193013299999999"><ele>712.77</ele></trkpt>
<trkpt lat="43.749055" lon="6.1930567"><ele>712.34</ele></trkpt>
<trkpt lat="43.7490283" lon="6.1930933"><ele>712.26</ele></trkpt>
<trkpt lat="43.7490067" lon="6.19313"><ele>712</ele></trkpt>
<trkpt lat="43.7489833" lon="6.1931733"><ele>711.54</ele></trkpt>
<trkpt lat="43.7489633" lon="6.1932167"><ele>710.95</ele></trkpt>
<trkpt lat="43.748945" lon="6.193256700000001"><ele>710.18</ele></trkpt>
<trkpt lat="43.7489267" lon="6.1933017"><ele>709.71</ele></trkpt>
<trkpt lat="43.7489067" lon="6.1933383"><ele>709.73</ele></trkpt>
<trkpt lat="43.7488817" lon="6.19337"><ele>709.86</ele></trkpt>
<trkpt lat="43.7488583" lon="6.193405"><ele>709.61</ele></trkpt>
<trkpt lat="43.7488333" lon="6.193435"><ele>709.3</ele></trkpt>
<trkpt lat="43.7488083" lon="6.1934733"><ele>709.1</ele></trkpt>
<trkpt lat="43.74879" lon="6.1935133"><ele>708.71</ele></trkpt>
<trkpt lat="43.74877" lon="6.193545"><ele>708.56</ele></trkpt>
<trkpt lat="43.748745" lon="6.1935833"><ele>708.46</ele></trkpt>
<trkpt lat="43.748725" lon="6.193613300000001"><ele>709.27</ele></trkpt>
<trkpt lat="43.7486983" lon="6.1936417"><ele>711.52</ele></trkpt>
<trkpt lat="43.74867" lon="6.1936683"><ele>711.75</ele></trkpt>
<trkpt lat="43.7486483" lon="6.193693300000001"><ele>711.86</ele></trkpt>
<trkpt lat="43.7486267" lon="6.193718299999999"><ele>712.05</ele></trkpt>
<trkpt lat="43.7486" lon="6.1937383"><ele>712.09</ele></trkpt>
<trkpt lat="43.7485733" lon="6.193771699999999"><ele>712.33</ele></trkpt>
<trkpt lat="43.74855" lon="6.1937967"><ele>712.36</ele></trkpt>
<trkpt lat="43.7485233" lon="6.193818299999999"><ele>712.17</ele></trkpt>
<trkpt lat="43.7484967" lon="6.193850000000001"><ele>712.16</ele></trkpt>
<trkpt lat="43.7484733" lon="6.19388"><ele>712.17</ele></trkpt>
<trkpt lat="43.7484533" lon="6.193906699999999"><ele>712.14</ele></trkpt>
<trkpt lat="43.74843" lon="6.1939317"><ele>711.83</ele></trkpt>
<trkpt lat="43.748405" lon="6.1939617"><ele>711.05</ele></trkpt>
<trkpt lat="43.7483867" lon="6.19399"><ele>710.7</ele></trkpt>
<trkpt lat="43.74836" lon="6.1940167"><ele>710.11</ele></trkpt>
<trkpt lat="43.7483367" lon="6.1940417"><ele>709.8</ele></trkpt>
<trkpt lat="43.7483117" lon="6.1940633"><ele>709.57</ele></trkpt>
<trkpt lat="43.74829" lon="6.194093299999999"><ele>709.37</ele></trkpt>
<trkpt lat="43.7482667" lon="6.194121700000001"><ele>709.26</ele></trkpt>
<trkpt lat="43.7482483" lon="6.1941533"><ele>709.16</ele></trkpt>
<trkpt lat="43.748225" lon="6.1941767"><ele>709.08</ele></trkpt>
<trkpt lat="43.7481967" lon="6.1942083"><ele>708.87</ele></trkpt>
<trkpt lat="43.7481767" lon="6.1942417"><ele>708.74</ele></trkpt>
<trkpt lat="43.7481517" lon="6.194265"><ele>708.66</ele></trkpt>
<trkpt lat="43.748125" lon="6.1942883"><ele>708.73</ele></trkpt>
<trkpt lat="43.748095" lon="6.19431"><ele>709.02</ele></trkpt>
<trkpt lat="43.7480633" lon="6.1943283"><ele>709.1499999999999</ele></trkpt>
<trkpt lat="43.7480333" lon="6.1943517"><ele>709.09</ele></trkpt>
<trkpt lat="43.7480083" lon="6.1943767"><ele>709.16</ele></trkpt>
<trkpt lat="43.7479767" lon="6.1944017"><ele>709.04</ele></trkpt>
<trkpt lat="43.7479567" lon="6.19443"><ele>709.1499999999999</ele></trkpt>
<trkpt lat="43.7479367" lon="6.1944717"><ele>709.07</ele></trkpt>
<trkpt lat="43.7479217" lon="6.1945083"><ele>708.97</ele></trkpt>
<trkpt lat="43.7479017" lon="6.194545"><ele>708.99</ele></trkpt>
<trkpt lat="43.7478817" lon="6.194579999999999"><ele>709.31</ele></trkpt>
<trkpt lat="43.747865" lon="6.194611700000001"><ele>709.78</ele></trkpt>
<trkpt lat="43.7478467" lon="6.19464"><ele>710.11</ele></trkpt>
<trkpt lat="43.7478267" lon="6.194675"><ele>710.39</ele></trkpt>
<trkpt lat="43.7478067" lon="6.1947033"><ele>710.61</ele></trkpt>
<trkpt lat="43.7477817" lon="6.1947333"><ele>710.92</ele></trkpt>
<trkpt lat="43.74775" lon="6.19476"><ele>711.05</ele></trkpt>
<trkpt lat="43.7477267" lon="6.19479"><ele>711.25</ele></trkpt>
<trkpt lat="43.7477067" lon="6.1948183"><ele>711.45</ele></trkpt>
<trkpt lat="43.74769" lon="6.19485"><ele>711.48</ele></trkpt>
<trkpt lat="43.7476717" lon="6.1948833"><ele>711.29</ele></trkpt>
<trkpt lat="43.747655" lon="6.1949183"><ele>710.93</ele></trkpt>
<trkpt lat="43.7476417" lon="6.194958299999999"><ele>710.74</ele></trkpt>
<trkpt lat="43.7476233" lon="6.1949917"><ele>710.92</ele></trkpt>
<trkpt lat="43.7476067" lon="6.1950283"><ele>711.1499999999999</ele></trkpt>
<trkpt lat="43.7475917" lon="6.195059999999999"><ele>711.16</ele></trkpt>
<trkpt lat="43.7475767" lon="6.195095"><ele>711.06</ele></trkpt>
<trkpt lat="43.7475583" lon="6.19513"><ele>711.08</ele></trkpt>
<trkpt lat="43.7475417" lon="6.195163299999999"><ele>711.25</ele></trkpt>
<trkpt lat="43.7475233" lon="6.1951933"><ele>711.49</ele></trkpt>
<trkpt lat="43.747505" lon="6.195225"><ele>711.65</ele></trkpt>
<trkpt lat="43.7474833" lon="6.1952567"><ele>711.89</ele></trkpt>
<trkpt lat="43.74746" lon="6.195288299999999"><ele>712.05</ele></trkpt>
<trkpt lat="43.74743" lon="6.195320000000001"><ele>711.8</ele></trkpt>
<trkpt lat="43.7474067" lon="6.1953467"><ele>711.58</ele></trkpt>
<trkpt lat="43.7473833" lon="6.195378300000001"><ele>711.46</ele></trkpt>
<trkpt lat="43.747355" lon="6.1953983"><ele>711.36</ele></trkpt>
<trkpt lat="43.7473283" lon="6.1954133"><ele>711.29</ele></trkpt>
<trkpt lat="43.7472967" lon="6.1954283"><ele>711.1</ele></trkpt>
<trkpt lat="43.747265" lon="6.195448299999999"><ele>710.9</ele></trkpt>
<trkpt lat="43.7472367" lon="6.195466700000001"><ele>710.86</ele></trkpt>
<trkpt lat="43.7472083" lon="6.195493299999999"><ele>710.68</ele></trkpt>
<trkpt lat="43.74718" lon="6.1955183"><ele>710.05</ele></trkpt>
<trkpt lat="43.74715" lon="6.19555"><ele>709.35</ele></trkpt>
<trkpt lat="43.747125" lon="6.1955767"><ele>708.88</ele></trkpt>
<trkpt lat="43.7471017" lon="6.195601700000001"><ele>709.21</ele></trkpt>
<trkpt lat="43.7470733" lon="6.195628299999999"><ele>709.51</ele></trkpt>
<trkpt lat="43.7470433" lon="6.1956583"><ele>709.81</ele></trkpt>
<trkpt lat="43.74702" lon="6.19569"><ele>709.86</ele></trkpt>
<trkpt lat="43.746995" lon="6.195718299999999"><ele>709.95</ele></trkpt>
<trkpt lat="43.7469717" lon="6.195750000000001"><ele>710.05</ele></trkpt>
<trkpt lat="43.7469483" lon="6.19578"><ele>710.24</ele></trkpt>
<trkpt lat="43.7469267" lon="6.195806699999999"><ele>710.51</ele></trkpt>
<trkpt lat="43.746905" lon="6.195843300000001"><ele>710.74</ele></trkpt>
<trkpt lat="43.7468817" lon="6.1958833"><ele>710.76</ele></trkpt>
<trkpt lat="43.746855" lon="6.1959167"><ele>710.76</ele></trkpt>
<trkpt lat="43.7468333" lon="6.1959467"><ele>710.69</ele></trkpt>
<trkpt lat="43.74681" lon="6.195975"><ele>710.34</ele></trkpt>
<trkpt lat="43.7467833" lon="6.1959967"><ele>710.25</ele></trkpt>
<trkpt lat="43.7467583" lon="6.196025000000001"><ele>710.51</ele></trkpt>
<trkpt lat="43.7467317" lon="6.196045"><ele>710.65</ele></trkpt>
<trkpt lat="43.74671" lon="6.196085"><ele>710.59</ele></trkpt>
<trkpt lat="43.7466867" lon="6.19612"><ele>710.63</ele></trkpt>
<trkpt lat="43.746665" lon="6.1961583"><ele>710.68</ele></trkpt>
<trkpt lat="43.7466433" lon="6.196183300000001"><ele>710.43</ele></trkpt>
<trkpt lat="43.74662" lon="6.19621"><ele>710.19</ele></trkpt>
<trkpt lat="43.7465967" lon="6.1962383"><ele>710.08</ele></trkpt>
<trkpt lat="43.7465733" lon="6.1962683"><ele>710.18</ele></trkpt>
<trkpt lat="43.74655" lon="6.1963017"><ele>709.99</ele></trkpt>
<trkpt lat="43.7465267" lon="6.196333300000001"><ele>709.77</ele></trkpt>
<trkpt lat="43.7465067" lon="6.1963633"><ele>709.67</ele></trkpt>
<trkpt lat="43.746485" lon="6.1963917"><ele>709.38</ele></trkpt>
<trkpt lat="43.7464583" lon="6.196423300000001"><ele>709.38</ele></trkpt>
<trkpt lat="43.7464367" lon="6.196458300000001"><ele>709.45</ele></trkpt>
<trkpt lat="43.746415" lon="6.196485"><ele>709.36</ele></trkpt>
<trkpt lat="43.7463917" lon="6.19652"><ele>709.52</ele></trkpt>
<trkpt lat="43.7463667" lon="6.196556700000001"><ele>709.55</ele></trkpt>
<trkpt lat="43.7463417" lon="6.1965883"><ele>709.37</ele></trkpt>
<trkpt lat="43.7463183" lon="6.196625"><ele>709.12</ele></trkpt>
<trkpt lat="43.7462983" lon="6.196661699999999"><ele>708.9</ele></trkpt>
<trkpt lat="43.7462783" lon="6.1967017"><ele>708.56</ele></trkpt>
<trkpt lat="43.74626" lon="6.1967383"><ele>708.34</ele></trkpt>
<trkpt lat="43.746245" lon="6.196776699999999"><ele>708.5</ele></trkpt>
<trkpt lat="43.7462317" lon="6.196815"><ele>708.81</ele></trkpt>
<trkpt lat="43.74621" lon="6.19685"><ele>709.11</ele></trkpt>
<trkpt lat="43.7461917" lon="6.1968933"><ele>709.1499999999999</ele></trkpt>
<trkpt lat="43.746165" lon="6.1969233"><ele>709.06</ele></trkpt>
<trkpt lat="43.7461433" lon="6.196946699999999"><ele>709.13</ele></trkpt>
<trkpt lat="43.74612" lon="6.1969733"><ele>708.81</ele></trkpt>
<trkpt lat="43.746095" lon="6.1969983"><ele>708.42</ele></trkpt>
<trkpt lat="43.7460767" lon="6.1970267"><ele>708.2</ele></trkpt>
<trkpt lat="43.746055" lon="6.197055"><ele>708.25</ele></trkpt>
<trkpt lat="43.74603" lon="6.197085"><ele>708.14</ele></trkpt>
<trkpt lat="43.7460083" lon="6.197108299999999"><ele>708.26</ele></trkpt>
<trkpt lat="43.74599" lon="6.1971417"><ele>708.35</ele></trkpt>
<trkpt lat="43.7459583" lon="6.197254999999999"><ele>707.53</ele></trkpt>
<trkpt lat="43.74593" lon="6.197286699999999"><ele>706.58</ele></trkpt>
<trkpt lat="43.74591" lon="6.1973133"><ele>706.46</ele></trkpt>
<trkpt lat="43.7458883" lon="6.1973367"><ele>706.2</ele></trkpt>
<trkpt lat="43.74587" lon="6.197368300000001"><ele>705.97</ele></trkpt>
<trkpt lat="43.7458467" lon="6.197395"><ele>705.77</ele></trkpt>
<trkpt lat="43.74582" lon="6.1974267"><ele>705.22</ele></trkpt>
<trkpt lat="43.7457933" lon="6.1974633"><ele>704.62</ele></trkpt>
<trkpt lat="43.7457733" lon="6.197501700000001"><ele>704.3</ele></trkpt>
<trkpt lat="43.745755" lon="6.1975367"><ele>703.93</ele></trkpt>
<trkpt lat="43.7457267" lon="6.197565"><ele>703.34</ele></trkpt>
<trkpt lat="43.745705" lon="6.1975967"><ele>703.02</ele></trkpt>
<trkpt lat="43.745685" lon="6.1976283"><ele>702.7</ele></trkpt>
<trkpt lat="43.74566" lon="6.19766"><ele>702.31</ele></trkpt>
<trkpt lat="43.7456317" lon="6.19768"><ele>701.91</ele></trkpt>
<trkpt lat="43.7456017" lon="6.197708300000001"><ele>701.67</ele></trkpt>
<trkpt lat="43.7455717" lon="6.1977283"><ele>701.42</ele></trkpt>
<trkpt lat="43.7455417" lon="6.197766699999999"><ele>701.26</ele></trkpt>
<trkpt lat="43.7455133" lon="6.1977833"><ele>701.16</ele></trkpt>
<trkpt lat="43.745485" lon="6.1978067"><ele>701.06</ele></trkpt>
<trkpt lat="43.7454533" lon="6.19783"><ele>700.8</ele></trkpt>
<trkpt lat="43.74542" lon="6.19786"><ele>700.59</ele></trkpt>
<trkpt lat="43.7453883" lon="6.1978817"><ele>700.28</ele></trkpt>
<trkpt lat="43.74536" lon="6.19791"><ele>700.16</ele></trkpt>
<trkpt lat="43.7453317" lon="6.197938300000001"><ele>700.32</ele></trkpt>
<trkpt lat="43.7453017" lon="6.197963299999999"><ele>700.71</ele></trkpt>
<trkpt lat="43.745275" lon="6.1979867"><ele>700.98</ele></trkpt>
<trkpt lat="43.745245" lon="6.1980117"><ele>701.41</ele></trkpt>
<trkpt lat="43.745215" lon="6.198040000000001"><ele>701.54</ele></trkpt>
<trkpt lat="43.7451867" lon="6.198061699999999"><ele>701.75</ele></trkpt>
<trkpt lat="43.745155" lon="6.19809"><ele>701.82</ele></trkpt>
<trkpt lat="43.745125" lon="6.198108299999999"><ele>702.08</ele></trkpt>
<trkpt lat="43.7450967" lon="6.1981233"><ele>702.03</ele></trkpt>
<trkpt lat="43.745065" lon="6.198135"><ele>701.98</ele></trkpt>
<trkpt lat="43.745035" lon="6.1981583"><ele>701.95</ele></trkpt>
<trkpt lat="43.7450033" lon="6.1981817"><ele>701.95</ele></trkpt>
<trkpt lat="43.7449733" lon="6.19821"><ele>701.95</ele></trkpt>
<trkpt lat="43.7449467" lon="6.1982417"><ele>701.96</ele></trkpt>
<trkpt lat="43.7449233" lon="6.198275"><ele>702.11</ele></trkpt>
<trkpt lat="43.7448967" lon="6.1983067"><ele>702.22</ele></trkpt>
<trkpt lat="43.7448633" lon="6.198334999999999"><ele>702.22</ele></trkpt>
<trkpt lat="43.744835" lon="6.198355"><ele>702.51</ele></trkpt>
<trkpt lat="43.7448" lon="6.198366700000001"><ele>702.98</ele></trkpt>
<trkpt lat="43.7447633" lon="6.198381699999999"><ele>703.54</ele></trkpt>
<trkpt lat="43.7447283" lon="6.1983967"><ele>703.98</ele></trkpt>
<trkpt lat="43.7446967" lon="6.1984083"><ele>704.38</ele></trkpt>
<trkpt lat="43.7446683" lon="6.1984217"><ele>704.78</ele></trkpt>
<trkpt lat="43.7446383" lon="6.1984433"><ele>705.11</ele></trkpt>
<trkpt lat="43.74461" lon="6.198470000000001"><ele>705.24</ele></trkpt>
<trkpt lat="43.7445833" lon="6.1984933"><ele>705.53</ele></trkpt>
<trkpt lat="43.7445533" lon="6.198515000000001"><ele>705.9</ele></trkpt>
<trkpt lat="43.7445267" lon="6.198539999999999"><ele>706.04</ele></trkpt>
<trkpt lat="43.7444967" lon="6.198561700000001"><ele>706.15</ele></trkpt>
<trkpt lat="43.74447" lon="6.1985917"><ele>706.06</ele></trkpt>
<trkpt lat="43.74444" lon="6.19861"><ele>705.91</ele></trkpt>
<trkpt lat="43.7444167" lon="6.1986367"><ele>705.92</ele></trkpt>
<trkpt lat="43.7443867" lon="6.1986617"><ele>706.11</ele></trkpt>
<trkpt lat="43.7443617" lon="6.1986867"><ele>706.22</ele></trkpt>
<trkpt lat="43.744335" lon="6.198715"><ele>706.87</ele></trkpt>
<trkpt lat="43.7443117" lon="6.1987467"><ele>707.13</ele></trkpt>
<trkpt lat="43.7442917" lon="6.1987783"><ele>707.38</ele></trkpt>
<trkpt lat="43.7442633" lon="6.1988083"><ele>707.9</ele></trkpt>
<trkpt lat="43.7442367" lon="6.1988417"><ele>708.05</ele></trkpt>
<trkpt lat="43.7442117" lon="6.198869999999999"><ele>707.86</ele></trkpt>
<trkpt lat="43.74419" lon="6.1989117"><ele>707.87</ele></trkpt>
<trkpt lat="43.7441633" lon="6.198945"><ele>707.85</ele></trkpt>
<trkpt lat="43.744135" lon="6.1989683"><ele>707.95</ele></trkpt>
<trkpt lat="43.74411" lon="6.19899"><ele>707.81</ele></trkpt>
<trkpt lat="43.7440817" lon="6.199015"><ele>707.6899999999999</ele></trkpt>
<trkpt lat="43.7440517" lon="6.1990333"><ele>707.58</ele></trkpt>
<trkpt lat="43.744035" lon="6.1990633"><ele>707.62</ele></trkpt>
<trkpt lat="43.7440133" lon="6.199086700000001"><ele>707.49</ele></trkpt>
<trkpt lat="43.7439883" lon="6.1991117"><ele>707.22</ele></trkpt>
<trkpt lat="43.74396" lon="6.199141699999999"><ele>706.96</ele></trkpt>
<trkpt lat="43.7439267" lon="6.199165"><ele>706.95</ele></trkpt>
<trkpt lat="43.743895" lon="6.19918"><ele>706.95</ele></trkpt>
<trkpt lat="43.7438633" lon="6.199188300000001"><ele>706.95</ele></trkpt>
<trkpt lat="43.743835" lon="6.1992117"><ele>706.67</ele></trkpt>
<trkpt lat="43.7438133" lon="6.199235000000001"><ele>706.74</ele></trkpt>
<trkpt lat="43.7437867" lon="6.1992533"><ele>707</ele></trkpt>
<trkpt lat="43.7437483" lon="6.1992683"><ele>707.22</ele></trkpt>
<trkpt lat="43.7437217" lon="6.1992783"><ele>707.32</ele></trkpt>
<trkpt lat="43.7436817" lon="6.1992867"><ele>706.85</ele></trkpt>
<trkpt lat="43.743655" lon="6.1993033"><ele>706.17</ele></trkpt>
<trkpt lat="43.7436233" lon="6.199335"><ele>705.44</ele></trkpt>
<trkpt lat="43.7436017" lon="6.1993667"><ele>704.49</ele></trkpt>
<trkpt lat="43.7435817" lon="6.1993933"><ele>704.29</ele></trkpt>
<trkpt lat="43.7435517" lon="6.199428300000001"><ele>704.22</ele></trkpt>
<trkpt lat="43.7435367" lon="6.199460000000001"><ele>704.34</ele></trkpt>
<trkpt lat="43.74352" lon="6.1994967"><ele>704.52</ele></trkpt>
<trkpt lat="43.7434917" lon="6.1995283"><ele>704.99</ele></trkpt>
<trkpt lat="43.7434717" lon="6.199561700000001"><ele>705.4</ele></trkpt>
<trkpt lat="43.743455" lon="6.1996"><ele>705.38</ele></trkpt>
<trkpt lat="43.7434333" lon="6.19964"><ele>704.69</ele></trkpt>
<trkpt lat="43.743405" lon="6.199675"><ele>703.95</ele></trkpt>
<trkpt lat="43.7433833" lon="6.199715"><ele>703.85</ele></trkpt>
<trkpt lat="43.7433617" lon="6.1997533"><ele>703.61</ele></trkpt>
<trkpt lat="43.7433433" lon="6.199783299999999"><ele>703.49</ele></trkpt>
<trkpt lat="43.7433217" lon="6.199818299999999"><ele>703.1</ele></trkpt>
<trkpt lat="43.7432983" lon="6.199865"><ele>702.87</ele></trkpt>
<trkpt lat="43.7432733" lon="6.1999033"><ele>702.82</ele></trkpt>
<trkpt lat="43.7432483" lon="6.1999433"><ele>702.88</ele></trkpt>
<trkpt lat="43.7432283" lon="6.1999767"><ele>703.01</ele></trkpt>
<trkpt lat="43.7432083" lon="6.2000183"><ele>702.81</ele></trkpt>
<trkpt lat="43.7431833" lon="6.20006"><ele>702.2</ele></trkpt>
<trkpt lat="43.74316" lon="6.2000933"><ele>701.38</ele></trkpt>
<trkpt lat="43.7431317" lon="6.2001233"><ele>701.16</ele></trkpt>
<trkpt lat="43.7431067" lon="6.200155"><ele>701.25</ele></trkpt>
<trkpt lat="43.7430733" lon="6.2001867"><ele>700.97</ele></trkpt>
<trkpt lat="43.74304" lon="6.2002067"><ele>701.02</ele></trkpt>
<trkpt lat="43.7430133" lon="6.2002333"><ele>701.4</ele></trkpt>
<trkpt lat="43.7429767" lon="6.2002533"><ele>701.8</ele></trkpt>
<trkpt lat="43.7429467" lon="6.200265"><ele>701.68</ele></trkpt>
<trkpt lat="43.7429133" lon="6.2002867"><ele>701.72</ele></trkpt>
<trkpt lat="43.7428767" lon="6.2002983"><ele>701.58</ele></trkpt>
<trkpt lat="43.7428517" lon="6.2003217"><ele>701.53</ele></trkpt>
<trkpt lat="43.7428217" lon="6.2003433"><ele>701.72</ele></trkpt>
<trkpt lat="43.7427967" lon="6.200370000000001"><ele>701.4</ele></trkpt>
<trkpt lat="43.7427667" lon="6.200398299999999"><ele>700.93</ele></trkpt>
<trkpt lat="43.742745" lon="6.2004233"><ele>700.33</ele></trkpt>
<trkpt lat="43.742715" lon="6.200441699999999"><ele>699.55</ele></trkpt>
<trkpt lat="43.7426833" lon="6.200461700000001"><ele>699.38</ele></trkpt>
<trkpt lat="43.7426567" lon="6.2004833"><ele>699.03</ele></trkpt>
<trkpt lat="43.7426283" lon="6.2005117"><ele>698.76</ele></trkpt>
<trkpt lat="43.742605" lon="6.200531699999999"><ele>698.59</ele></trkpt>
<trkpt lat="43.7425717" lon="6.20055"><ele>698.12</ele></trkpt>
<trkpt lat="43.742545" lon="6.2005667"><ele>697.99</ele></trkpt>
<trkpt lat="43.7425183" lon="6.200585"><ele>697.79</ele></trkpt>
<trkpt lat="43.74249" lon="6.2006067"><ele>697.33</ele></trkpt>
<trkpt lat="43.7424667" lon="6.200634999999999"><ele>697.06</ele></trkpt>
<trkpt lat="43.7424367" lon="6.200655000000001"><ele>696.73</ele></trkpt>
<trkpt lat="43.7424067" lon="6.2006717"><ele>696.3</ele></trkpt>
<trkpt lat="43.742375" lon="6.20069"><ele>695.8</ele></trkpt>
<trkpt lat="43.742345" lon="6.2007167"><ele>695.39</ele></trkpt>
<trkpt lat="43.7423133" lon="6.200726699999999"><ele>694.74</ele></trkpt>
<trkpt lat="43.742285" lon="6.2007533"><ele>694.39</ele></trkpt>
<trkpt lat="43.7422583" lon="6.20078"><ele>694.35</ele></trkpt>
<trkpt lat="43.7422317" lon="6.2008033"><ele>694.45</ele></trkpt>
<trkpt lat="43.7421983" lon="6.2008233"><ele>694.29</ele></trkpt>
<trkpt lat="43.7421733" lon="6.200845"><ele>694.16</ele></trkpt>
<trkpt lat="43.74215" lon="6.2008733"><ele>694.08</ele></trkpt>
<trkpt lat="43.7421267" lon="6.2008983"><ele>693.79</ele></trkpt>
<trkpt lat="43.7420983" lon="6.2009217"><ele>693.68</ele></trkpt>
<trkpt lat="43.7420617" lon="6.2009383"><ele>693.39</ele></trkpt>
<trkpt lat="43.7420317" lon="6.2009483"><ele>693.16</ele></trkpt>
<trkpt lat="43.7420083" lon="6.20097"><ele>693.08</ele></trkpt>
<trkpt lat="43.741975" lon="6.20099"><ele>692.76</ele></trkpt>
<trkpt lat="43.74194" lon="6.201013299999999"><ele>692.73</ele></trkpt>
<trkpt lat="43.741915" lon="6.201045000000001"><ele>692.75</ele></trkpt>
<trkpt lat="43.7418883" lon="6.2010833"><ele>692.59</ele></trkpt>
<trkpt lat="43.741865" lon="6.2011183"><ele>692.46</ele></trkpt>
<trkpt lat="43.74184" lon="6.20114"><ele>692.52</ele></trkpt>
<trkpt lat="43.741815" lon="6.2011667"><ele>692.39</ele></trkpt>
<trkpt lat="43.741795" lon="6.201204999999999"><ele>692.25</ele></trkpt>
<trkpt lat="43.7417667" lon="6.2012267"><ele>692.06</ele></trkpt>
<trkpt lat="43.7417367" lon="6.201265"><ele>691.77</ele></trkpt>
<trkpt lat="43.7417067" lon="6.201294999999999"><ele>691.59</ele></trkpt>
<trkpt lat="43.7416883" lon="6.201335"><ele>691.55</ele></trkpt>
<trkpt lat="43.74167" lon="6.201373300000001"><ele>691.62</ele></trkpt>
<trkpt lat="43.741655" lon="6.201415"><ele>691.81</ele></trkpt>
<trkpt lat="43.7416417" lon="6.2014533"><ele>692.17</ele></trkpt>
<trkpt lat="43.7416383" lon="6.2014967"><ele>692.42</ele></trkpt>
<trkpt lat="43.7416433" lon="6.20154"><ele>692.63</ele></trkpt>
<trkpt lat="43.7416517" lon="6.201585"><ele>692.65</ele></trkpt>
<trkpt lat="43.7416667" lon="6.2016283"><ele>692.48</ele></trkpt>
<trkpt lat="43.7416833" lon="6.2016717"><ele>692.96</ele></trkpt>
<trkpt lat="43.741695" lon="6.2017117"><ele>693.3</ele></trkpt>
<trkpt lat="43.7417083" lon="6.201755"><ele>693.23</ele></trkpt>
<trkpt lat="43.74173" lon="6.201791700000001"><ele>693.67</ele></trkpt>
<trkpt lat="43.741745" lon="6.201835"><ele>693.98</ele></trkpt>
<trkpt lat="43.7417583" lon="6.2018817"><ele>694.32</ele></trkpt>
<trkpt lat="43.741765" lon="6.2019317"><ele>694.12</ele></trkpt>
<trkpt lat="43.7417683" lon="6.20198"><ele>694.37</ele></trkpt>
<trkpt lat="43.74177" lon="6.20203"><ele>694.18</ele></trkpt>
<trkpt lat="43.741765" lon="6.2020717"><ele>694.15</ele></trkpt>
<trkpt lat="43.74176" lon="6.2021133"><ele>694.15</ele></trkpt>
<trkpt lat="43.741765" lon="6.2021583"><ele>694.08</ele></trkpt>
<trkpt lat="43.7417633" lon="6.2021967"><ele>693.89</ele></trkpt>
<trkpt lat="43.7417583" lon="6.202235"><ele>693.67</ele></trkpt>
<trkpt lat="43.74174" lon="6.2022783"><ele>693.25</ele></trkpt>
<trkpt lat="43.7417167" lon="6.202315"><ele>692.71</ele></trkpt>
<trkpt lat="43.74169" lon="6.202354999999999"><ele>692.3</ele></trkpt>
<trkpt lat="43.7416633" lon="6.2023917"><ele>691.73</ele></trkpt>
<trkpt lat="43.7416383" lon="6.202425"><ele>691.45</ele></trkpt>
<trkpt lat="43.7416183" lon="6.202465000000001"><ele>691.26</ele></trkpt>
<trkpt lat="43.7415983" lon="6.2025033"><ele>691.23</ele></trkpt>
<trkpt lat="43.7415833" lon="6.2025433"><ele>691.41</ele></trkpt>
<trkpt lat="43.741575" lon="6.2025867"><ele>691.45</ele></trkpt>
<trkpt lat="43.7415767" lon="6.202628299999999"><ele>691.71</ele></trkpt>
<trkpt lat="43.7415967" lon="6.202665"><ele>692.07</ele></trkpt>
<trkpt lat="43.741615" lon="6.2026967"><ele>692.55</ele></trkpt>
<trkpt lat="43.74163" lon="6.20274"><ele>693</ele></trkpt>
<trkpt lat="43.7416483" lon="6.2027833"><ele>693.3</ele></trkpt>
<trkpt lat="43.7416717" lon="6.20283"><ele>693.99</ele></trkpt>
<trkpt lat="43.7416867" lon="6.2028717"><ele>694.62</ele></trkpt>
<trkpt lat="43.7416983" lon="6.202913299999999"><ele>695.15</ele></trkpt>
<trkpt lat="43.74171" lon="6.2029617"><ele>695.86</ele></trkpt>
<trkpt lat="43.741725" lon="6.20301"><ele>696.04</ele></trkpt>
<trkpt lat="43.7417417" lon="6.2030517"><ele>695.93</ele></trkpt>
<trkpt lat="43.741755" lon="6.2030883"><ele>696.2</ele></trkpt>
<trkpt lat="43.741765" lon="6.203125"><ele>696.34</ele></trkpt>
<trkpt lat="43.7417783" lon="6.2031583"><ele>696.86</ele></trkpt>
<trkpt lat="43.7418033" lon="6.203181700000001"><ele>697.4</ele></trkpt>
<trkpt lat="43.7418283" lon="6.2032017"><ele>697.71</ele></trkpt>
<trkpt lat="43.7418533" lon="6.203225"><ele>697.87</ele></trkpt>
<trkpt lat="43.7418767" lon="6.20326"><ele>697.88</ele></trkpt>
<trkpt lat="43.7418933" lon="6.2032933"><ele>698.14</ele></trkpt>
<trkpt lat="43.741925" lon="6.20331"><ele>698.3699999999999</ele></trkpt>
<trkpt lat="43.7419433" lon="6.20334"><ele>698.39</ele></trkpt>
<trkpt lat="43.7419667" lon="6.2033667"><ele>698.26</ele></trkpt>
<trkpt lat="43.7419917" lon="6.203395"><ele>697.96</ele></trkpt>
<trkpt lat="43.742015" lon="6.2034167"><ele>697.59</ele></trkpt>
<trkpt lat="43.74204" lon="6.203434999999999"><ele>697.35</ele></trkpt>
<trkpt lat="43.7421167" lon="6.2035467"><ele>698.41</ele></trkpt>
<trkpt lat="43.742145" lon="6.2035617"><ele>697.31</ele></trkpt>
<trkpt lat="43.7421617" lon="6.203605"><ele>696.95</ele></trkpt>
<trkpt lat="43.7421733" lon="6.2036433"><ele>696.97</ele></trkpt>
<trkpt lat="43.7421867" lon="6.2036833"><ele>696.99</ele></trkpt>
<trkpt lat="43.7422033" lon="6.2037217"><ele>697.05</ele></trkpt>
<trkpt lat="43.7422183" lon="6.2037567"><ele>696.86</ele></trkpt>
<trkpt lat="43.7422333" lon="6.203795000000001"><ele>696.49</ele></trkpt>
<trkpt lat="43.7422583" lon="6.2038167"><ele>696.09</ele></trkpt>
<trkpt lat="43.742275" lon="6.203855000000001"><ele>695.59</ele></trkpt>
<trkpt lat="43.7422783" lon="6.2038933"><ele>695.1</ele></trkpt>
<trkpt lat="43.742285" lon="6.20393"><ele>694.59</ele></trkpt>
<trkpt lat="43.7423" lon="6.2039617"><ele>694.22</ele></trkpt>
<trkpt lat="43.742315" lon="6.2039967"><ele>693.57</ele></trkpt>
<trkpt lat="43.742325" lon="6.204035000000001"><ele>692.49</ele></trkpt>
<trkpt lat="43.7423483" lon="6.2040717"><ele>691.75</ele></trkpt>
<trkpt lat="43.7423783" lon="6.204083300000001"><ele>690.75</ele></trkpt>
<trkpt lat="43.74241" lon="6.204104999999999"><ele>689.81</ele></trkpt>
<trkpt lat="43.74243" lon="6.204140000000001"><ele>689.33</ele></trkpt>
<trkpt lat="43.742435" lon="6.204183300000001"><ele>688.74</ele></trkpt>
<trkpt lat="43.74245" lon="6.204215"><ele>688</ele></trkpt>
<trkpt lat="43.7424683" lon="6.20425"><ele>687.39</ele></trkpt>
<trkpt lat="43.7424867" lon="6.204285"><ele>686.73</ele></trkpt>
<trkpt lat="43.742515" lon="6.20429"><ele>685.87</ele></trkpt>
<trkpt lat="43.7425433" lon="6.204288300000001"><ele>684.88</ele></trkpt>
<trkpt lat="43.7425683" lon="6.204313299999999"><ele>683.83</ele></trkpt>
<trkpt lat="43.742585" lon="6.2043483"><ele>683.1</ele></trkpt>
<trkpt lat="43.7426017" lon="6.20438"><ele>682.59</ele></trkpt>
<trkpt lat="43.7426317" lon="6.204376700000001"><ele>682.1</ele></trkpt>
<trkpt lat="43.7426567" lon="6.204355"><ele>681.3999999999999</ele></trkpt>
<trkpt lat="43.7426883" lon="6.204355"><ele>680.5</ele></trkpt>
<trkpt lat="43.7427167" lon="6.204355"><ele>679.99</ele></trkpt>
<trkpt lat="43.7427283" lon="6.2044017"><ele>679.33</ele></trkpt>
<trkpt lat="43.7427433" lon="6.2044333"><ele>678.8</ele></trkpt>
<trkpt lat="43.742775" lon="6.20445"><ele>678.2</ele></trkpt>
<trkpt lat="43.7427883" lon="6.2044867"><ele>677.82</ele></trkpt>
<trkpt lat="43.7427767" lon="6.2045217"><ele>677.24</ele></trkpt>
<trkpt lat="43.74276" lon="6.2045533"><ele>676.55</ele></trkpt>
<trkpt lat="43.7427417" lon="6.2045883"><ele>675.94</ele></trkpt>
<trkpt lat="43.7427683" lon="6.2046133"><ele>674.1</ele></trkpt>
<trkpt lat="43.7427967" lon="6.204618300000001"><ele>673.77</ele></trkpt>
<trkpt lat="43.7428267" lon="6.2046333"><ele>673.49</ele></trkpt>
<trkpt lat="43.7428483" lon="6.2046583"><ele>672.9</ele></trkpt>
<trkpt lat="43.7428633" lon="6.2046917"><ele>672.49</ele></trkpt>
<trkpt lat="43.7428583" lon="6.20473"><ele>671.84</ele></trkpt>
<trkpt lat="43.7428533" lon="6.204778299999999"><ele>671.24</ele></trkpt>
<trkpt lat="43.7428567" lon="6.2048183"><ele>670.71</ele></trkpt>
<trkpt lat="43.7428583" lon="6.2048617"><ele>669.84</ele></trkpt>
<trkpt lat="43.7428567" lon="6.2049067"><ele>669.04</ele></trkpt>
<trkpt lat="43.7428417" lon="6.2049383"><ele>668.43</ele></trkpt>
<trkpt lat="43.74286" lon="6.204969999999999"><ele>667.8</ele></trkpt>
<trkpt lat="43.7428817" lon="6.205"><ele>667.04</ele></trkpt>
<trkpt lat="43.7428967" lon="6.20504"><ele>666.03</ele></trkpt>
<trkpt lat="43.74292" lon="6.20507"><ele>665.14</ele></trkpt>
<trkpt lat="43.7429367" lon="6.205106699999999"><ele>664.64</ele></trkpt>
<trkpt lat="43.742935" lon="6.205155"><ele>664.21</ele></trkpt>
<trkpt lat="43.7429383" lon="6.205195"><ele>663.34</ele></trkpt>
<trkpt lat="43.7429533" lon="6.2052283"><ele>662.05</ele></trkpt>
<trkpt lat="43.7429617" lon="6.2052717"><ele>661.15</ele></trkpt>
<trkpt lat="43.7429917" lon="6.205278300000001"><ele>659.67</ele></trkpt>
<trkpt lat="43.7430217" lon="6.2052717"><ele>658.64</ele></trkpt>
<trkpt lat="43.7430583" lon="6.2052633"><ele>658.01</ele></trkpt>
<trkpt lat="43.7430933" lon="6.205265"><ele>657.43</ele></trkpt>
<trkpt lat="43.743115" lon="6.205295"><ele>656.44</ele></trkpt>
<trkpt lat="43.7431183" lon="6.2053367"><ele>655.8</ele></trkpt>
<trkpt lat="43.743125" lon="6.205375"><ele>655.33</ele></trkpt>
<trkpt lat="43.7431233" lon="6.2054217"><ele>654.7</ele></trkpt>
<trkpt lat="43.7431333" lon="6.205465"><ele>654.17</ele></trkpt>
<trkpt lat="43.74316" lon="6.2054533"><ele>653.42</ele></trkpt>
<trkpt lat="43.7431867" lon="6.205470000000001"><ele>652.81</ele></trkpt>
<trkpt lat="43.7432" lon="6.2055167"><ele>652.11</ele></trkpt>
<trkpt lat="43.7432117" lon="6.2055517"><ele>651.53</ele></trkpt>
<trkpt lat="43.7432217" lon="6.205588299999999"><ele>650.31</ele></trkpt>
<trkpt lat="43.7432433" lon="6.2056117"><ele>649.44</ele></trkpt>
<trkpt lat="43.7432733" lon="6.2056233"><ele>648.72</ele></trkpt>
<trkpt lat="43.7433017" lon="6.2056383"><ele>647.84</ele></trkpt>
<trkpt lat="43.7433367" lon="6.205643299999999"><ele>646.57</ele></trkpt>
<trkpt lat="43.74337" lon="6.20565"><ele>645.44</ele></trkpt>
<trkpt lat="43.7434017" lon="6.2056733"><ele>644.74</ele></trkpt>
<trkpt lat="43.7434267" lon="6.205689999999999"><ele>644.13</ele></trkpt>
<trkpt lat="43.7434533" lon="6.205696700000001"><ele>643.6</ele></trkpt>
<trkpt lat="43.7434817" lon="6.2056933"><ele>643.03</ele></trkpt>
<trkpt lat="43.7435083" lon="6.205710000000001"><ele>642.11</ele></trkpt>
<trkpt lat="43.7435317" lon="6.2057483"><ele>641.14</ele></trkpt>
<trkpt lat="43.743545" lon="6.2057833"><ele>640.45</ele></trkpt>
<trkpt lat="43.74357" lon="6.205805"><ele>639.67</ele></trkpt>
<trkpt lat="43.7436" lon="6.2058033"><ele>638.83</ele></trkpt>
<trkpt lat="43.7436283" lon="6.2058267"><ele>637.47</ele></trkpt>
<trkpt lat="43.74366" lon="6.2058467"><ele>636.45</ele></trkpt>
<trkpt lat="43.7436817" lon="6.2058783"><ele>635.54</ele></trkpt>
<trkpt lat="43.74369" lon="6.205914999999999"><ele>634.74</ele></trkpt>
<trkpt lat="43.7437017" lon="6.205955"><ele>633.81</ele></trkpt>
<trkpt lat="43.7437267" lon="6.205973299999999"><ele>633.07</ele></trkpt>
<trkpt lat="43.7437467" lon="6.2060033"><ele>631.94</ele></trkpt>
<trkpt lat="43.7437767" lon="6.2060233"><ele>631.11</ele></trkpt>
<trkpt lat="43.74381" lon="6.20603"><ele>630.53</ele></trkpt>
<trkpt lat="43.743835" lon="6.2060567"><ele>629.91</ele></trkpt>
<trkpt lat="43.7438433" lon="6.2061"><ele>629.03</ele></trkpt>
<trkpt lat="43.74386" lon="6.2061383"><ele>628.6</ele></trkpt>
<trkpt lat="43.74387" lon="6.2061733"><ele>627.84</ele></trkpt>
<trkpt lat="43.7439" lon="6.206188300000001"><ele>627.04</ele></trkpt>
<trkpt lat="43.7439283" lon="6.2061933"><ele>626.17</ele></trkpt>
<trkpt lat="43.74396" lon="6.2061967"><ele>625.7</ele></trkpt>
<trkpt lat="43.7439917" lon="6.206205"><ele>625.23</ele></trkpt>
<trkpt lat="43.7440167" lon="6.2062233"><ele>624.15</ele></trkpt>
<trkpt lat="43.7440383" lon="6.2062517"><ele>623.17</ele></trkpt>
<trkpt lat="43.7440667" lon="6.206278300000001"><ele>621.95</ele></trkpt>
<trkpt lat="43.7440983" lon="6.2062867"><ele>621.27</ele></trkpt>
<trkpt lat="43.7441217" lon="6.2063167"><ele>620.15</ele></trkpt>
<trkpt lat="43.7441267" lon="6.2063583"><ele>619.27</ele></trkpt>
<trkpt lat="43.744145" lon="6.20639"><ele>617.97</ele></trkpt>
<trkpt lat="43.7441767" lon="6.2064117"><ele>617.41</ele></trkpt>
<trkpt lat="43.7442017" lon="6.206445"><ele>616.27</ele></trkpt>
<trkpt lat="43.7442317" lon="6.2064333"><ele>615.23</ele></trkpt>
<trkpt lat="43.7442583" lon="6.2064617"><ele>614.96</ele></trkpt>
<trkpt lat="43.74429" lon="6.2064767"><ele>614.7</ele></trkpt>
<trkpt lat="43.74432" lon="6.2065017"><ele>614.33</ele></trkpt>
<trkpt lat="43.7443433" lon="6.206526700000001"><ele>614.09</ele></trkpt>
<trkpt lat="43.7443633" lon="6.2065567"><ele>613.49</ele></trkpt>
<trkpt lat="43.7443917" lon="6.206585"><ele>613.1</ele></trkpt>
<trkpt lat="43.7444083" lon="6.206620000000001"><ele>612.59</ele></trkpt>
<trkpt lat="43.74442" lon="6.2066583"><ele>612.07</ele></trkpt>
<trkpt lat="43.74445" lon="6.2066733"><ele>611.33</ele></trkpt>
<trkpt lat="43.7444717" lon="6.206700000000001"><ele>610.45</ele></trkpt>
<trkpt lat="43.7444917" lon="6.2067367"><ele>609.47</ele></trkpt>
<trkpt lat="43.7445233" lon="6.20674"><ele>608.55</ele></trkpt>
<trkpt lat="43.744545" lon="6.206715"><ele>607.85</ele></trkpt>
<trkpt lat="43.74457" lon="6.206689999999999"><ele>606.85</ele></trkpt>
<trkpt lat="43.744595" lon="6.206723300000001"><ele>605.35</ele></trkpt>
<trkpt lat="43.744625" lon="6.20674"><ele>604.14</ele></trkpt>
<trkpt lat="43.744645" lon="6.206781699999999"><ele>602.82</ele></trkpt>
<trkpt lat="43.744645" lon="6.2068233"><ele>602.24</ele></trkpt>
<trkpt lat="43.7446533" lon="6.2068617"><ele>601.81</ele></trkpt>
<trkpt lat="43.7446533" lon="6.2069067"><ele>601.3</ele></trkpt>
<trkpt lat="43.74466" lon="6.2069433"><ele>600.8</ele></trkpt>
<trkpt lat="43.74469" lon="6.2069483"><ele>599.91</ele></trkpt>
<trkpt lat="43.744715" lon="6.20693"><ele>599.34</ele></trkpt>
<trkpt lat="43.7447433" lon="6.2069233"><ele>598.44</ele></trkpt>
<trkpt lat="43.7447667" lon="6.2069433"><ele>597.31</ele></trkpt>
<trkpt lat="43.7447783" lon="6.2069833"><ele>596.8</ele></trkpt>
<trkpt lat="43.7447833" lon="6.2070233"><ele>596.43</ele></trkpt>
<trkpt lat="43.7447883" lon="6.2070667"><ele>596.01</ele></trkpt>
<trkpt lat="43.744805" lon="6.207099999999999"><ele>595.41</ele></trkpt>
<trkpt lat="43.7448183" lon="6.207133300000001"><ele>594.91</ele></trkpt>
<trkpt lat="43.7448283" lon="6.207175"><ele>594.4</ele></trkpt>
<trkpt lat="43.7448317" lon="6.207215"><ele>593.84</ele></trkpt>
<trkpt lat="43.74483" lon="6.207256699999999"><ele>593.24</ele></trkpt>
<trkpt lat="43.744855" lon="6.2072783"><ele>592.41</ele></trkpt>
<trkpt lat="43.7448783" lon="6.2073117"><ele>591.63</ele></trkpt>
<trkpt lat="43.7448917" lon="6.2073483"><ele>591.2</ele></trkpt>
<trkpt lat="43.74489" lon="6.207394999999999"><ele>590.61</ele></trkpt>
<trkpt lat="43.7448983" lon="6.2074333"><ele>590.3</ele></trkpt>
<trkpt lat="43.7449017" lon="6.2074783"><ele>589.61</ele></trkpt>
<trkpt lat="43.744905" lon="6.2075217"><ele>588.93</ele></trkpt>
<trkpt lat="43.7449017" lon="6.2075683"><ele>588.4</ele></trkpt>
<trkpt lat="43.74491" lon="6.207610000000001"><ele>587.55</ele></trkpt>
<trkpt lat="43.7449283" lon="6.20765"><ele>586.65</ele></trkpt>
<trkpt lat="43.744935" lon="6.2076883"><ele>585.55</ele></trkpt>
<trkpt lat="43.7449217" lon="6.2077233"><ele>585.01</ele></trkpt>
<trkpt lat="43.7449017" lon="6.207755"><ele>584.24</ele></trkpt>
<trkpt lat="43.7448883" lon="6.2077917"><ele>583.81</ele></trkpt>
<trkpt lat="43.7448717" lon="6.207828299999999"><ele>583.34</ele></trkpt>
<trkpt lat="43.7448533" lon="6.2078683"><ele>582.68</ele></trkpt>
<trkpt lat="43.7448383" lon="6.207906699999999"><ele>582.3</ele></trkpt>
<trkpt lat="43.7448117" lon="6.207935"><ele>582</ele></trkpt>
<trkpt lat="43.7447917" lon="6.2079683"><ele>581.74</ele></trkpt>
<trkpt lat="43.744765" lon="6.207978299999999"><ele>581.95</ele></trkpt>
<trkpt lat="43.7447433" lon="6.208015"><ele>582.26</ele></trkpt>
<trkpt lat="43.7447183" lon="6.2080483"><ele>582.36</ele></trkpt>
<trkpt lat="43.7447" lon="6.2080833"><ele>582.45</ele></trkpt>
<trkpt lat="43.7446783" lon="6.208111699999999"><ele>582.55</ele></trkpt>
<trkpt lat="43.7446617" lon="6.2081433"><ele>582.49</ele></trkpt>
<trkpt lat="43.7446417" lon="6.2081783"><ele>582.65</ele></trkpt>
<trkpt lat="43.7446217" lon="6.2082117"><ele>582.66</ele></trkpt>
<trkpt lat="43.7446017" lon="6.20824"><ele>582.63</ele></trkpt>
<trkpt lat="43.7445867" lon="6.2082733"><ele>582.57</ele></trkpt>
<trkpt lat="43.744565" lon="6.2083033"><ele>582.34</ele></trkpt>
<trkpt lat="43.744555" lon="6.2083417"><ele>582.15</ele></trkpt>
<trkpt lat="43.7445567" lon="6.208381700000001"><ele>581.61</ele></trkpt>
<trkpt lat="43.74454" lon="6.2084117"><ele>580.83</ele></trkpt>
<trkpt lat="43.7445267" lon="6.2084483"><ele>580.31</ele></trkpt>
<trkpt lat="43.7445133" lon="6.208485"><ele>579.71</ele></trkpt>
<trkpt lat="43.7445067" lon="6.208535"><ele>578.91</ele></trkpt>
<trkpt lat="43.7445283" lon="6.20856"><ele>577.8</ele></trkpt>
<trkpt lat="43.7445267" lon="6.2086017"><ele>577.24</ele></trkpt>
<trkpt lat="43.74452" lon="6.2086417"><ele>576.71</ele></trkpt>
<trkpt lat="43.7445183" lon="6.208679999999999"><ele>576.39</ele></trkpt>
<trkpt lat="43.7445333" lon="6.2087167"><ele>575.67</ele></trkpt>
<trkpt lat="43.7445517" lon="6.20875"><ele>575.1</ele></trkpt>
<trkpt lat="43.7445533" lon="6.2087883"><ele>574.56</ele></trkpt>
<trkpt lat="43.7445467" lon="6.2088333"><ele>574.07</ele></trkpt>
<trkpt lat="43.7445467" lon="6.2088767"><ele>573.8</ele></trkpt>
<trkpt lat="43.7445483" lon="6.208919999999999"><ele>573.3</ele></trkpt>
<trkpt lat="43.7445433" lon="6.20896"><ele>572.71</ele></trkpt>
<trkpt lat="43.7445467" lon="6.209000000000001"><ele>571.79</ele></trkpt>
<trkpt lat="43.744575" lon="6.2089833"><ele>570.69</ele></trkpt>
<trkpt lat="43.744605" lon="6.20897"><ele>569.79</ele></trkpt>
<trkpt lat="43.7446383" lon="6.208955"><ele>568.89</ele></trkpt>
<trkpt lat="43.7446667" lon="6.208953300000001"><ele>567.99</ele></trkpt>
<trkpt lat="43.7446967" lon="6.208951700000001"><ele>567.28</ele></trkpt>
<trkpt lat="43.7447317" lon="6.2089467"><ele>566.46</ele></trkpt>
<trkpt lat="43.7447583" lon="6.208935"><ele>565.84</ele></trkpt>
<trkpt lat="43.7447917" lon="6.2089233"><ele>564.92</ele></trkpt>
<trkpt lat="43.744815" lon="6.2089033"><ele>563.49</ele></trkpt>
<trkpt lat="43.7448433" lon="6.208885"><ele>561.93</ele></trkpt>
<trkpt lat="43.7448683" lon="6.2088583"><ele>561.21</ele></trkpt>
<trkpt lat="43.7448833" lon="6.2088933"><ele>559.97</ele></trkpt>
<trkpt lat="43.7449133" lon="6.2089167"><ele>558.73</ele></trkpt>
<trkpt lat="43.7449417" lon="6.2089283"><ele>558.49</ele></trkpt>
<trkpt lat="43.74497" lon="6.20896"><ele>557.84</ele></trkpt>
<trkpt lat="43.744995" lon="6.2089833"><ele>557.31</ele></trkpt>
<trkpt lat="43.7450233" lon="6.20899"><ele>557</ele></trkpt>
<trkpt lat="43.7450517" lon="6.2090017"><ele>556.53</ele></trkpt>
<trkpt lat="43.745085" lon="6.20902"><ele>556.08</ele></trkpt>
<trkpt lat="43.7451117" lon="6.2090383"><ele>555.8</ele></trkpt>
<trkpt lat="43.7451383" lon="6.209066699999999"><ele>555.47</ele></trkpt>
<trkpt lat="43.7451683" lon="6.2090967"><ele>555.18</ele></trkpt>
<trkpt lat="43.7451933" lon="6.2091267"><ele>554.76</ele></trkpt>
<trkpt lat="43.745225" lon="6.2091383"><ele>554.43</ele></trkpt>
<trkpt lat="43.7452583" lon="6.209148300000001"><ele>554.01</ele></trkpt>
<trkpt lat="43.74529" lon="6.2091617"><ele>553.61</ele></trkpt>
<trkpt lat="43.7453167" lon="6.209169999999999"><ele>553.05</ele></trkpt>
<trkpt lat="43.7453467" lon="6.209185"><ele>552.45</ele></trkpt>
<trkpt lat="43.74537" lon="6.209204999999999"><ele>552.01</ele></trkpt>
<trkpt lat="43.7453967" lon="6.20923"><ele>551.51</ele></trkpt>
<trkpt lat="43.7454217" lon="6.2092467"><ele>550.88</ele></trkpt>
<trkpt lat="43.74545" lon="6.2092567"><ele>550.34</ele></trkpt>
<trkpt lat="43.74548" lon="6.209261699999999"><ele>549.89</ele></trkpt>
<trkpt lat="43.74551" lon="6.20927"><ele>549.7</ele></trkpt>
<trkpt lat="43.7455383" lon="6.209281700000001"><ele>549.59</ele></trkpt>
<trkpt lat="43.7455667" lon="6.209306699999999"><ele>549.73</ele></trkpt>
<trkpt lat="43.7456033" lon="6.209325"><ele>549.71</ele></trkpt>
<trkpt lat="43.7456317" lon="6.209340000000001"><ele>549.57</ele></trkpt>
<trkpt lat="43.7456583" lon="6.2093583"><ele>549.12</ele></trkpt>
<trkpt lat="43.745685" lon="6.209375000000001"><ele>548.88</ele></trkpt>
<trkpt lat="43.7457167" lon="6.209385000000001"><ele>548.51</ele></trkpt>
<trkpt lat="43.7457483" lon="6.209386699999999"><ele>548.3</ele></trkpt>
<trkpt lat="43.74578" lon="6.2093817"><ele>548.01</ele></trkpt>
<trkpt lat="43.7458167" lon="6.209371700000001"><ele>547.82</ele></trkpt>
<trkpt lat="43.7458517" lon="6.2093633"><ele>547.41</ele></trkpt>
<trkpt lat="43.7458833" lon="6.209351699999999"><ele>546.94</ele></trkpt>
<trkpt lat="43.7459183" lon="6.2093483"><ele>546.44</ele></trkpt>
<trkpt lat="43.745945" lon="6.2093417"><ele>546.17</ele></trkpt>
<trkpt lat="43.74598" lon="6.20933"><ele>546.19</ele></trkpt>
<trkpt lat="43.7460117" lon="6.2093217"><ele>546</ele></trkpt>
<trkpt lat="43.7460433" lon="6.209306699999999"><ele>545.8</ele></trkpt>
<trkpt lat="43.7460733" lon="6.2092933"><ele>545.48</ele></trkpt>
<trkpt lat="43.7461067" lon="6.209285"><ele>545.24</ele></trkpt>
<trkpt lat="43.7461367" lon="6.2092717"><ele>545.12</ele></trkpt>
<trkpt lat="43.746175" lon="6.2092683"><ele>545.07</ele></trkpt>
<trkpt lat="43.746205" lon="6.2092717"><ele>545.06</ele></trkpt>
<trkpt lat="43.7462367" lon="6.2092717"><ele>544.74</ele></trkpt>
<trkpt lat="43.7462667" lon="6.2092583"><ele>544.1</ele></trkpt>
<trkpt lat="43.7463033" lon="6.209249999999999"><ele>543.42</ele></trkpt>
<trkpt lat="43.7463367" lon="6.209245"><ele>543.34</ele></trkpt>
<trkpt lat="43.7463717" lon="6.2092333"><ele>543.26</ele></trkpt>
<trkpt lat="43.7464033" lon="6.209238300000001"><ele>542.71</ele></trkpt>
<trkpt lat="43.7464367" lon="6.209225"><ele>542.04</ele></trkpt>
<trkpt lat="43.7464617" lon="6.209204999999999"><ele>541.71</ele></trkpt>
<trkpt lat="43.746495" lon="6.2091783"><ele>541.57</ele></trkpt>
<trkpt lat="43.7465233" lon="6.209146699999999"><ele>541.66</ele></trkpt>
<trkpt lat="43.746555" lon="6.2091267"><ele>541.33</ele></trkpt>
<trkpt lat="43.7465833" lon="6.2091167"><ele>540.56</ele></trkpt>
<trkpt lat="43.7466133" lon="6.2091183"><ele>539.45</ele></trkpt>
<trkpt lat="43.7466483" lon="6.20911"><ele>539.12</ele></trkpt>
<trkpt lat="43.7466767" lon="6.2090983"><ele>539.25</ele></trkpt>
<trkpt lat="43.746705" lon="6.209085"><ele>539.1</ele></trkpt>
<trkpt lat="43.74674" lon="6.209075"><ele>538.8</ele></trkpt>
<trkpt lat="43.7467717" lon="6.2090717"><ele>538.58</ele></trkpt>
<trkpt lat="43.7468033" lon="6.2090817"><ele>538.57</ele></trkpt>
<trkpt lat="43.7468333" lon="6.2090817"><ele>538.82</ele></trkpt>
<trkpt lat="43.7468617" lon="6.2090783"><ele>538.73</ele></trkpt>
<trkpt lat="43.7468883" lon="6.20905"><ele>538.08</ele></trkpt>
<trkpt lat="43.74692" lon="6.2090367"><ele>537.9</ele></trkpt>
<trkpt lat="43.7469517" lon="6.2090383"><ele>538.12</ele></trkpt>
<trkpt lat="43.7469767" lon="6.2090533"><ele>538.12</ele></trkpt>
<trkpt lat="43.7470083" lon="6.2090817"><ele>538.83</ele></trkpt>
<trkpt lat="43.747035" lon="6.209113299999999"><ele>538.77</ele></trkpt>
<trkpt lat="43.747065" lon="6.2091417"><ele>538.16</ele></trkpt>
<trkpt lat="43.7470917" lon="6.2091683"><ele>537.42</ele></trkpt>
<trkpt lat="43.74712" lon="6.209193300000001"><ele>537.17</ele></trkpt>
<trkpt lat="43.747145" lon="6.2092117"><ele>536.73</ele></trkpt>
<trkpt lat="43.7471717" lon="6.209225"><ele>535.96</ele></trkpt>
<trkpt lat="43.7471933" lon="6.2092533"><ele>535.42</ele></trkpt>
<trkpt lat="43.7472267" lon="6.2092783"><ele>535.2</ele></trkpt>
<trkpt lat="43.74726" lon="6.2092917"><ele>534.75</ele></trkpt>
<trkpt lat="43.7472867" lon="6.2093183"><ele>534.11</ele></trkpt>
<trkpt lat="43.7473167" lon="6.2093417"><ele>533.19</ele></trkpt>
<trkpt lat="43.7473467" lon="6.2093667"><ele>532.07</ele></trkpt>
<trkpt lat="43.74738" lon="6.2093767"><ele>531.36</ele></trkpt>
<trkpt lat="43.7474067" lon="6.2093917"><ele>530.73</ele></trkpt>
<trkpt lat="43.7474383" lon="6.2094133"><ele>530.76</ele></trkpt>
<trkpt lat="43.7474683" lon="6.2094367"><ele>530.64</ele></trkpt>
<trkpt lat="43.7474983" lon="6.209444999999999"><ele>530.21</ele></trkpt>
<trkpt lat="43.747525" lon="6.2094633"><ele>529.72</ele></trkpt>
<trkpt lat="43.747555" lon="6.2094817"><ele>528.64</ele></trkpt>
<trkpt lat="43.7475833" lon="6.2094917"><ele>527.93</ele></trkpt>
<trkpt lat="43.7476117" lon="6.209499999999999"><ele>527.54</ele></trkpt>
<trkpt lat="43.7476433" lon="6.2095117"><ele>526.49</ele></trkpt>
<trkpt lat="43.7476667" lon="6.209531699999999"><ele>525.7</ele></trkpt>
<trkpt lat="43.74769" lon="6.2095533"><ele>525.77</ele></trkpt>
<trkpt lat="43.747725" lon="6.209568300000001"><ele>525.3</ele></trkpt>
<trkpt lat="43.747755" lon="6.209589999999999"><ele>525.09</ele></trkpt>
<trkpt lat="43.7477783" lon="6.2096217"><ele>525.12</ele></trkpt>
<trkpt lat="43.747795" lon="6.2096517"><ele>525.29</ele></trkpt>
<trkpt lat="43.7478117" lon="6.209695"><ele>525.5</ele></trkpt>
<trkpt lat="43.7478333" lon="6.2097217"><ele>525.04</ele></trkpt>
<trkpt lat="43.7478467" lon="6.209760000000001"><ele>524.71</ele></trkpt>
<trkpt lat="43.7478717" lon="6.2098"><ele>524.37</ele></trkpt>
<trkpt lat="43.747895" lon="6.209829999999999"><ele>524.18</ele></trkpt>
<trkpt lat="43.74792" lon="6.209845"><ele>523.67</ele></trkpt>
<trkpt lat="43.7479433" lon="6.2098233"><ele>523.12</ele></trkpt>
<trkpt lat="43.7479717" lon="6.2098267"><ele>522.36</ele></trkpt>
<trkpt lat="43.7479983" lon="6.2098417"><ele>521.66</ele></trkpt>
<trkpt lat="43.7480283" lon="6.2098683"><ele>521.04</ele></trkpt>
<trkpt lat="43.748045" lon="6.209908300000001"><ele>520.71</ele></trkpt>
<trkpt lat="43.7480617" lon="6.209943300000001"><ele>520.41</ele></trkpt>
<trkpt lat="43.7480633" lon="6.2099917"><ele>520.35</ele></trkpt>
<trkpt lat="43.7480683" lon="6.210035"><ele>520.08</ele></trkpt>
<trkpt lat="43.74809" lon="6.210065"><ele>519.63</ele></trkpt>
<trkpt lat="43.748115" lon="6.2100817"><ele>519.07</ele></trkpt>
<trkpt lat="43.7481517" lon="6.210085"><ele>518.62</ele></trkpt>
<trkpt lat="43.748185" lon="6.2100883"><ele>518.29</ele></trkpt>
<trkpt lat="43.7482183" lon="6.2101"><ele>518.01</ele></trkpt>
<trkpt lat="43.7482383" lon="6.210128299999999"><ele>517.53</ele></trkpt>
<trkpt lat="43.7482483" lon="6.2101717"><ele>516.85</ele></trkpt>
<trkpt lat="43.7482667" lon="6.210204999999999"><ele>516.28</ele></trkpt>
<trkpt lat="43.74829" lon="6.210226700000001"><ele>515.47</ele></trkpt>
<trkpt lat="43.7483167" lon="6.2102567"><ele>514.12</ele></trkpt>
<trkpt lat="43.7483417" lon="6.21028"><ele>512.94</ele></trkpt>
<trkpt lat="43.7483667" lon="6.210306699999999"><ele>511.64</ele></trkpt>
<trkpt lat="43.7483983" lon="6.210325"><ele>510.63</ele></trkpt>
<trkpt lat="43.7484283" lon="6.2103283"><ele>509.54</ele></trkpt>
<trkpt lat="43.7484567" lon="6.2103467"><ele>508.93</ele></trkpt>
<trkpt lat="43.7484867" lon="6.21036"><ele>508.4499999999999</ele></trkpt>
<trkpt lat="43.7485167" lon="6.2103717"><ele>508.02</ele></trkpt>
<trkpt lat="43.7485417" lon="6.21039"><ele>507.8299999999999</ele></trkpt>
<trkpt lat="43.748575" lon="6.2104217"><ele>507.07</ele></trkpt>
<trkpt lat="43.7486017" lon="6.210455"><ele>506.0899999999999</ele></trkpt>
<trkpt lat="43.748635" lon="6.2104833"><ele>505.3699999999999</ele></trkpt>
<trkpt lat="43.7486667" lon="6.210503299999999"><ele>504.7099999999999</ele></trkpt>
<trkpt lat="43.7487" lon="6.2105267"><ele>504.16</ele></trkpt>
<trkpt lat="43.748725" lon="6.2105433"><ele>503.67</ele></trkpt>
<trkpt lat="43.7487567" lon="6.2105617"><ele>503.2699999999999</ele></trkpt>
<trkpt lat="43.7487883" lon="6.2105767"><ele>503.66</ele></trkpt>
<trkpt lat="43.7488183" lon="6.2105767"><ele>504.1399999999999</ele></trkpt>
<trkpt lat="43.748855" lon="6.210568300000001"><ele>504.08</ele></trkpt>
<trkpt lat="43.74889" lon="6.210548299999999"><ele>504.33</ele></trkpt>
<trkpt lat="43.7489167" lon="6.210536699999999"><ele>504.6</ele></trkpt>
<trkpt lat="43.7489517" lon="6.2105283"><ele>505.28</ele></trkpt>
<trkpt lat="43.7489883" lon="6.21052"><ele>505.8</ele></trkpt>
<trkpt lat="43.7490217" lon="6.2105167"><ele>506.23</ele></trkpt>
<trkpt lat="43.7490583" lon="6.210513300000001"><ele>506.62</ele></trkpt>
<trkpt lat="43.7490883" lon="6.210505"><ele>507.0599999999999</ele></trkpt>
<trkpt lat="43.74912" lon="6.2105"><ele>507.3199999999999</ele></trkpt>
<trkpt lat="43.74915" lon="6.210495"><ele>507.6</ele></trkpt>
<trkpt lat="43.74918" lon="6.2104883"><ele>508.08</ele></trkpt>
<trkpt lat="43.7492083" lon="6.2104867"><ele>508.21</ele></trkpt>
<trkpt lat="43.7492483" lon="6.21048"><ele>508.17</ele></trkpt>
<trkpt lat="43.7492767" lon="6.2104817"><ele>507.92</ele></trkpt>
<trkpt lat="43.749305" lon="6.2104833"><ele>507.48</ele></trkpt>
<trkpt lat="43.749335" lon="6.21048"><ele>507.3099999999999</ele></trkpt>
<trkpt lat="43.749365" lon="6.210475"><ele>507.2599999999999</ele></trkpt>
<trkpt lat="43.749405" lon="6.21047"><ele>507.08</ele></trkpt>
<trkpt lat="43.7494467" lon="6.210465000000001"><ele>507.23</ele></trkpt>
<trkpt lat="43.749475" lon="6.210458299999999"><ele>507.43</ele></trkpt>
<trkpt lat="43.7495083" lon="6.2104533"><ele>507.7</ele></trkpt>
<trkpt lat="43.7495367" lon="6.2104467"><ele>507.72</ele></trkpt>
<trkpt lat="43.7495667" lon="6.210431700000001"><ele>507.7</ele></trkpt>
<trkpt lat="43.7495933" lon="6.210420000000001"><ele>507.7</ele></trkpt>
<trkpt lat="43.7496217" lon="6.210405"><ele>507.68</ele></trkpt>
<trkpt lat="43.74965" lon="6.210395"><ele>507.49</ele></trkpt>
<trkpt lat="43.7496767" lon="6.210388300000001"><ele>507.45</ele></trkpt>
<trkpt lat="43.749705" lon="6.2103783"><ele>507.38</ele></trkpt>
<trkpt lat="43.7497317" lon="6.210364999999999"><ele>507.44</ele></trkpt>
<trkpt lat="43.74976" lon="6.210354999999999"><ele>507.21</ele></trkpt>
<trkpt lat="43.74979" lon="6.210351699999999"><ele>506.83</ele></trkpt>
<trkpt lat="43.7498183" lon="6.210343300000001"><ele>506.08</ele></trkpt>
<trkpt lat="43.7498433" lon="6.2103167"><ele>505.68</ele></trkpt>
<trkpt lat="43.7498717" lon="6.2103017"><ele>505.12</ele></trkpt>
<trkpt lat="43.7498983" lon="6.2102933"><ele>504.67</ele></trkpt>
<trkpt lat="43.7499317" lon="6.210275"><ele>504.7099999999999</ele></trkpt>
<trkpt lat="43.7499583" lon="6.21026"><ele>505.07</ele></trkpt>
<trkpt lat="43.7499917" lon="6.2102583"><ele>505.3500000000001</ele></trkpt>
<trkpt lat="43.7500217" lon="6.210255"><ele>504.4499999999999</ele></trkpt>
<trkpt lat="43.7500517" lon="6.210235"><ele>504.55</ele></trkpt>
<trkpt lat="43.750085" lon="6.210218299999999"><ele>504.49</ele></trkpt>
<trkpt lat="43.7501117" lon="6.21021"><ele>504.07</ele></trkpt>
<trkpt lat="43.7501483" lon="6.210195000000001"><ele>503.39</ele></trkpt>
<trkpt lat="43.7501833" lon="6.2101767"><ele>503.12</ele></trkpt>
<trkpt lat="43.75021" lon="6.210161699999999"><ele>503.13</ele></trkpt>
<trkpt lat="43.7502383" lon="6.2101517"><ele>503.55</ele></trkpt>
<trkpt lat="43.7502733" lon="6.210135000000001"><ele>503.77</ele></trkpt>
<trkpt lat="43.7503067" lon="6.2101167"><ele>503.6</ele></trkpt>
<trkpt lat="43.7503383" lon="6.2100983"><ele>503.89</ele></trkpt>
<trkpt lat="43.7503717" lon="6.2100767"><ele>503.89</ele></trkpt>
<trkpt lat="43.7504" lon="6.210055"><ele>503.48</ele></trkpt>
<trkpt lat="43.7504283" lon="6.21003"><ele>503.36</ele></trkpt>
<trkpt lat="43.7504483" lon="6.2100033"><ele>503.2599999999999</ele></trkpt>
<trkpt lat="43.75047" lon="6.20997"><ele>503.3500000000001</ele></trkpt>
<trkpt lat="43.75049" lon="6.2099317"><ele>503.2</ele></trkpt>
<trkpt lat="43.7505117" lon="6.2098917"><ele>502.87</ele></trkpt>
<trkpt lat="43.7505433" lon="6.20986"><ele>502.86</ele></trkpt>
<trkpt lat="43.75057" lon="6.209825"><ele>503.1</ele></trkpt>
<trkpt lat="43.75059" lon="6.2097967"><ele>502.97</ele></trkpt>
<trkpt lat="43.7506083" lon="6.2097617"><ele>502.8</ele></trkpt>
<trkpt lat="43.7506417" lon="6.20973"><ele>502.73</ele></trkpt>
<trkpt lat="43.75067" lon="6.2096983"><ele>503.02</ele></trkpt>
<trkpt lat="43.7506917" lon="6.20966"><ele>503.0599999999999</ele></trkpt>
<trkpt lat="43.7507167" lon="6.2096317"><ele>502.88</ele></trkpt>
<trkpt lat="43.75075" lon="6.2096167"><ele>502.6900000000001</ele></trkpt>
<trkpt lat="43.7507833" lon="6.209593299999999"><ele>502.76</ele></trkpt>
<trkpt lat="43.7508033" lon="6.2095617"><ele>502.92</ele></trkpt>
<trkpt lat="43.7508267" lon="6.209533300000001"><ele>502.9599999999999</ele></trkpt>
<trkpt lat="43.75085" lon="6.2095117"><ele>502.89</ele></trkpt>
<trkpt lat="43.7508817" lon="6.2094983"><ele>502.85</ele></trkpt>
<trkpt lat="43.75091" lon="6.20948"><ele>503.4</ele></trkpt>
<trkpt lat="43.7509967" lon="6.20956"><ele>504.07</ele></trkpt>
<trkpt lat="43.7510233" lon="6.209585"><ele>503.72</ele></trkpt>
<trkpt lat="43.7510483" lon="6.2096183"><ele>504.12</ele></trkpt>
<trkpt lat="43.75108" lon="6.2096417"><ele>504.43</ele></trkpt>
<trkpt lat="43.751105" lon="6.209670000000001"><ele>504.53</ele></trkpt>
<trkpt lat="43.7511367" lon="6.209695"><ele>504.73</ele></trkpt>
<trkpt lat="43.7511633" lon="6.2097217"><ele>505.02</ele></trkpt>
<trkpt lat="43.7511783" lon="6.209755"><ele>505.25</ele></trkpt>
<trkpt lat="43.7512033" lon="6.2097867"><ele>505.72</ele></trkpt>
<trkpt lat="43.751235" lon="6.209805000000001"><ele>506.03</ele></trkpt>
<trkpt lat="43.7512617" lon="6.209815"><ele>506.2200000000001</ele></trkpt>
<trkpt lat="43.7512983" lon="6.209816699999999"><ele>506.4499999999999</ele></trkpt>
<trkpt lat="43.7513333" lon="6.209818300000001"><ele>506.55</ele></trkpt>
<trkpt lat="43.7513617" lon="6.209829999999999"><ele>506.56</ele></trkpt>
<trkpt lat="43.7513933" lon="6.2098467"><ele>506.7599999999999</ele></trkpt>
<trkpt lat="43.7514217" lon="6.209850000000001"><ele>506.86</ele></trkpt>
<trkpt lat="43.7514483" lon="6.209863300000001"><ele>506.9599999999999</ele></trkpt>
<trkpt lat="43.7514733" lon="6.2098817"><ele>507.15</ele></trkpt>
<trkpt lat="43.7515017" lon="6.209885"><ele>507.3199999999999</ele></trkpt>
<trkpt lat="43.7515333" lon="6.2099"><ele>507.65</ele></trkpt>
<trkpt lat="43.7515617" lon="6.209906700000001"><ele>507.92</ele></trkpt>
<trkpt lat="43.7515883" lon="6.2099133"><ele>508.1299999999999</ele></trkpt>
<trkpt lat="43.7516267" lon="6.209919999999999"><ele>508.23</ele></trkpt>
<trkpt lat="43.7516533" lon="6.209933299999999"><ele>508.35</ele></trkpt>
<trkpt lat="43.7516783" lon="6.20995"><ele>508.36</ele></trkpt>
<trkpt lat="43.75171" lon="6.2099583"><ele>508.46</ele></trkpt>
<trkpt lat="43.7517417" lon="6.209951700000001"><ele>508.27</ele></trkpt>
<trkpt lat="43.7517733" lon="6.209935"><ele>508.52</ele></trkpt>
<trkpt lat="43.7518017" lon="6.209915"><ele>508.56</ele></trkpt>
<trkpt lat="43.7518333" lon="6.2098917"><ele>508.63</ele></trkpt>
<trkpt lat="43.751865" lon="6.20987"><ele>509.21</ele></trkpt>
<trkpt lat="43.7518983" lon="6.209845"><ele>509.2599999999999</ele></trkpt>
<trkpt lat="43.75192" lon="6.209818300000001"><ele>509.09</ele></trkpt>
<trkpt lat="43.7519383" lon="6.2097867"><ele>509.22</ele></trkpt>
<trkpt lat="43.7519667" lon="6.2097583"><ele>509.42</ele></trkpt>
<trkpt lat="43.7519867" lon="6.2097217"><ele>509.81</ele></trkpt>
<trkpt lat="43.752015" lon="6.2096867"><ele>510.29</ele></trkpt>
<trkpt lat="43.752045" lon="6.2096633"><ele>510.72</ele></trkpt>
<trkpt lat="43.7520717" lon="6.20965"><ele>511.0199999999999</ele></trkpt>
<trkpt lat="43.7520983" lon="6.209635"><ele>511.09</ele></trkpt>
<trkpt lat="43.7521283" lon="6.2096167"><ele>511.0599999999999</ele></trkpt>
<trkpt lat="43.7521467" lon="6.2095883"><ele>510.9599999999999</ele></trkpt>
<trkpt lat="43.75217" lon="6.2095567"><ele>511.48</ele></trkpt>
<trkpt lat="43.7521933" lon="6.209521700000001"><ele>511.8899999999999</ele></trkpt>
<trkpt lat="43.7522217" lon="6.2094917"><ele>512.05</ele></trkpt>
<trkpt lat="43.7522483" lon="6.2094683"><ele>512.15</ele></trkpt>
<trkpt lat="43.7522783" lon="6.2094617"><ele>512.42</ele></trkpt>
<trkpt lat="43.7523083" lon="6.2094617"><ele>512.79</ele></trkpt>
<trkpt lat="43.7523383" lon="6.20948"><ele>513.4</ele></trkpt>
<trkpt lat="43.752365" lon="6.209505"><ele>513.89</ele></trkpt>
<trkpt lat="43.75239" lon="6.2095367"><ele>514.85</ele></trkpt>
<trkpt lat="43.75241" lon="6.209575"><ele>515.47</ele></trkpt>
<trkpt lat="43.75242" lon="6.2096233"><ele>516.4</ele></trkpt>
<trkpt lat="43.7524267" lon="6.20966"><ele>516.96</ele></trkpt>
<trkpt lat="43.752435" lon="6.2097033"><ele>516.96</ele></trkpt>
<trkpt lat="43.752445" lon="6.2097383"><ele>516.8</ele></trkpt>
<trkpt lat="43.7524583" lon="6.20978"><ele>516.83</ele></trkpt>
<trkpt lat="43.7524833" lon="6.20981"><ele>517.05</ele></trkpt>
<trkpt lat="43.752515" lon="6.20984"><ele>517.06</ele></trkpt>
<trkpt lat="43.7525483" lon="6.209863300000001"><ele>517.05</ele></trkpt>
<trkpt lat="43.75258" lon="6.20988"><ele>517.04</ele></trkpt>
<trkpt lat="43.7526133" lon="6.209895000000001"><ele>516.8</ele></trkpt>
<trkpt lat="43.7526433" lon="6.209905"><ele>516.77</ele></trkpt>
<trkpt lat="43.752675" lon="6.2099"><ele>517.21</ele></trkpt>
<trkpt lat="43.752705" lon="6.209896700000001"><ele>517.5</ele></trkpt>
<trkpt lat="43.7527383" lon="6.209898300000001"><ele>517.37</ele></trkpt>
<trkpt lat="43.75277" lon="6.2098933"><ele>517.12</ele></trkpt>
<trkpt lat="43.7528" lon="6.2099033"><ele>516.99</ele></trkpt>
<trkpt lat="43.75283" lon="6.209910000000001"><ele>516.78</ele></trkpt>
<trkpt lat="43.7528633" lon="6.209915"><ele>516.41</ele></trkpt>
<trkpt lat="43.7529" lon="6.209919999999999"><ele>515.91</ele></trkpt>
<trkpt lat="43.752935" lon="6.209910000000001"><ele>515.6</ele></trkpt>
<trkpt lat="43.752965" lon="6.2098917"><ele>515.64</ele></trkpt>
<trkpt lat="43.7529967" lon="6.20987"><ele>515.68</ele></trkpt>
<trkpt lat="43.75303" lon="6.209864999999999"><ele>515.94</ele></trkpt>
<trkpt lat="43.7530567" lon="6.2098567"><ele>516.25</ele></trkpt>
<trkpt lat="43.7530833" lon="6.209845"><ele>516.19</ele></trkpt>
<trkpt lat="43.7531117" lon="6.2098367"><ele>515.67</ele></trkpt>
<trkpt lat="43.75315" lon="6.209833299999999"><ele>515.21</ele></trkpt>
<trkpt lat="43.753185" lon="6.209835"><ele>514.72</ele></trkpt>
<trkpt lat="43.753215" lon="6.209829999999999"><ele>514.34</ele></trkpt>
<trkpt lat="43.753245" lon="6.2098217"><ele>513.94</ele></trkpt>
<trkpt lat="43.75328" lon="6.209816699999999"><ele>513.46</ele></trkpt>
<trkpt lat="43.75331" lon="6.2098033"><ele>512.68</ele></trkpt>
<trkpt lat="43.753345" lon="6.2097917"><ele>511.65</ele></trkpt>
<trkpt lat="43.753375" lon="6.209788299999999"><ele>510.95</ele></trkpt>
<trkpt lat="43.7534083" lon="6.20977"><ele>510.47</ele></trkpt>
<trkpt lat="43.7534383" lon="6.2097583"><ele>510.03</ele></trkpt>
<trkpt lat="43.75347" lon="6.209760000000001"><ele>509.82</ele></trkpt>
<trkpt lat="43.753505" lon="6.209755"><ele>509.59</ele></trkpt>
<trkpt lat="43.7535333" lon="6.2097783"><ele>508.81</ele></trkpt>
<trkpt lat="43.7535683" lon="6.209774999999999"><ele>508.77</ele></trkpt>
<trkpt lat="43.7535967" lon="6.2097767"><ele>508.9999999999999</ele></trkpt>
<trkpt lat="43.7536233" lon="6.2097617"><ele>508.9999999999999</ele></trkpt>
<trkpt lat="43.7536583" lon="6.2097433"><ele>508.6</ele></trkpt>
<trkpt lat="43.7536883" lon="6.2097333"><ele>508.33</ele></trkpt>
<trkpt lat="43.7537217" lon="6.209728299999999"><ele>508.1</ele></trkpt>
<trkpt lat="43.7537517" lon="6.209715000000001"><ele>507.86</ele></trkpt>
<trkpt lat="43.75378" lon="6.2097033"><ele>507.6100000000001</ele></trkpt>
<trkpt lat="43.75381" lon="6.2097"><ele>507.05</ele></trkpt>
<trkpt lat="43.7538383" lon="6.2097"><ele>506.02</ele></trkpt>
<trkpt lat="43.7538717" lon="6.2097067"><ele>504.84</ele></trkpt>
<trkpt lat="43.7539" lon="6.209701700000001"><ele>503.96</ele></trkpt>
<trkpt lat="43.7539317" lon="6.2097083"><ele>503.76</ele></trkpt>
<trkpt lat="43.753965" lon="6.2096983"><ele>506.91</ele></trkpt>
<trkpt lat="43.7539967" lon="6.2097183"><ele>506.72</ele></trkpt>
<trkpt lat="43.7540367" lon="6.2097167"><ele>504.54</ele></trkpt>
<trkpt lat="43.7540667" lon="6.2097167"><ele>503.65</ele></trkpt>
<trkpt lat="43.7540967" lon="6.2097217"><ele>502.9999999999999</ele></trkpt>
<trkpt lat="43.7541217" lon="6.2097367"><ele>502.17</ele></trkpt>
<trkpt lat="43.754155" lon="6.209739999999999"><ele>501.07</ele></trkpt>
<trkpt lat="43.7541833" lon="6.2097317"><ele>500.41</ele></trkpt>
<trkpt lat="43.7542067" lon="6.2097117"><ele>500.04</ele></trkpt>
<trkpt lat="43.7542417" lon="6.2097117"><ele>499.51</ele></trkpt>
<trkpt lat="43.7542683" lon="6.2097183"><ele>499.02</ele></trkpt>
<trkpt lat="43.7542983" lon="6.20973"><ele>498.6</ele></trkpt>
<trkpt lat="43.75433" lon="6.2097467"><ele>498.3999999999999</ele></trkpt>
<trkpt lat="43.7543633" lon="6.209771699999999"><ele>498.2</ele></trkpt>
<trkpt lat="43.7544017" lon="6.2097917"><ele>498.07</ele></trkpt>
<trkpt lat="43.7544267" lon="6.20981"><ele>498.07</ele></trkpt>
<trkpt lat="43.7544567" lon="6.209829999999999"><ele>497.9</ele></trkpt>
<trkpt lat="43.7544833" lon="6.20986"><ele>497.8699999999999</ele></trkpt>
<trkpt lat="43.7545067" lon="6.209896700000001"><ele>497.8</ele></trkpt>
<trkpt lat="43.754525" lon="6.20993"><ele>497.54</ele></trkpt>
<trkpt lat="43.7545483" lon="6.2099617"><ele>497.4</ele></trkpt>
<trkpt lat="43.7545767" lon="6.20999"><ele>497.12</ele></trkpt>
<trkpt lat="43.7546067" lon="6.210011699999999"><ele>496.89</ele></trkpt>
<trkpt lat="43.7546333" lon="6.21003"><ele>496.62</ele></trkpt>
<trkpt lat="43.7546617" lon="6.2100367"><ele>496.3399999999999</ele></trkpt>
<trkpt lat="43.7546983" lon="6.2100417"><ele>495.9100000000001</ele></trkpt>
<trkpt lat="43.754725" lon="6.210056699999999"><ele>495.54</ele></trkpt>
<trkpt lat="43.7547617" lon="6.210055"><ele>494.22</ele></trkpt>
<trkpt lat="43.75479" lon="6.21005"><ele>493.99</ele></trkpt>
<trkpt lat="43.754825" lon="6.2100617"><ele>493.45</ele></trkpt>
<trkpt lat="43.7548567" lon="6.2100883"><ele>493.0099999999999</ele></trkpt>
<trkpt lat="43.7548917" lon="6.2101"><ele>492.9599999999999</ele></trkpt>
<trkpt lat="43.75493" lon="6.2100917"><ele>492.97</ele></trkpt>
<trkpt lat="43.7549633" lon="6.2100833"><ele>492.87</ele></trkpt>
<trkpt lat="43.754995" lon="6.2101"><ele>492.83</ele></trkpt>
<trkpt lat="43.75503" lon="6.2100983"><ele>492.7099999999999</ele></trkpt>
<trkpt lat="43.7550233" lon="6.21014"><ele>492.68</ele></trkpt>
<trkpt lat="43.7550333" lon="6.2101"><ele>491.67</ele></trkpt>
<trkpt lat="43.7550733" lon="6.210090000000001"><ele>489.5199999999999</ele></trkpt>
<trkpt lat="43.7551" lon="6.2100967"><ele>488.6999999999999</ele></trkpt>
<trkpt lat="43.75513" lon="6.2100883"><ele>488.51</ele></trkpt>
<trkpt lat="43.7551433" lon="6.2100483"><ele>488.53</ele></trkpt>
<trkpt lat="43.75516" lon="6.210013299999999"><ele>488.76</ele></trkpt>
<trkpt lat="43.75517" lon="6.2099783"><ele>488.28</ele></trkpt>
<trkpt lat="43.7551633" lon="6.2099383"><ele>488.33</ele></trkpt>
<trkpt lat="43.7551667" lon="6.2099"><ele>488.62</ele></trkpt>
<trkpt lat="43.75519" lon="6.20987"><ele>489.03</ele></trkpt>
<trkpt lat="43.7552117" lon="6.209843299999999"><ele>489.07</ele></trkpt>
<trkpt lat="43.7552333" lon="6.209808300000001"><ele>489.09</ele></trkpt>
<trkpt lat="43.7552217" lon="6.209773300000001"><ele>488.3399999999999</ele></trkpt>
<trkpt lat="43.7552083" lon="6.2097317"><ele>487.8799999999999</ele></trkpt>
<trkpt lat="43.7552083" lon="6.2096867"><ele>487.5199999999999</ele></trkpt>
<trkpt lat="43.755205" lon="6.209638299999999"><ele>487.0099999999999</ele></trkpt>
<trkpt lat="43.755195" lon="6.209591699999999"><ele>486.64</ele></trkpt>
<trkpt lat="43.75519" lon="6.2095433"><ele>486.05</ele></trkpt>
<trkpt lat="43.75519" lon="6.2095017"><ele>485.29</ele></trkpt>
<trkpt lat="43.7551733" lon="6.2094667"><ele>484.52</ele></trkpt>
<trkpt lat="43.75516" lon="6.209425"><ele>483.49</ele></trkpt>
<trkpt lat="43.7551483" lon="6.2093833"><ele>482.23</ele></trkpt>
<trkpt lat="43.7551283" lon="6.2093467"><ele>481.45</ele></trkpt>
<trkpt lat="43.7551133" lon="6.2093117"><ele>480.6499999999999</ele></trkpt>
<trkpt lat="43.7550967" lon="6.2092717"><ele>479.68</ele></trkpt>
<trkpt lat="43.7550817" lon="6.2092317"><ele>478.9499999999999</ele></trkpt>
<trkpt lat="43.75507" lon="6.2091867"><ele>478.42</ele></trkpt>
<trkpt lat="43.7550617" lon="6.209145000000001"><ele>477.85</ele></trkpt>
<trkpt lat="43.7550433" lon="6.2091083"><ele>477.42</ele></trkpt>
<trkpt lat="43.75503" lon="6.209069999999999"><ele>476.88</ele></trkpt>
<trkpt lat="43.755015" lon="6.2090283"><ele>476.1799999999999</ele></trkpt>
<trkpt lat="43.75499" lon="6.208996700000001"><ele>475.36</ele></trkpt>
<trkpt lat="43.7549667" lon="6.2089717"><ele>474.5899999999999</ele></trkpt>
<trkpt lat="43.7549533" lon="6.2089383"><ele>473.79</ele></trkpt>
<trkpt lat="43.75494" lon="6.2089033"><ele>473.13</ele></trkpt>
<trkpt lat="43.7549267" lon="6.2088667"><ele>472.6499999999999</ele></trkpt>
<trkpt lat="43.7549183" lon="6.2088283"><ele>471.89</ele></trkpt>
<trkpt lat="43.754915" lon="6.208784999999999"><ele>471.12</ele></trkpt>
<trkpt lat="43.754905" lon="6.208735"><ele>470.87</ele></trkpt>
<trkpt lat="43.7549" lon="6.208695"><ele>470.87</ele></trkpt>
<trkpt lat="43.754895" lon="6.2086533"><ele>470.61</ele></trkpt>
<trkpt lat="43.7548917" lon="6.2086033"><ele>470.4</ele></trkpt>
<trkpt lat="43.754885" lon="6.208555"><ele>470.37</ele></trkpt>
<trkpt lat="43.754875" lon="6.208506700000001"><ele>470.02</ele></trkpt>
<trkpt lat="43.754865" lon="6.20847"><ele>469.8100000000001</ele></trkpt>
<trkpt lat="43.7548717" lon="6.208425"><ele>469.6</ele></trkpt>
<trkpt lat="43.7548717" lon="6.2083767"><ele>469.66</ele></trkpt>
<trkpt lat="43.7548717" lon="6.208325000000001"><ele>469.67</ele></trkpt>
<trkpt lat="43.7548667" lon="6.2082767"><ele>469.48</ele></trkpt>
<trkpt lat="43.75486" lon="6.2082267"><ele>469.3</ele></trkpt>
<trkpt lat="43.7548533" lon="6.2081867"><ele>469.27</ele></trkpt>
<trkpt lat="43.7548433" lon="6.20815"><ele>469.36</ele></trkpt>
<trkpt lat="43.75482" lon="6.2081217"><ele>469.6</ele></trkpt>
<trkpt lat="43.754795" lon="6.208100000000001"><ele>469.99</ele></trkpt>
<trkpt lat="43.75478" lon="6.208051700000001"><ele>470.25</ele></trkpt>
<trkpt lat="43.7547767" lon="6.208006699999999"><ele>470.4299999999999</ele></trkpt>
<trkpt lat="43.754765" lon="6.207953300000001"><ele>470.79</ele></trkpt>
<trkpt lat="43.7547483" lon="6.207908300000001"><ele>471.19</ele></trkpt>
<trkpt lat="43.7547417" lon="6.207871699999999"><ele>471.35</ele></trkpt>
<trkpt lat="43.7547367" lon="6.2078333"><ele>471.53</ele></trkpt>
<trkpt lat="43.75472" lon="6.207795"><ele>471.8</ele></trkpt>
<trkpt lat="43.7546967" lon="6.207755"><ele>472.1</ele></trkpt>
<trkpt lat="43.75468" lon="6.2077233"><ele>472.41</ele></trkpt>
<trkpt lat="43.7546683" lon="6.2076833"><ele>472.62</ele></trkpt>
<trkpt lat="43.7546567" lon="6.2076433"><ele>472.82</ele></trkpt>
<trkpt lat="43.7546483" lon="6.207606700000001"><ele>473.03</ele></trkpt>
<trkpt lat="43.7546183" lon="6.2075683"><ele>473.07</ele></trkpt>
<trkpt lat="43.7546083" lon="6.207533299999999"><ele>473.07</ele></trkpt>
<trkpt lat="43.7546017" lon="6.2074933"><ele>473.16</ele></trkpt>
<trkpt lat="43.7546033" lon="6.20745"><ele>473.24</ele></trkpt>
<trkpt lat="43.7546017" lon="6.207405"><ele>472.92</ele></trkpt>
<trkpt lat="43.7545833" lon="6.207365"><ele>472.79</ele></trkpt>
<trkpt lat="43.7545717" lon="6.20732"><ele>472.56</ele></trkpt>
<trkpt lat="43.7545583" lon="6.2072833"><ele>472.3799999999999</ele></trkpt>
<trkpt lat="43.7545483" lon="6.2072383"><ele>472.21</ele></trkpt>
<trkpt lat="43.7545367" lon="6.207188300000001"><ele>472.06</ele></trkpt>
<trkpt lat="43.754525" lon="6.207145000000001"><ele>472.0700000000001</ele></trkpt>
<trkpt lat="43.7545" lon="6.2071017"><ele>472</ele></trkpt>
<trkpt lat="43.7544867" lon="6.2070617"><ele>471.8699999999999</ele></trkpt>
<trkpt lat="43.7544733" lon="6.2070217"><ele>472.23</ele></trkpt>
<trkpt lat="43.754455" lon="6.20699"><ele>472.5</ele></trkpt>
<trkpt lat="43.754445" lon="6.2069517"><ele>472.82</ele></trkpt>
<trkpt lat="43.7544367" lon="6.20691"><ele>473.15</ele></trkpt>
<trkpt lat="43.754425" lon="6.2068667"><ele>473.5</ele></trkpt>
<trkpt lat="43.75442" lon="6.206828299999999"><ele>473.8</ele></trkpt>
<trkpt lat="43.7544233" lon="6.206779999999999"><ele>473.96</ele></trkpt>
<trkpt lat="43.75442" lon="6.206738299999999"><ele>473.6199999999999</ele></trkpt>
<trkpt lat="43.7544067" lon="6.206700000000001"><ele>473.64</ele></trkpt>
<trkpt lat="43.754405" lon="6.2066533"><ele>473.76</ele></trkpt>
<trkpt lat="43.7543967" lon="6.206615"><ele>473.5099999999999</ele></trkpt>
<trkpt lat="43.7543867" lon="6.2065767"><ele>473.04</ele></trkpt>
<trkpt lat="43.7543833" lon="6.206529999999999"><ele>472.46</ele></trkpt>
<trkpt lat="43.7543733" lon="6.2064883"><ele>472.3</ele></trkpt>
<trkpt lat="43.75436" lon="6.2064417"><ele>472.36</ele></trkpt>
<trkpt lat="43.7543517" lon="6.206391699999999"><ele>472.4700000000001</ele></trkpt>
<trkpt lat="43.7543467" lon="6.2063417"><ele>472.6399999999999</ele></trkpt>
<trkpt lat="43.7543467" lon="6.206295"><ele>472.67</ele></trkpt>
<trkpt lat="43.7543333" lon="6.206256699999999"><ele>472.6</ele></trkpt>
<trkpt lat="43.7543217" lon="6.2062083"><ele>472.66</ele></trkpt>
<trkpt lat="43.7543083" lon="6.206168299999999"><ele>472.74</ele></trkpt>
<trkpt lat="43.7542967" lon="6.2061333"><ele>472.61</ele></trkpt>
<trkpt lat="43.7542817" lon="6.206085000000001"><ele>472.48</ele></trkpt>
<trkpt lat="43.7542667" lon="6.206035"><ele>472.28</ele></trkpt>
<trkpt lat="43.7542467" lon="6.205993300000001"><ele>472.45</ele></trkpt>
<trkpt lat="43.7542383" lon="6.2059433"><ele>472.46</ele></trkpt>
<trkpt lat="43.7542367" lon="6.20589"><ele>472.4700000000001</ele></trkpt>
<trkpt lat="43.75423" lon="6.2058417"><ele>472.48</ele></trkpt>
<trkpt lat="43.7542217" lon="6.2057917"><ele>472.49</ele></trkpt>
<trkpt lat="43.7542083" lon="6.205745"><ele>472.4</ele></trkpt>
<trkpt lat="43.7541883" lon="6.205708300000001"><ele>472.28</ele></trkpt>
<trkpt lat="43.7541783" lon="6.205663300000001"><ele>472.3</ele></trkpt>
<trkpt lat="43.7541583" lon="6.205618300000001"><ele>472.15</ele></trkpt>
<trkpt lat="43.7541333" lon="6.2055817"><ele>472.3399999999999</ele></trkpt>
<trkpt lat="43.75412" lon="6.2055383"><ele>472.3</ele></trkpt>
<trkpt lat="43.754115" lon="6.2054967"><ele>472.2</ele></trkpt>
<trkpt lat="43.7541017" lon="6.20546"><ele>472.45</ele></trkpt>
<trkpt lat="43.7541" lon="6.2054217"><ele>472.5</ele></trkpt>
<trkpt lat="43.7540767" lon="6.2053983"><ele>472.21</ele></trkpt>
<trkpt lat="43.75405" lon="6.20537"><ele>471.7699999999999</ele></trkpt>
<trkpt lat="43.754025" lon="6.2053383"><ele>471.4599999999999</ele></trkpt>
<trkpt lat="43.7540083" lon="6.2053083"><ele>471.49</ele></trkpt>
<trkpt lat="43.7539867" lon="6.205276700000001"><ele>471.73</ele></trkpt>
<trkpt lat="43.753955" lon="6.2052533"><ele>471.42</ele></trkpt>
<trkpt lat="43.7539267" lon="6.2052283"><ele>471.29</ele></trkpt>
<trkpt lat="43.7539" lon="6.2051933"><ele>471.37</ele></trkpt>
<trkpt lat="43.7538733" lon="6.2051583"><ele>471.12</ele></trkpt>
<trkpt lat="43.7538467" lon="6.2051317"><ele>470.91</ele></trkpt>
<trkpt lat="43.7538283" lon="6.2050933"><ele>470.61</ele></trkpt>
<trkpt lat="43.753805" lon="6.2050733"><ele>470.78</ele></trkpt>
<trkpt lat="43.7537767" lon="6.205055"><ele>471.48</ele></trkpt>
<trkpt lat="43.7537617" lon="6.2050117"><ele>471.66</ele></trkpt>
<trkpt lat="43.7537483" lon="6.204969999999999"><ele>472.05</ele></trkpt>
<trkpt lat="43.7537317" lon="6.204928299999999"><ele>472.33</ele></trkpt>
<trkpt lat="43.753715" lon="6.2048917"><ele>471.94</ele></trkpt>
<trkpt lat="43.75371" lon="6.2048517"><ele>471.5599999999999</ele></trkpt>
<trkpt lat="43.7537117" lon="6.204805"><ele>471.4</ele></trkpt>
<trkpt lat="43.75372" lon="6.20475"><ele>471.18</ele></trkpt>
<trkpt lat="43.753725" lon="6.2046983"><ele>471.42</ele></trkpt>
<trkpt lat="43.7537383" lon="6.2046567"><ele>471.8</ele></trkpt>
<trkpt lat="43.7537567" lon="6.204618300000001"><ele>472.1299999999999</ele></trkpt>
<trkpt lat="43.7537683" lon="6.204575"><ele>472.25</ele></trkpt>
<trkpt lat="43.75377" lon="6.2045333"><ele>472.0799999999999</ele></trkpt>
<trkpt lat="43.753765" lon="6.2044867"><ele>472.05</ele></trkpt>
<trkpt lat="43.75377" lon="6.204436699999999"><ele>472.06</ele></trkpt>
<trkpt lat="43.7537817" lon="6.204389999999999"><ele>472.45</ele></trkpt>
<trkpt lat="43.7537917" lon="6.204355"><ele>472.4700000000001</ele></trkpt>
<trkpt lat="43.7538017" lon="6.2043083"><ele>472.31</ele></trkpt>
<trkpt lat="43.7538083" lon="6.2042617"><ele>472.36</ele></trkpt>
<trkpt lat="43.75382" lon="6.2042133"><ele>472.11</ele></trkpt>
<trkpt lat="43.7538367" lon="6.204161699999999"><ele>472.16</ele></trkpt>
<trkpt lat="43.7538517" lon="6.204118299999999"><ele>472.52</ele></trkpt>
<trkpt lat="43.753855" lon="6.204075"><ele>472.6499999999999</ele></trkpt>
<trkpt lat="43.7538433" lon="6.2040333"><ele>472.79</ele></trkpt>
<trkpt lat="43.7538467" lon="6.20398"><ele>472.53</ele></trkpt>
<trkpt lat="43.7538617" lon="6.2039333"><ele>472.15</ele></trkpt>
<trkpt lat="43.7538733" lon="6.2038883"><ele>471.63</ele></trkpt>
<trkpt lat="43.7538767" lon="6.20384"><ele>471.69</ele></trkpt>
<trkpt lat="43.7538817" lon="6.203795000000001"><ele>471.72</ele></trkpt>
<trkpt lat="43.7539017" lon="6.203764999999999"><ele>472.19</ele></trkpt>
<trkpt lat="43.753935" lon="6.2037417"><ele>472.79</ele></trkpt>
<trkpt lat="43.7539667" lon="6.2037117"><ele>473.13</ele></trkpt>
<trkpt lat="43.7539933" lon="6.203674999999999"><ele>473.66</ele></trkpt>
<trkpt lat="43.754015" lon="6.203639999999999"><ele>474.4700000000001</ele></trkpt>
<trkpt lat="43.7540467" lon="6.2036117"><ele>474.76</ele></trkpt>
<trkpt lat="43.7540717" lon="6.20359"><ele>475.03</ele></trkpt>
<trkpt lat="43.7541067" lon="6.203595"><ele>474.98</ele></trkpt>
<trkpt lat="43.754135" lon="6.203585"><ele>474.71</ele></trkpt>
<trkpt lat="43.75415" lon="6.203545"><ele>474.22</ele></trkpt>
<trkpt lat="43.7541633" lon="6.2035"><ele>473.6199999999999</ele></trkpt>
<trkpt lat="43.7541733" lon="6.2034633"><ele>473.22</ele></trkpt>
<trkpt lat="43.754185" lon="6.2034283"><ele>473.76</ele></trkpt>
<trkpt lat="43.7541983" lon="6.203395"><ele>473.53</ele></trkpt>
<trkpt lat="43.75421" lon="6.203354999999999"><ele>473.02</ele></trkpt>
<trkpt lat="43.754215" lon="6.20331"><ele>472.71</ele></trkpt>
<trkpt lat="43.7542267" lon="6.2032633"><ele>472.71</ele></trkpt>
<trkpt lat="43.7542383" lon="6.2032233"><ele>472.3899999999999</ele></trkpt>
<trkpt lat="43.7542617" lon="6.2031933"><ele>472.1799999999999</ele></trkpt>
<trkpt lat="43.7542883" lon="6.2031683"><ele>472.4700000000001</ele></trkpt>
<trkpt lat="43.754315" lon="6.2031433"><ele>472.28</ele></trkpt>
<trkpt lat="43.7543383" lon="6.20311"><ele>472.24</ele></trkpt>
<trkpt lat="43.75436" lon="6.2030767"><ele>472.5</ele></trkpt>
<trkpt lat="43.754385" lon="6.2030383"><ele>472.56</ele></trkpt>
<trkpt lat="43.754415" lon="6.203003300000001"><ele>472.6999999999999</ele></trkpt>
<trkpt lat="43.754435" lon="6.202966699999999"><ele>472.61</ele></trkpt>
<trkpt lat="43.75445" lon="6.202935"><ele>472.81</ele></trkpt>
<trkpt lat="43.7544733" lon="6.2029067"><ele>474.57</ele></trkpt>
<trkpt lat="43.7544967" lon="6.2028833"><ele>474.58</ele></trkpt>
<trkpt lat="43.75452" lon="6.2028617"><ele>474.6</ele></trkpt>
<trkpt lat="43.7545483" lon="6.2028383"><ele>474.48</ele></trkpt>
<trkpt lat="43.7545717" lon="6.2028133"><ele>474.49</ele></trkpt>
<trkpt lat="43.7545967" lon="6.2027867"><ele>474.4700000000001</ele></trkpt>
<trkpt lat="43.754625" lon="6.2027667"><ele>474.54</ele></trkpt>
<trkpt lat="43.7546467" lon="6.2027383"><ele>474.48</ele></trkpt>
<trkpt lat="43.7546583" lon="6.202701700000001"><ele>474.74</ele></trkpt>
<trkpt lat="43.7546517" lon="6.202655"><ele>474.77</ele></trkpt>
<trkpt lat="43.7546417" lon="6.2026183"><ele>474.9599999999999</ele></trkpt>
<trkpt lat="43.7546383" lon="6.2025717"><ele>475.6199999999999</ele></trkpt>
<trkpt lat="43.7546517" lon="6.202536699999999"><ele>476.3</ele></trkpt>
<trkpt lat="43.7546833" lon="6.2024717"><ele>479.4</ele></trkpt>
<trkpt lat="43.7546983" lon="6.20244"><ele>478.86</ele></trkpt>
<trkpt lat="43.754715" lon="6.2024083"><ele>479.04</ele></trkpt>
<trkpt lat="43.7547217" lon="6.2023717"><ele>479.2699999999999</ele></trkpt>
<trkpt lat="43.7547283" lon="6.2023317"><ele>479.47</ele></trkpt>
<trkpt lat="43.75474" lon="6.2022883"><ele>479.64</ele></trkpt>
<trkpt lat="43.754755" lon="6.2022433"><ele>479.7699999999999</ele></trkpt>
<trkpt lat="43.754765" lon="6.2022067"><ele>479.84</ele></trkpt>
<trkpt lat="43.7547733" lon="6.2021683"><ele>479.8</ele></trkpt>
<trkpt lat="43.75479" lon="6.20213"><ele>479.94</ele></trkpt>
<trkpt lat="43.7548183" lon="6.2021183"><ele>479.61</ele></trkpt>
<trkpt lat="43.7548333" lon="6.202085"><ele>479.1</ele></trkpt>
<trkpt lat="43.7548583" lon="6.202056699999999"><ele>478.88</ele></trkpt>
<trkpt lat="43.7548867" lon="6.2020367"><ele>478.62</ele></trkpt>
<trkpt lat="43.7549183" lon="6.20201"><ele>478.25</ele></trkpt>
<trkpt lat="43.754935" lon="6.2019717"><ele>477.94</ele></trkpt>
<trkpt lat="43.7549567" lon="6.2019367"><ele>477.8799999999999</ele></trkpt>
<trkpt lat="43.7549767" lon="6.201906699999999"><ele>477.8799999999999</ele></trkpt>
<trkpt lat="43.7549883" lon="6.2018683"><ele>477.92</ele></trkpt>
<trkpt lat="43.7550117" lon="6.2018383"><ele>478.0700000000001</ele></trkpt>
<trkpt lat="43.7550367" lon="6.2018117"><ele>478.0799999999999</ele></trkpt>
<trkpt lat="43.755055" lon="6.2017783"><ele>477.63</ele></trkpt>
<trkpt lat="43.7550883" lon="6.201760000000001"><ele>477.02</ele></trkpt>
<trkpt lat="43.755125" lon="6.201750000000001"><ele>476.36</ele></trkpt>
<trkpt lat="43.755155" lon="6.201725"><ele>476.0899999999999</ele></trkpt>
<trkpt lat="43.7551833" lon="6.201701700000001"><ele>475.63</ele></trkpt>
<trkpt lat="43.75521" lon="6.201669999999999"><ele>475.29</ele></trkpt>
<trkpt lat="43.7552317" lon="6.2016467"><ele>475.18</ele></trkpt>
<trkpt lat="43.7552617" lon="6.201635"><ele>475.0099999999999</ele></trkpt>
<trkpt lat="43.7552867" lon="6.2016183"><ele>474.81</ele></trkpt>
<trkpt lat="43.7553167" lon="6.201600000000001"><ele>474.5899999999999</ele></trkpt>
<trkpt lat="43.7553417" lon="6.201585"><ele>474.51</ele></trkpt>
<trkpt lat="43.7553633" lon="6.201555000000001"><ele>474.57</ele></trkpt>
<trkpt lat="43.755385" lon="6.2015183"><ele>474.67</ele></trkpt>
<trkpt lat="43.755415" lon="6.2014933"><ele>474.84</ele></trkpt>
<trkpt lat="43.7554367" lon="6.20147"><ele>475.04</ele></trkpt>
<trkpt lat="43.7554633" lon="6.201435"><ele>474.99</ele></trkpt>
<trkpt lat="43.7554933" lon="6.2014033"><ele>475.08</ele></trkpt>
<trkpt lat="43.7555217" lon="6.20139"><ele>475.17</ele></trkpt>
<trkpt lat="43.7555533" lon="6.2013817"><ele>475.18</ele></trkpt>
<trkpt lat="43.75559" lon="6.201371700000001"><ele>474.83</ele></trkpt>
<trkpt lat="43.7556167" lon="6.201355"><ele>474.85</ele></trkpt>
<trkpt lat="43.755635" lon="6.201326700000001"><ele>474.9499999999999</ele></trkpt>
<trkpt lat="43.75564" lon="6.201281700000001"><ele>475.04</ele></trkpt>
<trkpt lat="43.75564" lon="6.201236699999999"><ele>475.53</ele></trkpt>
<trkpt lat="43.7556417" lon="6.2011867"><ele>475.8600000000001</ele></trkpt>
<trkpt lat="43.7556533" lon="6.2011517"><ele>476.0700000000001</ele></trkpt>
<trkpt lat="43.75567" lon="6.2011083"><ele>476.25</ele></trkpt>
<trkpt lat="43.7556717" lon="6.2010667"><ele>476.11</ele></trkpt>
<trkpt lat="43.7556733" lon="6.2010217"><ele>476.15</ele></trkpt>
<trkpt lat="43.75568" lon="6.200978299999999"><ele>476.46</ele></trkpt>
<trkpt lat="43.7556817" lon="6.2009283"><ele>476.67</ele></trkpt>
<trkpt lat="43.755675" lon="6.20089"><ele>476.9999999999999</ele></trkpt>
<trkpt lat="43.7556783" lon="6.20084"><ele>477.43</ele></trkpt>
<trkpt lat="43.755685" lon="6.200791700000001"><ele>477.5699999999999</ele></trkpt>
<trkpt lat="43.7556967" lon="6.2007533"><ele>477.93</ele></trkpt>
<trkpt lat="43.755715" lon="6.20071"><ele>478.24</ele></trkpt>
<trkpt lat="43.7557333" lon="6.200666699999999"><ele>478.4399999999999</ele></trkpt>
<trkpt lat="43.755755" lon="6.20062"><ele>478.57</ele></trkpt>
<trkpt lat="43.7557767" lon="6.200585"><ele>478.51</ele></trkpt>
<trkpt lat="43.7558017" lon="6.2005483"><ele>478.1299999999999</ele></trkpt>
<trkpt lat="43.7558267" lon="6.2005117"><ele>477.8199999999999</ele></trkpt>
<trkpt lat="43.7558467" lon="6.2004717"><ele>477.68</ele></trkpt>
<trkpt lat="43.7558683" lon="6.2004317"><ele>477.68</ele></trkpt>
<trkpt lat="43.7558917" lon="6.200394999999999"><ele>477.8699999999999</ele></trkpt>
<trkpt lat="43.755915" lon="6.200365"><ele>477.72</ele></trkpt>
<trkpt lat="43.7559433" lon="6.2003517"><ele>477.5</ele></trkpt>
<trkpt lat="43.7559733" lon="6.2003467"><ele>477.29</ele></trkpt>
<trkpt lat="43.75601" lon="6.2003517"><ele>477.3099999999999</ele></trkpt>
<trkpt lat="43.75604" lon="6.200339999999999"><ele>477.09</ele></trkpt>
<trkpt lat="43.75606" lon="6.2003"><ele>476.91</ele></trkpt>
<trkpt lat="43.756075" lon="6.2002567"><ele>476.79</ele></trkpt>
<trkpt lat="43.7560833" lon="6.2002083"><ele>476.4399999999999</ele></trkpt>
<trkpt lat="43.7561" lon="6.2001633"><ele>476.05</ele></trkpt>
<trkpt lat="43.7561117" lon="6.2001183"><ele>475.7</ele></trkpt>
<trkpt lat="43.7561217" lon="6.2000667"><ele>475.35</ele></trkpt>
<trkpt lat="43.7561333" lon="6.2000117"><ele>475.2599999999999</ele></trkpt>
<trkpt lat="43.75615" lon="6.199963299999999"><ele>475.7</ele></trkpt>
<trkpt lat="43.7561633" lon="6.19993"><ele>475.9</ele></trkpt>
<trkpt lat="43.7561867" lon="6.1998967"><ele>475.73</ele></trkpt>
<trkpt lat="43.7562083" lon="6.199863299999999"><ele>475.5099999999999</ele></trkpt>
<trkpt lat="43.7562133" lon="6.199818299999999"><ele>475.41</ele></trkpt>
<trkpt lat="43.756215" lon="6.19978"><ele>475.3099999999999</ele></trkpt>
<trkpt lat="43.7562283" lon="6.199745000000001"><ele>475.07</ele></trkpt>
<trkpt lat="43.7562283" lon="6.199700000000001"><ele>475.33</ele></trkpt>
<trkpt lat="43.75622" lon="6.19966"><ele>475.29</ele></trkpt>
<trkpt lat="43.7562233" lon="6.199620000000001"><ele>475.02</ele></trkpt>
<trkpt lat="43.7562333" lon="6.199578299999999"><ele>474.98</ele></trkpt>
<trkpt lat="43.7562533" lon="6.199545"><ele>474.82</ele></trkpt>
<trkpt lat="43.7562867" lon="6.199533299999999"><ele>474.45</ele></trkpt>
<trkpt lat="43.7563167" lon="6.199525"><ele>474.3799999999999</ele></trkpt>
<trkpt lat="43.7563483" lon="6.1995033"><ele>474.14</ele></trkpt>
<trkpt lat="43.7563733" lon="6.1994817"><ele>473.73</ele></trkpt>
<trkpt lat="43.7563983" lon="6.199460000000001"><ele>473.4</ele></trkpt>
<trkpt lat="43.7564233" lon="6.1994417"><ele>473.3099999999999</ele></trkpt>
<trkpt lat="43.7564517" lon="6.19942"><ele>473.2599999999999</ele></trkpt>
<trkpt lat="43.7564817" lon="6.1994017"><ele>473.2099999999999</ele></trkpt>
<trkpt lat="43.7565083" lon="6.199381699999999"><ele>472.99</ele></trkpt>
<trkpt lat="43.756535" lon="6.199365"><ele>472.72</ele></trkpt>
<trkpt lat="43.756565" lon="6.1993417"><ele>472.23</ele></trkpt>
<trkpt lat="43.7566" lon="6.1993267"><ele>472.16</ele></trkpt>
<trkpt lat="43.7566267" lon="6.199315"><ele>472.3399999999999</ele></trkpt>
<trkpt lat="43.7566583" lon="6.1993"><ele>472.71</ele></trkpt>
<trkpt lat="43.756685" lon="6.199291699999999"><ele>473.11</ele></trkpt>
<trkpt lat="43.7567133" lon="6.1992683"><ele>473.43</ele></trkpt>
<trkpt lat="43.7567317" lon="6.199231700000001"><ele>473.8699999999999</ele></trkpt>
<trkpt lat="43.75674" lon="6.1991917"><ele>474.0700000000001</ele></trkpt>
<trkpt lat="43.7567433" lon="6.1991533"><ele>474.37</ele></trkpt>
<trkpt lat="43.7567567" lon="6.199115"><ele>475.13</ele></trkpt>
<trkpt lat="43.75677" lon="6.19907"><ele>475.37</ele></trkpt>
<trkpt lat="43.7567683" lon="6.1990233"><ele>475.22</ele></trkpt>
<trkpt lat="43.7567683" lon="6.1989783"><ele>475.44</ele></trkpt>
<trkpt lat="43.7567733" lon="6.1989317"><ele>475.48</ele></trkpt>
<trkpt lat="43.756785" lon="6.1988883"><ele>475.67</ele></trkpt>
<trkpt lat="43.756795" lon="6.1988517"><ele>475.58</ele></trkpt>
<trkpt lat="43.7568067" lon="6.19881"><ele>475.94</ele></trkpt>
<trkpt lat="43.7568283" lon="6.1987783"><ele>477.16</ele></trkpt>
<trkpt lat="43.756855" lon="6.198768299999999"><ele>477.65</ele></trkpt>
<trkpt lat="43.7569117" lon="6.198769999999999"><ele>478.25</ele></trkpt>
<trkpt lat="43.7569367" lon="6.198785"><ele>478.02</ele></trkpt>
<trkpt lat="43.7569683" lon="6.1987783"><ele>477.46</ele></trkpt>
<trkpt lat="43.7569917" lon="6.19874"><ele>476.84</ele></trkpt>
<trkpt lat="43.7570117" lon="6.1987017"><ele>476.46</ele></trkpt>
<trkpt lat="43.75703" lon="6.198665000000001"><ele>476.05</ele></trkpt>
<trkpt lat="43.7570467" lon="6.198631699999999"><ele>475.99</ele></trkpt>
<trkpt lat="43.7570733" lon="6.1985983"><ele>475.65</ele></trkpt>
<trkpt lat="43.7570983" lon="6.1985717"><ele>475.35</ele></trkpt>
<trkpt lat="43.7571183" lon="6.1985417"><ele>475.05</ele></trkpt>
<trkpt lat="43.7571367" lon="6.198505000000001"><ele>475.08</ele></trkpt>
<trkpt lat="43.7571533" lon="6.198473300000001"><ele>475.08</ele></trkpt>
<trkpt lat="43.75716" lon="6.1984233"><ele>475.54</ele></trkpt>
<trkpt lat="43.7571717" lon="6.198383299999999"><ele>475.75</ele></trkpt>
<trkpt lat="43.7571783" lon="6.198345"><ele>475.69</ele></trkpt>
<trkpt lat="43.7571883" lon="6.1983083"><ele>475.68</ele></trkpt>
<trkpt lat="43.757205" lon="6.198268300000001"><ele>475.75</ele></trkpt>
<trkpt lat="43.757225" lon="6.1982383"><ele>475.94</ele></trkpt>
<trkpt lat="43.7572433" lon="6.1981983"><ele>476.01</ele></trkpt>
<trkpt lat="43.757255" lon="6.19816"><ele>475.8199999999999</ele></trkpt>
<trkpt lat="43.7572683" lon="6.1981133"><ele>475.5</ele></trkpt>
<trkpt lat="43.7572783" lon="6.1980733"><ele>475.22</ele></trkpt>
<trkpt lat="43.7573" lon="6.198040000000001"><ele>475.02</ele></trkpt>
<trkpt lat="43.7573217" lon="6.198006699999999"><ele>474.82</ele></trkpt>
<trkpt lat="43.757335" lon="6.1979583"><ele>474.4399999999999</ele></trkpt>
<trkpt lat="43.7573433" lon="6.197914999999999"><ele>474.32</ele></trkpt>
<trkpt lat="43.75736" lon="6.1978783"><ele>474.0899999999999</ele></trkpt>
<trkpt lat="43.757385" lon="6.1978483"><ele>474.0700000000001</ele></trkpt>
<trkpt lat="43.7573967" lon="6.197811699999999"><ele>474.22</ele></trkpt>
<trkpt lat="43.7574083" lon="6.197775"><ele>474.37</ele></trkpt>
<trkpt lat="43.7574133" lon="6.1977267"><ele>474.3799999999999</ele></trkpt>
<trkpt lat="43.7574183" lon="6.197685"><ele>474.55</ele></trkpt>
<trkpt lat="43.757425" lon="6.1976467"><ele>474.7499999999999</ele></trkpt>
<trkpt lat="43.7574233" lon="6.197608300000001"><ele>474.85</ele></trkpt>
<trkpt lat="43.757425" lon="6.1975667"><ele>475.15</ele></trkpt>
<trkpt lat="43.757435" lon="6.1975233"><ele>475.45</ele></trkpt>
<trkpt lat="43.7574383" lon="6.19748"><ele>475.48</ele></trkpt>
<trkpt lat="43.7574417" lon="6.19744"><ele>475.5599999999999</ele></trkpt>
<trkpt lat="43.7574433" lon="6.1974"><ele>475.68</ele></trkpt>
<trkpt lat="43.7574467" lon="6.19735"><ele>475.97</ele></trkpt>
<trkpt lat="43.7574517" lon="6.1973083"><ele>475.89</ele></trkpt>
<trkpt lat="43.7574467" lon="6.1972567"><ele>475.79</ele></trkpt>
<trkpt lat="43.75744" lon="6.197216700000001"><ele>475.69</ele></trkpt>
<trkpt lat="43.7574333" lon="6.197175000000001"><ele>475.7799999999999</ele></trkpt>
<trkpt lat="43.7574367" lon="6.197135"><ele>475.67</ele></trkpt>
<trkpt lat="43.7574383" lon="6.19709"><ele>475.8699999999999</ele></trkpt>
<trkpt lat="43.757435" lon="6.1970467"><ele>476.31</ele></trkpt>
<trkpt lat="43.7574417" lon="6.1970067"><ele>476.83</ele></trkpt>
<trkpt lat="43.75745" lon="6.196969999999999"><ele>477.33</ele></trkpt>
<trkpt lat="43.757465" lon="6.196931700000001"><ele>477.71</ele></trkpt>
<trkpt lat="43.7574717" lon="6.196890000000001"><ele>477.67</ele></trkpt>
<trkpt lat="43.7574667" lon="6.196845000000001"><ele>477.5699999999999</ele></trkpt>
<trkpt lat="43.7574617" lon="6.196800000000001"><ele>477.5099999999999</ele></trkpt>
<trkpt lat="43.7574567" lon="6.19676"><ele>477.3</ele></trkpt>
<trkpt lat="43.7574583" lon="6.1967183"><ele>477.1</ele></trkpt>
<trkpt lat="43.7574567" lon="6.1966717"><ele>476.8</ele></trkpt>
<trkpt lat="43.75746" lon="6.196629999999999"><ele>476.72</ele></trkpt>
<trkpt lat="43.7574583" lon="6.19659"><ele>476.76</ele></trkpt>
<trkpt lat="43.7574567" lon="6.196546700000001"><ele>476.6</ele></trkpt>
<trkpt lat="43.75745" lon="6.1965033"><ele>476.8</ele></trkpt>
<trkpt lat="43.75745" lon="6.1964617"><ele>477.2699999999999</ele></trkpt>
<trkpt lat="43.7574483" lon="6.196423300000001"><ele>477.22</ele></trkpt>
<trkpt lat="43.7574483" lon="6.1963833"><ele>477.19</ele></trkpt>
<trkpt lat="43.75744" lon="6.196344999999999"><ele>476.9900000000001</ele></trkpt>
<trkpt lat="43.7574367" lon="6.196305"><ele>476.7499999999999</ele></trkpt>
<trkpt lat="43.757425" lon="6.196254999999999"><ele>476.46</ele></trkpt>
<trkpt lat="43.757425" lon="6.196208299999999"><ele>476.0799999999999</ele></trkpt>
<trkpt lat="43.75743" lon="6.1961617"><ele>476.0899999999999</ele></trkpt>
<trkpt lat="43.7574267" lon="6.19611"><ele>475.79</ele></trkpt>
<trkpt lat="43.7574267" lon="6.1960583"><ele>475.41</ele></trkpt>
<trkpt lat="43.7574267" lon="6.1960183"><ele>475.49</ele></trkpt>
<trkpt lat="43.757405" lon="6.19598"><ele>475.91</ele></trkpt>
<trkpt lat="43.75739" lon="6.1959483"><ele>476.0799999999999</ele></trkpt>
<trkpt lat="43.7573733" lon="6.1959083"><ele>476.28</ele></trkpt>
<trkpt lat="43.7573583" lon="6.195868299999999"><ele>476.24</ele></trkpt>
<trkpt lat="43.7573383" lon="6.195796700000001"><ele>476.9400000000001</ele></trkpt>
<trkpt lat="43.7573217" lon="6.195761699999999"><ele>477.17</ele></trkpt>
<trkpt lat="43.7573017" lon="6.195735"><ele>477.65</ele></trkpt>
<trkpt lat="43.7572917" lon="6.195695000000001"><ele>477.97</ele></trkpt>
<trkpt lat="43.7572767" lon="6.195660000000001"><ele>478.0799999999999</ele></trkpt>
<trkpt lat="43.7572533" lon="6.1956383"><ele>478.25</ele></trkpt>
<trkpt lat="43.7572267" lon="6.1956233"><ele>478.4700000000001</ele></trkpt>
<trkpt lat="43.7571983" lon="6.1955983"><ele>478.59</ele></trkpt>
<trkpt lat="43.7571717" lon="6.195575"><ele>478.76</ele></trkpt>
<trkpt lat="43.7571433" lon="6.1955467"><ele>478.86</ele></trkpt>
<trkpt lat="43.7571233" lon="6.1955183"><ele>478.9999999999999</ele></trkpt>
<trkpt lat="43.7571017" lon="6.195485"><ele>479.09</ele></trkpt>
<trkpt lat="43.7570833" lon="6.1954467"><ele>479.63</ele></trkpt>
<trkpt lat="43.7570867" lon="6.195405"><ele>480.24</ele></trkpt>
<trkpt lat="43.7571" lon="6.1953633"><ele>480.29</ele></trkpt>
<trkpt lat="43.757125" lon="6.195320000000001"><ele>480.45</ele></trkpt>
<trkpt lat="43.75715" lon="6.195288299999999"><ele>480.56</ele></trkpt>
<trkpt lat="43.757185" lon="6.1952667"><ele>480.92</ele></trkpt>
<trkpt lat="43.7572083" lon="6.195243299999999"><ele>480.82</ele></trkpt>
<trkpt lat="43.75723" lon="6.1952033"><ele>480.05</ele></trkpt>
<trkpt lat="43.75724" lon="6.195155"><ele>479.53</ele></trkpt>
<trkpt lat="43.7572467" lon="6.19511"><ele>479.5099999999999</ele></trkpt>
<trkpt lat="43.7572617" lon="6.195075"><ele>479.49</ele></trkpt>
<trkpt lat="43.7572833" lon="6.1950383"><ele>479.4</ele></trkpt>
<trkpt lat="43.7573117" lon="6.195003299999999"><ele>479.72</ele></trkpt>
<trkpt lat="43.757335" lon="6.194968299999999"><ele>479.97</ele></trkpt>
<trkpt lat="43.7573617" lon="6.19494"><ele>479.75</ele></trkpt>
<trkpt lat="43.7573867" lon="6.194911699999999"><ele>479.76</ele></trkpt>
<trkpt lat="43.7574133" lon="6.194885000000001"><ele>479.54</ele></trkpt>
<trkpt lat="43.757445" lon="6.1948617"><ele>479.39</ele></trkpt>
<trkpt lat="43.7574733" lon="6.194845"><ele>479.5099999999999</ele></trkpt>
<trkpt lat="43.7575083" lon="6.1948217"><ele>479.69</ele></trkpt>
<trkpt lat="43.7575283" lon="6.1947933"><ele>479.75</ele></trkpt>
<trkpt lat="43.7575283" lon="6.194745"><ele>479.4</ele></trkpt>
<trkpt lat="43.757535" lon="6.194705000000001"><ele>479.37</ele></trkpt>
<trkpt lat="43.7575367" lon="6.1946617"><ele>479.55</ele></trkpt>
<trkpt lat="43.7575417" lon="6.1946217"><ele>479.8699999999999</ele></trkpt>
<trkpt lat="43.7575567" lon="6.194579999999999"><ele>480.06</ele></trkpt>
<trkpt lat="43.7575783" lon="6.1945483"><ele>479.9</ele></trkpt>
<trkpt lat="43.757615" lon="6.194538299999999"><ele>479.99</ele></trkpt>
<trkpt lat="43.7576417" lon="6.1945317"><ele>480.15</ele></trkpt>
<trkpt lat="43.7576683" lon="6.194521699999999"><ele>480.26</ele></trkpt>
<trkpt lat="43.7577033" lon="6.194505"><ele>479.8199999999999</ele></trkpt>
<trkpt lat="43.7577367" lon="6.194495"><ele>479.96</ele></trkpt>
<trkpt lat="43.75777" lon="6.1944867"><ele>480.07</ele></trkpt>
<trkpt lat="43.7578033" lon="6.1944683"><ele>479.93</ele></trkpt>
<trkpt lat="43.7578383" lon="6.1944617"><ele>479.63</ele></trkpt>
<trkpt lat="43.757875" lon="6.194455"><ele>479.5599999999999</ele></trkpt>
<trkpt lat="43.7579033" lon="6.194465000000001"><ele>479.5599999999999</ele></trkpt>
<trkpt lat="43.7579317" lon="6.194489999999999"><ele>479.75</ele></trkpt>
<trkpt lat="43.7579617" lon="6.194510000000001"><ele>480.21</ele></trkpt>
<trkpt lat="43.7579833" lon="6.1945433"><ele>480.71</ele></trkpt>
<trkpt lat="43.7580083" lon="6.194575"><ele>481.24</ele></trkpt>
<trkpt lat="43.758035" lon="6.194603300000001"><ele>481.71</ele></trkpt>
<trkpt lat="43.758065" lon="6.1946183"><ele>482.63</ele></trkpt>
<trkpt lat="43.758095" lon="6.194628299999999"><ele>482.66</ele></trkpt>
<trkpt lat="43.7581267" lon="6.194624999999999"><ele>483.4</ele></trkpt>
<trkpt lat="43.7581483" lon="6.194600000000001"><ele>483.49</ele></trkpt>
<trkpt lat="43.7581667" lon="6.19456"><ele>483.48</ele></trkpt>
<trkpt lat="43.7581767" lon="6.194515"><ele>483.42</ele></trkpt>
<trkpt lat="43.7581917" lon="6.1944817"><ele>483.59</ele></trkpt>
<trkpt lat="43.758205" lon="6.1944417"><ele>483.75</ele></trkpt>
<trkpt lat="43.7582183" lon="6.194408300000001"><ele>483.96</ele></trkpt>
<trkpt lat="43.75823" lon="6.1943683"><ele>483.9</ele></trkpt>
<trkpt lat="43.7582483" lon="6.194326700000001"><ele>483.91</ele></trkpt>
<trkpt lat="43.7582667" lon="6.1942933"><ele>483.91</ele></trkpt>
<trkpt lat="43.7582867" lon="6.194265"><ele>484.1799999999999</ele></trkpt>
<trkpt lat="43.7583017" lon="6.1942217"><ele>483.74</ele></trkpt>
<trkpt lat="43.7583133" lon="6.194183300000001"><ele>483.36</ele></trkpt>
<trkpt lat="43.758325" lon="6.194145"><ele>483.08</ele></trkpt>
<trkpt lat="43.7583283" lon="6.1940967"><ele>482.3800000000001</ele></trkpt>
<trkpt lat="43.7583583" lon="6.1940817"><ele>481.84</ele></trkpt>
<trkpt lat="43.758385" lon="6.194090000000001"><ele>481.79</ele></trkpt>
<trkpt lat="43.758355" lon="6.194093299999999"><ele>481.47</ele></trkpt>
<trkpt lat="43.7583533" lon="6.1940467"><ele>479.36</ele></trkpt>
<trkpt lat="43.7583517" lon="6.194005"><ele>478.63</ele></trkpt>
<trkpt lat="43.7583533" lon="6.193964999999999"><ele>478.25</ele></trkpt>
<trkpt lat="43.758355" lon="6.1939267"><ele>477.85</ele></trkpt>
<trkpt lat="43.7583567" lon="6.1938717"><ele>477.61</ele></trkpt>
<trkpt lat="43.7583633" lon="6.193819999999999"><ele>477.46</ele></trkpt>
<trkpt lat="43.7583667" lon="6.193781700000001"><ele>477.15</ele></trkpt>
<trkpt lat="43.75837" lon="6.1937433"><ele>477.1</ele></trkpt>
<trkpt lat="43.7583717" lon="6.1936967"><ele>477.07</ele></trkpt>
<trkpt lat="43.758375" lon="6.1936533"><ele>477.16</ele></trkpt>
<trkpt lat="43.7583917" lon="6.193611699999999"><ele>477.49</ele></trkpt>
<trkpt lat="43.7584033" lon="6.1935733"><ele>478.16</ele></trkpt>
<trkpt lat="43.7584167" lon="6.193534999999999"><ele>478.8999999999999</ele></trkpt>
<trkpt lat="43.75844" lon="6.1934917"><ele>479.37</ele></trkpt>
<trkpt lat="43.7584633" lon="6.19347"><ele>479.73</ele></trkpt>
<trkpt lat="43.758485" lon="6.193443299999999"><ele>480.11</ele></trkpt>
<trkpt lat="43.7585017" lon="6.1934"><ele>480.87</ele></trkpt>
<trkpt lat="43.7585283" lon="6.1933567"><ele>481.37</ele></trkpt>
<trkpt lat="43.7585467" lon="6.193325"><ele>481.41</ele></trkpt>
<trkpt lat="43.758565" lon="6.1932883"><ele>481.23</ele></trkpt>
<trkpt lat="43.758595" lon="6.193256700000001"><ele>481.2099999999999</ele></trkpt>
<trkpt lat="43.75862" lon="6.1932317"><ele>481.12</ele></trkpt>
<trkpt lat="43.758645" lon="6.19321"><ele>481.17</ele></trkpt>
<trkpt lat="43.7586633" lon="6.1931817"><ele>481.35</ele></trkpt>
<trkpt lat="43.7586883" lon="6.193131700000001"><ele>481.72</ele></trkpt>
<trkpt lat="43.7587083" lon="6.1930983"><ele>482.2</ele></trkpt>
<trkpt lat="43.758735" lon="6.1930617"><ele>482.55</ele></trkpt>
<trkpt lat="43.7587567" lon="6.1930217"><ele>482.76</ele></trkpt>
<trkpt lat="43.75878" lon="6.1929833"><ele>482.46</ele></trkpt>
<trkpt lat="43.7588" lon="6.192935"><ele>482.16</ele></trkpt>
<trkpt lat="43.7588083" lon="6.19288"><ele>482.05</ele></trkpt>
<trkpt lat="43.758815" lon="6.19284"><ele>481.9299999999999</ele></trkpt>
<trkpt lat="43.7588233" lon="6.1928"><ele>481.71</ele></trkpt>
<trkpt lat="43.7588317" lon="6.192748300000001"><ele>481.97</ele></trkpt>
<trkpt lat="43.7588367" lon="6.192701700000001"><ele>482.27</ele></trkpt>
<trkpt lat="43.758835" lon="6.1926467"><ele>482.9999999999999</ele></trkpt>
<trkpt lat="43.7588333" lon="6.1926033"><ele>483.04</ele></trkpt>
<trkpt lat="43.7588317" lon="6.192551700000001"><ele>483.64</ele></trkpt>
<trkpt lat="43.75883" lon="6.1925"><ele>483.72</ele></trkpt>
<trkpt lat="43.7588283" lon="6.1924533"><ele>483.8</ele></trkpt>
<trkpt lat="43.7588217" lon="6.1924117"><ele>484.05</ele></trkpt>
<trkpt lat="43.758805" lon="6.1923683"><ele>484.19</ele></trkpt>
<trkpt lat="43.7587967" lon="6.192326699999999"><ele>484.1</ele></trkpt>
<trkpt lat="43.7587883" lon="6.192285"><ele>484.0899999999999</ele></trkpt>
<trkpt lat="43.75878" lon="6.1922417"><ele>483.9299999999999</ele></trkpt>
<trkpt lat="43.7587733" lon="6.1921983"><ele>483.9</ele></trkpt>
<trkpt lat="43.7587717" lon="6.1921567"><ele>483.75</ele></trkpt>
<trkpt lat="43.7587817" lon="6.1921167"><ele>483.37</ele></trkpt>
<trkpt lat="43.7587917" lon="6.1920683"><ele>483.18</ele></trkpt>
<trkpt lat="43.7588" lon="6.192025"><ele>483.15</ele></trkpt>
<trkpt lat="43.7588117" lon="6.191985000000001"><ele>483.5199999999999</ele></trkpt>
<trkpt lat="43.758825" lon="6.1919483"><ele>483.2599999999999</ele></trkpt>
<trkpt lat="43.7588417" lon="6.19191"><ele>482.6499999999999</ele></trkpt>
<trkpt lat="43.7588667" lon="6.191881700000001"><ele>482.0799999999999</ele></trkpt>
<trkpt lat="43.758895" lon="6.191848300000001"><ele>481.68</ele></trkpt>
<trkpt lat="43.75892" lon="6.1918183"><ele>481.8299999999999</ele></trkpt>
<trkpt lat="43.7589483" lon="6.191790000000001"><ele>481.98</ele></trkpt>
<trkpt lat="43.7589783" lon="6.1917683"><ele>482.11</ele></trkpt>
<trkpt lat="43.759005" lon="6.191755"><ele>481.84</ele></trkpt>
<trkpt lat="43.7590367" lon="6.1917417"><ele>481.7</ele></trkpt>
<trkpt lat="43.7590667" lon="6.191735"><ele>481.7</ele></trkpt>
<trkpt lat="43.759095" lon="6.1917217"><ele>481.2699999999999</ele></trkpt>
<trkpt lat="43.7591217" lon="6.191715"><ele>481.02</ele></trkpt>
<trkpt lat="43.7591483" lon="6.191705"><ele>480.9999999999999</ele></trkpt>
<trkpt lat="43.7591833" lon="6.1916917"><ele>481.5099999999999</ele></trkpt>
<trkpt lat="43.759215" lon="6.191686700000001"><ele>481.69</ele></trkpt>
<trkpt lat="43.7592533" lon="6.191675"><ele>481.41</ele></trkpt>
<trkpt lat="43.7592833" lon="6.1916533"><ele>481.14</ele></trkpt>
<trkpt lat="43.759315" lon="6.191641700000001"><ele>481.24</ele></trkpt>
<trkpt lat="43.7593483" lon="6.1916317"><ele>481.2</ele></trkpt>
<trkpt lat="43.7593833" lon="6.1916117"><ele>481.46</ele></trkpt>
<trkpt lat="43.7594083" lon="6.1915867"><ele>481.75</ele></trkpt>
<trkpt lat="43.7594233" lon="6.191553300000001"><ele>481.89</ele></trkpt>
<trkpt lat="43.759445" lon="6.191525"><ele>481.97</ele></trkpt>
<trkpt lat="43.7594617" lon="6.19149"><ele>481.67</ele></trkpt>
<trkpt lat="43.7594867" lon="6.1914567"><ele>481.2099999999999</ele></trkpt>
<trkpt lat="43.7595183" lon="6.1914333"><ele>481.04</ele></trkpt>
<trkpt lat="43.7595467" lon="6.19142"><ele>480.74</ele></trkpt>
<trkpt lat="43.759585" lon="6.1914083"><ele>480.68</ele></trkpt>
<trkpt lat="43.7596167" lon="6.1914067"><ele>480.6999999999999</ele></trkpt>
<trkpt lat="43.7596467" lon="6.191405"><ele>480.98</ele></trkpt>
<trkpt lat="43.7596767" lon="6.1914133"><ele>481.35</ele></trkpt>
<trkpt lat="43.759705" lon="6.1914117"><ele>481.3099999999999</ele></trkpt>
<trkpt lat="43.7597317" lon="6.1913917"><ele>481.0099999999999</ele></trkpt>
<trkpt lat="43.7597517" lon="6.1913633"><ele>480.84</ele></trkpt>
<trkpt lat="43.7597733" lon="6.1913283"><ele>480.56</ele></trkpt>
<trkpt lat="43.7598017" lon="6.1912983"><ele>480.24</ele></trkpt>
<trkpt lat="43.7598167" lon="6.1912533"><ele>479.94</ele></trkpt>
<trkpt lat="43.7598233" lon="6.1912167"><ele>479.63</ele></trkpt>
<trkpt lat="43.7598267" lon="6.191176700000001"><ele>479.85</ele></trkpt>
<trkpt lat="43.7598467" lon="6.19114"><ele>479.92</ele></trkpt>
<trkpt lat="43.7598683" lon="6.1911083"><ele>479.55</ele></trkpt>
<trkpt lat="43.7598867" lon="6.191075000000001"><ele>478.6999999999999</ele></trkpt>
<trkpt lat="43.7599167" lon="6.191035"><ele>478.48</ele></trkpt>
<trkpt lat="43.759945" lon="6.191006699999999"><ele>478.57</ele></trkpt>
<trkpt lat="43.7599667" lon="6.1909733"><ele>478.62</ele></trkpt>
<trkpt lat="43.7599917" lon="6.1909467"><ele>478.6</ele></trkpt>
<trkpt lat="43.760015" lon="6.1909217"><ele>478.1</ele></trkpt>
<trkpt lat="43.7600433" lon="6.1908867"><ele>477.66</ele></trkpt>
<trkpt lat="43.7600617" lon="6.190858299999999"><ele>477.2099999999999</ele></trkpt>
<trkpt lat="43.7600917" lon="6.1908267"><ele>476.93</ele></trkpt>
<trkpt lat="43.7601217" lon="6.1907933"><ele>477.09</ele></trkpt>
<trkpt lat="43.7601467" lon="6.1907733"><ele>477.19</ele></trkpt>
<trkpt lat="43.7601767" lon="6.190745000000001"><ele>477.13</ele></trkpt>
<trkpt lat="43.760205" lon="6.1907283"><ele>476.84</ele></trkpt>
<trkpt lat="43.760235" lon="6.1907017"><ele>477.12</ele></trkpt>
<trkpt lat="43.7602683" lon="6.190678299999999"><ele>477.66</ele></trkpt>
<trkpt lat="43.7603067" lon="6.1906617"><ele>478.15</ele></trkpt>
<trkpt lat="43.76034" lon="6.19064"><ele>478.67</ele></trkpt>
<trkpt lat="43.7603717" lon="6.190615"><ele>478.51</ele></trkpt>
<trkpt lat="43.7604017" lon="6.1905883"><ele>477.81</ele></trkpt>
<trkpt lat="43.76043" lon="6.190574999999999"><ele>477.36</ele></trkpt>
<trkpt lat="43.7604533" lon="6.1905483"><ele>477.5699999999999</ele></trkpt>
<trkpt lat="43.760475" lon="6.1905233"><ele>477.41</ele></trkpt>
<trkpt lat="43.76051" lon="6.19051"><ele>477.3099999999999</ele></trkpt>
<trkpt lat="43.7605417" lon="6.1904983"><ele>477.33</ele></trkpt>
<trkpt lat="43.7605717" lon="6.1904883"><ele>476.97</ele></trkpt>
<trkpt lat="43.7605983" lon="6.1904767"><ele>476.61</ele></trkpt>
<trkpt lat="43.7606317" lon="6.1904683"><ele>476.21</ele></trkpt>
<trkpt lat="43.7606617" lon="6.190456700000001"><ele>476.3</ele></trkpt>
<trkpt lat="43.7606867" lon="6.190438299999999"><ele>476.36</ele></trkpt>
<trkpt lat="43.7607167" lon="6.190426699999999"><ele>476.4700000000001</ele></trkpt>
<trkpt lat="43.7607467" lon="6.19042"><ele>476.66</ele></trkpt>
<trkpt lat="43.7607733" lon="6.1903967"><ele>476.9900000000001</ele></trkpt>
<trkpt lat="43.7607917" lon="6.190365"><ele>477.36</ele></trkpt>
<trkpt lat="43.7608067" lon="6.1903267"><ele>477.49</ele></trkpt>
<trkpt lat="43.7608317" lon="6.1902917"><ele>477.5099999999999</ele></trkpt>
<trkpt lat="43.76086" lon="6.1902733"><ele>477.76</ele></trkpt>
<trkpt lat="43.7608883" lon="6.19026"><ele>478.36</ele></trkpt>
<trkpt lat="43.7609183" lon="6.1902283"><ele>478.76</ele></trkpt>
<trkpt lat="43.76094" lon="6.1901983"><ele>479.15</ele></trkpt>
<trkpt lat="43.7609583" lon="6.1901667"><ele>479.85</ele></trkpt>
<trkpt lat="43.7609817" lon="6.1901367"><ele>480.33</ele></trkpt>
<trkpt lat="43.7610067" lon="6.19011"><ele>480.67</ele></trkpt>
<trkpt lat="43.76103" lon="6.190075"><ele>480.8999999999999</ele></trkpt>
<trkpt lat="43.761045" lon="6.1900417"><ele>481.19</ele></trkpt>
<trkpt lat="43.7610583" lon="6.19"><ele>481.07</ele></trkpt>
<trkpt lat="43.7610867" lon="6.1899683"><ele>480.81</ele></trkpt>
<trkpt lat="43.7611117" lon="6.189938300000001"><ele>481.16</ele></trkpt>
<trkpt lat="43.7611333" lon="6.1899133"><ele>481.6199999999999</ele></trkpt>
<trkpt lat="43.76116" lon="6.1898867"><ele>482.07</ele></trkpt>
<trkpt lat="43.7611833" lon="6.1898667"><ele>482.1</ele></trkpt>
<trkpt lat="43.7612067" lon="6.189831700000001"><ele>481.94</ele></trkpt>
<trkpt lat="43.7612217" lon="6.18979"><ele>481.73</ele></trkpt>
<trkpt lat="43.7612183" lon="6.1897383"><ele>481.41</ele></trkpt>
<trkpt lat="43.76122" lon="6.189695000000001"><ele>481.3</ele></trkpt>
<trkpt lat="43.7612483" lon="6.1896683"><ele>480.94</ele></trkpt>
<trkpt lat="43.761275" lon="6.1896567"><ele>480.6399999999999</ele></trkpt>
<trkpt lat="43.7613" lon="6.1896417"><ele>480.6</ele></trkpt>
<trkpt lat="43.7613217" lon="6.189618299999999"><ele>480.4399999999999</ele></trkpt>
<trkpt lat="43.761345" lon="6.1895983"><ele>480.1</ele></trkpt>
<trkpt lat="43.7613467" lon="6.1895517"><ele>480.89</ele></trkpt>
<trkpt lat="43.7613517" lon="6.1895083"><ele>479.61</ele></trkpt>
<trkpt lat="43.76135" lon="6.1894683"><ele>480.15</ele></trkpt>
<trkpt lat="43.7613717" lon="6.1894367"><ele>480.3399999999999</ele></trkpt>
<trkpt lat="43.7613917" lon="6.1894017"><ele>480.21</ele></trkpt>
<trkpt lat="43.7614033" lon="6.189365"><ele>480.04</ele></trkpt>
<trkpt lat="43.76141" lon="6.1893283"><ele>480.19</ele></trkpt>
<trkpt lat="43.7614117" lon="6.189278300000001"><ele>480.1299999999999</ele></trkpt>
<trkpt lat="43.761415" lon="6.189231699999999"><ele>479.94</ele></trkpt>
<trkpt lat="43.7614183" lon="6.18919"><ele>479.81</ele></trkpt>
<trkpt lat="43.7614117" lon="6.1891467"><ele>479.63</ele></trkpt>
<trkpt lat="43.7614183" lon="6.1891017"><ele>479.7</ele></trkpt>
<trkpt lat="43.761425" lon="6.1890617"><ele>479.98</ele></trkpt>
<trkpt lat="43.7614267" lon="6.18902"><ele>480.1200000000001</ele></trkpt>
<trkpt lat="43.7614117" lon="6.1889783"><ele>479.94</ele></trkpt>
<trkpt lat="43.7614167" lon="6.188925"><ele>479.81</ele></trkpt>
<trkpt lat="43.761425" lon="6.188878300000001"><ele>479.8699999999999</ele></trkpt>
<trkpt lat="43.761435" lon="6.188843300000001"><ele>480.16</ele></trkpt>
<trkpt lat="43.7614517" lon="6.1888083"><ele>480.1799999999999</ele></trkpt>
<trkpt lat="43.761465" lon="6.1887717"><ele>480.49</ele></trkpt>
<trkpt lat="43.7614667" lon="6.1887283"><ele>480.8</ele></trkpt>
<trkpt lat="43.7614633" lon="6.18868"><ele>480.8999999999999</ele></trkpt>
<trkpt lat="43.76148" lon="6.1886433"><ele>480.94</ele></trkpt>
<trkpt lat="43.7615" lon="6.18861"><ele>480.45</ele></trkpt>
<trkpt lat="43.761515" lon="6.1885667"><ele>480.33</ele></trkpt>
<trkpt lat="43.7615283" lon="6.188528299999999"><ele>480.05</ele></trkpt>
<trkpt lat="43.761545" lon="6.188493299999999"><ele>480</ele></trkpt>
<trkpt lat="43.7615567" lon="6.1884517"><ele>480.42</ele></trkpt>
<trkpt lat="43.7615633" lon="6.188415"><ele>480.87</ele></trkpt>
<trkpt lat="43.761565" lon="6.1883717"><ele>480.9999999999999</ele></trkpt>
<trkpt lat="43.7615767" lon="6.188331699999999"><ele>480.81</ele></trkpt>
<trkpt lat="43.76158" lon="6.1882933"><ele>480.7300000000001</ele></trkpt>
<trkpt lat="43.7615833" lon="6.188243299999999"><ele>480.42</ele></trkpt>
<trkpt lat="43.7615667" lon="6.1882067"><ele>480.21</ele></trkpt>
<trkpt lat="43.7615467" lon="6.188171700000001"><ele>480.0299999999999</ele></trkpt>
<trkpt lat="43.7615317" lon="6.188139999999999"><ele>480.1399999999999</ele></trkpt>
<trkpt lat="43.7615167" lon="6.1881083"><ele>480.11</ele></trkpt>
<trkpt lat="43.7614883" lon="6.188080000000001"><ele>480.1</ele></trkpt>
<trkpt lat="43.7614667" lon="6.188045"><ele>480.2</ele></trkpt>
<trkpt lat="43.761455" lon="6.1880067"><ele>480.2</ele></trkpt>
<trkpt lat="43.7614383" lon="6.18796"><ele>480.11</ele></trkpt>
<trkpt lat="43.7614233" lon="6.1879217"><ele>480.4299999999999</ele></trkpt>
<trkpt lat="43.7614067" lon="6.187885"><ele>481.15</ele></trkpt>
<trkpt lat="43.7614" lon="6.1878483"><ele>482.24</ele></trkpt>
<trkpt lat="43.761405" lon="6.187808299999999"><ele>482.92</ele></trkpt>
<trkpt lat="43.7614133" lon="6.1877683"><ele>483.36</ele></trkpt>
<trkpt lat="43.7614183" lon="6.18773"><ele>483.91</ele></trkpt>
<trkpt lat="43.7614283" lon="6.187691700000001"><ele>484.29</ele></trkpt>
<trkpt lat="43.7614483" lon="6.187659999999999"><ele>484.11</ele></trkpt>
<trkpt lat="43.7614617" lon="6.187625"><ele>484.01</ele></trkpt>
<trkpt lat="43.76145" lon="6.18759"><ele>483.91</ele></trkpt>
<trkpt lat="43.7614533" lon="6.18755"><ele>483.9</ele></trkpt>
<trkpt lat="43.76146" lon="6.1875017"><ele>483.84</ele></trkpt>
<trkpt lat="43.7614733" lon="6.1874633"><ele>483.9299999999999</ele></trkpt>
<trkpt lat="43.7615017" lon="6.187434999999999"><ele>483.55</ele></trkpt>
<trkpt lat="43.761525" lon="6.187410000000001"><ele>483.44</ele></trkpt>
<trkpt lat="43.76154" lon="6.187374999999999"><ele>482.9499999999999</ele></trkpt>
<trkpt lat="43.761555" lon="6.187343299999999"><ele>482.3800000000001</ele></trkpt>
<trkpt lat="43.7615667" lon="6.1873033"><ele>481.95</ele></trkpt>
<trkpt lat="43.7615933" lon="6.18728"><ele>481.6199999999999</ele></trkpt>
<trkpt lat="43.7616233" lon="6.1872667"><ele>481.41</ele></trkpt>
<trkpt lat="43.7616417" lon="6.1872367"><ele>481.3</ele></trkpt>
<trkpt lat="43.7616617" lon="6.187205000000001"><ele>481.24</ele></trkpt>
<trkpt lat="43.76168" lon="6.1871767"><ele>480.9499999999999</ele></trkpt>
<trkpt lat="43.7617033" lon="6.1871417"><ele>480.33</ele></trkpt>
<trkpt lat="43.7617233" lon="6.187111700000001"><ele>480.02</ele></trkpt>
<trkpt lat="43.7617417" lon="6.187076700000001"><ele>479.74</ele></trkpt>
<trkpt lat="43.76175" lon="6.1870367"><ele>479.5099999999999</ele></trkpt>
<trkpt lat="43.7617517" lon="6.1869933"><ele>479.2499999999999</ele></trkpt>
<trkpt lat="43.76177" lon="6.1869633"><ele>478.82</ele></trkpt>
<trkpt lat="43.761785" lon="6.1869283"><ele>478.55</ele></trkpt>
<trkpt lat="43.7617933" lon="6.186886700000001"><ele>478.51</ele></trkpt>
<trkpt lat="43.7618067" lon="6.186853299999999"><ele>478.6999999999999</ele></trkpt>
<trkpt lat="43.7618183" lon="6.1868017"><ele>478.88</ele></trkpt>
<trkpt lat="43.7618267" lon="6.18676"><ele>479.17</ele></trkpt>
<trkpt lat="43.7618267" lon="6.186716699999999"><ele>479.63</ele></trkpt>
<trkpt lat="43.76183" lon="6.186675"><ele>480.07</ele></trkpt>
<trkpt lat="43.76184" lon="6.1866367"><ele>480.3</ele></trkpt>
<trkpt lat="43.7618417" lon="6.1865967"><ele>480.57</ele></trkpt>
<trkpt lat="43.7618517" lon="6.186556699999999"><ele>480.8</ele></trkpt>
<trkpt lat="43.76185" lon="6.186513300000001"><ele>480.61</ele></trkpt>
<trkpt lat="43.7618483" lon="6.1864717"><ele>481.03</ele></trkpt>
<trkpt lat="43.761845" lon="6.1864283"><ele>481.2099999999999</ele></trkpt>
<trkpt lat="43.7618417" lon="6.1863867"><ele>481.46</ele></trkpt>
<trkpt lat="43.761835" lon="6.186345"><ele>481.9</ele></trkpt>
<trkpt lat="43.7618317" lon="6.186305000000001"><ele>481.61</ele></trkpt>
<trkpt lat="43.761825" lon="6.1862667"><ele>481.41</ele></trkpt>
<trkpt lat="43.761835" lon="6.186226699999999"><ele>481.32</ele></trkpt>
<trkpt lat="43.7618367" lon="6.1861867"><ele>481.3</ele></trkpt>
<trkpt lat="43.7618183" lon="6.186155"><ele>480.92</ele></trkpt>
<trkpt lat="43.7617967" lon="6.1861267"><ele>480.83</ele></trkpt>
<trkpt lat="43.761725" lon="6.1860217"><ele>482.32</ele></trkpt>
<trkpt lat="43.76172" lon="6.1859767"><ele>483.66</ele></trkpt>
<trkpt lat="43.76173" lon="6.185895000000001"><ele>484.15</ele></trkpt>
<trkpt lat="43.7617333" lon="6.185853299999999"><ele>484.57</ele></trkpt>
<trkpt lat="43.7617433" lon="6.185818299999999"><ele>485.1</ele></trkpt>
<trkpt lat="43.7617667" lon="6.185793300000001"><ele>485.0099999999999</ele></trkpt>
<trkpt lat="43.7618083" lon="6.1857683"><ele>483.9299999999999</ele></trkpt>
<trkpt lat="43.7618067" lon="6.185704999999999"><ele>483.44</ele></trkpt>
<trkpt lat="43.76181" lon="6.1856233"><ele>483.2699999999999</ele></trkpt>
<trkpt lat="43.7618133" lon="6.1855817"><ele>483.2</ele></trkpt>
<trkpt lat="43.761815" lon="6.1855317"><ele>483.02</ele></trkpt>
<trkpt lat="43.7618167" lon="6.1854933"><ele>483.0099999999999</ele></trkpt>
<trkpt lat="43.761825" lon="6.185445"><ele>483.04</ele></trkpt>
<trkpt lat="43.7618333" lon="6.1854017"><ele>483.2</ele></trkpt>
<trkpt lat="43.7618383" lon="6.185363300000001"><ele>483.5</ele></trkpt>
<trkpt lat="43.76188" lon="6.1852917"><ele>483.37</ele></trkpt>
<trkpt lat="43.76191" lon="6.1852867"><ele>482.9499999999999</ele></trkpt>
<trkpt lat="43.7619333" lon="6.1852667"><ele>482.81</ele></trkpt>
<trkpt lat="43.7619617" lon="6.1852483"><ele>482.72</ele></trkpt>
<trkpt lat="43.761955" lon="6.185211700000001"><ele>482.6399999999999</ele></trkpt>
<trkpt lat="43.7619433" lon="6.185175"><ele>482.32</ele></trkpt>
<trkpt lat="43.7619367" lon="6.185131699999999"><ele>482.1299999999999</ele></trkpt>
<trkpt lat="43.7619367" lon="6.185089999999999"><ele>482.11</ele></trkpt>
<trkpt lat="43.76196" lon="6.1850667"><ele>482.01</ele></trkpt>
<trkpt lat="43.7619917" lon="6.1850633"><ele>481.74</ele></trkpt>
<trkpt lat="43.76201" lon="6.185030000000001"><ele>481.6199999999999</ele></trkpt>
<trkpt lat="43.762025" lon="6.1849933"><ele>481.44</ele></trkpt>
<trkpt lat="43.7620383" lon="6.1849583"><ele>481.14</ele></trkpt>
<trkpt lat="43.7620283" lon="6.184915"><ele>480.74</ele></trkpt>
<trkpt lat="43.7620217" lon="6.1848733"><ele>480.41</ele></trkpt>
<trkpt lat="43.762005" lon="6.184804999999999"><ele>480.24</ele></trkpt>
<trkpt lat="43.7619983" lon="6.1847667"><ele>480.32</ele></trkpt>
<trkpt lat="43.7619933" lon="6.1847267"><ele>479.92</ele></trkpt>
<trkpt lat="43.7619833" lon="6.184688300000001"><ele>479.91</ele></trkpt>
<trkpt lat="43.7619683" lon="6.184645000000001"><ele>479.74</ele></trkpt>
<trkpt lat="43.76195" lon="6.1846167"><ele>479.8299999999999</ele></trkpt>
<trkpt lat="43.7619317" lon="6.184586700000001"><ele>479.5099999999999</ele></trkpt>
<trkpt lat="43.7619117" lon="6.184551700000001"><ele>479.84</ele></trkpt>
<trkpt lat="43.761905" lon="6.184515"><ele>480.17</ele></trkpt>
<trkpt lat="43.76189" lon="6.18448"><ele>480.6899999999999</ele></trkpt>
<trkpt lat="43.7618633" lon="6.184463300000001"><ele>480.88</ele></trkpt>
<trkpt lat="43.7618483" lon="6.1844317"><ele>480.98</ele></trkpt>
<trkpt lat="43.7618317" lon="6.1844"><ele>481.28</ele></trkpt>
<trkpt lat="43.7618067" lon="6.184383299999999"><ele>480.89</ele></trkpt>
<trkpt lat="43.7617683" lon="6.1843433"><ele>482.33</ele></trkpt>
<trkpt lat="43.7617533" lon="6.184311700000001"><ele>483.34</ele></trkpt>
<trkpt lat="43.761715" lon="6.1843083"><ele>483.5199999999999</ele></trkpt>
<trkpt lat="43.7616867" lon="6.184285"><ele>483.8</ele></trkpt>
<trkpt lat="43.761665" lon="6.18426"><ele>484.1299999999999</ele></trkpt>
<trkpt lat="43.7616017" lon="6.184135"><ele>483.64</ele></trkpt>
<trkpt lat="43.7615983" lon="6.184095"><ele>483.38</ele></trkpt>
<trkpt lat="43.7615433" lon="6.184054999999999"><ele>483.8299999999999</ele></trkpt>
<trkpt lat="43.7615167" lon="6.1840467"><ele>484.1</ele></trkpt>
<trkpt lat="43.761495" lon="6.1840183"><ele>484.04</ele></trkpt>
<trkpt lat="43.76147" lon="6.1839933"><ele>483.94</ele></trkpt>
<trkpt lat="43.7614567" lon="6.1839567"><ele>483.95</ele></trkpt>
<trkpt lat="43.7613683" lon="6.1839067"><ele>484.4399999999999</ele></trkpt>
<trkpt lat="43.7612817" lon="6.183845"><ele>485.54</ele></trkpt>
<trkpt lat="43.7611883" lon="6.1838117"><ele>488.89</ele></trkpt>
<trkpt lat="43.76109" lon="6.183776700000001"><ele>491.0400000000001</ele></trkpt>
<trkpt lat="43.76099" lon="6.1837483"><ele>495.23</ele></trkpt>
<trkpt lat="43.76091" lon="6.1836733"><ele>496.63</ele></trkpt>
<trkpt lat="43.7608533" lon="6.1836"><ele>497.89</ele></trkpt>
<trkpt lat="43.7607633" lon="6.18357"><ele>496.83</ele></trkpt>
<trkpt lat="43.7607183" lon="6.1836783"><ele>503.72</ele></trkpt>
<trkpt lat="43.760625" lon="6.1836333"><ele>506.66</ele></trkpt>
<trkpt lat="43.7605283" lon="6.1836567"><ele>510.4800000000001</ele></trkpt>
<trkpt lat="43.76046" lon="6.1835883"><ele>511.55</ele></trkpt>
<trkpt lat="43.7604533" lon="6.1834567"><ele>510.1499999999999</ele></trkpt>
<trkpt lat="43.7604183" lon="6.1833417"><ele>506.62</ele></trkpt>
<trkpt lat="43.7604167" lon="6.183395"><ele>500.22</ele></trkpt>
<trkpt lat="43.76039" lon="6.1832617"><ele>500.11</ele></trkpt>
<trkpt lat="43.7603283" lon="6.1831583"><ele>496.06</ele></trkpt>
<trkpt lat="43.760285" lon="6.183043299999999"><ele>493.73</ele></trkpt>
<trkpt lat="43.76031" lon="6.182955"><ele>490.33</ele></trkpt>
<trkpt lat="43.7603067" lon="6.182914999999999"><ele>488.26</ele></trkpt>
<trkpt lat="43.7602817" lon="6.182893300000001"><ele>487.03</ele></trkpt>
<trkpt lat="43.7602583" lon="6.1828717"><ele>485.38</ele></trkpt>
<trkpt lat="43.7601683" lon="6.1828667"><ele>483.29</ele></trkpt>
<trkpt lat="43.760145" lon="6.182831700000001"><ele>482.71</ele></trkpt>
<trkpt lat="43.760125" lon="6.182799999999999"><ele>482.8999999999999</ele></trkpt>
<trkpt lat="43.760105" lon="6.1827667"><ele>482.79</ele></trkpt>
<trkpt lat="43.7600767" lon="6.182758299999999"><ele>484.06</ele></trkpt>
<trkpt lat="43.7600533" lon="6.182735"><ele>484.67</ele></trkpt>
<trkpt lat="43.760035" lon="6.1827067"><ele>485.07</ele></trkpt>
<trkpt lat="43.76003" lon="6.1826667"><ele>485.6</ele></trkpt>
<trkpt lat="43.760005" lon="6.182651699999999"><ele>485.89</ele></trkpt>
<trkpt lat="43.7599783" lon="6.182635"><ele>485.8199999999999</ele></trkpt>
<trkpt lat="43.75995" lon="6.1826167"><ele>485.84</ele></trkpt>
<trkpt lat="43.7599283" lon="6.182640000000001"><ele>485.48</ele></trkpt>
<trkpt lat="43.7599" lon="6.1826583"><ele>486.25</ele></trkpt>
<trkpt lat="43.7598683" lon="6.182645"><ele>488.1299999999999</ele></trkpt>
<trkpt lat="43.7598517" lon="6.1826117"><ele>489.3099999999999</ele></trkpt>
<trkpt lat="43.7598217" lon="6.1826267"><ele>488.83</ele></trkpt>
<trkpt lat="43.7597517" lon="6.182605"><ele>489.94</ele></trkpt>
<trkpt lat="43.7597267" lon="6.18257"><ele>490.2</ele></trkpt>
<trkpt lat="43.7597167" lon="6.1825283"><ele>490.3999999999999</ele></trkpt>
<trkpt lat="43.7596917" lon="6.1825033"><ele>490.41</ele></trkpt>
<trkpt lat="43.7596733" lon="6.182471699999999"><ele>490.77</ele></trkpt>
<trkpt lat="43.7596467" lon="6.182455"><ele>491.19</ele></trkpt>
<trkpt lat="43.75963" lon="6.182424999999999"><ele>491.0400000000001</ele></trkpt>
<trkpt lat="43.7596167" lon="6.18239"><ele>490.94</ele></trkpt>
<trkpt lat="43.7595933" lon="6.182365"><ele>490.55</ele></trkpt>
<trkpt lat="43.7595767" lon="6.182334999999999"><ele>490.32</ele></trkpt>
<trkpt lat="43.7595467" lon="6.182315"><ele>490.11</ele></trkpt>
<trkpt lat="43.75952" lon="6.182323300000001"><ele>490.27</ele></trkpt>
<trkpt lat="43.7594967" lon="6.182300000000001"><ele>490.15</ele></trkpt>
<trkpt lat="43.7594767" lon="6.18227"><ele>490.1</ele></trkpt>
<trkpt lat="43.75945" lon="6.1822483"><ele>490.11</ele></trkpt>
<trkpt lat="43.75942" lon="6.182231699999999"><ele>490.46</ele></trkpt>
<trkpt lat="43.75939" lon="6.1822233"><ele>490.98</ele></trkpt>
<trkpt lat="43.759365" lon="6.182205"><ele>491.1</ele></trkpt>
<trkpt lat="43.7593433" lon="6.1821767"><ele>491.02</ele></trkpt>
<trkpt lat="43.7593167" lon="6.182155"><ele>491.1</ele></trkpt>
<trkpt lat="43.7592933" lon="6.1821283"><ele>491.37</ele></trkpt>
<trkpt lat="43.759275" lon="6.182098299999999"><ele>491.43</ele></trkpt>
<trkpt lat="43.7592583" lon="6.1820683"><ele>491.3099999999999</ele></trkpt>
<trkpt lat="43.7592467" lon="6.1820333"><ele>490.94</ele></trkpt>
<trkpt lat="43.7592233" lon="6.1820067"><ele>490.61</ele></trkpt>
<trkpt lat="43.7591967" lon="6.1820217"><ele>490.77</ele></trkpt>
<trkpt lat="43.7591817" lon="6.182055"><ele>490.9999999999999</ele></trkpt>
<trkpt lat="43.759155" lon="6.1820617"><ele>491.08</ele></trkpt>
<trkpt lat="43.7591267" lon="6.1820417"><ele>491.17</ele></trkpt>
<trkpt lat="43.7590983" lon="6.1820133"><ele>491.2099999999999</ele></trkpt>
<trkpt lat="43.759075" lon="6.181981699999999"><ele>491.3000000000001</ele></trkpt>
<trkpt lat="43.759045" lon="6.181975"><ele>492.05</ele></trkpt>
<trkpt lat="43.7590217" lon="6.1819517"><ele>492.36</ele></trkpt>
<trkpt lat="43.75899" lon="6.181948299999999"><ele>492.58</ele></trkpt>
<trkpt lat="43.758965" lon="6.1819333"><ele>492.9599999999999</ele></trkpt>
<trkpt lat="43.7589367" lon="6.18193"><ele>493.39</ele></trkpt>
<trkpt lat="43.758925" lon="6.181893299999999"><ele>493.8799999999999</ele></trkpt>
<trkpt lat="43.7589067" lon="6.1818617"><ele>494.56</ele></trkpt>
<trkpt lat="43.7588817" lon="6.18184"><ele>494.9</ele></trkpt>
<trkpt lat="43.7588583" lon="6.1818083"><ele>495.07</ele></trkpt>
<trkpt lat="43.7588383" lon="6.1817733"><ele>495.18</ele></trkpt>
<trkpt lat="43.75882" lon="6.18174"><ele>495.47</ele></trkpt>
<trkpt lat="43.758785" lon="6.1817367"><ele>495.61</ele></trkpt>
<trkpt lat="43.7587633" lon="6.18176"><ele>496.1899999999999</ele></trkpt>
<trkpt lat="43.75874" lon="6.18178"><ele>496.28</ele></trkpt>
<trkpt lat="43.75871" lon="6.1817833"><ele>496.7099999999999</ele></trkpt>
<trkpt lat="43.7586833" lon="6.1817583"><ele>496.81</ele></trkpt>
<trkpt lat="43.7586583" lon="6.1817233"><ele>496.99</ele></trkpt>
<trkpt lat="43.75864" lon="6.181685000000001"><ele>497.1</ele></trkpt>
<trkpt lat="43.7586217" lon="6.181655"><ele>496.94</ele></trkpt>
<trkpt lat="43.758595" lon="6.18163"><ele>497.03</ele></trkpt>
<trkpt lat="43.7585317" lon="6.181536700000001"><ele>497.6</ele></trkpt>
<trkpt lat="43.7585083" lon="6.181505"><ele>497.44</ele></trkpt>
<trkpt lat="43.7584933" lon="6.1814733"><ele>496.36</ele></trkpt>
<trkpt lat="43.7584967" lon="6.1814283"><ele>495.11</ele></trkpt>
<trkpt lat="43.7584733" lon="6.181400000000001"><ele>494.78</ele></trkpt>
<trkpt lat="43.758445" lon="6.1813833"><ele>494.26</ele></trkpt>
<trkpt lat="43.75842" lon="6.1813567"><ele>494.02</ele></trkpt>
<trkpt lat="43.7584" lon="6.181325"><ele>493.85</ele></trkpt>
<trkpt lat="43.7583817" lon="6.181295"><ele>493.55</ele></trkpt>
<trkpt lat="43.75835" lon="6.1812833"><ele>492.56</ele></trkpt>
<trkpt lat="43.7583167" lon="6.181286699999999"><ele>491.69</ele></trkpt>
<trkpt lat="43.7582883" lon="6.1812917"><ele>491.41</ele></trkpt>
<trkpt lat="43.7582567" lon="6.181295"><ele>491.5699999999999</ele></trkpt>
<trkpt lat="43.758225" lon="6.1813"><ele>493.39</ele></trkpt>
<trkpt lat="43.7581983" lon="6.181308300000001"><ele>493.48</ele></trkpt>
<trkpt lat="43.7581683" lon="6.181306700000001"><ele>493.77</ele></trkpt>
<trkpt lat="43.7581317" lon="6.1813117"><ele>494.76</ele></trkpt>
<trkpt lat="43.7581067" lon="6.1812917"><ele>495.2599999999999</ele></trkpt>
<trkpt lat="43.7580783" lon="6.181288299999999"><ele>496.02</ele></trkpt>
<trkpt lat="43.7580483" lon="6.181276699999999"><ele>497.05</ele></trkpt>
<trkpt lat="43.7580217" lon="6.1812583"><ele>497.63</ele></trkpt>
<trkpt lat="43.7579933" lon="6.181255"><ele>497.7799999999999</ele></trkpt>
<trkpt lat="43.75796" lon="6.181243299999999"><ele>498.12</ele></trkpt>
<trkpt lat="43.7579567" lon="6.1812017"><ele>498.1399999999999</ele></trkpt>
<trkpt lat="43.7579133" lon="6.1810933"><ele>496.6899999999999</ele></trkpt>
<trkpt lat="43.7578817" lon="6.1811083"><ele>495.94</ele></trkpt>
<trkpt lat="43.757845" lon="6.181105000000001"><ele>496.01</ele></trkpt>
<trkpt lat="43.757815" lon="6.181115000000001"><ele>496</ele></trkpt>
<trkpt lat="43.7577583" lon="6.181128300000001"><ele>496.52</ele></trkpt>
<trkpt lat="43.7577333" lon="6.18111"><ele>496.3399999999999</ele></trkpt>
<trkpt lat="43.75772" lon="6.1810767"><ele>496.49</ele></trkpt>
<trkpt lat="43.7577117" lon="6.1809617"><ele>496.94</ele></trkpt>
<trkpt lat="43.757695" lon="6.1809283"><ele>496.74</ele></trkpt>
<trkpt lat="43.7576783" lon="6.1808967"><ele>496.29</ele></trkpt>
<trkpt lat="43.7576633" lon="6.1808617"><ele>495.7799999999999</ele></trkpt>
<trkpt lat="43.7576367" lon="6.18085"><ele>494.9499999999999</ele></trkpt>
<trkpt lat="43.75761" lon="6.18084"><ele>494.6499999999999</ele></trkpt>
<trkpt lat="43.7576" lon="6.1808033"><ele>494.1899999999999</ele></trkpt>
<trkpt lat="43.7575867" lon="6.18076"><ele>493.55</ele></trkpt>
<trkpt lat="43.7575633" lon="6.180735"><ele>493.48</ele></trkpt>
<trkpt lat="43.7575367" lon="6.180745"><ele>493.34</ele></trkpt>
<trkpt lat="43.75751" lon="6.180764999999999"><ele>493.64</ele></trkpt>
<trkpt lat="43.7574833" lon="6.180755"><ele>494.1299999999999</ele></trkpt>
<trkpt lat="43.7574583" lon="6.1807283"><ele>494.72</ele></trkpt>
<trkpt lat="43.757435" lon="6.180695000000001"><ele>494.81</ele></trkpt>
<trkpt lat="43.7574167" lon="6.1806567"><ele>494.78</ele></trkpt>
<trkpt lat="43.7573933" lon="6.1806317"><ele>494.6499999999999</ele></trkpt>
<trkpt lat="43.7573617" lon="6.180616699999999"><ele>494.25</ele></trkpt>
<trkpt lat="43.75734" lon="6.180585"><ele>494.02</ele></trkpt>
<trkpt lat="43.757315" lon="6.180559999999999"><ele>493.5299999999999</ele></trkpt>
<trkpt lat="43.7572867" lon="6.180548300000001"><ele>492.73</ele></trkpt>
<trkpt lat="43.7572583" lon="6.1805367"><ele>492.7099999999999</ele></trkpt>
<trkpt lat="43.757225" lon="6.180535000000001"><ele>492.32</ele></trkpt>
<trkpt lat="43.757205" lon="6.180505"><ele>492.36</ele></trkpt>
<trkpt lat="43.7571733" lon="6.180479999999999"><ele>492.85</ele></trkpt>
<trkpt lat="43.7571467" lon="6.180465"><ele>493.16</ele></trkpt>
<trkpt lat="43.75712" lon="6.1804433"><ele>493.4</ele></trkpt>
<trkpt lat="43.7570867" lon="6.18043"><ele>493.7</ele></trkpt>
<trkpt lat="43.7570583" lon="6.1804267"><ele>493.96</ele></trkpt>
<trkpt lat="43.7570417" lon="6.1803883"><ele>494.28</ele></trkpt>
<trkpt lat="43.7570233" lon="6.180355"><ele>494.3999999999999</ele></trkpt>
<trkpt lat="43.7569983" lon="6.1803733"><ele>494.5</ele></trkpt>
<trkpt lat="43.7569667" lon="6.1803917"><ele>494.51</ele></trkpt>
<trkpt lat="43.756935" lon="6.180396700000001"><ele>494.51</ele></trkpt>
<trkpt lat="43.756905" lon="6.1803833"><ele>494.3399999999999</ele></trkpt>
<trkpt lat="43.75688" lon="6.180365000000001"><ele>494.05</ele></trkpt>
<trkpt lat="43.7568533" lon="6.1803467"><ele>493.73</ele></trkpt>
<trkpt lat="43.756825" lon="6.1803483"><ele>493.3199999999999</ele></trkpt>
<trkpt lat="43.7567933" lon="6.18036"><ele>492.7499999999999</ele></trkpt>
<trkpt lat="43.7567633" lon="6.1803417"><ele>492.28</ele></trkpt>
<trkpt lat="43.756725" lon="6.1803367"><ele>491.8699999999999</ele></trkpt>
<trkpt lat="43.7566933" lon="6.1803233"><ele>491.43</ele></trkpt>
<trkpt lat="43.75666" lon="6.180331699999999"><ele>491.33</ele></trkpt>
<trkpt lat="43.7566267" lon="6.180335"><ele>491.3099999999999</ele></trkpt>
<trkpt lat="43.7565933" lon="6.180333299999999"><ele>491.14</ele></trkpt>
<trkpt lat="43.756565" lon="6.180331699999999"><ele>491.11</ele></trkpt>
<trkpt lat="43.7565417" lon="6.180306700000001"><ele>491.1</ele></trkpt>
<trkpt lat="43.7565333" lon="6.18027"><ele>490.83</ele></trkpt>
<trkpt lat="43.7565133" lon="6.180205000000001"><ele>490.3999999999999</ele></trkpt>
<trkpt lat="43.7565" lon="6.1801633"><ele>489.96</ele></trkpt>
<trkpt lat="43.7564683" lon="6.180160000000001"><ele>488.11</ele></trkpt>
<trkpt lat="43.7564383" lon="6.1801667"><ele>488.2</ele></trkpt>
<trkpt lat="43.7564117" lon="6.1801783"><ele>488.2</ele></trkpt>
<trkpt lat="43.7563833" lon="6.180173300000001"><ele>488.3</ele></trkpt>
<trkpt lat="43.7563533" lon="6.180171699999999"><ele>488.21</ele></trkpt>
<trkpt lat="43.7563233" lon="6.180184999999999"><ele>488.01</ele></trkpt>
<trkpt lat="43.756295" lon="6.1801783"><ele>488.29</ele></trkpt>
<trkpt lat="43.7562433" lon="6.1801517"><ele>489.03</ele></trkpt>
<trkpt lat="43.7562133" lon="6.1801517"><ele>488.91</ele></trkpt>
<trkpt lat="43.756185" lon="6.1801517"><ele>488.72</ele></trkpt>
<trkpt lat="43.7561483" lon="6.180094999999999"><ele>489.14</ele></trkpt>
<trkpt lat="43.7560883" lon="6.180081699999999"><ele>489.18</ele></trkpt>
<trkpt lat="43.7560583" lon="6.1800883"><ele>488.6499999999999</ele></trkpt>
<trkpt lat="43.7560267" lon="6.180080000000001"><ele>488.41</ele></trkpt>
<trkpt lat="43.755995" lon="6.180081699999999"><ele>488.24</ele></trkpt>
<trkpt lat="43.7559667" lon="6.180066700000001"><ele>488.23</ele></trkpt>
<trkpt lat="43.75594" lon="6.1800533"><ele>488.27</ele></trkpt>
<trkpt lat="43.7559117" lon="6.180045"><ele>488.53</ele></trkpt>
<trkpt lat="43.755885" lon="6.1800183"><ele>489.17</ele></trkpt>
<trkpt lat="43.7558617" lon="6.179993299999999"><ele>488.92</ele></trkpt>
<trkpt lat="43.7558533" lon="6.1799567"><ele>488.93</ele></trkpt>
<trkpt lat="43.755825" lon="6.1799267"><ele>488.55</ele></trkpt>
<trkpt lat="43.7557967" lon="6.1799017"><ele>488.48</ele></trkpt>
<trkpt lat="43.755765" lon="6.17991"><ele>488.24</ele></trkpt>
<trkpt lat="43.7557367" lon="6.1798933"><ele>488.3</ele></trkpt>
<trkpt lat="43.7557017" lon="6.1798767"><ele>488.05</ele></trkpt>
<trkpt lat="43.7556683" lon="6.17987"><ele>487.9</ele></trkpt>
<trkpt lat="43.7556417" lon="6.1798567"><ele>487.35</ele></trkpt>
<trkpt lat="43.755575" lon="6.1797767"><ele>485.94</ele></trkpt>
<trkpt lat="43.7555567" lon="6.1797417"><ele>485.24</ele></trkpt>
<trkpt lat="43.7555333" lon="6.1797217"><ele>484.94</ele></trkpt>
<trkpt lat="43.755505" lon="6.1797133"><ele>484.81</ele></trkpt>
<trkpt lat="43.7554767" lon="6.1796867"><ele>484.77</ele></trkpt>
<trkpt lat="43.75546" lon="6.1796567"><ele>484.73</ele></trkpt>
<trkpt lat="43.755445" lon="6.1796233"><ele>484.4399999999999</ele></trkpt>
<trkpt lat="43.7554333" lon="6.179585"><ele>484.3999999999999</ele></trkpt>
<trkpt lat="43.755405" lon="6.179575"><ele>484.17</ele></trkpt>
<trkpt lat="43.7553767" lon="6.179500000000001"><ele>483.0099999999999</ele></trkpt>
<trkpt lat="43.7553467" lon="6.1794267"><ele>479.72</ele></trkpt>
<trkpt lat="43.75533" lon="6.179388299999999"><ele>478.3799999999999</ele></trkpt>
<trkpt lat="43.7553017" lon="6.1794033"><ele>477.92</ele></trkpt>
<trkpt lat="43.7552683" lon="6.179406700000001"><ele>477.28</ele></trkpt>
<trkpt lat="43.75524" lon="6.1794017"><ele>476.01</ele></trkpt>
<trkpt lat="43.7552033" lon="6.179398300000001"><ele>475.8799999999999</ele></trkpt>
<trkpt lat="43.7551767" lon="6.1793833"><ele>476.0799999999999</ele></trkpt>
<trkpt lat="43.7551467" lon="6.1793667"><ele>476.26</ele></trkpt>
<trkpt lat="43.7551333" lon="6.1793283"><ele>476.1</ele></trkpt>
<trkpt lat="43.75511" lon="6.1792917"><ele>475.8699999999999</ele></trkpt>
<trkpt lat="43.7550917" lon="6.179260000000001"><ele>475.73</ele></trkpt>
<trkpt lat="43.7550617" lon="6.1792383"><ele>475.91</ele></trkpt>
<trkpt lat="43.7550367" lon="6.1792083"><ele>475.79</ele></trkpt>
<trkpt lat="43.75501" lon="6.1791967"><ele>475.61</ele></trkpt>
<trkpt lat="43.754975" lon="6.1791783"><ele>475.8600000000001</ele></trkpt>
<trkpt lat="43.754945" lon="6.1791683"><ele>476.02</ele></trkpt>
<trkpt lat="43.7549183" lon="6.1791783"><ele>476.16</ele></trkpt>
<trkpt lat="43.7548883" lon="6.17918"><ele>476.46</ele></trkpt>
<trkpt lat="43.7548583" lon="6.1791717"><ele>476.6899999999999</ele></trkpt>
<trkpt lat="43.75483" lon="6.1791467"><ele>476.9599999999999</ele></trkpt>
<trkpt lat="43.754805" lon="6.1791317"><ele>476.9999999999999</ele></trkpt>
<trkpt lat="43.7547733" lon="6.17912"><ele>476.81</ele></trkpt>
<trkpt lat="43.754745" lon="6.1791017"><ele>476.54</ele></trkpt>
<trkpt lat="43.7547133" lon="6.179091699999999"><ele>476.25</ele></trkpt>
<trkpt lat="43.7546867" lon="6.1790717"><ele>476.01</ele></trkpt>
<trkpt lat="43.7546583" lon="6.179048299999999"><ele>475.65</ele></trkpt>
<trkpt lat="43.75463" lon="6.179034999999999"><ele>475.15</ele></trkpt>
<trkpt lat="43.7546017" lon="6.1790183"><ele>474.67</ele></trkpt>
<trkpt lat="43.754575" lon="6.178995"><ele>474.4</ele></trkpt>
<trkpt lat="43.754565" lon="6.1789533"><ele>474.24</ele></trkpt>
<trkpt lat="43.754545" lon="6.1789267"><ele>474.27</ele></trkpt>
<trkpt lat="43.75452" lon="6.1789117"><ele>474.1</ele></trkpt>
<trkpt lat="43.75449" lon="6.178895"><ele>474.29</ele></trkpt>
<trkpt lat="43.7544617" lon="6.1788767"><ele>474.7300000000001</ele></trkpt>
<trkpt lat="43.7544333" lon="6.1788817"><ele>475.17</ele></trkpt>
<trkpt lat="43.7544017" lon="6.1788683"><ele>475.8600000000001</ele></trkpt>
<trkpt lat="43.7543733" lon="6.178851699999999"><ele>476.82</ele></trkpt>
<trkpt lat="43.7543483" lon="6.17882"><ele>477.45</ele></trkpt>
<trkpt lat="43.7543233" lon="6.1787933"><ele>477.5099999999999</ele></trkpt>
<trkpt lat="43.7543033" lon="6.1787567"><ele>477.8299999999999</ele></trkpt>
<trkpt lat="43.754275" lon="6.178745"><ele>478.33</ele></trkpt>
<trkpt lat="43.7542467" lon="6.1787567"><ele>478.9599999999999</ele></trkpt>
<trkpt lat="43.7542233" lon="6.1787317"><ele>479.53</ele></trkpt>
<trkpt lat="43.7541967" lon="6.1787117"><ele>480.45</ele></trkpt>
<trkpt lat="43.7541883" lon="6.178675"><ele>480.6899999999999</ele></trkpt>
<trkpt lat="43.754165" lon="6.178635000000001"><ele>481.07</ele></trkpt>
<trkpt lat="43.7541333" lon="6.178614999999999"><ele>481.2699999999999</ele></trkpt>
<trkpt lat="43.7540983" lon="6.1786067"><ele>481.46</ele></trkpt>
<trkpt lat="43.7540683" lon="6.178613299999999"><ele>481.64</ele></trkpt>
<trkpt lat="43.75404" lon="6.17862"><ele>481.96</ele></trkpt>
<trkpt lat="43.75401" lon="6.1786233"><ele>482.33</ele></trkpt>
<trkpt lat="43.753985" lon="6.178646699999999"><ele>483.05</ele></trkpt>
<trkpt lat="43.7539617" lon="6.1786233"><ele>483.19</ele></trkpt>
<trkpt lat="43.753945" lon="6.1785817"><ele>483.04</ele></trkpt>
<trkpt lat="43.753935" lon="6.1785467"><ele>482.84</ele></trkpt>
<trkpt lat="43.7539167" lon="6.1785067"><ele>482.6399999999999</ele></trkpt>
<trkpt lat="43.7538917" lon="6.1784733"><ele>482.4399999999999</ele></trkpt>
<trkpt lat="43.7538683" lon="6.178453300000001"><ele>482.21</ele></trkpt>
<trkpt lat="43.7538467" lon="6.1784217"><ele>481.49</ele></trkpt>
<trkpt lat="43.75382" lon="6.1784017"><ele>480.72</ele></trkpt>
<trkpt lat="43.7537883" lon="6.1783833"><ele>479.8</ele></trkpt>
<trkpt lat="43.753755" lon="6.1783767"><ele>479.02</ele></trkpt>
<trkpt lat="43.7537233" lon="6.1783583"><ele>478.1200000000001</ele></trkpt>
<trkpt lat="43.75369" lon="6.178335"><ele>477.48</ele></trkpt>
<trkpt lat="43.7536617" lon="6.178325"><ele>476.91</ele></trkpt>
<trkpt lat="43.75363" lon="6.178316699999999"><ele>476.3799999999999</ele></trkpt>
<trkpt lat="43.753605" lon="6.1782983"><ele>475.8600000000001</ele></trkpt>
<trkpt lat="43.7535833" lon="6.178270000000001"><ele>475.45</ele></trkpt>
<trkpt lat="43.7535567" lon="6.178260000000001"><ele>475.07</ele></trkpt>
<trkpt lat="43.7535267" lon="6.1782483"><ele>474.16</ele></trkpt>
<trkpt lat="43.7534983" lon="6.178271699999999"><ele>473.91</ele></trkpt>
<trkpt lat="43.753465" lon="6.178270000000001"><ele>473.8299999999999</ele></trkpt>
<trkpt lat="43.7534333" lon="6.178255"><ele>473.8</ele></trkpt>
<trkpt lat="43.7534017" lon="6.178258300000001"><ele>473.89</ele></trkpt>
<trkpt lat="43.7533717" lon="6.178265"><ele>474.26</ele></trkpt>
<trkpt lat="43.75334" lon="6.1782767"><ele>474.41</ele></trkpt>
<trkpt lat="43.75331" lon="6.1782767"><ele>474.66</ele></trkpt>
<trkpt lat="43.7532233" lon="6.178201700000001"><ele>476.28</ele></trkpt>
<trkpt lat="43.7531833" lon="6.1782183"><ele>476.7300000000001</ele></trkpt>
<trkpt lat="43.7531533" lon="6.1782167"><ele>476.53</ele></trkpt>
<trkpt lat="43.7531233" lon="6.178201700000001"><ele>476.5</ele></trkpt>
<trkpt lat="43.7530967" lon="6.178195"><ele>476.6</ele></trkpt>
<trkpt lat="43.7530717" lon="6.178211700000001"><ele>476.6899999999999</ele></trkpt>
<trkpt lat="43.7530367" lon="6.178215000000001"><ele>476.97</ele></trkpt>
<trkpt lat="43.7530083" lon="6.1782"><ele>477.39</ele></trkpt>
<trkpt lat="43.7529783" lon="6.178185"><ele>477.4</ele></trkpt>
<trkpt lat="43.752945" lon="6.178165"><ele>477.5</ele></trkpt>
<trkpt lat="43.7529183" lon="6.17815"><ele>477.74</ele></trkpt>
<trkpt lat="43.752895" lon="6.1781283"><ele>478.06</ele></trkpt>
<trkpt lat="43.752875" lon="6.178093299999999"><ele>478.66</ele></trkpt>
<trkpt lat="43.7528417" lon="6.178076699999999"><ele>478.9900000000001</ele></trkpt>
<trkpt lat="43.7528117" lon="6.178085"><ele>479.03</ele></trkpt>
<trkpt lat="43.7527817" lon="6.1781017"><ele>478.9999999999999</ele></trkpt>
<trkpt lat="43.752755" lon="6.178113300000001"><ele>479.06</ele></trkpt>
<trkpt lat="43.75273" lon="6.1781317"><ele>478.91</ele></trkpt>
<trkpt lat="43.7526983" lon="6.178136699999999"><ele>478.87</ele></trkpt>
<trkpt lat="43.7526683" lon="6.178134999999999"><ele>478.9999999999999</ele></trkpt>
<trkpt lat="43.75264" lon="6.1781317"><ele>479.09</ele></trkpt>
<trkpt lat="43.7526083" lon="6.178145"><ele>478.94</ele></trkpt>
<trkpt lat="43.752585" lon="6.178170000000001"><ele>478.7300000000001</ele></trkpt>
<trkpt lat="43.75256" lon="6.178195"><ele>478.31</ele></trkpt>
<trkpt lat="43.7525283" lon="6.1781983"><ele>478.1299999999999</ele></trkpt>
<trkpt lat="43.752495" lon="6.1782"><ele>478.1</ele></trkpt>
<trkpt lat="43.7524667" lon="6.178205"><ele>478.19</ele></trkpt>
<trkpt lat="43.752435" lon="6.178179999999999"><ele>477.91</ele></trkpt>
<trkpt lat="43.7524067" lon="6.1781783"><ele>477.9</ele></trkpt>
<trkpt lat="43.7523917" lon="6.178211700000001"><ele>478.0700000000001</ele></trkpt>
<trkpt lat="43.75236" lon="6.178193299999999"><ele>478.1</ele></trkpt>
<trkpt lat="43.75234" lon="6.178165"><ele>478.0700000000001</ele></trkpt>
<trkpt lat="43.75231" lon="6.1781467"><ele>478.17</ele></trkpt>
<trkpt lat="43.7522833" lon="6.178166700000001"><ele>478.46</ele></trkpt>
<trkpt lat="43.7522483" lon="6.17816"><ele>478.25</ele></trkpt>
<trkpt lat="43.7522083" lon="6.178155"><ele>477.7799999999999</ele></trkpt>
<trkpt lat="43.7521783" lon="6.178148299999999"><ele>477.64</ele></trkpt>
<trkpt lat="43.7521467" lon="6.17813"><ele>477.63</ele></trkpt>
<trkpt lat="43.7521117" lon="6.178111700000001"><ele>477.5</ele></trkpt>
<trkpt lat="43.75209" lon="6.1780867"><ele>477.59</ele></trkpt>
<trkpt lat="43.7520633" lon="6.178105"><ele>478.68</ele></trkpt>
<trkpt lat="43.7520333" lon="6.1781033"><ele>479.16</ele></trkpt>
<trkpt lat="43.7519983" lon="6.178085"><ele>479.5699999999999</ele></trkpt>
<trkpt lat="43.7519617" lon="6.1780667"><ele>479.67</ele></trkpt>
<trkpt lat="43.7519317" lon="6.178055000000001"><ele>479.8699999999999</ele></trkpt>
<trkpt lat="43.7518967" lon="6.1780383"><ele>479.99</ele></trkpt>
<trkpt lat="43.7518683" lon="6.1780433"><ele>480.01</ele></trkpt>
<trkpt lat="43.7518383" lon="6.1780583"><ele>480</ele></trkpt>
<trkpt lat="43.751805" lon="6.1780633"><ele>480.1</ele></trkpt>
<trkpt lat="43.7517733" lon="6.1780633"><ele>480.36</ele></trkpt>
<trkpt lat="43.7517467" lon="6.1780717"><ele>480.5</ele></trkpt>
<trkpt lat="43.7517183" lon="6.1780833"><ele>480.3399999999999</ele></trkpt>
<trkpt lat="43.7516917" lon="6.1781067"><ele>480</ele></trkpt>
<trkpt lat="43.75167" lon="6.178134999999999"><ele>480.0899999999999</ele></trkpt>
<trkpt lat="43.7516317" lon="6.1781433"><ele>480.36</ele></trkpt>
<trkpt lat="43.7516033" lon="6.178158300000001"><ele>480.56</ele></trkpt>
<trkpt lat="43.7515717" lon="6.1781733"><ele>481.02</ele></trkpt>
<trkpt lat="43.7515333" lon="6.178179999999999"><ele>481.46</ele></trkpt>
<trkpt lat="43.7515" lon="6.1781883"><ele>481.85</ele></trkpt>
<trkpt lat="43.7514683" lon="6.178183299999999"><ele>481.64</ele></trkpt>
<trkpt lat="43.7514367" lon="6.1781733"><ele>481.24</ele></trkpt>
<trkpt lat="43.75141" lon="6.178155"><ele>481.45</ele></trkpt>
<trkpt lat="43.7513833" lon="6.178179999999999"><ele>481.11</ele></trkpt>
<trkpt lat="43.7513567" lon="6.1781967"><ele>480.83</ele></trkpt>
<trkpt lat="43.7513267" lon="6.178224999999999"><ele>482.1399999999999</ele></trkpt>
<trkpt lat="43.7513017" lon="6.1782067"><ele>482.45</ele></trkpt>
<trkpt lat="43.7512717" lon="6.1782"><ele>482.41</ele></trkpt>
<trkpt lat="43.7512333" lon="6.178193299999999"><ele>482.3999999999999</ele></trkpt>
<trkpt lat="43.7511983" lon="6.178183299999999"><ele>482.46</ele></trkpt>
<trkpt lat="43.7511717" lon="6.1781717"><ele>482.66</ele></trkpt>
<trkpt lat="43.75114" lon="6.1781517"><ele>483.2599999999999</ele></trkpt>
<trkpt lat="43.7511033" lon="6.17814"><ele>483.99</ele></trkpt>
<trkpt lat="43.7510733" lon="6.17813"><ele>484.52</ele></trkpt>
<trkpt lat="43.7510417" lon="6.17812"><ele>485.51</ele></trkpt>
<trkpt lat="43.7510067" lon="6.1781"><ele>486.33</ele></trkpt>
<trkpt lat="43.7509833" lon="6.1780717"><ele>486.6899999999999</ele></trkpt>
<trkpt lat="43.7509683" lon="6.1780383"><ele>486.7499999999999</ele></trkpt>
<trkpt lat="43.7509433" lon="6.1780133"><ele>486.78</ele></trkpt>
<trkpt lat="43.7509117" lon="6.1780017"><ele>486.67</ele></trkpt>
<trkpt lat="43.750885" lon="6.1779933"><ele>486.77</ele></trkpt>
<trkpt lat="43.7508517" lon="6.17798"><ele>486.17</ele></trkpt>
<trkpt lat="43.7508167" lon="6.1779733"><ele>485.13</ele></trkpt>
<trkpt lat="43.7507817" lon="6.177961700000001"><ele>484.23</ele></trkpt>
<trkpt lat="43.7507517" lon="6.1779533"><ele>483.49</ele></trkpt>
<trkpt lat="43.7507217" lon="6.1779483"><ele>483.14</ele></trkpt>
<trkpt lat="43.7506817" lon="6.177943299999999"><ele>482.55</ele></trkpt>
<trkpt lat="43.7506467" lon="6.1779383"><ele>482.17</ele></trkpt>
<trkpt lat="43.7506183" lon="6.177935"><ele>482.0299999999999</ele></trkpt>
<trkpt lat="43.75059" lon="6.1779333"><ele>481.9299999999999</ele></trkpt>
<trkpt lat="43.7505567" lon="6.1779283"><ele>481.45</ele></trkpt>
<trkpt lat="43.7505283" lon="6.177916700000001"><ele>481.15</ele></trkpt>
<trkpt lat="43.7504933" lon="6.1779133"><ele>481.08</ele></trkpt>
<trkpt lat="43.750465" lon="6.177905"><ele>481.03</ele></trkpt>
<trkpt lat="43.7504367" lon="6.177896699999999"><ele>480.67</ele></trkpt>
<trkpt lat="43.7504" lon="6.17789"><ele>480.36</ele></trkpt>
<trkpt lat="43.7503683" lon="6.177875"><ele>480.49</ele></trkpt>
<trkpt lat="43.75033" lon="6.1778667"><ele>480.48</ele></trkpt>
<trkpt lat="43.7502983" lon="6.17786"><ele>480.17</ele></trkpt>
<trkpt lat="43.7502633" lon="6.177851699999999"><ele>480.07</ele></trkpt>
<trkpt lat="43.7502283" lon="6.177838300000001"><ele>480.1</ele></trkpt>
<trkpt lat="43.750195" lon="6.17782"><ele>480.35</ele></trkpt>
<trkpt lat="43.7501617" lon="6.177808299999999"><ele>480.58</ele></trkpt>
<trkpt lat="43.7501317" lon="6.1777983"><ele>480.6</ele></trkpt>
<trkpt lat="43.7500967" lon="6.177783300000001"><ele>480.88</ele></trkpt>
<trkpt lat="43.7500667" lon="6.1777717"><ele>480.83</ele></trkpt>
<trkpt lat="43.7500383" lon="6.177759999999999"><ele>480.6399999999999</ele></trkpt>
<trkpt lat="43.750005" lon="6.1777517"><ele>480.6999999999999</ele></trkpt>
<trkpt lat="43.74997" lon="6.17774"><ele>481.49</ele></trkpt>
<trkpt lat="43.74994" lon="6.17772"><ele>481.1</ele></trkpt>
<trkpt lat="43.749905" lon="6.177703299999999"><ele>481.2599999999999</ele></trkpt>
<trkpt lat="43.7498717" lon="6.1776783"><ele>481.36</ele></trkpt>
<trkpt lat="43.7498417" lon="6.1776483"><ele>481.73</ele></trkpt>
<trkpt lat="43.7498083" lon="6.1776233"><ele>481.75</ele></trkpt>
<trkpt lat="43.7497733" lon="6.1776033"><ele>481.75</ele></trkpt>
<trkpt lat="43.7497383" lon="6.1775817"><ele>482.24</ele></trkpt>
<trkpt lat="43.7497033" lon="6.1775633"><ele>483.05</ele></trkpt>
<trkpt lat="43.749675" lon="6.177545"><ele>483.92</ele></trkpt>
<trkpt lat="43.7496483" lon="6.1775283"><ele>484.76</ele></trkpt>
<trkpt lat="43.7496183" lon="6.177509999999999"><ele>485.2</ele></trkpt>
<trkpt lat="43.749585" lon="6.1775017"><ele>486.0899999999999</ele></trkpt>
<trkpt lat="43.7495517" lon="6.1774883"><ele>486.68</ele></trkpt>
<trkpt lat="43.74952" lon="6.1774717"><ele>487.24</ele></trkpt>
<trkpt lat="43.7494883" lon="6.1774567"><ele>487.51</ele></trkpt>
<trkpt lat="43.7494567" lon="6.177451700000001"><ele>487.03</ele></trkpt>
<trkpt lat="43.7494267" lon="6.1774467"><ele>486.47</ele></trkpt>
<trkpt lat="43.7493917" lon="6.177445"><ele>486.1399999999999</ele></trkpt>
<trkpt lat="43.7493583" lon="6.1774383"><ele>486.35</ele></trkpt>
<trkpt lat="43.7493233" lon="6.177435"><ele>487.02</ele></trkpt>
<trkpt lat="43.7492917" lon="6.1774233"><ele>487.5599999999999</ele></trkpt>
<trkpt lat="43.74926" lon="6.177408300000001"><ele>487.63</ele></trkpt>
<trkpt lat="43.7492317" lon="6.177395000000001"><ele>487.5599999999999</ele></trkpt>
<trkpt lat="43.7492" lon="6.1773867"><ele>487.6199999999999</ele></trkpt>
<trkpt lat="43.749165" lon="6.17738"><ele>488.47</ele></trkpt>
<trkpt lat="43.7491383" lon="6.177371699999999"><ele>489.24</ele></trkpt>
<trkpt lat="43.7491083" lon="6.177355"><ele>489.5</ele></trkpt>
<trkpt lat="43.74908" lon="6.177345"><ele>489.19</ele></trkpt>
<trkpt lat="43.7490517" lon="6.177335"><ele>488.4299999999999</ele></trkpt>
<trkpt lat="43.7490167" lon="6.1773217"><ele>487.7699999999999</ele></trkpt>
<trkpt lat="43.748985" lon="6.17731"><ele>487.42</ele></trkpt>
<trkpt lat="43.7489533" lon="6.177303300000001"><ele>487.23</ele></trkpt>
<trkpt lat="43.7489233" lon="6.1772983"><ele>486.73</ele></trkpt>
<trkpt lat="43.7488933" lon="6.177303300000001"><ele>485.97</ele></trkpt>
<trkpt lat="43.74886" lon="6.177303300000001"><ele>485.22</ele></trkpt>
<trkpt lat="43.7488217" lon="6.1773067"><ele>485.0599999999999</ele></trkpt>
<trkpt lat="43.7487917" lon="6.1773067"><ele>484.89</ele></trkpt>
<trkpt lat="43.748755" lon="6.1773067"><ele>484.7499999999999</ele></trkpt>
<trkpt lat="43.7487233" lon="6.1773067"><ele>484.6499999999999</ele></trkpt>
<trkpt lat="43.7486933" lon="6.177303300000001"><ele>483.5199999999999</ele></trkpt>
<trkpt lat="43.74866" lon="6.177303300000001"><ele>482.59</ele></trkpt>
<trkpt lat="43.7486283" lon="6.1773083"><ele>482.46</ele></trkpt>
<trkpt lat="43.7485933" lon="6.17732"><ele>482.6</ele></trkpt>
<trkpt lat="43.7485583" lon="6.177328299999999"><ele>482.6499999999999</ele></trkpt>
<trkpt lat="43.7485267" lon="6.1773317"><ele>482.88</ele></trkpt>
<trkpt lat="43.7484933" lon="6.177328299999999"><ele>483.72</ele></trkpt>
<trkpt lat="43.7484617" lon="6.177325"><ele>484.1399999999999</ele></trkpt>
<trkpt lat="43.7484317" lon="6.17732"><ele>484.5</ele></trkpt>
<trkpt lat="43.7484" lon="6.1773217"><ele>484.1299999999999</ele></trkpt>
<trkpt lat="43.74837" lon="6.17732"><ele>483.79</ele></trkpt>
<trkpt lat="43.748335" lon="6.17732"><ele>483.8699999999999</ele></trkpt>
<trkpt lat="43.7483" lon="6.177326699999999"><ele>483.7799999999999</ele></trkpt>
<trkpt lat="43.7482683" lon="6.1773367"><ele>483.81</ele></trkpt>
<trkpt lat="43.748235" lon="6.1773417"><ele>483.84</ele></trkpt>
<trkpt lat="43.7482083" lon="6.177350000000001"><ele>483.49</ele></trkpt>
<trkpt lat="43.7481767" lon="6.177355"><ele>482.89</ele></trkpt>
<trkpt lat="43.74814" lon="6.177350000000001"><ele>482.62</ele></trkpt>
<trkpt lat="43.74811" lon="6.1773417"><ele>482.1299999999999</ele></trkpt>
<trkpt lat="43.7480817" lon="6.1773317"><ele>481.5199999999999</ele></trkpt>
<trkpt lat="43.748045" lon="6.177318299999999"><ele>481.69</ele></trkpt>
<trkpt lat="43.74801" lon="6.177315000000001"><ele>482.37</ele></trkpt>
<trkpt lat="43.74798" lon="6.177315000000001"><ele>482.86</ele></trkpt>
<trkpt lat="43.7479483" lon="6.177303300000001"><ele>482.79</ele></trkpt>
<trkpt lat="43.7479117" lon="6.177303300000001"><ele>483.36</ele></trkpt>
<trkpt lat="43.7478783" lon="6.177301700000001"><ele>483.61</ele></trkpt>
<trkpt lat="43.74785" lon="6.1772983"><ele>483.59</ele></trkpt>
<trkpt lat="43.7478133" lon="6.177301700000001"><ele>483.72</ele></trkpt>
<trkpt lat="43.7477783" lon="6.1773"><ele>483.98</ele></trkpt>
<trkpt lat="43.747745" lon="6.1772983"><ele>484.37</ele></trkpt>
<trkpt lat="43.7477133" lon="6.1772967"><ele>484.42</ele></trkpt>
<trkpt lat="43.7476817" lon="6.1772917"><ele>484.28</ele></trkpt>
<trkpt lat="43.7476533" lon="6.177283299999999"><ele>483.99</ele></trkpt>
<trkpt lat="43.74762" lon="6.177281699999999"><ele>483.2699999999999</ele></trkpt>
<trkpt lat="43.7475867" lon="6.177285"><ele>482.6999999999999</ele></trkpt>
<trkpt lat="43.7475533" lon="6.1772933"><ele>482.1</ele></trkpt>
<trkpt lat="43.7475217" lon="6.17729"><ele>481.8600000000001</ele></trkpt>
<trkpt lat="43.7474867" lon="6.177281699999999"><ele>481.39</ele></trkpt>
<trkpt lat="43.7474533" lon="6.1772767"><ele>481.02</ele></trkpt>
<trkpt lat="43.7474217" lon="6.1772783"><ele>481.02</ele></trkpt>
<trkpt lat="43.7473917" lon="6.1772767"><ele>481.32</ele></trkpt>
<trkpt lat="43.7473583" lon="6.1772783"><ele>481.42</ele></trkpt>
<trkpt lat="43.7473267" lon="6.177269999999999"><ele>481.18</ele></trkpt>
<trkpt lat="43.7472967" lon="6.177265"><ele>480.8</ele></trkpt>
<trkpt lat="43.747265" lon="6.1772717"><ele>480.94</ele></trkpt>
<trkpt lat="43.7472317" lon="6.1772633"><ele>481.08</ele></trkpt>
<trkpt lat="43.7471917" lon="6.177255"><ele>481.66</ele></trkpt>
<trkpt lat="43.7471567" lon="6.1772467"><ele>482.0899999999999</ele></trkpt>
<trkpt lat="43.7471217" lon="6.1772367"><ele>482.56</ele></trkpt>
<trkpt lat="43.7470983" lon="6.177215"><ele>483.23</ele></trkpt>
<trkpt lat="43.747075" lon="6.177185"><ele>482.8</ele></trkpt>
<trkpt lat="43.747045" lon="6.1771567"><ele>481.94</ele></trkpt>
<trkpt lat="43.7470117" lon="6.177133299999999"><ele>481.49</ele></trkpt>
<trkpt lat="43.746975" lon="6.177115"><ele>481.38</ele></trkpt>
<trkpt lat="43.746945" lon="6.177099999999999"><ele>481.55</ele></trkpt>
<trkpt lat="43.7469133" lon="6.17708"><ele>481.08</ele></trkpt>
<trkpt lat="43.746885" lon="6.177075000000001"><ele>481.05</ele></trkpt>
<trkpt lat="43.7468533" lon="6.177075000000001"><ele>480.6</ele></trkpt>
<trkpt lat="43.7468233" lon="6.1770733"><ele>480.02</ele></trkpt>
<trkpt lat="43.7467917" lon="6.1770683"><ele>479.79</ele></trkpt>
<trkpt lat="43.74676" lon="6.17706"><ele>479.6199999999999</ele></trkpt>
<trkpt lat="43.7467233" lon="6.1770533"><ele>480.06</ele></trkpt>
<trkpt lat="43.74669" lon="6.1770467"><ele>480.1399999999999</ele></trkpt>
<trkpt lat="43.7466517" lon="6.177041699999999"><ele>480.3999999999999</ele></trkpt>
<trkpt lat="43.7466217" lon="6.1770483"><ele>480.35</ele></trkpt>
<trkpt lat="43.746595" lon="6.177055"><ele>480.51</ele></trkpt>
<trkpt lat="43.7465667" lon="6.1770467"><ele>480.72</ele></trkpt>
<trkpt lat="43.74654" lon="6.17704"><ele>480.74</ele></trkpt>
<trkpt lat="43.7465117" lon="6.1770367"><ele>480.48</ele></trkpt>
<trkpt lat="43.7464767" lon="6.177030000000001"><ele>480.1799999999999</ele></trkpt>
<trkpt lat="43.7464433" lon="6.177018300000001"><ele>479.98</ele></trkpt>
<trkpt lat="43.7464017" lon="6.177018300000001"><ele>479.76</ele></trkpt>
<trkpt lat="43.7463667" lon="6.177016700000001"><ele>479.7799999999999</ele></trkpt>
<trkpt lat="43.7463333" lon="6.177030000000001"><ele>479.5599999999999</ele></trkpt>
<trkpt lat="43.7463033" lon="6.1770467"><ele>479.5599999999999</ele></trkpt>
<trkpt lat="43.7462717" lon="6.1770517"><ele>479.45</ele></trkpt>
<trkpt lat="43.7462333" lon="6.1770517"><ele>479.67</ele></trkpt>
<trkpt lat="43.7461983" lon="6.1770583"><ele>480.17</ele></trkpt>
<trkpt lat="43.746165" lon="6.17707"><ele>480.4299999999999</ele></trkpt>
<trkpt lat="43.7461367" lon="6.1770833"><ele>480.0899999999999</ele></trkpt>
<trkpt lat="43.7461017" lon="6.177088299999999"><ele>480.04</ele></trkpt>
<trkpt lat="43.746075" lon="6.1770983"><ele>480.2</ele></trkpt>
<trkpt lat="43.7460433" lon="6.1771117"><ele>479.98</ele></trkpt>
<trkpt lat="43.746005" lon="6.177121699999999"><ele>479.8299999999999</ele></trkpt>
<trkpt lat="43.74598" lon="6.1771383"><ele>479.84</ele></trkpt>
<trkpt lat="43.7459533" lon="6.17715"><ele>479.63</ele></trkpt>
<trkpt lat="43.74592" lon="6.17717"><ele>479.47</ele></trkpt>
<trkpt lat="43.745895" lon="6.177185"><ele>479.18</ele></trkpt>
<trkpt lat="43.7458617" lon="6.1771983"><ele>479.12</ele></trkpt>
<trkpt lat="43.7458317" lon="6.177213300000001"><ele>479.14</ele></trkpt>
<trkpt lat="43.7458" lon="6.1772167"><ele>478.79</ele></trkpt>
<trkpt lat="43.7457717" lon="6.177224999999999"><ele>478.59</ele></trkpt>
<trkpt lat="43.7457367" lon="6.1772283"><ele>478.45</ele></trkpt>
<trkpt lat="43.7457017" lon="6.1772283"><ele>478.31</ele></trkpt>
<trkpt lat="43.7456783" lon="6.177205"><ele>477.5599999999999</ele></trkpt>
<trkpt lat="43.745645" lon="6.177185"><ele>477.7699999999999</ele></trkpt>
<trkpt lat="43.7456117" lon="6.1771767"><ele>477.74</ele></trkpt>
<trkpt lat="43.745585" lon="6.177168300000001"><ele>477.74</ele></trkpt>
<trkpt lat="43.74555" lon="6.1771533"><ele>477.65</ele></trkpt>
<trkpt lat="43.74552" lon="6.1771283"><ele>477.5699999999999</ele></trkpt>
<trkpt lat="43.7454867" lon="6.1771033"><ele>477.64</ele></trkpt>
<trkpt lat="43.7454483" lon="6.177088299999999"><ele>477.38</ele></trkpt>
<trkpt lat="43.74541" lon="6.17707"><ele>477.22</ele></trkpt>
<trkpt lat="43.745375" lon="6.1770517"><ele>477.17</ele></trkpt>
<trkpt lat="43.74534" lon="6.177031699999999"><ele>477.04</ele></trkpt>
<trkpt lat="43.7453067" lon="6.1770083"><ele>476.85</ele></trkpt>
<trkpt lat="43.7452733" lon="6.176988299999999"><ele>476.93</ele></trkpt>
<trkpt lat="43.7452417" lon="6.176965"><ele>477.04</ele></trkpt>
<trkpt lat="43.7452083" lon="6.17695"><ele>477.33</ele></trkpt>
<trkpt lat="43.7451733" lon="6.1769367"><ele>477.43</ele></trkpt>
<trkpt lat="43.74514" lon="6.1769217"><ele>477.23</ele></trkpt>
<trkpt lat="43.74511" lon="6.176905"><ele>477.23</ele></trkpt>
<trkpt lat="43.7450767" lon="6.1768967"><ele>477.08</ele></trkpt>
<trkpt lat="43.7450433" lon="6.1768783"><ele>477.0099999999999</ele></trkpt>
<trkpt lat="43.74501" lon="6.176865"><ele>477.2099999999999</ele></trkpt>
<trkpt lat="43.7449783" lon="6.1768517"><ele>477.38</ele></trkpt>
<trkpt lat="43.7449517" lon="6.17684"><ele>477.47</ele></trkpt>
<trkpt lat="43.744925" lon="6.1768117"><ele>478.1399999999999</ele></trkpt>
<trkpt lat="43.7448917" lon="6.1768067"><ele>478.0700000000001</ele></trkpt>
<trkpt lat="43.744855" lon="6.17681"><ele>477.7799999999999</ele></trkpt>
<trkpt lat="43.744825" lon="6.176804999999999"><ele>477.58</ele></trkpt>
<trkpt lat="43.7448017" lon="6.1767833"><ele>477.61</ele></trkpt>
<trkpt lat="43.7447667" lon="6.1767883"><ele>477.2499999999999</ele></trkpt>
<trkpt lat="43.7447367" lon="6.1767867"><ele>477.08</ele></trkpt>
<trkpt lat="43.7447067" lon="6.176775"><ele>477.02</ele></trkpt>
<trkpt lat="43.74467" lon="6.1767683"><ele>477.23</ele></trkpt>
<trkpt lat="43.7446317" lon="6.1767717"><ele>477.4</ele></trkpt>
<trkpt lat="43.7445917" lon="6.1767667"><ele>477.5699999999999</ele></trkpt>
<trkpt lat="43.7445633" lon="6.1767667"><ele>477.95</ele></trkpt>
<trkpt lat="43.744535" lon="6.1767683"><ele>478.4700000000001</ele></trkpt>
<trkpt lat="43.7445" lon="6.176756699999999"><ele>479.34</ele></trkpt>
<trkpt lat="43.7444667" lon="6.176748299999999"><ele>479.15</ele></trkpt>
<trkpt lat="43.74443" lon="6.176745000000001"><ele>479.2099999999999</ele></trkpt>
<trkpt lat="43.7444" lon="6.1767367"><ele>479.0099999999999</ele></trkpt>
<trkpt lat="43.7443633" lon="6.176721700000001"><ele>478.86</ele></trkpt>
<trkpt lat="43.74433" lon="6.1767067"><ele>478.3899999999999</ele></trkpt>
<trkpt lat="43.744295" lon="6.176695"><ele>478.1299999999999</ele></trkpt>
<trkpt lat="43.7442617" lon="6.1766833"><ele>477.48</ele></trkpt>
<trkpt lat="43.7442333" lon="6.176665"><ele>476.89</ele></trkpt>
<trkpt lat="43.7441983" lon="6.176654999999999"><ele>476.58</ele></trkpt>
<trkpt lat="43.7441667" lon="6.176631700000001"><ele>476.54</ele></trkpt>
<trkpt lat="43.744135" lon="6.176623299999999"><ele>476.82</ele></trkpt>
<trkpt lat="43.7441017" lon="6.1766217"><ele>477.03</ele></trkpt>
<trkpt lat="43.7440717" lon="6.176613299999999"><ele>477.06</ele></trkpt>
<trkpt lat="43.744045" lon="6.1766033"><ele>476.85</ele></trkpt>
<trkpt lat="43.7440067" lon="6.1766033"><ele>479.7</ele></trkpt>
<trkpt lat="43.7439717" lon="6.176568299999999"><ele>479.19</ele></trkpt>
<trkpt lat="43.7439333" lon="6.1765733"><ele>478.97</ele></trkpt>
<trkpt lat="43.7439067" lon="6.1765817"><ele>478.82</ele></trkpt>
<trkpt lat="43.7438783" lon="6.1765767"><ele>478.51</ele></trkpt>
<trkpt lat="43.7438833" lon="6.1765367"><ele>478.6</ele></trkpt>
<trkpt lat="43.7438883" lon="6.176575"><ele>480</ele></trkpt>
<trkpt lat="43.7438767" lon="6.1765383"><ele>480.79</ele></trkpt>
<trkpt lat="43.7438583" lon="6.1765033"><ele>480.77</ele></trkpt>
<trkpt lat="43.743835" lon="6.1764683"><ele>480.67</ele></trkpt>
<trkpt lat="43.7438067" lon="6.176445"><ele>480.41</ele></trkpt>
<trkpt lat="43.7437783" lon="6.1764283"><ele>479.97</ele></trkpt>
<trkpt lat="43.7437533" lon="6.1764"><ele>479.5199999999999</ele></trkpt>
<trkpt lat="43.7437333" lon="6.176373299999999"><ele>478.66</ele></trkpt>
<trkpt lat="43.74371" lon="6.17634"><ele>477.93</ele></trkpt>
<trkpt lat="43.7436967" lon="6.176293299999999"><ele>477.48</ele></trkpt>
<trkpt lat="43.743675" lon="6.1762483"><ele>477.0099999999999</ele></trkpt>
<trkpt lat="43.74366" lon="6.176205"><ele>476.26</ele></trkpt>
<trkpt lat="43.7436467" lon="6.17617"><ele>475.8</ele></trkpt>
<trkpt lat="43.74363" lon="6.1761183"><ele>475.55</ele></trkpt>
<trkpt lat="43.7436183" lon="6.1760717"><ele>475.63</ele></trkpt>
<trkpt lat="43.7436067" lon="6.176026700000001"><ele>475.64</ele></trkpt>
<trkpt lat="43.743595" lon="6.17598"><ele>475.92</ele></trkpt>
<trkpt lat="43.74358" lon="6.175939999999999"><ele>476.26</ele></trkpt>
<trkpt lat="43.743575" lon="6.175893299999999"><ele>476.56</ele></trkpt>
<trkpt lat="43.74357" lon="6.175845"><ele>476.9599999999999</ele></trkpt>
<trkpt lat="43.7435633" lon="6.1757983"><ele>477.45</ele></trkpt>
<trkpt lat="43.7435533" lon="6.17575"><ele>478.1399999999999</ele></trkpt>
<trkpt lat="43.7435433" lon="6.1757033"><ele>478.67</ele></trkpt>
<trkpt lat="43.7435367" lon="6.1756583"><ele>478.62</ele></trkpt>
<trkpt lat="43.7435333" lon="6.1756167"><ele>478.87</ele></trkpt>
<trkpt lat="43.7435417" lon="6.175575"><ele>478.94</ele></trkpt>
<trkpt lat="43.7435283" lon="6.175535"><ele>477.8699999999999</ele></trkpt>
<trkpt lat="43.74352" lon="6.175485"><ele>476.4299999999999</ele></trkpt>
<trkpt lat="43.7435233" lon="6.175446700000001"><ele>475.37</ele></trkpt>
<trkpt lat="43.743525" lon="6.175401700000001"><ele>474.21</ele></trkpt>
<trkpt lat="43.7435267" lon="6.1753633"><ele>473.04</ele></trkpt>
<trkpt lat="43.7435183" lon="6.1753217"><ele>472.61</ele></trkpt>
<trkpt lat="43.7435017" lon="6.1752733"><ele>472.1799999999999</ele></trkpt>
<trkpt lat="43.743485" lon="6.1752383"><ele>472.21</ele></trkpt>
<trkpt lat="43.7434633" lon="6.1752017"><ele>472.16</ele></trkpt>
<trkpt lat="43.7434383" lon="6.175176699999999"><ele>472.37</ele></trkpt>
<trkpt lat="43.743415" lon="6.1751533"><ele>472.93</ele></trkpt>
<trkpt lat="43.74339" lon="6.1751283"><ele>473.63</ele></trkpt>
<trkpt lat="43.74336" lon="6.175118300000001"><ele>474.4399999999999</ele></trkpt>
<trkpt lat="43.7433217" lon="6.1751"><ele>474.89</ele></trkpt>
<trkpt lat="43.7432933" lon="6.1750833"><ele>475.18</ele></trkpt>
<trkpt lat="43.7432617" lon="6.1750583"><ele>475.59</ele></trkpt>
<trkpt lat="43.7432317" lon="6.175035"><ele>475.95</ele></trkpt>
<trkpt lat="43.7432067" lon="6.17502"><ele>476.1</ele></trkpt>
<trkpt lat="43.74318" lon="6.1749933"><ele>476.6499999999999</ele></trkpt>
<trkpt lat="43.7431517" lon="6.174965"><ele>477.06</ele></trkpt>
<trkpt lat="43.7431183" lon="6.174938299999999"><ele>477.55</ele></trkpt>
<trkpt lat="43.7430917" lon="6.1749183"><ele>478.1799999999999</ele></trkpt>
<trkpt lat="43.74306" lon="6.1749"><ele>478.4399999999999</ele></trkpt>
<trkpt lat="43.7430333" lon="6.174885"><ele>478.88</ele></trkpt>
<trkpt lat="43.7430033" lon="6.174856699999999"><ele>479.49</ele></trkpt>
<trkpt lat="43.7429783" lon="6.1748417"><ele>479.44</ele></trkpt>
<trkpt lat="43.7429467" lon="6.1748183"><ele>479.41</ele></trkpt>
<trkpt lat="43.74292" lon="6.1747983"><ele>479.59</ele></trkpt>
<trkpt lat="43.74289" lon="6.1747717"><ele>479.73</ele></trkpt>
<trkpt lat="43.7428633" lon="6.174744999999999"><ele>479.38</ele></trkpt>
<trkpt lat="43.7428367" lon="6.1747183"><ele>479.08</ele></trkpt>
<trkpt lat="43.74281" lon="6.174695"><ele>478.85</ele></trkpt>
<trkpt lat="43.7427833" lon="6.17467"><ele>478.5</ele></trkpt>
<trkpt lat="43.7427583" lon="6.174643300000001"><ele>478.25</ele></trkpt>
<trkpt lat="43.74273" lon="6.1746217"><ele>477.9</ele></trkpt>
<trkpt lat="43.7427033" lon="6.1745967"><ele>477.8600000000001</ele></trkpt>
<trkpt lat="43.7426733" lon="6.174565"><ele>477.48</ele></trkpt>
<trkpt lat="43.7426483" lon="6.174525"><ele>477.34</ele></trkpt>
<trkpt lat="43.7426283" lon="6.174485"><ele>477.17</ele></trkpt>
<trkpt lat="43.7426067" lon="6.1744533"><ele>476.71</ele></trkpt>
<trkpt lat="43.7425867" lon="6.174411699999999"><ele>476.31</ele></trkpt>
<trkpt lat="43.7425617" lon="6.1743733"><ele>476.3</ele></trkpt>
<trkpt lat="43.7425367" lon="6.174341700000001"><ele>476.54</ele></trkpt>
<trkpt lat="43.7425167" lon="6.1743017"><ele>476.5</ele></trkpt>
<trkpt lat="43.7425017" lon="6.17426"><ele>476.87</ele></trkpt>
<trkpt lat="43.7424883" lon="6.1742183"><ele>476.79</ele></trkpt>
<trkpt lat="43.7424767" lon="6.1741717"><ele>476.54</ele></trkpt>
<trkpt lat="43.7424567" lon="6.1741317"><ele>476.37</ele></trkpt>
<trkpt lat="43.74244" lon="6.1740933"><ele>476.89</ele></trkpt>
<trkpt lat="43.7424267" lon="6.1740483"><ele>477.9</ele></trkpt>
<trkpt lat="43.7424117" lon="6.1740033"><ele>478.36</ele></trkpt>
<trkpt lat="43.7424" lon="6.173968300000001"><ele>478.53</ele></trkpt>
<trkpt lat="43.7423933" lon="6.17392"><ele>478.42</ele></trkpt>
<trkpt lat="43.7423783" lon="6.1738733"><ele>478.5</ele></trkpt>
<trkpt lat="43.74237" lon="6.1738217"><ele>478.78</ele></trkpt>
<trkpt lat="43.742375" lon="6.1737717"><ele>479.2599999999999</ele></trkpt>
<trkpt lat="43.7423783" lon="6.1737267"><ele>479.8600000000001</ele></trkpt>
<trkpt lat="43.7423867" lon="6.1736867"><ele>479.84</ele></trkpt>
<trkpt lat="43.7424017" lon="6.173651699999999"><ele>479.73</ele></trkpt>
<trkpt lat="43.74243" lon="6.173635"><ele>480.74</ele></trkpt>
<trkpt lat="43.7424417" lon="6.17359"><ele>480.9499999999999</ele></trkpt>
<trkpt lat="43.74245" lon="6.173546700000001"><ele>480.8999999999999</ele></trkpt>
<trkpt lat="43.7424633" lon="6.173501699999999"><ele>480.77</ele></trkpt>
<trkpt lat="43.7424867" lon="6.1734633"><ele>480.29</ele></trkpt>
<trkpt lat="43.7425033" lon="6.17343"><ele>479.63</ele></trkpt>
<trkpt lat="43.7425117" lon="6.1733833"><ele>478.93</ele></trkpt>
<trkpt lat="43.74252" lon="6.17334"><ele>478.51</ele></trkpt>
<trkpt lat="43.7425183" lon="6.173298300000001"><ele>478.0799999999999</ele></trkpt>
<trkpt lat="43.7425183" lon="6.173250000000001"><ele>477.66</ele></trkpt>
<trkpt lat="43.7425067" lon="6.173206700000001"><ele>477.2499999999999</ele></trkpt>
<trkpt lat="43.74249" lon="6.173161700000001"><ele>476.97</ele></trkpt>
<trkpt lat="43.7424733" lon="6.1731133"><ele>476.9999999999999</ele></trkpt>
<trkpt lat="43.7424533" lon="6.1730717"><ele>477.03</ele></trkpt>
<trkpt lat="43.742425" lon="6.173035"><ele>477.05</ele></trkpt>
<trkpt lat="43.7423933" lon="6.1730033"><ele>477.03</ele></trkpt>
<trkpt lat="43.7423633" lon="6.1729883"><ele>476.89</ele></trkpt>
<trkpt lat="43.7423367" lon="6.1729717"><ele>476.83</ele></trkpt>
<trkpt lat="43.7423017" lon="6.1729617"><ele>476.67</ele></trkpt>
<trkpt lat="43.74227" lon="6.17296"><ele>476.25</ele></trkpt>
<trkpt lat="43.7422333" lon="6.1729567"><ele>475.81</ele></trkpt>
<trkpt lat="43.7421967" lon="6.17294"><ele>475.45</ele></trkpt>
<trkpt lat="43.7421583" lon="6.1729367"><ele>475.3</ele></trkpt>
<trkpt lat="43.742125" lon="6.1729283"><ele>475.3</ele></trkpt>
<trkpt lat="43.7420917" lon="6.172920000000001"><ele>475.03</ele></trkpt>
<trkpt lat="43.7420583" lon="6.17291"><ele>474.7499999999999</ele></trkpt>
<trkpt lat="43.742025" lon="6.172888300000001"><ele>474.9599999999999</ele></trkpt>
<trkpt lat="43.7419917" lon="6.172878300000001"><ele>475.45</ele></trkpt>
<trkpt lat="43.741965" lon="6.1728717"><ele>475.7</ele></trkpt>
<trkpt lat="43.7419383" lon="6.1728633"><ele>475.71</ele></trkpt>
<trkpt lat="43.7419067" lon="6.1728533"><ele>475.73</ele></trkpt>
<trkpt lat="43.741875" lon="6.1728517"><ele>475.64</ele></trkpt>
<trkpt lat="43.741845" lon="6.1728483"><ele>476.1299999999999</ele></trkpt>
<trkpt lat="43.7418117" lon="6.1728383"><ele>478.66</ele></trkpt>
<trkpt lat="43.7417817" lon="6.172830000000001"><ele>478.4700000000001</ele></trkpt>
<trkpt lat="43.7417533" lon="6.172820000000001"><ele>478.4299999999999</ele></trkpt>
<trkpt lat="43.7417217" lon="6.1728133"><ele>478.56</ele></trkpt>
<trkpt lat="43.7416917" lon="6.17281"><ele>478.68</ele></trkpt>
<trkpt lat="43.74165" lon="6.1728083"><ele>479.15</ele></trkpt>
<trkpt lat="43.7416117" lon="6.1728183"><ele>479.2099999999999</ele></trkpt>
<trkpt lat="43.7415833" lon="6.1728233"><ele>479.16</ele></trkpt>
<trkpt lat="43.7415517" lon="6.1728267"><ele>478.54</ele></trkpt>
<trkpt lat="43.7415217" lon="6.1728383"><ele>478.4</ele></trkpt>
<trkpt lat="43.7414933" lon="6.172843299999999"><ele>478.66</ele></trkpt>
<trkpt lat="43.74146" lon="6.17285"><ele>479.05</ele></trkpt>
<trkpt lat="43.741425" lon="6.1728633"><ele>479.29</ele></trkpt>
<trkpt lat="43.7413967" lon="6.1728733"><ele>479.39</ele></trkpt>
<trkpt lat="43.7413633" lon="6.1728817"><ele>479.24</ele></trkpt>
<trkpt lat="43.74133" lon="6.1728833"><ele>479.48</ele></trkpt>
<trkpt lat="43.7412983" lon="6.1728733"><ele>479.3</ele></trkpt>
<trkpt lat="43.7412617" lon="6.172865000000001"><ele>478.9900000000001</ele></trkpt>
<trkpt lat="43.7412233" lon="6.1728583"><ele>478.7300000000001</ele></trkpt>
<trkpt lat="43.741185" lon="6.1728367"><ele>478.6399999999999</ele></trkpt>
<trkpt lat="43.741155" lon="6.1728117"><ele>478.5</ele></trkpt>
<trkpt lat="43.7411183" lon="6.1727917"><ele>478.58</ele></trkpt>
<trkpt lat="43.7410833" lon="6.17277"><ele>478.6499999999999</ele></trkpt>
<trkpt lat="43.7410517" lon="6.1727483"><ele>478.46</ele></trkpt>
<trkpt lat="43.7410167" lon="6.1727233"><ele>478.1799999999999</ele></trkpt>
<trkpt lat="43.7409933" lon="6.1727033"><ele>477.74</ele></trkpt>
<trkpt lat="43.74096" lon="6.172675"><ele>477.37</ele></trkpt>
<trkpt lat="43.7409383" lon="6.1726517"><ele>477.42</ele></trkpt>
<trkpt lat="43.7409117" lon="6.1726233"><ele>477.5</ele></trkpt>
<trkpt lat="43.74088" lon="6.1726117"><ele>477.43</ele></trkpt>
<trkpt lat="43.7408417" lon="6.1726017"><ele>476.82</ele></trkpt>
<trkpt lat="43.74081" lon="6.172591700000001"><ele>476.27</ele></trkpt>
<trkpt lat="43.7407833" lon="6.1725767"><ele>475.97</ele></trkpt>
<trkpt lat="43.74075" lon="6.1725783"><ele>475.23</ele></trkpt>
<trkpt lat="43.7407217" lon="6.1725767"><ele>475.07</ele></trkpt>
<trkpt lat="43.7406883" lon="6.1725783"><ele>475.03</ele></trkpt>
<trkpt lat="43.7406567" lon="6.1725833"><ele>475.17</ele></trkpt>
<trkpt lat="43.7406217" lon="6.172585"><ele>475.03</ele></trkpt>
<trkpt lat="43.7405833" lon="6.1726017"><ele>475.24</ele></trkpt>
<trkpt lat="43.74055" lon="6.17262"><ele>475.16</ele></trkpt>
<trkpt lat="43.7405167" lon="6.172638300000001"><ele>474.87</ele></trkpt>
<trkpt lat="43.7404833" lon="6.17266"><ele>474.99</ele></trkpt>
<trkpt lat="43.7404483" lon="6.1726783"><ele>475.02</ele></trkpt>
<trkpt lat="43.7404233" lon="6.172694999999999"><ele>475.2099999999999</ele></trkpt>
<trkpt lat="43.7403967" lon="6.1727183"><ele>475.43</ele></trkpt>
<trkpt lat="43.7403717" lon="6.1726967"><ele>474.33</ele></trkpt>
<trkpt lat="43.740345" lon="6.1727033"><ele>473.91</ele></trkpt>
<trkpt lat="43.7403283" lon="6.1727383"><ele>474.58</ele></trkpt>
<trkpt lat="43.740275" lon="6.1727817"><ele>475.27</ele></trkpt>
<trkpt lat="43.7402467" lon="6.1728067"><ele>475.16</ele></trkpt>
<trkpt lat="43.7402183" lon="6.172815"><ele>475.2</ele></trkpt>
<trkpt lat="43.7401783" lon="6.172820000000001"><ele>475.8299999999999</ele></trkpt>
<trkpt lat="43.740135" lon="6.172815"><ele>475.9</ele></trkpt>
<trkpt lat="43.740105" lon="6.1728083"><ele>475.99</ele></trkpt>
<trkpt lat="43.7400717" lon="6.17281"><ele>476.16</ele></trkpt>
<trkpt lat="43.7400367" lon="6.172795"><ele>476.6399999999999</ele></trkpt>
<trkpt lat="43.7399983" lon="6.172785000000001"><ele>477.18</ele></trkpt>
<trkpt lat="43.7399667" lon="6.1727767"><ele>477.45</ele></trkpt>
<trkpt lat="43.7399333" lon="6.1727667"><ele>477.54</ele></trkpt>
<trkpt lat="43.7398967" lon="6.172753299999999"><ele>477.5699999999999</ele></trkpt>
<trkpt lat="43.7398633" lon="6.1727417"><ele>477.76</ele></trkpt>
<trkpt lat="43.7398267" lon="6.1727367"><ele>477.75</ele></trkpt>
<trkpt lat="43.7397933" lon="6.1727233"><ele>477.45</ele></trkpt>
<trkpt lat="43.739765" lon="6.172708299999999"><ele>477.5199999999999</ele></trkpt>
<trkpt lat="43.7397317" lon="6.1726933"><ele>477.45</ele></trkpt>
<trkpt lat="43.7397067" lon="6.1726733"><ele>477.17</ele></trkpt>
<trkpt lat="43.7396717" lon="6.17266"><ele>477.08</ele></trkpt>
<trkpt lat="43.73963" lon="6.1726583"><ele>477.38</ele></trkpt>
<trkpt lat="43.739595" lon="6.172661699999999"><ele>477.5199999999999</ele></trkpt>
<trkpt lat="43.7395617" lon="6.172655"><ele>477.92</ele></trkpt>
<trkpt lat="43.7395333" lon="6.1726517"><ele>477.67</ele></trkpt>
<trkpt lat="43.7394983" lon="6.1726417"><ele>477.55</ele></trkpt>
<trkpt lat="43.7394717" lon="6.1726483"><ele>477.37</ele></trkpt>
<trkpt lat="43.7394383" lon="6.1726483"><ele>476.97</ele></trkpt>
<trkpt lat="43.7394117" lon="6.1726417"><ele>476.91</ele></trkpt>
<trkpt lat="43.739375" lon="6.17263"><ele>476.83</ele></trkpt>
<trkpt lat="43.7393417" lon="6.17263"><ele>477.1</ele></trkpt>
<trkpt lat="43.7393167" lon="6.1726133"><ele>477.8799999999999</ele></trkpt>
<trkpt lat="43.7392783" lon="6.1726083"><ele>477.99</ele></trkpt>
<trkpt lat="43.7392433" lon="6.1726133"><ele>478.28</ele></trkpt>
<trkpt lat="43.7392117" lon="6.17262"><ele>478.3899999999999</ele></trkpt>
<trkpt lat="43.739185" lon="6.17261"><ele>478.36</ele></trkpt>
<trkpt lat="43.7391583" lon="6.1725867"><ele>478.42</ele></trkpt>
<trkpt lat="43.73913" lon="6.1725767"><ele>478.32</ele></trkpt>
<trkpt lat="43.7390933" lon="6.1725733"><ele>478.23</ele></trkpt>
<trkpt lat="43.7390533" lon="6.1725717"><ele>478.2</ele></trkpt>
<trkpt lat="43.7390167" lon="6.172559999999999"><ele>478.01</ele></trkpt>
<trkpt lat="43.7389783" lon="6.172558299999999"><ele>477.48</ele></trkpt>
<trkpt lat="43.7389417" lon="6.172565"><ele>477.4</ele></trkpt>
<trkpt lat="43.738905" lon="6.172569999999999"><ele>476.98</ele></trkpt>
<trkpt lat="43.738875" lon="6.1725717"><ele>476.1799999999999</ele></trkpt>
<trkpt lat="43.738835" lon="6.172575"><ele>474.6899999999999</ele></trkpt>
<trkpt lat="43.7387983" lon="6.1725767"><ele>473.7</ele></trkpt>
<trkpt lat="43.7387667" lon="6.1725817"><ele>473.33</ele></trkpt>
<trkpt lat="43.7387267" lon="6.172591700000001"><ele>473.46</ele></trkpt>
<trkpt lat="43.7386983" lon="6.1726"><ele>473.45</ele></trkpt>
<trkpt lat="43.73866" lon="6.1726"><ele>473.59</ele></trkpt>
<trkpt lat="43.7386283" lon="6.1725983"><ele>473.69</ele></trkpt>
<trkpt lat="43.7385933" lon="6.172593300000001"><ele>474.01</ele></trkpt>
<trkpt lat="43.738555" lon="6.172591700000001"><ele>474.37</ele></trkpt>
<trkpt lat="43.7385267" lon="6.172585"><ele>474.6499999999999</ele></trkpt>
<trkpt lat="43.7384883" lon="6.1725733"><ele>475.17</ele></trkpt>
<trkpt lat="43.7384533" lon="6.172558299999999"><ele>475.2</ele></trkpt>
<trkpt lat="43.7384183" lon="6.1725367"><ele>475.41</ele></trkpt>
<trkpt lat="43.7383967" lon="6.172513299999999"><ele>475.33</ele></trkpt>
<trkpt lat="43.73836" lon="6.1724833"><ele>475.04</ele></trkpt>
<trkpt lat="43.7383283" lon="6.172455000000001"><ele>474.74</ele></trkpt>
<trkpt lat="43.7383033" lon="6.172431700000001"><ele>474.72</ele></trkpt>
<trkpt lat="43.7382767" lon="6.1724033"><ele>474.55</ele></trkpt>
<trkpt lat="43.73825" lon="6.172386700000001"><ele>474.45</ele></trkpt>
<trkpt lat="43.738225" lon="6.17235"><ele>474.42</ele></trkpt>
<trkpt lat="43.7382033" lon="6.172315"><ele>474.36</ele></trkpt>
<trkpt lat="43.7381767" lon="6.1722867"><ele>474.0899999999999</ele></trkpt>
<trkpt lat="43.7381433" lon="6.17228"><ele>473.71</ele></trkpt>
<trkpt lat="43.738105" lon="6.1722667"><ele>473.11</ele></trkpt>
<trkpt lat="43.7380783" lon="6.1722467"><ele>473.03</ele></trkpt>
<trkpt lat="43.7380433" lon="6.1722233"><ele>473.15</ele></trkpt>
<trkpt lat="43.7380133" lon="6.172218300000001"><ele>472.89</ele></trkpt>
<trkpt lat="43.7379867" lon="6.1722117"><ele>472.6899999999999</ele></trkpt>
<trkpt lat="43.737955" lon="6.1722067"><ele>472.61</ele></trkpt>
<trkpt lat="43.7379283" lon="6.1722"><ele>472.71</ele></trkpt>
<trkpt lat="43.7378867" lon="6.1721983"><ele>473.5599999999999</ele></trkpt>
<trkpt lat="43.7378567" lon="6.1721933"><ele>474.16</ele></trkpt>
<trkpt lat="43.7378283" lon="6.1721933"><ele>474.1299999999999</ele></trkpt>
<trkpt lat="43.7377933" lon="6.1721983"><ele>474.1199999999999</ele></trkpt>
<trkpt lat="43.7377517" lon="6.1722017"><ele>474.15</ele></trkpt>
<trkpt lat="43.7377167" lon="6.172205000000001"><ele>474.1199999999999</ele></trkpt>
<trkpt lat="43.737685" lon="6.1722067"><ele>474.51</ele></trkpt>
<trkpt lat="43.737645" lon="6.1722117"><ele>474.45</ele></trkpt>
<trkpt lat="43.7376183" lon="6.172218300000001"><ele>474.63</ele></trkpt>
<trkpt lat="43.73759" lon="6.1722233"><ele>474.6399999999999</ele></trkpt>
<trkpt lat="43.7375617" lon="6.172225"><ele>474.6899999999999</ele></trkpt>
<trkpt lat="43.737525" lon="6.1722283"><ele>475.34</ele></trkpt>
<trkpt lat="43.7374867" lon="6.17224"><ele>476</ele></trkpt>
<trkpt lat="43.7374517" lon="6.1722467"><ele>476.46</ele></trkpt>
<trkpt lat="43.7374183" lon="6.1722533"><ele>476.58</ele></trkpt>
<trkpt lat="43.7373833" lon="6.17226"><ele>476.78</ele></trkpt>
<trkpt lat="43.7373567" lon="6.1722683"><ele>476.9499999999999</ele></trkpt>
<trkpt lat="43.737325" lon="6.17229"><ele>477.02</ele></trkpt>
<trkpt lat="43.7373" lon="6.172308300000001"><ele>477.23</ele></trkpt>
<trkpt lat="43.7372733" lon="6.172319999999999"><ele>477.79</ele></trkpt>
<trkpt lat="43.7372367" lon="6.1723367"><ele>478.81</ele></trkpt>
<trkpt lat="43.73721" lon="6.172351700000001"><ele>479.04</ele></trkpt>
<trkpt lat="43.7371783" lon="6.1723733"><ele>479.33</ele></trkpt>
<trkpt lat="43.737145" lon="6.172396700000001"><ele>479.46</ele></trkpt>
<trkpt lat="43.7371117" lon="6.172395"><ele>479.64</ele></trkpt>
<trkpt lat="43.73708" lon="6.1724017"><ele>479.44</ele></trkpt>
<trkpt lat="43.7370467" lon="6.172411699999999"><ele>479.23</ele></trkpt>
<trkpt lat="43.73702" lon="6.1724267"><ele>479.13</ele></trkpt>
<trkpt lat="43.7369883" lon="6.172443300000001"><ele>478.9599999999999</ele></trkpt>
<trkpt lat="43.7369567" lon="6.172469999999999"><ele>478.56</ele></trkpt>
<trkpt lat="43.7369317" lon="6.1724483"><ele>477.53</ele></trkpt>
<trkpt lat="43.736905" lon="6.17246"><ele>477.94</ele></trkpt>
<trkpt lat="43.73688" lon="6.1724783"><ele>478.33</ele></trkpt>
<trkpt lat="43.736845" lon="6.172495"><ele>478.83</ele></trkpt>
<trkpt lat="43.73681" lon="6.172503300000001"><ele>479.05</ele></trkpt>
<trkpt lat="43.736775" lon="6.172513299999999"><ele>479.12</ele></trkpt>
<trkpt lat="43.736745" lon="6.1725383"><ele>478.6899999999999</ele></trkpt>
<trkpt lat="43.7367117" lon="6.172556699999999"><ele>478.36</ele></trkpt>
<trkpt lat="43.73668" lon="6.1725733"><ele>477.8</ele></trkpt>
<trkpt lat="43.736655" lon="6.172595"><ele>477.54</ele></trkpt>
<trkpt lat="43.73663" lon="6.172615"><ele>477.61</ele></trkpt>
<trkpt lat="43.7365983" lon="6.172638300000001"><ele>477.97</ele></trkpt>
<trkpt lat="43.7365717" lon="6.1726783"><ele>478.2</ele></trkpt>
<trkpt lat="43.7365517" lon="6.172706699999999"><ele>478.52</ele></trkpt>
<trkpt lat="43.7365317" lon="6.1727333"><ele>478.93</ele></trkpt>
<trkpt lat="43.7365" lon="6.1727633"><ele>479.2699999999999</ele></trkpt>
<trkpt lat="43.73648" lon="6.1727917"><ele>479.38</ele></trkpt>
<trkpt lat="43.7364533" lon="6.1728217"><ele>479.8600000000001</ele></trkpt>
<trkpt lat="43.73642" lon="6.17285"><ele>480.0799999999999</ele></trkpt>
<trkpt lat="43.7363883" lon="6.17288"><ele>480.61</ele></trkpt>
<trkpt lat="43.7363583" lon="6.1729017"><ele>480.89</ele></trkpt>
<trkpt lat="43.7363267" lon="6.172933300000001"><ele>480.66</ele></trkpt>
<trkpt lat="43.736295" lon="6.172955"><ele>480.76</ele></trkpt>
<trkpt lat="43.7362683" lon="6.1729717"><ele>481.2699999999999</ele></trkpt>
<trkpt lat="43.73623" lon="6.1729817"><ele>481.5</ele></trkpt>
<trkpt lat="43.7362017" lon="6.1729983"><ele>481.35</ele></trkpt>
<trkpt lat="43.7361717" lon="6.17301"><ele>481.16</ele></trkpt>
<trkpt lat="43.7361417" lon="6.1730183"><ele>480.87</ele></trkpt>
<trkpt lat="43.7361083" lon="6.17304"><ele>480.42</ele></trkpt>
<trkpt lat="43.73608" lon="6.173055"><ele>479.3099999999999</ele></trkpt>
<trkpt lat="43.736045" lon="6.1730667"><ele>477.07</ele></trkpt>
<trkpt lat="43.73601" lon="6.1730683"><ele>475.53</ele></trkpt>
<trkpt lat="43.73598" lon="6.1730767"><ele>474.04</ele></trkpt>
<trkpt lat="43.73594" lon="6.1730867"><ele>472.7499999999999</ele></trkpt>
<trkpt lat="43.7358983" lon="6.1730867"><ele>471.94</ele></trkpt>
<trkpt lat="43.7358617" lon="6.1730917"><ele>471.48</ele></trkpt>
<trkpt lat="43.73583" lon="6.1730917"><ele>471.5099999999999</ele></trkpt>
<trkpt lat="43.7358" lon="6.1730883"><ele>471.5099999999999</ele></trkpt>
<trkpt lat="43.735775" lon="6.1730733"><ele>473.53</ele></trkpt>
<trkpt lat="43.735745" lon="6.1730733"><ele>474.0700000000001</ele></trkpt>
<trkpt lat="43.7357133" lon="6.1730767"><ele>474.54</ele></trkpt>
<trkpt lat="43.7356783" lon="6.1730783"><ele>474.87</ele></trkpt>
<trkpt lat="43.7356417" lon="6.17308"><ele>475.17</ele></trkpt>
<trkpt lat="43.7356017" lon="6.173075"><ele>475.02</ele></trkpt>
<trkpt lat="43.735565" lon="6.173065"><ele>475.2499999999999</ele></trkpt>
<trkpt lat="43.7355383" lon="6.1730533"><ele>475.4</ele></trkpt>
<trkpt lat="43.7355" lon="6.173038299999999"><ele>475.7699999999999</ele></trkpt>
<trkpt lat="43.7354667" lon="6.1730233"><ele>476.4</ele></trkpt>
<trkpt lat="43.735435" lon="6.1730067"><ele>476.9599999999999</ele></trkpt>
<trkpt lat="43.7354083" lon="6.172995"><ele>477.17</ele></trkpt>
<trkpt lat="43.7353833" lon="6.172979999999999"><ele>477.28</ele></trkpt>
<trkpt lat="43.7353467" lon="6.17296"><ele>477.38</ele></trkpt>
<trkpt lat="43.73531" lon="6.1729433"><ele>477.7</ele></trkpt>
<trkpt lat="43.735275" lon="6.1729267"><ele>477.59</ele></trkpt>
<trkpt lat="43.7352517" lon="6.172903299999999"><ele>477.68</ele></trkpt>
<trkpt lat="43.7352233" lon="6.1729017"><ele>477.45</ele></trkpt>
<trkpt lat="43.735185" lon="6.1729167"><ele>477.43</ele></trkpt>
<trkpt lat="43.73515" lon="6.172931699999999"><ele>477.2499999999999</ele></trkpt>
<trkpt lat="43.73511" lon="6.1729367"><ele>476.9599999999999</ele></trkpt>
<trkpt lat="43.73507" lon="6.17293"><ele>476.56</ele></trkpt>
<trkpt lat="43.7350317" lon="6.172925"><ele>476.58</ele></trkpt>
<trkpt lat="43.7349933" lon="6.17291"><ele>476.62</ele></trkpt>
<trkpt lat="43.7349617" lon="6.172905"><ele>476.84</ele></trkpt>
<trkpt lat="43.734935" lon="6.1729133"><ele>477.0099999999999</ele></trkpt>
<trkpt lat="43.7349067" lon="6.1729267"><ele>477.18</ele></trkpt>
<trkpt lat="43.734885" lon="6.1729517"><ele>477.09</ele></trkpt>
<trkpt lat="43.7348667" lon="6.1729817"><ele>477.3</ele></trkpt>
<trkpt lat="43.734845" lon="6.173011700000001"><ele>477.48</ele></trkpt>
<trkpt lat="43.7348283" lon="6.173045"><ele>478.05</ele></trkpt>
<trkpt lat="43.7348067" lon="6.173015"><ele>477.95</ele></trkpt>
<trkpt lat="43.7348017" lon="6.173058300000001"><ele>477.85</ele></trkpt>
<trkpt lat="43.7347983" lon="6.1730983"><ele>478.0700000000001</ele></trkpt>
<trkpt lat="43.73479" lon="6.173145"><ele>478.37</ele></trkpt>
<trkpt lat="43.7347783" lon="6.17318"><ele>478.41</ele></trkpt>
<trkpt lat="43.73477" lon="6.173216699999999"><ele>478.48</ele></trkpt>
<trkpt lat="43.7347617" lon="6.173261700000001"><ele>478.54</ele></trkpt>
<trkpt lat="43.7347333" lon="6.1733"><ele>478.77</ele></trkpt>
<trkpt lat="43.7347067" lon="6.173325"><ele>478.81</ele></trkpt>
<trkpt lat="43.7346767" lon="6.1733617"><ele>478.81</ele></trkpt>
<trkpt lat="43.7346517" lon="6.17338"><ele>478.9900000000001</ele></trkpt>
<trkpt lat="43.7346233" lon="6.173386700000001"><ele>478.9999999999999</ele></trkpt>
<trkpt lat="43.734595" lon="6.1733917"><ele>481.5099999999999</ele></trkpt>
<trkpt lat="43.7345633" lon="6.17342"><ele>481.09</ele></trkpt>
<trkpt lat="43.7345317" lon="6.1734533"><ele>480.76</ele></trkpt>
<trkpt lat="43.7345117" lon="6.1734983"><ele>480.45</ele></trkpt>
<trkpt lat="43.7344917" lon="6.1735417"><ele>480.32</ele></trkpt>
<trkpt lat="43.734475" lon="6.173573299999999"><ele>480.05</ele></trkpt>
<trkpt lat="43.7344617" lon="6.17362"><ele>479.8199999999999</ele></trkpt>
<trkpt lat="43.73444" lon="6.1736683"><ele>479.81</ele></trkpt>
<trkpt lat="43.734425" lon="6.17372"><ele>479.97</ele></trkpt>
<trkpt lat="43.7344117" lon="6.1737533"><ele>480.26</ele></trkpt>
<trkpt lat="43.7343967" lon="6.1738017"><ele>480.48</ele></trkpt>
<trkpt lat="43.7343833" lon="6.1738467"><ele>480.77</ele></trkpt>
<trkpt lat="43.7343717" lon="6.173893299999999"><ele>480.78</ele></trkpt>
<trkpt lat="43.7343583" lon="6.1739267"><ele>480.74</ele></trkpt>
<trkpt lat="43.7343433" lon="6.1739583"><ele>480.71</ele></trkpt>
<trkpt lat="43.734325" lon="6.1739883"><ele>480.7300000000001</ele></trkpt>
<trkpt lat="43.7343017" lon="6.174026699999999"><ele>480.29</ele></trkpt>
<trkpt lat="43.7342733" lon="6.1740467"><ele>479.98</ele></trkpt>
<trkpt lat="43.7342517" lon="6.174073300000001"><ele>479.8299999999999</ele></trkpt>
<trkpt lat="43.73423" lon="6.174115"><ele>479.72</ele></trkpt>
<trkpt lat="43.7342117" lon="6.1741483"><ele>479.55</ele></trkpt>
<trkpt lat="43.73419" lon="6.1741817"><ele>479.44</ele></trkpt>
<trkpt lat="43.7341683" lon="6.1742117"><ele>479.58</ele></trkpt>
<trkpt lat="43.7341467" lon="6.17424"><ele>479.7</ele></trkpt>
<trkpt lat="43.7341183" lon="6.17428"><ele>479.7799999999999</ele></trkpt>
<trkpt lat="43.7340983" lon="6.1743067"><ele>480.04</ele></trkpt>
<trkpt lat="43.7340783" lon="6.174334999999999"><ele>480.5</ele></trkpt>
<trkpt lat="43.7340533" lon="6.174358300000001"><ele>480.76</ele></trkpt>
<trkpt lat="43.7340267" lon="6.174395"><ele>481.2099999999999</ele></trkpt>
<trkpt lat="43.7340067" lon="6.1744333"><ele>481.85</ele></trkpt>
<trkpt lat="43.7339767" lon="6.174448300000001"><ele>482.0799999999999</ele></trkpt>
<trkpt lat="43.7339483" lon="6.1744717"><ele>482.1799999999999</ele></trkpt>
<trkpt lat="43.7339167" lon="6.1745033"><ele>482.4299999999999</ele></trkpt>
<trkpt lat="43.7338933" lon="6.1745233"><ele>482.1799999999999</ele></trkpt>
<trkpt lat="43.7338583" lon="6.1745517"><ele>481.41</ele></trkpt>
<trkpt lat="43.7338283" lon="6.1745833"><ele>481.03</ele></trkpt>
<trkpt lat="43.7338" lon="6.174605"><ele>480.85</ele></trkpt>
<trkpt lat="43.73377" lon="6.1746367"><ele>480.56</ele></trkpt>
<trkpt lat="43.73374" lon="6.1746667"><ele>480.6</ele></trkpt>
<trkpt lat="43.73371" lon="6.1747017"><ele>480.49</ele></trkpt>
<trkpt lat="43.7336867" lon="6.174725"><ele>480.53</ele></trkpt>
<trkpt lat="43.7336583" lon="6.1747567"><ele>480.3899999999999</ele></trkpt>
<trkpt lat="43.7336383" lon="6.1747833"><ele>480.71</ele></trkpt>
<trkpt lat="43.7336167" lon="6.1748117"><ele>481.19</ele></trkpt>
<trkpt lat="43.7335967" lon="6.1748383"><ele>481.5299999999999</ele></trkpt>
<trkpt lat="43.7335667" lon="6.17487"><ele>481.6199999999999</ele></trkpt>
<trkpt lat="43.7335367" lon="6.1749033"><ele>481.6199999999999</ele></trkpt>
<trkpt lat="43.73351" lon="6.174936699999999"><ele>481.33</ele></trkpt>
<trkpt lat="43.7334883" lon="6.1749633"><ele>481.3099999999999</ele></trkpt>
<trkpt lat="43.7334583" lon="6.1749917"><ele>481.48</ele></trkpt>
<trkpt lat="43.73343" lon="6.17502"><ele>481.35</ele></trkpt>
<trkpt lat="43.7334017" lon="6.175060000000001"><ele>480.9599999999999</ele></trkpt>
<trkpt lat="43.73338" lon="6.1750833"><ele>480.98</ele></trkpt>
<trkpt lat="43.73335" lon="6.175116700000001"><ele>480.72</ele></trkpt>
<trkpt lat="43.7333267" lon="6.175141699999999"><ele>480.71</ele></trkpt>
<trkpt lat="43.7332983" lon="6.175176699999999"><ele>480.6399999999999</ele></trkpt>
<trkpt lat="43.7332967" lon="6.175215"><ele>480.55</ele></trkpt>
<trkpt lat="43.7332817" lon="6.1752583"><ele>479.99</ele></trkpt>
<trkpt lat="43.7332583" lon="6.1752867"><ele>479.2</ele></trkpt>
<trkpt lat="43.73323" lon="6.17532"><ele>478.4</ele></trkpt>
<trkpt lat="43.7332067" lon="6.175355"><ele>477.7</ele></trkpt>
<trkpt lat="43.7331933" lon="6.1753983"><ele>477.2599999999999</ele></trkpt>
<trkpt lat="43.7331783" lon="6.1754417"><ele>477.02</ele></trkpt>
<trkpt lat="43.7331617" lon="6.1754833"><ele>476.66</ele></trkpt>
<trkpt lat="43.733145" lon="6.175525"><ele>476.58</ele></trkpt>
<trkpt lat="43.7331267" lon="6.175564999999999"><ele>476.71</ele></trkpt>
<trkpt lat="43.7331133" lon="6.175606699999999"><ele>476.24</ele></trkpt>
<trkpt lat="43.73309" lon="6.17565"><ele>476.4700000000001</ele></trkpt>
<trkpt lat="43.7330717" lon="6.1756967"><ele>476.42</ele></trkpt>
<trkpt lat="43.7330617" lon="6.175733300000001"><ele>476.48</ele></trkpt>
<trkpt lat="43.7330433" lon="6.1757717"><ele>476.51</ele></trkpt>
<trkpt lat="43.73303" lon="6.175805"><ele>476.81</ele></trkpt>
<trkpt lat="43.7330233" lon="6.1758417"><ele>477.38</ele></trkpt>
<trkpt lat="43.7330067" lon="6.175893299999999"><ele>478.04</ele></trkpt>
<trkpt lat="43.7329917" lon="6.175928300000001"><ele>478.5</ele></trkpt>
<trkpt lat="43.7329817" lon="6.175981699999999"><ele>479.07</ele></trkpt>
<trkpt lat="43.73297" lon="6.176016700000001"><ele>479.32</ele></trkpt>
<trkpt lat="43.732955" lon="6.1760517"><ele>479.81</ele></trkpt>
<trkpt lat="43.7329383" lon="6.17609"><ele>480.37</ele></trkpt>
<trkpt lat="43.732925" lon="6.176125"><ele>480.66</ele></trkpt>
<trkpt lat="43.7329117" lon="6.1761717"><ele>481.1</ele></trkpt>
<trkpt lat="43.7328967" lon="6.176215"><ele>481.46</ele></trkpt>
<trkpt lat="43.7328783" lon="6.17625"><ele>481.44</ele></trkpt>
<trkpt lat="43.732865" lon="6.176295"><ele>480.9599999999999</ele></trkpt>
<trkpt lat="43.732855" lon="6.17633"><ele>480.23</ele></trkpt>
<trkpt lat="43.7328283" lon="6.176346700000001"><ele>479.22</ele></trkpt>
<trkpt lat="43.7327933" lon="6.1763633"><ele>478.91</ele></trkpt>
<trkpt lat="43.7327583" lon="6.176356700000001"><ele>478.0299999999999</ele></trkpt>
<trkpt lat="43.732785" lon="6.1763317"><ele>477.53</ele></trkpt>
<trkpt lat="43.732815" lon="6.17632"><ele>477.2099999999999</ele></trkpt>
<trkpt lat="43.732835" lon="6.176293299999999"><ele>477.5599999999999</ele></trkpt>
<trkpt lat="43.7328583" lon="6.17626"><ele>477.22</ele></trkpt>
<trkpt lat="43.7328717" lon="6.176223300000001"><ele>477.2</ele></trkpt>
<trkpt lat="43.732895" lon="6.1761917"><ele>476.9900000000001</ele></trkpt>
<trkpt lat="43.73293" lon="6.1761917"><ele>476.88</ele></trkpt>
<trkpt lat="43.7329583" lon="6.176210000000001"><ele>476.98</ele></trkpt>
<trkpt lat="43.7329833" lon="6.176234999999999"><ele>477.08</ele></trkpt>
<trkpt lat="43.732985" lon="6.1761967"><ele>476.54</ele></trkpt>
<trkpt lat="43.7329917" lon="6.17616"><ele>475.8199999999999</ele></trkpt>
<trkpt lat="43.7330067" lon="6.1761917"><ele>477.55</ele></trkpt>
<trkpt lat="43.73298" lon="6.1762167"><ele>477.8699999999999</ele></trkpt>
<trkpt lat="43.7329833" lon="6.176255000000001"><ele>477.91</ele></trkpt>
<trkpt lat="43.7329483" lon="6.176355"><ele>477.92</ele></trkpt>
<trkpt lat="43.7329583" lon="6.1764117"><ele>478</ele></trkpt>
<trkpt lat="43.73297" lon="6.1764467"><ele>478.01</ele></trkpt>
<trkpt lat="43.733005" lon="6.1764733"><ele>478.41</ele></trkpt>
<trkpt lat="43.73303" lon="6.1765233"><ele>478.82</ele></trkpt>
<trkpt lat="43.733055" lon="6.176506699999999"><ele>479.37</ele></trkpt>
<trkpt lat="43.7330667" lon="6.1764583"><ele>480.07</ele></trkpt>
<trkpt lat="43.7331133" lon="6.176335"><ele>484.26</ele></trkpt>
<trkpt lat="43.7331267" lon="6.176285"><ele>485.76</ele></trkpt>
<trkpt lat="43.7331483" lon="6.176258300000001"><ele>485.9</ele></trkpt>
<trkpt lat="43.733175" lon="6.176223300000001"><ele>485.81</ele></trkpt>
<trkpt lat="43.73318" lon="6.176178299999999"><ele>486.24</ele></trkpt>
<trkpt lat="43.7332" lon="6.17613"><ele>486.57</ele></trkpt>
<trkpt lat="43.733225" lon="6.1761017"><ele>486.91</ele></trkpt>
<trkpt lat="43.7332483" lon="6.17606"><ele>487.46</ele></trkpt>
<trkpt lat="43.7332633" lon="6.176018300000001"><ele>487.8299999999999</ele></trkpt>
<trkpt lat="43.7332867" lon="6.175975"><ele>488.26</ele></trkpt>
<trkpt lat="43.733315" lon="6.1759417"><ele>488.41</ele></trkpt>
<trkpt lat="43.7333417" lon="6.1759083"><ele>488.3399999999999</ele></trkpt>
<trkpt lat="43.7333733" lon="6.1758717"><ele>488.59</ele></trkpt>
<trkpt lat="43.7333983" lon="6.1758317"><ele>487.7799999999999</ele></trkpt>
<trkpt lat="43.733425" lon="6.175793299999999"><ele>487.9</ele></trkpt>
<trkpt lat="43.7334483" lon="6.1757517"><ele>488.01</ele></trkpt>
</trkseg></trk>
</gpx>