<?xml version="1.0" encoding="UTF-8"?>
<gpx version="1.1" creator="Marando" xmlns="http://www.topografix.com/GPX/1/1">
<wpt lat="43.49741" lon="5.950695000000001"><ele>260.23</ele><name>Départ</name><desc>Randonnée pilotée par Jean-Marc
Mercredi 9 septembre 2026</desc></wpt>
<wpt lat="43.4974783" lon="5.95025"><ele>254.01</ele><name>Confluence</name><desc>À cet endroit précis, le Cauron rejoint l'Argens selon un angle de confluence relativement aigu, révélateur d'un ajustement hydrodynamique progressif entre deux cours d'eau d'ordre différent. On observe un contraste net dans la turbidité et la granulométrie des sédiments charriés, signature de bassins versants aux lithologies distinctes. Ce point de jonction constitue également une zone de dépôt alluvial préférentielle, où l'énergie combinée des flux favorise la sédimentation de matériaux grossiers en période de crue, tandis que les étiages exposent des bancs de galets remaniés.</desc></wpt>
<wpt lat="43.50326" lon="5.953846700000001"><ele>247.46</ele><name>Chêne</name><desc>Sous l'écorce tourmentée de ce vénérable chêne pubescent se cache un véritable écosystème relicte, gardien silencieux des anciens pacages. En 1944, les maquisards de la Haute-Provence utilisèrent sa haute frondaison multicentenaire comme boîte aux lettres vivante, glissant les messages codés dans une cavité naturelle colmatée par les ans. Ses racines puissantes, ancrées dans la dalle calcaire, témoignent d'une résilience face aux sécheresses estivales successives et aux violents épisodes cévenols. Observez la cupule de ses glands et la marcescence de ses feuilles brunies .</desc></wpt>
<wpt lat="43.5201867" lon="5.94099"><ele>284.71</ele><name>Chapelle Notre-Dame</name><desc>Isolée sur une petite hauteur, au bord de l’ancien cimetière, la chapelle Notre-Dame de Brue-Auriac veille silencieusement sur la plaine. D’origine romane, son histoire remonte au XIᵉ siècle, lorsqu’elle dépendait de la puissante abbaye Saint-Victor de Marseille. Plusieurs fois transformée, elle fut longtemps l’église paroissiale de Brue et d’Auriac. Après la construction de l’église Saint-Georges au cœur du village, elle retrouva son rôle de chapelle du cimetière. Inscrite aux Monuments historiques depuis 1971, elle conserve le charme austère des édifices romans provençaux.
</desc></wpt>
<wpt lat="43.5201867" lon="5.9411317"><ele>285.81</ele><name>Fronton</name><desc>La sculpture que vous avez photographiée représente bien le Christ, mais sous une forme assez particulière. On distingue une figure frontale, les bras levés, les mains largement ouvertes, un nimbe circulaire autour de la tête et un vêtement richement orné. Il s'agit vraisemblablement d'un Christ en majesté / Christ glorieux, plutôt que d'un Christ en croix.
Elle avait été bûchée, probablement à la Révolution, puis volée peu avant 1980. 
La main droite bénit et la main gauche tient Le Livre.</desc></wpt>
<wpt lat="43.4987767" lon="5.941716699999999"><ele>340.69</ele><name>Buis</name><desc>Le buis commun (Buxus sempervirens) est un arbuste clé des sous-bois provençaux, très présent sur les sols calcaires du Luberon ou de la Sainte-Baume.

Adaptation : Ses petites feuilles coriaces et persistantes lui permettent de supporter la sécheresse estivale.

Usage : Sa croissance très lente donne un bois extrêmement dense, prisé en artisanat pour le tournage et les ustensiles.

Menace : Depuis les années 2010, les forêts méditerranéennes subissent des ravages massifs causés par la pyrale du buis, une chenille invasive.</desc></wpt>
<wpt lat="43.4998633" lon="5.95125"><ele>255.19</ele><name>Chicorée</name><desc>La chicorée sauvage (Cichorium intybus), aux fleurs bleu azur, borde les chemins rocailleux et le maquis du Var.

L'horloge du paysan : Ses fleurs s'ouvrent à l'aube et se referment dès midi face à la chaleur. Les anciens l'utilisaient comme repère temporel.

Le café de disette : Durant les pénuries, ses racines récoltées dans la campagne varoise étaient torréfiées pour pallier le manque de café.

Dans l'assiette : Ses jeunes pousses amères composent traditionnellement la salade sauvage provençale du printemps.</desc></wpt>
<wpt lat="43.4975733" lon="5.9503133"><ele>255.78</ele><name>Argens</name><desc>Né dans les Alpes-de-Haute-Provence, l’Argens traverse le Var sur près de 116 km avant de se jeter dans la Méditerranée entre Fréjus et Saint-Aygulf. Ce fleuve côtier, l’un des plus importants de Provence, reçoit de nombreux affluents, dont la Bresque, l’Aille et la Nartuby. Son nom viendrait d’une racine préromaine évoquant l’idée d’« eau brillante ». Capricieux, l’Argens peut grossir brutalement lors des pluies méditerranéennes, transformant paisibles berges et plaines en zones inondables.</desc></wpt>
<wpt lat="43.497365" lon="5.95085"><ele>249.4</ele><name>Arrivée</name><desc>Grande randonnée

Heure de départ: 14:15 9 sept. 2026
Heure d'arrivée: 17:52 9 sept. 2026

Distance: 10,2km 
Temps déplacement: 02:42
Vitesse moyenne: 2,81 km/h
Vitesse en mouvement: 3,76 km/h
Vitesse Max.: 6,80 km/h
Altitude minimale: 232 m
Altitude maximale: 349 m
Vitesse de montée: 199,3 m/h
Vitesse de descente: 186,3 m/h
Dénivelé positif: 212 m
Dénivelé négatif: 217 m

Temps de montée: 01:03
Temps de descente: 01:10</desc></wpt>
<trk><name>2026-09-09_Brue_Auriac</name><trkseg>
<trkpt lat="43.49741" lon="5.950695000000001"><ele>260.23</ele></trkpt>
<trkpt lat="43.4974067" lon="5.950706699999999"><ele>260.46</ele></trkpt>
<trkpt lat="43.4973867" lon="5.95068"><ele>258</ele></trkpt>
<trkpt lat="43.49738" lon="5.9506333"><ele>256.9</ele></trkpt>
<trkpt lat="43.4973867" lon="5.95059"><ele>256.52</ele></trkpt>
<trkpt lat="43.49739" lon="5.9505433"><ele>256.13</ele></trkpt>
<trkpt lat="43.4974033" lon="5.9504983"><ele>255.91</ele></trkpt>
<trkpt lat="43.497425" lon="5.9504633"><ele>255.78</ele></trkpt>
<trkpt lat="43.4974333" lon="5.950425"><ele>254.67</ele></trkpt>
<trkpt lat="43.4974333" lon="5.95038"><ele>254.05</ele></trkpt>
<trkpt lat="43.4974483" lon="5.9503383"><ele>254.08</ele></trkpt>
<trkpt lat="43.4974683" lon="5.950306700000001"><ele>254.17</ele></trkpt>
<trkpt lat="43.4974867" lon="5.9502767"><ele>254.09</ele></trkpt>
<trkpt lat="43.4975133" lon="5.95027"><ele>253.91</ele></trkpt>
<trkpt lat="43.4975367" lon="5.9502367"><ele>254.04</ele></trkpt>
<trkpt lat="43.4975667" lon="5.9502067"><ele>253.52</ele></trkpt>
<trkpt lat="43.497575" lon="5.950170000000001"><ele>253.41</ele></trkpt>
<trkpt lat="43.4976" lon="5.950138300000001"><ele>253.03</ele></trkpt>
<trkpt lat="43.4976217" lon="5.950091699999999"><ele>252.8</ele></trkpt>
<trkpt lat="43.4976317" lon="5.9500533"><ele>252.6</ele></trkpt>
<trkpt lat="43.4976583" lon="5.9500383"><ele>252.56</ele></trkpt>
<trkpt lat="43.4976883" lon="5.950035000000001"><ele>252.29</ele></trkpt>
<trkpt lat="43.4977183" lon="5.9500383"><ele>251.88</ele></trkpt>
<trkpt lat="43.49775" lon="5.9500167"><ele>251.62</ele></trkpt>
<trkpt lat="43.4977633" lon="5.949976700000001"><ele>251.32</ele></trkpt>
<trkpt lat="43.4977883" lon="5.9499533"><ele>251.34</ele></trkpt>
<trkpt lat="43.4978133" lon="5.949930000000001"><ele>251.13</ele></trkpt>
<trkpt lat="43.4978433" lon="5.9499217"><ele>251.45</ele></trkpt>
<trkpt lat="43.4978817" lon="5.9499167"><ele>251.49</ele></trkpt>
<trkpt lat="43.4979117" lon="5.9499017"><ele>251.57</ele></trkpt>
<trkpt lat="43.4979417" lon="5.9498783"><ele>251.49</ele></trkpt>
<trkpt lat="43.49797" lon="5.9498583"><ele>251.32</ele></trkpt>
<trkpt lat="43.4980067" lon="5.949840000000001"><ele>250.74</ele></trkpt>
<trkpt lat="43.498035" lon="5.94983"><ele>250.29</ele></trkpt>
<trkpt lat="43.4980667" lon="5.9498233"><ele>250.26</ele></trkpt>
<trkpt lat="43.4981067" lon="5.9498233"><ele>250.35</ele></trkpt>
<trkpt lat="43.4981333" lon="5.94983"><ele>250.4</ele></trkpt>
<trkpt lat="43.4981633" lon="5.9498417"><ele>250.22</ele></trkpt>
<trkpt lat="43.4981933" lon="5.9498417"><ele>250.02</ele></trkpt>
<trkpt lat="43.4982217" lon="5.9498467"><ele>249.75</ele></trkpt>
<trkpt lat="43.4982533" lon="5.9498633"><ele>249.59</ele></trkpt>
<trkpt lat="43.49828" lon="5.9498817"><ele>249.65</ele></trkpt>
<trkpt lat="43.49831" lon="5.949905"><ele>249.68</ele></trkpt>
<trkpt lat="43.49834" lon="5.94992"><ele>249.75</ele></trkpt>
<trkpt lat="43.4983733" lon="5.9499283"><ele>249.81</ele></trkpt>
<trkpt lat="43.4984033" lon="5.9499283"><ele>249.94</ele></trkpt>
<trkpt lat="43.498435" lon="5.949943300000001"><ele>250.14</ele></trkpt>
<trkpt lat="43.4984567" lon="5.94997"><ele>250.11</ele></trkpt>
<trkpt lat="43.4984883" lon="5.949976700000001"><ele>249.99</ele></trkpt>
<trkpt lat="43.49852" lon="5.94998"><ele>249.91</ele></trkpt>
<trkpt lat="43.4985517" lon="5.9499933"><ele>249.88</ele></trkpt>
<trkpt lat="43.49858" lon="5.950015"><ele>249.86</ele></trkpt>
<trkpt lat="43.498605" lon="5.9500433"><ele>249.74</ele></trkpt>
<trkpt lat="43.498625" lon="5.95007"><ele>249.4</ele></trkpt>
<trkpt lat="43.4986617" lon="5.9500833"><ele>249.38</ele></trkpt>
<trkpt lat="43.4986833" lon="5.95011"><ele>249.38</ele></trkpt>
<trkpt lat="43.49871" lon="5.95013"><ele>249.58</ele></trkpt>
<trkpt lat="43.4987467" lon="5.9501567"><ele>249.58</ele></trkpt>
<trkpt lat="43.4987867" lon="5.9501883"><ele>249.67</ele></trkpt>
<trkpt lat="43.4988183" lon="5.9502117"><ele>249.77</ele></trkpt>
<trkpt lat="43.49885" lon="5.950235"><ele>249.55</ele></trkpt>
<trkpt lat="43.4988767" lon="5.950253299999999"><ele>249.33</ele></trkpt>
<trkpt lat="43.4988983" lon="5.9502783"><ele>249.22</ele></trkpt>
<trkpt lat="43.4989167" lon="5.950316700000001"><ele>249.35</ele></trkpt>
<trkpt lat="43.4989383" lon="5.950343299999999"><ele>249.48</ele></trkpt>
<trkpt lat="43.498965" lon="5.950375000000001"><ele>249.23</ele></trkpt>
<trkpt lat="43.4989933" lon="5.950408300000001"><ele>249.09</ele></trkpt>
<trkpt lat="43.4990183" lon="5.950431699999999"><ele>248.92</ele></trkpt>
<trkpt lat="43.4990483" lon="5.9504633"><ele>248.61</ele></trkpt>
<trkpt lat="43.4990683" lon="5.950489999999999"><ele>248.43</ele></trkpt>
<trkpt lat="43.4990933" lon="5.9505167"><ele>248.39</ele></trkpt>
<trkpt lat="43.499115" lon="5.9505467"><ele>248.38</ele></trkpt>
<trkpt lat="43.4991433" lon="5.950575"><ele>248.06</ele></trkpt>
<trkpt lat="43.499175" lon="5.9506"><ele>247.5</ele></trkpt>
<trkpt lat="43.49921" lon="5.9506183"><ele>246.84</ele></trkpt>
<trkpt lat="43.4992367" lon="5.950648300000001"><ele>246.55</ele></trkpt>
<trkpt lat="43.4992583" lon="5.950671699999999"><ele>246.42</ele></trkpt>
<trkpt lat="43.49929" lon="5.9507017"><ele>246.32</ele></trkpt>
<trkpt lat="43.4993233" lon="5.9507283"><ele>246.26</ele></trkpt>
<trkpt lat="43.4993467" lon="5.9507483"><ele>246.44</ele></trkpt>
<trkpt lat="43.4993717" lon="5.9507817"><ele>246.65</ele></trkpt>
<trkpt lat="43.499395" lon="5.950805"><ele>246.78</ele></trkpt>
<trkpt lat="43.499425" lon="5.9508333"><ele>246.95</ele></trkpt>
<trkpt lat="43.4994533" lon="5.9508617"><ele>247.15</ele></trkpt>
<trkpt lat="43.4994767" lon="5.950895"><ele>247.12</ele></trkpt>
<trkpt lat="43.4995033" lon="5.9509217"><ele>247.28</ele></trkpt>
<trkpt lat="43.4995367" lon="5.9509433"><ele>247.22</ele></trkpt>
<trkpt lat="43.4995683" lon="5.95097"><ele>247.16</ele></trkpt>
<trkpt lat="43.499595" lon="5.950995"><ele>247.35</ele></trkpt>
<trkpt lat="43.49962" lon="5.9510233"><ele>247.71</ele></trkpt>
<trkpt lat="43.499645" lon="5.951048299999999"><ele>248.04</ele></trkpt>
<trkpt lat="43.4996717" lon="5.951075"><ele>248.18</ele></trkpt>
<trkpt lat="43.4996933" lon="5.9511017"><ele>248.21</ele></trkpt>
<trkpt lat="43.49972" lon="5.9511317"><ele>247.76</ele></trkpt>
<trkpt lat="43.4997483" lon="5.951153299999999"><ele>247.46</ele></trkpt>
<trkpt lat="43.4997833" lon="5.951181700000001"><ele>247.36</ele></trkpt>
<trkpt lat="43.499815" lon="5.95121"><ele>247.64</ele></trkpt>
<trkpt lat="43.49984" lon="5.9512333"><ele>247.86</ele></trkpt>
<trkpt lat="43.4998667" lon="5.9512567"><ele>247.95</ele></trkpt>
<trkpt lat="43.4998933" lon="5.9512833"><ele>248.06</ele></trkpt>
<trkpt lat="43.499925" lon="5.951306700000001"><ele>247.73</ele></trkpt>
<trkpt lat="43.4999517" lon="5.9513383"><ele>247.4</ele></trkpt>
<trkpt lat="43.4999783" lon="5.95136"><ele>247.08</ele></trkpt>
<trkpt lat="43.5000067" lon="5.951389999999999"><ele>246.14</ele></trkpt>
<trkpt lat="43.500035" lon="5.95142"><ele>245.78</ele></trkpt>
<trkpt lat="43.5000617" lon="5.951445"><ele>245.9</ele></trkpt>
<trkpt lat="43.500085" lon="5.951469999999999"><ele>245.94</ele></trkpt>
<trkpt lat="43.50011" lon="5.9514967"><ele>246.48</ele></trkpt>
<trkpt lat="43.5001367" lon="5.95152"><ele>246.68</ele></trkpt>
<trkpt lat="43.5001633" lon="5.95154"><ele>246.76</ele></trkpt>
<trkpt lat="43.500195" lon="5.951546700000001"><ele>246.69</ele></trkpt>
<trkpt lat="43.50022" lon="5.951565"><ele>247.34</ele></trkpt>
<trkpt lat="43.50025" lon="5.9515883"><ele>248.21</ele></trkpt>
<trkpt lat="43.5002767" lon="5.951615000000001"><ele>249.03</ele></trkpt>
<trkpt lat="43.5003033" lon="5.9516367"><ele>249.47</ele></trkpt>
<trkpt lat="43.5003267" lon="5.951661699999999"><ele>249.72</ele></trkpt>
<trkpt lat="43.5003517" lon="5.951695000000001"><ele>249.99</ele></trkpt>
<trkpt lat="43.5003767" lon="5.9517233"><ele>250.32</ele></trkpt>
<trkpt lat="43.5004033" lon="5.9517567"><ele>250.27</ele></trkpt>
<trkpt lat="43.5004317" lon="5.9517917"><ele>250.28</ele></trkpt>
<trkpt lat="43.5004617" lon="5.951823299999999"><ele>250.01</ele></trkpt>
<trkpt lat="43.50049" lon="5.9518483"><ele>249.71</ele></trkpt>
<trkpt lat="43.5005217" lon="5.9518817"><ele>248.94</ele></trkpt>
<trkpt lat="43.5005517" lon="5.95191"><ele>247.97</ele></trkpt>
<trkpt lat="43.5005817" lon="5.95194"><ele>246.91</ele></trkpt>
<trkpt lat="43.5006117" lon="5.9519717"><ele>246.15</ele></trkpt>
<trkpt lat="43.5006367" lon="5.9519967"><ele>246.07</ele></trkpt>
<trkpt lat="43.5006667" lon="5.95203"><ele>245.76</ele></trkpt>
<trkpt lat="43.5006983" lon="5.952063299999999"><ele>245.42</ele></trkpt>
<trkpt lat="43.5007283" lon="5.9520917"><ele>245.54</ele></trkpt>
<trkpt lat="43.500755" lon="5.9521167"><ele>245.83</ele></trkpt>
<trkpt lat="43.50079" lon="5.9521433"><ele>246.29</ele></trkpt>
<trkpt lat="43.5008233" lon="5.95217"><ele>247.32</ele></trkpt>
<trkpt lat="43.50086" lon="5.9521917"><ele>248.6</ele></trkpt>
<trkpt lat="43.5008833" lon="5.9522117"><ele>249.09</ele></trkpt>
<trkpt lat="43.5009083" lon="5.952231699999999"><ele>249.35</ele></trkpt>
<trkpt lat="43.500935" lon="5.9522533"><ele>250.06</ele></trkpt>
<trkpt lat="43.50096" lon="5.9522817"><ele>250.31</ele></trkpt>
<trkpt lat="43.5009933" lon="5.9523117"><ele>250.99</ele></trkpt>
<trkpt lat="43.50102" lon="5.9523183"><ele>251.03</ele></trkpt>
<trkpt lat="43.501055" lon="5.9523133"><ele>251.04</ele></trkpt>
<trkpt lat="43.50107" lon="5.9522733"><ele>251.51</ele></trkpt>
<trkpt lat="43.5010667" lon="5.952233300000001"><ele>251.39</ele></trkpt>
<trkpt lat="43.5010383" lon="5.952215"><ele>251.94</ele></trkpt>
<trkpt lat="43.5009867" lon="5.9521833"><ele>252.21</ele></trkpt>
<trkpt lat="43.50096" lon="5.95216"><ele>252.18</ele></trkpt>
<trkpt lat="43.5009433" lon="5.952115"><ele>251.2</ele></trkpt>
<trkpt lat="43.500945" lon="5.9520767"><ele>250.65</ele></trkpt>
<trkpt lat="43.5009317" lon="5.9520317"><ele>249.75</ele></trkpt>
<trkpt lat="43.5009167" lon="5.9519883"><ele>248.99</ele></trkpt>
<trkpt lat="43.5009117" lon="5.9519433"><ele>247.14</ele></trkpt>
<trkpt lat="43.500905" lon="5.951895"><ele>246.11</ele></trkpt>
<trkpt lat="43.5009033" lon="5.95185"><ele>245.33</ele></trkpt>
<trkpt lat="43.5009033" lon="5.951805"><ele>245.53</ele></trkpt>
<trkpt lat="43.5008967" lon="5.951764999999999"><ele>245.83</ele></trkpt>
<trkpt lat="43.5008833" lon="5.9517283"><ele>245.86</ele></trkpt>
<trkpt lat="43.5008717" lon="5.9516917"><ele>245.77</ele></trkpt>
<trkpt lat="43.5008583" lon="5.9516583"><ele>245.51</ele></trkpt>
<trkpt lat="43.5008433" lon="5.9516217"><ele>245.28</ele></trkpt>
<trkpt lat="43.50082" lon="5.95159"><ele>245.3</ele></trkpt>
<trkpt lat="43.5007917" lon="5.951555"><ele>245.76</ele></trkpt>
<trkpt lat="43.50077" lon="5.95153"><ele>245.76</ele></trkpt>
<trkpt lat="43.5007467" lon="5.951493299999999"><ele>246.05</ele></trkpt>
<trkpt lat="43.5007233" lon="5.95146"><ele>246.15</ele></trkpt>
<trkpt lat="43.5007033" lon="5.951425"><ele>246.09</ele></trkpt>
<trkpt lat="43.5006933" lon="5.9513883"><ele>246.27</ele></trkpt>
<trkpt lat="43.5006967" lon="5.951344999999999"><ele>246.94</ele></trkpt>
<trkpt lat="43.5006867" lon="5.951296699999999"><ele>246.96</ele></trkpt>
<trkpt lat="43.5006717" lon="5.951261700000001"><ele>247.4</ele></trkpt>
<trkpt lat="43.50066" lon="5.951218300000001"><ele>247.49</ele></trkpt>
<trkpt lat="43.5006567" lon="5.951175"><ele>247.72</ele></trkpt>
<trkpt lat="43.5006517" lon="5.951138300000001"><ele>247.78</ele></trkpt>
<trkpt lat="43.500645" lon="5.951093300000001"><ele>247.76</ele></trkpt>
<trkpt lat="43.5006417" lon="5.9510533"><ele>247.74</ele></trkpt>
<trkpt lat="43.5006317" lon="5.9510117"><ele>248.09</ele></trkpt>
<trkpt lat="43.5006183" lon="5.950965"><ele>248.87</ele></trkpt>
<trkpt lat="43.5006" lon="5.95093"><ele>249.19</ele></trkpt>
<trkpt lat="43.5005733" lon="5.950913299999999"><ele>249.81</ele></trkpt>
<trkpt lat="43.5005467" lon="5.950905"><ele>250.07</ele></trkpt>
<trkpt lat="43.50051" lon="5.950905"><ele>251.12</ele></trkpt>
<trkpt lat="43.5004767" lon="5.950909999999999"><ele>251.93</ele></trkpt>
<trkpt lat="43.50044" lon="5.9509083"><ele>252.94</ele></trkpt>
<trkpt lat="43.5004133" lon="5.950898300000001"><ele>253.14</ele></trkpt>
<trkpt lat="43.50038" lon="5.950898300000001"><ele>252.91</ele></trkpt>
<trkpt lat="43.5003483" lon="5.950888300000001"><ele>252.77</ele></trkpt>
<trkpt lat="43.5003167" lon="5.950878299999999"><ele>252.41</ele></trkpt>
<trkpt lat="43.5002833" lon="5.9508567"><ele>251.84</ele></trkpt>
<trkpt lat="43.5002533" lon="5.950841700000001"><ele>251.13</ele></trkpt>
<trkpt lat="43.5002217" lon="5.95083"><ele>250</ele></trkpt>
<trkpt lat="43.5001917" lon="5.9508133"><ele>249.37</ele></trkpt>
<trkpt lat="43.5001567" lon="5.950795000000001"><ele>249.66</ele></trkpt>
<trkpt lat="43.5001267" lon="5.950785000000001"><ele>250.41</ele></trkpt>
<trkpt lat="43.5001017" lon="5.95077"><ele>250.02</ele></trkpt>
<trkpt lat="43.5000767" lon="5.950755"><ele>249.77</ele></trkpt>
<trkpt lat="43.5000517" lon="5.950740000000001"><ele>250.36</ele></trkpt>
<trkpt lat="43.500025" lon="5.9507217"><ele>250.66</ele></trkpt>
<trkpt lat="43.4999883" lon="5.950693300000001"><ele>252.15</ele></trkpt>
<trkpt lat="43.4999883" lon="5.950655"><ele>251.61</ele></trkpt>
<trkpt lat="43.4999883" lon="5.950614999999999"><ele>250.53</ele></trkpt>
<trkpt lat="43.500005" lon="5.9505717"><ele>248.3</ele></trkpt>
<trkpt lat="43.50002" lon="5.95053"><ele>247.87</ele></trkpt>
<trkpt lat="43.5000333" lon="5.9504833"><ele>247.58</ele></trkpt>
<trkpt lat="43.500045" lon="5.95044"><ele>247.47</ele></trkpt>
<trkpt lat="43.5000617" lon="5.950389999999999"><ele>246.79</ele></trkpt>
<trkpt lat="43.5000683" lon="5.950335"><ele>245.42</ele></trkpt>
<trkpt lat="43.50008" lon="5.950298299999999"><ele>244.89</ele></trkpt>
<trkpt lat="43.5000917" lon="5.9502617"><ele>244.1</ele></trkpt>
<trkpt lat="43.5000967" lon="5.950225"><ele>243.02</ele></trkpt>
<trkpt lat="43.5001017" lon="5.9501867"><ele>241.87</ele></trkpt>
<trkpt lat="43.5001083" lon="5.950149999999999"><ele>241.34</ele></trkpt>
<trkpt lat="43.500115" lon="5.950104999999999"><ele>240.4</ele></trkpt>
<trkpt lat="43.50012" lon="5.950065"><ele>239.77</ele></trkpt>
<trkpt lat="43.5001317" lon="5.9500167"><ele>237.5</ele></trkpt>
<trkpt lat="43.5001383" lon="5.9499717"><ele>237</ele></trkpt>
<trkpt lat="43.5001433" lon="5.9499267"><ele>237.11</ele></trkpt>
<trkpt lat="43.5001533" lon="5.9498833"><ele>237.25</ele></trkpt>
<trkpt lat="43.5001617" lon="5.9498367"><ele>236.66</ele></trkpt>
<trkpt lat="43.5001717" lon="5.9497883"><ele>236.14</ele></trkpt>
<trkpt lat="43.5001783" lon="5.949746700000001"><ele>236.07</ele></trkpt>
<trkpt lat="43.5001683" lon="5.949695"><ele>234.7</ele></trkpt>
<trkpt lat="43.5001633" lon="5.949656700000001"><ele>233.84</ele></trkpt>
<trkpt lat="43.5001633" lon="5.949605"><ele>232.78</ele></trkpt>
<trkpt lat="43.5001683" lon="5.94956"><ele>232.15</ele></trkpt>
<trkpt lat="43.5001717" lon="5.949521699999999"><ele>231.45</ele></trkpt>
<trkpt lat="43.500175" lon="5.9494833"><ele>230.73</ele></trkpt>
<trkpt lat="43.5001817" lon="5.9494267"><ele>230.1</ele></trkpt>
<trkpt lat="43.5001867" lon="5.9493767"><ele>230.07</ele></trkpt>
<trkpt lat="43.500185" lon="5.9493317"><ele>230.83</ele></trkpt>
<trkpt lat="43.5001917" lon="5.949275"><ele>232.05</ele></trkpt>
<trkpt lat="43.5002017" lon="5.949226699999999"><ele>232.21</ele></trkpt>
<trkpt lat="43.5002017" lon="5.949180000000001"><ele>232.84</ele></trkpt>
<trkpt lat="43.5001833" lon="5.9492133"><ele>236.13</ele></trkpt>
<trkpt lat="43.5001683" lon="5.949249999999999"><ele>237.49</ele></trkpt>
<trkpt lat="43.5001467" lon="5.949281699999999"><ele>238.73</ele></trkpt>
<trkpt lat="43.5001267" lon="5.9493133"><ele>240.76</ele></trkpt>
<trkpt lat="43.5000733" lon="5.9494183"><ele>243.03</ele></trkpt>
<trkpt lat="43.5000933" lon="5.9494483"><ele>244.4</ele></trkpt>
<trkpt lat="43.5001183" lon="5.9494633"><ele>245.39</ele></trkpt>
<trkpt lat="43.5001567" lon="5.949478299999999"><ele>247.02</ele></trkpt>
<trkpt lat="43.5001833" lon="5.9494867"><ele>247.86</ele></trkpt>
<trkpt lat="43.50021" lon="5.949495"><ele>248.18</ele></trkpt>
<trkpt lat="43.5002417" lon="5.949515"><ele>248.04</ele></trkpt>
<trkpt lat="43.5002733" lon="5.9495267"><ele>248.32</ele></trkpt>
<trkpt lat="43.500295" lon="5.949555000000001"><ele>247.88</ele></trkpt>
<trkpt lat="43.5003217" lon="5.9495467"><ele>247.77</ele></trkpt>
<trkpt lat="43.50035" lon="5.9495367"><ele>248.61</ele></trkpt>
<trkpt lat="43.500375" lon="5.9495133"><ele>249.26</ele></trkpt>
<trkpt lat="43.500405" lon="5.9494817"><ele>249.59</ele></trkpt>
<trkpt lat="43.5004317" lon="5.9494567"><ele>249.68</ele></trkpt>
<trkpt lat="43.5004583" lon="5.949435"><ele>250.47</ele></trkpt>
<trkpt lat="43.50048" lon="5.9494"><ele>250.58</ele></trkpt>
<trkpt lat="43.5004967" lon="5.949365"><ele>250.62</ele></trkpt>
<trkpt lat="43.5005217" lon="5.9493383"><ele>250.11</ele></trkpt>
<trkpt lat="43.5005583" lon="5.949329999999999"><ele>250.35</ele></trkpt>
<trkpt lat="43.500595" lon="5.9493217"><ele>250.71</ele></trkpt>
<trkpt lat="43.5006267" lon="5.9493133"><ele>250.46</ele></trkpt>
<trkpt lat="43.5006667" lon="5.9493067"><ele>249.37</ele></trkpt>
<trkpt lat="43.500695" lon="5.9492933"><ele>249.2</ele></trkpt>
<trkpt lat="43.5007217" lon="5.949284999999999"><ele>248.89</ele></trkpt>
<trkpt lat="43.50075" lon="5.9492683"><ele>248.61</ele></trkpt>
<trkpt lat="43.500785" lon="5.949249999999999"><ele>248.45</ele></trkpt>
<trkpt lat="43.50082" lon="5.9492333"><ele>247.62</ele></trkpt>
<trkpt lat="43.5008533" lon="5.949225000000001"><ele>246.31</ele></trkpt>
<trkpt lat="43.5008867" lon="5.9492083"><ele>244.92</ele></trkpt>
<trkpt lat="43.5009183" lon="5.949194999999999"><ele>243.58</ele></trkpt>
<trkpt lat="43.500945" lon="5.9491883"><ele>241.58</ele></trkpt>
<trkpt lat="43.5009767" lon="5.9492017"><ele>241.56</ele></trkpt>
<trkpt lat="43.5010083" lon="5.94919"><ele>241.36</ele></trkpt>
<trkpt lat="43.50104" lon="5.94919"><ele>241.19</ele></trkpt>
<trkpt lat="43.5010667" lon="5.9492033"><ele>241.73</ele></trkpt>
<trkpt lat="43.5011017" lon="5.94921"><ele>242.42</ele></trkpt>
<trkpt lat="43.5011367" lon="5.949204999999999"><ele>243.05</ele></trkpt>
<trkpt lat="43.50117" lon="5.9492067"><ele>243.25</ele></trkpt>
<trkpt lat="43.5012" lon="5.9492067"><ele>243.89</ele></trkpt>
<trkpt lat="43.5012267" lon="5.9492"><ele>244.88</ele></trkpt>
<trkpt lat="43.50126" lon="5.949194999999999"><ele>246.11</ele></trkpt>
<trkpt lat="43.50129" lon="5.94919"><ele>246.71</ele></trkpt>
<trkpt lat="43.5013217" lon="5.9491883"><ele>247.54</ele></trkpt>
<trkpt lat="43.5013517" lon="5.949183300000001"><ele>248.54</ele></trkpt>
<trkpt lat="43.5013833" lon="5.9491783"><ele>248.75</ele></trkpt>
<trkpt lat="43.5014217" lon="5.949175"><ele>249.07</ele></trkpt>
<trkpt lat="43.5014567" lon="5.9491783"><ele>249.79</ele></trkpt>
<trkpt lat="43.5014917" lon="5.9491717"><ele>250.73</ele></trkpt>
<trkpt lat="43.5015267" lon="5.9491717"><ele>250.93</ele></trkpt>
<trkpt lat="43.501555" lon="5.9491717"><ele>251.15</ele></trkpt>
<trkpt lat="43.501585" lon="5.949170000000001"><ele>251.36</ele></trkpt>
<trkpt lat="43.5016133" lon="5.949170000000001"><ele>251.55</ele></trkpt>
<trkpt lat="43.5016533" lon="5.949175"><ele>251.15</ele></trkpt>
<trkpt lat="43.5016933" lon="5.9491733"><ele>250.48</ele></trkpt>
<trkpt lat="43.5017233" lon="5.9491583"><ele>250.31</ele></trkpt>
<trkpt lat="43.50175" lon="5.949145"><ele>250.11</ele></trkpt>
<trkpt lat="43.5017783" lon="5.9491333"><ele>249.88</ele></trkpt>
<trkpt lat="43.501815" lon="5.9491333"><ele>249.67</ele></trkpt>
<trkpt lat="43.5018467" lon="5.9491267"><ele>249.31</ele></trkpt>
<trkpt lat="43.5018733" lon="5.949115"><ele>249.17</ele></trkpt>
<trkpt lat="43.5019083" lon="5.9491067"><ele>249.29</ele></trkpt>
<trkpt lat="43.5019383" lon="5.949103299999999"><ele>249.25</ele></trkpt>
<trkpt lat="43.5019717" lon="5.9491067"><ele>249.11</ele></trkpt>
<trkpt lat="43.50201" lon="5.9491"><ele>249.08</ele></trkpt>
<trkpt lat="43.5020483" lon="5.9490933"><ele>249.17</ele></trkpt>
<trkpt lat="43.5020833" lon="5.949095"><ele>249.08</ele></trkpt>
<trkpt lat="43.5021133" lon="5.9490817"><ele>249.14</ele></trkpt>
<trkpt lat="43.5021483" lon="5.9490733"><ele>249.1</ele></trkpt>
<trkpt lat="43.5021817" lon="5.9490667"><ele>249.33</ele></trkpt>
<trkpt lat="43.5022183" lon="5.9490633"><ele>249.35</ele></trkpt>
<trkpt lat="43.50225" lon="5.949058299999999"><ele>249.17</ele></trkpt>
<trkpt lat="43.502285" lon="5.94905"><ele>249.31</ele></trkpt>
<trkpt lat="43.502315" lon="5.9490433"><ele>249.44</ele></trkpt>
<trkpt lat="43.50235" lon="5.949035"><ele>249.45</ele></trkpt>
<trkpt lat="43.5023833" lon="5.9490267"><ele>249.66</ele></trkpt>
<trkpt lat="43.5024117" lon="5.9490167"><ele>249.76</ele></trkpt>
<trkpt lat="43.5024417" lon="5.9490033"><ele>249.85</ele></trkpt>
<trkpt lat="43.502475" lon="5.948995"><ele>250.15</ele></trkpt>
<trkpt lat="43.5025117" lon="5.948988300000001"><ele>250.52</ele></trkpt>
<trkpt lat="43.5025433" lon="5.948975000000001"><ele>250.56</ele></trkpt>
<trkpt lat="43.5025767" lon="5.948968299999999"><ele>250.57</ele></trkpt>
<trkpt lat="43.50261" lon="5.9489733"><ele>250.33</ele></trkpt>
<trkpt lat="43.50264" lon="5.948964999999999"><ele>249.99</ele></trkpt>
<trkpt lat="43.5026633" lon="5.948935"><ele>249.61</ele></trkpt>
<trkpt lat="43.5026967" lon="5.948915"><ele>249.31</ele></trkpt>
<trkpt lat="43.5027333" lon="5.9489167"><ele>249.04</ele></trkpt>
<trkpt lat="43.502765" lon="5.948925"><ele>248.57</ele></trkpt>
<trkpt lat="43.5027967" lon="5.948919999999999"><ele>248.28</ele></trkpt>
<trkpt lat="43.5028283" lon="5.9489167"><ele>248.01</ele></trkpt>
<trkpt lat="43.502865" lon="5.948919999999999"><ele>248.07</ele></trkpt>
<trkpt lat="43.5028967" lon="5.948940000000001"><ele>248.06</ele></trkpt>
<trkpt lat="43.5029283" lon="5.9489667"><ele>248.41</ele></trkpt>
<trkpt lat="43.5029517" lon="5.94899"><ele>248.3</ele></trkpt>
<trkpt lat="43.5029783" lon="5.9490167"><ele>248.11</ele></trkpt>
<trkpt lat="43.503" lon="5.9490533"><ele>248.26</ele></trkpt>
<trkpt lat="43.50303" lon="5.94908"><ele>248.53</ele></trkpt>
<trkpt lat="43.50306" lon="5.949103299999999"><ele>248.31</ele></trkpt>
<trkpt lat="43.50309" lon="5.9491317"><ele>248.25</ele></trkpt>
<trkpt lat="43.5031183" lon="5.9491583"><ele>248.43</ele></trkpt>
<trkpt lat="43.50315" lon="5.949185"><ele>248.73</ele></trkpt>
<trkpt lat="43.503175" lon="5.9492133"><ele>248.93</ele></trkpt>
<trkpt lat="43.50318" lon="5.949255"><ele>249.16</ele></trkpt>
<trkpt lat="43.5032183" lon="5.9492683"><ele>248.59</ele></trkpt>
<trkpt lat="43.5032483" lon="5.94928"><ele>248.48</ele></trkpt>
<trkpt lat="43.503275" lon="5.9492917"><ele>248.38</ele></trkpt>
<trkpt lat="43.5033017" lon="5.9493217"><ele>248.29</ele></trkpt>
<trkpt lat="43.5032983" lon="5.949365"><ele>248.1</ele></trkpt>
<trkpt lat="43.50328" lon="5.949395"><ele>247.71</ele></trkpt>
<trkpt lat="43.5032983" lon="5.949365"><ele>247.08</ele></trkpt>
<trkpt lat="43.5033333" lon="5.9493583"><ele>246.98</ele></trkpt>
<trkpt lat="43.50336" lon="5.9493667"><ele>247.06</ele></trkpt>
<trkpt lat="43.5033967" lon="5.949388299999999"><ele>246.98</ele></trkpt>
<trkpt lat="43.5034233" lon="5.949408300000001"><ele>247</ele></trkpt>
<trkpt lat="43.5034533" lon="5.949441699999999"><ele>246.39</ele></trkpt>
<trkpt lat="43.5034783" lon="5.9494667"><ele>246.03</ele></trkpt>
<trkpt lat="43.5035067" lon="5.949476699999999"><ele>245.72</ele></trkpt>
<trkpt lat="43.5035333" lon="5.949495"><ele>245.61</ele></trkpt>
<trkpt lat="43.5035633" lon="5.9495267"><ele>245.4</ele></trkpt>
<trkpt lat="43.5035917" lon="5.949558300000001"><ele>244.95</ele></trkpt>
<trkpt lat="43.5036083" lon="5.949590000000001"><ele>244.58</ele></trkpt>
<trkpt lat="43.5036233" lon="5.9496433"><ele>244.28</ele></trkpt>
<trkpt lat="43.5036383" lon="5.949683299999999"><ele>244.14</ele></trkpt>
<trkpt lat="43.5036533" lon="5.949726699999999"><ele>244.27</ele></trkpt>
<trkpt lat="43.5036667" lon="5.9497683"><ele>244.53</ele></trkpt>
<trkpt lat="43.503675" lon="5.949819999999999"><ele>244.81</ele></trkpt>
<trkpt lat="43.5036783" lon="5.94986"><ele>245.03</ele></trkpt>
<trkpt lat="43.5036817" lon="5.949898300000001"><ele>245.07</ele></trkpt>
<trkpt lat="43.5036883" lon="5.9499533"><ele>244.98</ele></trkpt>
<trkpt lat="43.5036933" lon="5.9499933"><ele>244.95</ele></trkpt>
<trkpt lat="43.5036983" lon="5.95003"><ele>245.15</ele></trkpt>
<trkpt lat="43.5037" lon="5.9500833"><ele>245.8</ele></trkpt>
<trkpt lat="43.5037" lon="5.950121700000001"><ele>246.6</ele></trkpt>
<trkpt lat="43.5037" lon="5.95016"><ele>247.33</ele></trkpt>
<trkpt lat="43.5037" lon="5.950205"><ele>247.87</ele></trkpt>
<trkpt lat="43.503695" lon="5.9502583"><ele>248.39</ele></trkpt>
<trkpt lat="43.50369" lon="5.950315"><ele>248.73</ele></trkpt>
<trkpt lat="43.5036883" lon="5.9503533"><ele>248.93</ele></trkpt>
<trkpt lat="43.50369" lon="5.950405"><ele>249.13</ele></trkpt>
<trkpt lat="43.50369" lon="5.9504433"><ele>249.26</ele></trkpt>
<trkpt lat="43.5036867" lon="5.9504933"><ele>249.2</ele></trkpt>
<trkpt lat="43.5036883" lon="5.9505517"><ele>249.27</ele></trkpt>
<trkpt lat="43.5036833" lon="5.950595"><ele>249.18</ele></trkpt>
<trkpt lat="43.5036783" lon="5.950646700000001"><ele>248.82</ele></trkpt>
<trkpt lat="43.5036667" lon="5.950695000000001"><ele>248.51</ele></trkpt>
<trkpt lat="43.5036533" lon="5.950740000000001"><ele>248.38</ele></trkpt>
<trkpt lat="43.5036433" lon="5.9507933"><ele>248.54</ele></trkpt>
<trkpt lat="43.503635" lon="5.95083"><ele>248.73</ele></trkpt>
<trkpt lat="43.5036283" lon="5.9508767"><ele>248.86</ele></trkpt>
<trkpt lat="43.5036233" lon="5.950913299999999"><ele>249.03</ele></trkpt>
<trkpt lat="43.50362" lon="5.950955"><ele>249.09</ele></trkpt>
<trkpt lat="43.503615" lon="5.9510083"><ele>248.81</ele></trkpt>
<trkpt lat="43.50361" lon="5.951048299999999"><ele>248.61</ele></trkpt>
<trkpt lat="43.5036117" lon="5.9511033"><ele>248.48</ele></trkpt>
<trkpt lat="43.503615" lon="5.951151699999999"><ele>248.09</ele></trkpt>
<trkpt lat="43.5036167" lon="5.951198299999999"><ele>247.72</ele></trkpt>
<trkpt lat="43.5036233" lon="5.951243299999999"><ele>247.51</ele></trkpt>
<trkpt lat="43.5036367" lon="5.9512783"><ele>247.22</ele></trkpt>
<trkpt lat="43.5036433" lon="5.951325"><ele>247.07</ele></trkpt>
<trkpt lat="43.50365" lon="5.9513717"><ele>247</ele></trkpt>
<trkpt lat="43.5036533" lon="5.9514133"><ele>246.85</ele></trkpt>
<trkpt lat="43.503655" lon="5.951458300000001"><ele>246.71</ele></trkpt>
<trkpt lat="43.50366" lon="5.951503300000001"><ele>246.51</ele></trkpt>
<trkpt lat="43.5036633" lon="5.951555"><ele>246.65</ele></trkpt>
<trkpt lat="43.50366" lon="5.9515933"><ele>247.15</ele></trkpt>
<trkpt lat="43.5036533" lon="5.951645"><ele>247.93</ele></trkpt>
<trkpt lat="43.5036533" lon="5.9516883"><ele>248.06</ele></trkpt>
<trkpt lat="43.5036583" lon="5.951733299999999"><ele>248.14</ele></trkpt>
<trkpt lat="43.5036617" lon="5.9517767"><ele>248.01</ele></trkpt>
<trkpt lat="43.5036533" lon="5.951823299999999"><ele>248.06</ele></trkpt>
<trkpt lat="43.503645" lon="5.9518633"><ele>248.23</ele></trkpt>
<trkpt lat="43.5036417" lon="5.951905"><ele>248.21</ele></trkpt>
<trkpt lat="43.5036433" lon="5.9519517"><ele>247.41</ele></trkpt>
<trkpt lat="43.5036517" lon="5.9519983"><ele>247.14</ele></trkpt>
<trkpt lat="43.5036583" lon="5.952048300000001"><ele>247.05</ele></trkpt>
<trkpt lat="43.5036617" lon="5.9520983"><ele>246.88</ele></trkpt>
<trkpt lat="43.503665" lon="5.952145"><ele>247.13</ele></trkpt>
<trkpt lat="43.5036667" lon="5.95219"><ele>247.35</ele></trkpt>
<trkpt lat="43.503675" lon="5.9522367"><ele>247.46</ele></trkpt>
<trkpt lat="43.5036817" lon="5.9522817"><ele>247.98</ele></trkpt>
<trkpt lat="43.5036817" lon="5.952325"><ele>249.17</ele></trkpt>
<trkpt lat="43.5036833" lon="5.952368300000001"><ele>249.26</ele></trkpt>
<trkpt lat="43.503685" lon="5.952411700000001"><ele>249.29</ele></trkpt>
<trkpt lat="43.50369" lon="5.952456700000001"><ele>249.27</ele></trkpt>
<trkpt lat="43.503695" lon="5.952505"><ele>249.52</ele></trkpt>
<trkpt lat="43.5036917" lon="5.95255"><ele>249.66</ele></trkpt>
<trkpt lat="43.5036883" lon="5.9525967"><ele>250.42</ele></trkpt>
<trkpt lat="43.503685" lon="5.9526417"><ele>251.32</ele></trkpt>
<trkpt lat="43.5036783" lon="5.952685"><ele>251.34</ele></trkpt>
<trkpt lat="43.5036667" lon="5.9527317"><ele>251.21</ele></trkpt>
<trkpt lat="43.5036517" lon="5.952775"><ele>250.75</ele></trkpt>
<trkpt lat="43.50364" lon="5.952813299999999"><ele>249.97</ele></trkpt>
<trkpt lat="43.5036317" lon="5.9528533"><ele>249.62</ele></trkpt>
<trkpt lat="43.5036183" lon="5.9529"><ele>249.4</ele></trkpt>
<trkpt lat="43.5036" lon="5.9529317"><ele>248.96</ele></trkpt>
<trkpt lat="43.5035717" lon="5.952935000000001"><ele>248.55</ele></trkpt>
<trkpt lat="43.503565" lon="5.9529817"><ele>247.43</ele></trkpt>
<trkpt lat="43.5035467" lon="5.95302"><ele>247.34</ele></trkpt>
<trkpt lat="43.50354" lon="5.953061699999999"><ele>247.63</ele></trkpt>
<trkpt lat="43.5035433" lon="5.9531"><ele>247.84</ele></trkpt>
<trkpt lat="43.5035533" lon="5.953151699999999"><ele>248.81</ele></trkpt>
<trkpt lat="43.503545" lon="5.953188300000001"><ele>248.94</ele></trkpt>
<trkpt lat="43.5035267" lon="5.953233300000001"><ele>248.87</ele></trkpt>
<trkpt lat="43.503505" lon="5.95328"><ele>248.87</ele></trkpt>
<trkpt lat="43.5034883" lon="5.9533133"><ele>248.94</ele></trkpt>
<trkpt lat="43.5034717" lon="5.953355"><ele>249.03</ele></trkpt>
<trkpt lat="43.50346" lon="5.953395"><ele>249.13</ele></trkpt>
<trkpt lat="43.50345" lon="5.9534317"><ele>249.09</ele></trkpt>
<trkpt lat="43.5034367" lon="5.953465"><ele>249.09</ele></trkpt>
<trkpt lat="43.5034183" lon="5.9535117"><ele>248.74</ele></trkpt>
<trkpt lat="43.5034117" lon="5.9535483"><ele>248.12</ele></trkpt>
<trkpt lat="43.5034017" lon="5.9535833"><ele>247.66</ele></trkpt>
<trkpt lat="43.5033867" lon="5.953631699999999"><ele>247.53</ele></trkpt>
<trkpt lat="43.5033733" lon="5.9536683"><ele>247.63</ele></trkpt>
<trkpt lat="43.5033533" lon="5.9537"><ele>247.73</ele></trkpt>
<trkpt lat="43.5033233" lon="5.9537283"><ele>247.9</ele></trkpt>
<trkpt lat="43.5033017" lon="5.9537617"><ele>246.84</ele></trkpt>
<trkpt lat="43.5032817" lon="5.953795"><ele>247.12</ele></trkpt>
<trkpt lat="43.5032667" lon="5.9538317"><ele>247.33</ele></trkpt>
<trkpt lat="43.5032517" lon="5.9538717"><ele>247.69</ele></trkpt>
<trkpt lat="43.503255" lon="5.9539117"><ele>247.45</ele></trkpt>
<trkpt lat="43.5032583" lon="5.9539683"><ele>246.76</ele></trkpt>
<trkpt lat="43.5032717" lon="5.954015"><ele>246.5</ele></trkpt>
<trkpt lat="43.5032833" lon="5.9540633"><ele>246.37</ele></trkpt>
<trkpt lat="43.5032933" lon="5.9541"><ele>246.6</ele></trkpt>
<trkpt lat="43.5033067" lon="5.95415"><ele>246.92</ele></trkpt>
<trkpt lat="43.5033167" lon="5.954188300000001"><ele>246.94</ele></trkpt>
<trkpt lat="43.5033183" lon="5.9542283"><ele>247.24</ele></trkpt>
<trkpt lat="43.5033267" lon="5.95427"><ele>247.24</ele></trkpt>
<trkpt lat="43.5033433" lon="5.954325000000001"><ele>247.17</ele></trkpt>
<trkpt lat="43.5033517" lon="5.9543667"><ele>247.16</ele></trkpt>
<trkpt lat="43.5033633" lon="5.954405"><ele>247.21</ele></trkpt>
<trkpt lat="43.5033783" lon="5.9544467"><ele>247.3</ele></trkpt>
<trkpt lat="43.5033967" lon="5.9544933"><ele>247.64</ele></trkpt>
<trkpt lat="43.5034167" lon="5.954518300000001"><ele>247.82</ele></trkpt>
<trkpt lat="43.5034367" lon="5.954555"><ele>247.79</ele></trkpt>
<trkpt lat="43.50346" lon="5.95459"><ele>248</ele></trkpt>
<trkpt lat="43.5034817" lon="5.9546133"><ele>248.13</ele></trkpt>
<trkpt lat="43.503505" lon="5.954633299999999"><ele>248.25</ele></trkpt>
<trkpt lat="43.5035317" lon="5.954666699999999"><ele>248.2</ele></trkpt>
<trkpt lat="43.5035617" lon="5.954696700000001"><ele>247.64</ele></trkpt>
<trkpt lat="43.5035867" lon="5.95472"><ele>247.34</ele></trkpt>
<trkpt lat="43.503615" lon="5.9547467"><ele>247.18</ele></trkpt>
<trkpt lat="43.50364" lon="5.9547683"><ele>247.08</ele></trkpt>
<trkpt lat="43.5036717" lon="5.9548"><ele>246.74</ele></trkpt>
<trkpt lat="43.503695" lon="5.95482"><ele>246.42</ele></trkpt>
<trkpt lat="43.5037217" lon="5.9548367"><ele>246.28</ele></trkpt>
<trkpt lat="43.5037583" lon="5.9548533"><ele>246.24</ele></trkpt>
<trkpt lat="43.50379" lon="5.954873299999999"><ele>246.23</ele></trkpt>
<trkpt lat="43.5038267" lon="5.954895"><ele>246.75</ele></trkpt>
<trkpt lat="43.5038617" lon="5.954915"><ele>247.15</ele></trkpt>
<trkpt lat="43.5038867" lon="5.95493"><ele>247.3</ele></trkpt>
<trkpt lat="43.503915" lon="5.9549467"><ele>247.45</ele></trkpt>
<trkpt lat="43.503945" lon="5.9549833"><ele>247.51</ele></trkpt>
<trkpt lat="43.5039817" lon="5.9549933"><ele>247.83</ele></trkpt>
<trkpt lat="43.50402" lon="5.955005"><ele>248.36</ele></trkpt>
<trkpt lat="43.5040533" lon="5.955025"><ele>248.67</ele></trkpt>
<trkpt lat="43.50409" lon="5.9550367"><ele>249.44</ele></trkpt>
<trkpt lat="43.50412" lon="5.95505"><ele>249.9</ele></trkpt>
<trkpt lat="43.504155" lon="5.955071700000001"><ele>250.03</ele></trkpt>
<trkpt lat="43.50419" lon="5.955099999999999"><ele>249.9</ele></trkpt>
<trkpt lat="43.5042233" lon="5.9551267"><ele>249.75</ele></trkpt>
<trkpt lat="43.50425" lon="5.9551433"><ele>249.62</ele></trkpt>
<trkpt lat="43.5042833" lon="5.9551633"><ele>249.41</ele></trkpt>
<trkpt lat="43.5043217" lon="5.9551667"><ele>249.02</ele></trkpt>
<trkpt lat="43.5043533" lon="5.955165"><ele>248.95</ele></trkpt>
<trkpt lat="43.5043867" lon="5.9551717"><ele>248.92</ele></trkpt>
<trkpt lat="43.5044183" lon="5.9551967"><ele>248.84</ele></trkpt>
<trkpt lat="43.5044483" lon="5.9552167"><ele>248.63</ele></trkpt>
<trkpt lat="43.5044867" lon="5.9552283"><ele>248.43</ele></trkpt>
<trkpt lat="43.5045183" lon="5.9552167"><ele>248.23</ele></trkpt>
<trkpt lat="43.5045517" lon="5.955195"><ele>248.52</ele></trkpt>
<trkpt lat="43.5045883" lon="5.9551867"><ele>248.54</ele></trkpt>
<trkpt lat="43.50462" lon="5.9551933"><ele>248.73</ele></trkpt>
<trkpt lat="43.5046517" lon="5.9551933"><ele>249.12</ele></trkpt>
<trkpt lat="43.5046817" lon="5.9551983"><ele>249.62</ele></trkpt>
<trkpt lat="43.5047133" lon="5.9552117"><ele>249.57</ele></trkpt>
<trkpt lat="43.504745" lon="5.95522"><ele>249.22</ele></trkpt>
<trkpt lat="43.5047783" lon="5.9552333"><ele>249.07</ele></trkpt>
<trkpt lat="43.5048083" lon="5.95525"><ele>249</ele></trkpt>
<trkpt lat="43.5048467" lon="5.9552633"><ele>249.41</ele></trkpt>
<trkpt lat="43.5048833" lon="5.955270000000001"><ele>249.52</ele></trkpt>
<trkpt lat="43.504915" lon="5.955265"><ele>249.21</ele></trkpt>
<trkpt lat="43.5049467" lon="5.9552583"><ele>248.72</ele></trkpt>
<trkpt lat="43.5049833" lon="5.9552567"><ele>248.2</ele></trkpt>
<trkpt lat="43.50501" lon="5.955246699999999"><ele>247.83</ele></trkpt>
<trkpt lat="43.5050467" lon="5.9552367"><ele>248.12</ele></trkpt>
<trkpt lat="43.505075" lon="5.9552317"><ele>248.77</ele></trkpt>
<trkpt lat="43.5051017" lon="5.955221700000001"><ele>249.63</ele></trkpt>
<trkpt lat="43.5051367" lon="5.9552083"><ele>250.24</ele></trkpt>
<trkpt lat="43.5051683" lon="5.955203299999999"><ele>249.73</ele></trkpt>
<trkpt lat="43.5052" lon="5.955195"><ele>249.31</ele></trkpt>
<trkpt lat="43.5052333" lon="5.95518"><ele>249.33</ele></trkpt>
<trkpt lat="43.5052617" lon="5.9551717"><ele>249.37</ele></trkpt>
<trkpt lat="43.5052917" lon="5.955155"><ele>248.94</ele></trkpt>
<trkpt lat="43.5053183" lon="5.955135"><ele>248.61</ele></trkpt>
<trkpt lat="43.5053483" lon="5.9551233"><ele>248.94</ele></trkpt>
<trkpt lat="43.5053867" lon="5.955120000000001"><ele>249.08</ele></trkpt>
<trkpt lat="43.5054183" lon="5.9551267"><ele>249</ele></trkpt>
<trkpt lat="43.5054517" lon="5.955120000000001"><ele>248.54</ele></trkpt>
<trkpt lat="43.5054833" lon="5.9551217"><ele>248.07</ele></trkpt>
<trkpt lat="43.5055167" lon="5.95513"><ele>247.82</ele></trkpt>
<trkpt lat="43.50555" lon="5.955133300000001"><ele>247.41</ele></trkpt>
<trkpt lat="43.5055817" lon="5.955135"><ele>247.27</ele></trkpt>
<trkpt lat="43.5056167" lon="5.955144999999999"><ele>247.43</ele></trkpt>
<trkpt lat="43.50565" lon="5.95516"><ele>247.7</ele></trkpt>
<trkpt lat="43.505685" lon="5.9551683"><ele>248.12</ele></trkpt>
<trkpt lat="43.5057183" lon="5.95518"><ele>248.17</ele></trkpt>
<trkpt lat="43.5057467" lon="5.9551917"><ele>248</ele></trkpt>
<trkpt lat="43.5057733" lon="5.9552133"><ele>247.79</ele></trkpt>
<trkpt lat="43.5058033" lon="5.9552333"><ele>247.83</ele></trkpt>
<trkpt lat="43.5058283" lon="5.9552567"><ele>247.86</ele></trkpt>
<trkpt lat="43.505855" lon="5.955270000000001"><ele>247.94</ele></trkpt>
<trkpt lat="43.5058883" lon="5.955280000000001"><ele>248.1</ele></trkpt>
<trkpt lat="43.5059217" lon="5.9553017"><ele>247.62</ele></trkpt>
<trkpt lat="43.5059517" lon="5.9553167"><ele>247.58</ele></trkpt>
<trkpt lat="43.5059867" lon="5.955328300000001"><ele>247.64</ele></trkpt>
<trkpt lat="43.50602" lon="5.9553333"><ele>247.57</ele></trkpt>
<trkpt lat="43.5060483" lon="5.955336699999999"><ele>247.21</ele></trkpt>
<trkpt lat="43.5060783" lon="5.955335"><ele>247.33</ele></trkpt>
<trkpt lat="43.5061067" lon="5.95533"><ele>247.37</ele></trkpt>
<trkpt lat="43.5061367" lon="5.955328300000001"><ele>247.3</ele></trkpt>
<trkpt lat="43.5061617" lon="5.9553133"><ele>247.42</ele></trkpt>
<trkpt lat="43.5061867" lon="5.9552983"><ele>247.39</ele></trkpt>
<trkpt lat="43.506215" lon="5.955294999999999"><ele>246.92</ele></trkpt>
<trkpt lat="43.5062433" lon="5.9552883"><ele>246.7</ele></trkpt>
<trkpt lat="43.50627" lon="5.9552717"><ele>246.09</ele></trkpt>
<trkpt lat="43.5062983" lon="5.9552567"><ele>245.72</ele></trkpt>
<trkpt lat="43.5063283" lon="5.95525"><ele>245.35</ele></trkpt>
<trkpt lat="43.5063633" lon="5.95524"><ele>245.03</ele></trkpt>
<trkpt lat="43.506395" lon="5.9552267"><ele>245.51</ele></trkpt>
<trkpt lat="43.5064233" lon="5.955235000000001"><ele>245.69</ele></trkpt>
<trkpt lat="43.5064533" lon="5.9552383"><ele>245.83</ele></trkpt>
<trkpt lat="43.5064867" lon="5.95524"><ele>245.69</ele></trkpt>
<trkpt lat="43.506515" lon="5.955235000000001"><ele>246.09</ele></trkpt>
<trkpt lat="43.50655" lon="5.9552367"><ele>246.68</ele></trkpt>
<trkpt lat="43.50658" lon="5.9552367"><ele>247.28</ele></trkpt>
<trkpt lat="43.5066117" lon="5.9552267"><ele>247.89</ele></trkpt>
<trkpt lat="43.50664" lon="5.955223300000001"><ele>248.25</ele></trkpt>
<trkpt lat="43.5066767" lon="5.955221700000001"><ele>248.36</ele></trkpt>
<trkpt lat="43.5067083" lon="5.9552183"><ele>248.56</ele></trkpt>
<trkpt lat="43.5067383" lon="5.955215"><ele>248.05</ele></trkpt>
<trkpt lat="43.5067667" lon="5.955215"><ele>247.63</ele></trkpt>
<trkpt lat="43.5067983" lon="5.9552117"><ele>247.25</ele></trkpt>
<trkpt lat="43.5068333" lon="5.9552117"><ele>246.72</ele></trkpt>
<trkpt lat="43.506865" lon="5.95521"><ele>246.23</ele></trkpt>
<trkpt lat="43.5068967" lon="5.9552133"><ele>246.29</ele></trkpt>
<trkpt lat="43.5069267" lon="5.9552117"><ele>245.92</ele></trkpt>
<trkpt lat="43.5069567" lon="5.955203299999999"><ele>246.23</ele></trkpt>
<trkpt lat="43.5069867" lon="5.9551933"><ele>246.51</ele></trkpt>
<trkpt lat="43.5070167" lon="5.955178300000001"><ele>246.48</ele></trkpt>
<trkpt lat="43.5070517" lon="5.955178300000001"><ele>246.53</ele></trkpt>
<trkpt lat="43.5070883" lon="5.9551617"><ele>246.88</ele></trkpt>
<trkpt lat="43.5071217" lon="5.955158299999999"><ele>246.83</ele></trkpt>
<trkpt lat="43.5071567" lon="5.9551567"><ele>246.96</ele></trkpt>
<trkpt lat="43.5071917" lon="5.9551467"><ele>246.97</ele></trkpt>
<trkpt lat="43.507225" lon="5.9551417"><ele>247.23</ele></trkpt>
<trkpt lat="43.5072567" lon="5.955144999999999"><ele>247.27</ele></trkpt>
<trkpt lat="43.5072917" lon="5.9551567"><ele>247.17</ele></trkpt>
<trkpt lat="43.50732" lon="5.9551617"><ele>246.65</ele></trkpt>
<trkpt lat="43.5073533" lon="5.9551717"><ele>246.4</ele></trkpt>
<trkpt lat="43.507385" lon="5.9551717"><ele>246.54</ele></trkpt>
<trkpt lat="43.50742" lon="5.955178300000001"><ele>246.6</ele></trkpt>
<trkpt lat="43.5074483" lon="5.9551967"><ele>246.65</ele></trkpt>
<trkpt lat="43.50748" lon="5.955203299999999"><ele>246.29</ele></trkpt>
<trkpt lat="43.5075067" lon="5.955215"><ele>245.86</ele></trkpt>
<trkpt lat="43.50754" lon="5.9552267"><ele>245.5</ele></trkpt>
<trkpt lat="43.5075733" lon="5.95522"><ele>245.46</ele></trkpt>
<trkpt lat="43.5076017" lon="5.9552133"><ele>245.6</ele></trkpt>
<trkpt lat="43.5076317" lon="5.9552117"><ele>245.67</ele></trkpt>
<trkpt lat="43.5076617" lon="5.9552167"><ele>245.76</ele></trkpt>
<trkpt lat="43.5076917" lon="5.955215"><ele>245.86</ele></trkpt>
<trkpt lat="43.50772" lon="5.955203299999999"><ele>245.75</ele></trkpt>
<trkpt lat="43.5077467" lon="5.955195"><ele>245.69</ele></trkpt>
<trkpt lat="43.5077767" lon="5.9551917"><ele>245.57</ele></trkpt>
<trkpt lat="43.5078083" lon="5.955189999999999"><ele>245.74</ele></trkpt>
<trkpt lat="43.5078417" lon="5.9551933"><ele>245.42</ele></trkpt>
<trkpt lat="43.5078733" lon="5.9551967"><ele>245.21</ele></trkpt>
<trkpt lat="43.5079033" lon="5.9552"><ele>244.66</ele></trkpt>
<trkpt lat="43.5079383" lon="5.9551917"><ele>244.22</ele></trkpt>
<trkpt lat="43.5079733" lon="5.95518"><ele>244.74</ele></trkpt>
<trkpt lat="43.50801" lon="5.955178300000001"><ele>245.83</ele></trkpt>
<trkpt lat="43.5080483" lon="5.9551733"><ele>246.58</ele></trkpt>
<trkpt lat="43.5080833" lon="5.9551667"><ele>247.31</ele></trkpt>
<trkpt lat="43.5081167" lon="5.9551617"><ele>247.89</ele></trkpt>
<trkpt lat="43.5081533" lon="5.95516"><ele>247.62</ele></trkpt>
<trkpt lat="43.5081817" lon="5.9551633"><ele>247.5</ele></trkpt>
<trkpt lat="43.5082117" lon="5.95517"><ele>247.21</ele></trkpt>
<trkpt lat="43.5082483" lon="5.9551717"><ele>246.65</ele></trkpt>
<trkpt lat="43.5082767" lon="5.9551617"><ele>246.55</ele></trkpt>
<trkpt lat="43.5083067" lon="5.9551617"><ele>246.66</ele></trkpt>
<trkpt lat="43.5083333" lon="5.955155"><ele>246.48</ele></trkpt>
<trkpt lat="43.5083667" lon="5.9551467"><ele>246.14</ele></trkpt>
<trkpt lat="43.5084" lon="5.955133300000001"><ele>245.39</ele></trkpt>
<trkpt lat="43.5084317" lon="5.955113299999999"><ele>244.92</ele></trkpt>
<trkpt lat="43.5084633" lon="5.955088300000001"><ele>244.76</ele></trkpt>
<trkpt lat="43.5084917" lon="5.9550633"><ele>244.6</ele></trkpt>
<trkpt lat="43.5085183" lon="5.9550333"><ele>244.38</ele></trkpt>
<trkpt lat="43.5085417" lon="5.955009999999999"><ele>244.82</ele></trkpt>
<trkpt lat="43.50857" lon="5.9550167"><ele>245.66</ele></trkpt>
<trkpt lat="43.5085817" lon="5.9549767"><ele>246.03</ele></trkpt>
<trkpt lat="43.5086" lon="5.954940000000001"><ele>246.14</ele></trkpt>
<trkpt lat="43.50862" lon="5.9549"><ele>246.17</ele></trkpt>
<trkpt lat="43.50864" lon="5.9548683"><ele>246.01</ele></trkpt>
<trkpt lat="43.508665" lon="5.9548417"><ele>245.88</ele></trkpt>
<trkpt lat="43.5086883" lon="5.9548167"><ele>245.61</ele></trkpt>
<trkpt lat="43.508715" lon="5.9547867"><ele>245.46</ele></trkpt>
<trkpt lat="43.5087383" lon="5.954755"><ele>245.54</ele></trkpt>
<trkpt lat="43.508765" lon="5.954724999999999"><ele>245.73</ele></trkpt>
<trkpt lat="43.5087917" lon="5.9547017"><ele>245.56</ele></trkpt>
<trkpt lat="43.5088183" lon="5.954675"><ele>245.54</ele></trkpt>
<trkpt lat="43.5088433" lon="5.954645"><ele>245.87</ele></trkpt>
<trkpt lat="43.5088633" lon="5.9546167"><ele>245.95</ele></trkpt>
<trkpt lat="43.5088817" lon="5.954588299999999"><ele>246.04</ele></trkpt>
<trkpt lat="43.5089" lon="5.95456"><ele>246.26</ele></trkpt>
<trkpt lat="43.5089317" lon="5.954533299999999"><ele>246.04</ele></trkpt>
<trkpt lat="43.5089567" lon="5.9545117"><ele>245.7</ele></trkpt>
<trkpt lat="43.508985" lon="5.9544817"><ele>245.29</ele></trkpt>
<trkpt lat="43.5090067" lon="5.9544567"><ele>245.18</ele></trkpt>
<trkpt lat="43.5090333" lon="5.954426699999999"><ele>245.01</ele></trkpt>
<trkpt lat="43.5090583" lon="5.9544017"><ele>245.35</ele></trkpt>
<trkpt lat="43.5090817" lon="5.9543733"><ele>245.99</ele></trkpt>
<trkpt lat="43.509105" lon="5.95435"><ele>246.8</ele></trkpt>
<trkpt lat="43.509135" lon="5.954334999999999"><ele>247.14</ele></trkpt>
<trkpt lat="43.5091433" lon="5.9542983"><ele>247.1</ele></trkpt>
<trkpt lat="43.509185" lon="5.9542867"><ele>247.48</ele></trkpt>
<trkpt lat="43.509175" lon="5.9542433"><ele>251.51</ele></trkpt>
<trkpt lat="43.50918" lon="5.954201699999999"><ele>251.06</ele></trkpt>
<trkpt lat="43.5091967" lon="5.95415"><ele>250.55</ele></trkpt>
<trkpt lat="43.5092167" lon="5.9541217"><ele>250.23</ele></trkpt>
<trkpt lat="43.5092367" lon="5.954075"><ele>250.11</ele></trkpt>
<trkpt lat="43.50925" lon="5.9540383"><ele>249.79</ele></trkpt>
<trkpt lat="43.5092617" lon="5.9539867"><ele>249.61</ele></trkpt>
<trkpt lat="43.5092833" lon="5.9539417"><ele>249.58</ele></trkpt>
<trkpt lat="43.509285" lon="5.953891700000001"><ele>249.97</ele></trkpt>
<trkpt lat="43.5092967" lon="5.9538433"><ele>249.67</ele></trkpt>
<trkpt lat="43.5092983" lon="5.9537933"><ele>250.12</ele></trkpt>
<trkpt lat="43.5093083" lon="5.953745000000001"><ele>250.17</ele></trkpt>
<trkpt lat="43.5093033" lon="5.953695"><ele>250.25</ele></trkpt>
<trkpt lat="43.5093083" lon="5.9536467"><ele>250.37</ele></trkpt>
<trkpt lat="43.5093067" lon="5.953595"><ele>250.16</ele></trkpt>
<trkpt lat="43.50931" lon="5.953545"><ele>250.61</ele></trkpt>
<trkpt lat="43.50932" lon="5.953501700000001"><ele>250.44</ele></trkpt>
<trkpt lat="43.5093333" lon="5.953456700000001"><ele>249.92</ele></trkpt>
<trkpt lat="43.5093467" lon="5.9534083"><ele>249.36</ele></trkpt>
<trkpt lat="43.5093583" lon="5.9533583"><ele>249.35</ele></trkpt>
<trkpt lat="43.5093567" lon="5.9533083"><ele>249.31</ele></trkpt>
<trkpt lat="43.509345" lon="5.9532633"><ele>249.09</ele></trkpt>
<trkpt lat="43.50933" lon="5.953231699999999"><ele>248.82</ele></trkpt>
<trkpt lat="43.5093067" lon="5.953198299999999"><ele>248.49</ele></trkpt>
<trkpt lat="43.5092817" lon="5.9531667"><ele>248.36</ele></trkpt>
<trkpt lat="43.5092717" lon="5.9531183"><ele>248.38</ele></trkpt>
<trkpt lat="43.5092717" lon="5.95308"><ele>248.31</ele></trkpt>
<trkpt lat="43.50929" lon="5.9530467"><ele>248.28</ele></trkpt>
<trkpt lat="43.5093233" lon="5.9530333"><ele>248.11</ele></trkpt>
<trkpt lat="43.509355" lon="5.95302"><ele>247.98</ele></trkpt>
<trkpt lat="43.5093883" lon="5.95301"><ele>247.93</ele></trkpt>
<trkpt lat="43.5094217" lon="5.9529983"><ele>247.59</ele></trkpt>
<trkpt lat="43.509455" lon="5.9529733"><ele>247.93</ele></trkpt>
<trkpt lat="43.5094867" lon="5.9529517"><ele>248.3</ele></trkpt>
<trkpt lat="43.509515" lon="5.9529417"><ele>248.76</ele></trkpt>
<trkpt lat="43.5095567" lon="5.9529417"><ele>249.65</ele></trkpt>
<trkpt lat="43.509585" lon="5.9529433"><ele>250.18</ele></trkpt>
<trkpt lat="43.5096117" lon="5.95295"><ele>250.41</ele></trkpt>
<trkpt lat="43.5096417" lon="5.95295"><ele>250.8</ele></trkpt>
<trkpt lat="43.50967" lon="5.9529383"><ele>251.33</ele></trkpt>
<trkpt lat="43.5096933" lon="5.9529183"><ele>251.31</ele></trkpt>
<trkpt lat="43.5097217" lon="5.9528867"><ele>251.57</ele></trkpt>
<trkpt lat="43.5097517" lon="5.952865"><ele>251.65</ele></trkpt>
<trkpt lat="43.509775" lon="5.952845000000001"><ele>251.84</ele></trkpt>
<trkpt lat="43.5097967" lon="5.952813299999999"><ele>252.48</ele></trkpt>
<trkpt lat="43.5098183" lon="5.9527883"><ele>253.32</ele></trkpt>
<trkpt lat="43.5098467" lon="5.952766699999999"><ele>253.8</ele></trkpt>
<trkpt lat="43.50986" lon="5.952733299999999"><ele>254.08</ele></trkpt>
<trkpt lat="43.50987" lon="5.952698300000001"><ele>255.04</ele></trkpt>
<trkpt lat="43.50989" lon="5.9526667"><ele>256.18</ele></trkpt>
<trkpt lat="43.5099033" lon="5.952629999999999"><ele>257.47</ele></trkpt>
<trkpt lat="43.5099283" lon="5.9526017"><ele>258.29</ele></trkpt>
<trkpt lat="43.5099533" lon="5.9525867"><ele>258.7</ele></trkpt>
<trkpt lat="43.5099833" lon="5.95258"><ele>259.29</ele></trkpt>
<trkpt lat="43.5100167" lon="5.9525833"><ele>259.56</ele></trkpt>
<trkpt lat="43.5100533" lon="5.9525617"><ele>260.03</ele></trkpt>
<trkpt lat="43.51009" lon="5.9525583"><ele>260.43</ele></trkpt>
<trkpt lat="43.5101217" lon="5.9525433"><ele>260.9</ele></trkpt>
<trkpt lat="43.5101517" lon="5.952539999999999"><ele>261.98</ele></trkpt>
<trkpt lat="43.5101817" lon="5.95253"><ele>262.59</ele></trkpt>
<trkpt lat="43.5102117" lon="5.9525333"><ele>263.73</ele></trkpt>
<trkpt lat="43.5102417" lon="5.952535"><ele>264.21</ele></trkpt>
<trkpt lat="43.5102683" lon="5.952545"><ele>264.63</ele></trkpt>
<trkpt lat="43.510295" lon="5.9525333"><ele>265.17</ele></trkpt>
<trkpt lat="43.5103217" lon="5.9525217"><ele>265.55</ele></trkpt>
<trkpt lat="43.5103483" lon="5.9525133"><ele>266</ele></trkpt>
<trkpt lat="43.51038" lon="5.9525"><ele>266.47</ele></trkpt>
<trkpt lat="43.5104167" lon="5.952491699999999"><ele>266.81</ele></trkpt>
<trkpt lat="43.5104483" lon="5.952491699999999"><ele>267.3</ele></trkpt>
<trkpt lat="43.5104783" lon="5.952491699999999"><ele>267.73</ele></trkpt>
<trkpt lat="43.510505" lon="5.9524783"><ele>268.62</ele></trkpt>
<trkpt lat="43.51053" lon="5.9524933"><ele>269.45</ele></trkpt>
<trkpt lat="43.51055" lon="5.9525317"><ele>270.28</ele></trkpt>
<trkpt lat="43.51057" lon="5.952584999999999"><ele>270.89</ele></trkpt>
<trkpt lat="43.510585" lon="5.9526283"><ele>271.26</ele></trkpt>
<trkpt lat="43.510605" lon="5.9526667"><ele>271.56</ele></trkpt>
<trkpt lat="43.5106317" lon="5.9527"><ele>271.04</ele></trkpt>
<trkpt lat="43.51067" lon="5.9527017"><ele>270.69</ele></trkpt>
<trkpt lat="43.5107" lon="5.9527"><ele>270.59</ele></trkpt>
<trkpt lat="43.5107333" lon="5.95269"><ele>270.29</ele></trkpt>
<trkpt lat="43.5107617" lon="5.95268"><ele>270.01</ele></trkpt>
<trkpt lat="43.510795" lon="5.9526767"><ele>269.68</ele></trkpt>
<trkpt lat="43.5108317" lon="5.952696700000001"><ele>269.75</ele></trkpt>
<trkpt lat="43.5108583" lon="5.952706700000001"><ele>269.85</ele></trkpt>
<trkpt lat="43.51089" lon="5.9527167"><ele>270.21</ele></trkpt>
<trkpt lat="43.5109167" lon="5.952735"><ele>270.3</ele></trkpt>
<trkpt lat="43.51095" lon="5.95275"><ele>269.92</ele></trkpt>
<trkpt lat="43.5109833" lon="5.9527617"><ele>270.04</ele></trkpt>
<trkpt lat="43.5110167" lon="5.9527717"><ele>270.49</ele></trkpt>
<trkpt lat="43.51105" lon="5.952766699999999"><ele>270.9</ele></trkpt>
<trkpt lat="43.5110833" lon="5.95275"><ele>271.01</ele></trkpt>
<trkpt lat="43.51111" lon="5.952733299999999"><ele>271.11</ele></trkpt>
<trkpt lat="43.511145" lon="5.9527317"><ele>271.57</ele></trkpt>
<trkpt lat="43.5111783" lon="5.9527367"><ele>271.7</ele></trkpt>
<trkpt lat="43.511205" lon="5.95275"><ele>272.09</ele></trkpt>
<trkpt lat="43.5112317" lon="5.952766699999999"><ele>272.51</ele></trkpt>
<trkpt lat="43.5112667" lon="5.95279"><ele>273.28</ele></trkpt>
<trkpt lat="43.5113017" lon="5.9527933"><ele>273.98</ele></trkpt>
<trkpt lat="43.5113283" lon="5.952809999999999"><ele>275.09</ele></trkpt>
<trkpt lat="43.5113517" lon="5.952835"><ele>275.89</ele></trkpt>
<trkpt lat="43.5113817" lon="5.95286"><ele>276.76</ele></trkpt>
<trkpt lat="43.51143" lon="5.9528983"><ele>277.68</ele></trkpt>
<trkpt lat="43.5114633" lon="5.952901699999999"><ele>276.62</ele></trkpt>
<trkpt lat="43.51149" lon="5.9528883"><ele>276.02</ele></trkpt>
<trkpt lat="43.511525" lon="5.9528633"><ele>275.59</ele></trkpt>
<trkpt lat="43.5115533" lon="5.952845000000001"><ele>275.44</ele></trkpt>
<trkpt lat="43.5115833" lon="5.9528267"><ele>275.45</ele></trkpt>
<trkpt lat="43.5116083" lon="5.952811699999999"><ele>275.32</ele></trkpt>
<trkpt lat="43.5116433" lon="5.9527933"><ele>275.08</ele></trkpt>
<trkpt lat="43.5116767" lon="5.952785"><ele>274.86</ele></trkpt>
<trkpt lat="43.51171" lon="5.95279"><ele>274.75</ele></trkpt>
<trkpt lat="43.5117383" lon="5.9527917"><ele>274.1</ele></trkpt>
<trkpt lat="43.5117667" lon="5.9527883"><ele>274.05</ele></trkpt>
<trkpt lat="43.5117967" lon="5.952795"><ele>273.67</ele></trkpt>
<trkpt lat="43.511835" lon="5.952800000000001"><ele>273.16</ele></trkpt>
<trkpt lat="43.5118633" lon="5.9528067"><ele>272.05</ele></trkpt>
<trkpt lat="43.511895" lon="5.9528183"><ele>270.98</ele></trkpt>
<trkpt lat="43.511925" lon="5.952824999999999"><ele>270.79</ele></trkpt>
<trkpt lat="43.511955" lon="5.952831700000001"><ele>270.87</ele></trkpt>
<trkpt lat="43.511985" lon="5.9528367"><ele>271.17</ele></trkpt>
<trkpt lat="43.5120167" lon="5.95285"><ele>271.1</ele></trkpt>
<trkpt lat="43.5120417" lon="5.952876700000001"><ele>270.88</ele></trkpt>
<trkpt lat="43.512075" lon="5.952895"><ele>270.81</ele></trkpt>
<trkpt lat="43.5121067" lon="5.9529117"><ele>270.66</ele></trkpt>
<trkpt lat="43.5121367" lon="5.95293"><ele>270.77</ele></trkpt>
<trkpt lat="43.5121667" lon="5.952945"><ele>270.78</ele></trkpt>
<trkpt lat="43.5121933" lon="5.9529533"><ele>270.54</ele></trkpt>
<trkpt lat="43.5122233" lon="5.9529733"><ele>270.06</ele></trkpt>
<trkpt lat="43.512255" lon="5.95299"><ele>270.14</ele></trkpt>
<trkpt lat="43.5122817" lon="5.9530067"><ele>270.61</ele></trkpt>
<trkpt lat="43.5123117" lon="5.953018299999999"><ele>270.67</ele></trkpt>
<trkpt lat="43.5123433" lon="5.9530117"><ele>270.97</ele></trkpt>
<trkpt lat="43.5123733" lon="5.9530067"><ele>271.37</ele></trkpt>
<trkpt lat="43.5124" lon="5.952991700000001"><ele>271.54</ele></trkpt>
<trkpt lat="43.5124267" lon="5.952975"><ele>271.49</ele></trkpt>
<trkpt lat="43.5124533" lon="5.9529667"><ele>271.29</ele></trkpt>
<trkpt lat="43.5124867" lon="5.9529683"><ele>271.34</ele></trkpt>
<trkpt lat="43.5125183" lon="5.9529767"><ele>271.06</ele></trkpt>
<trkpt lat="43.5125483" lon="5.952985"><ele>270.75</ele></trkpt>
<trkpt lat="43.5125817" lon="5.952994999999999"><ele>270.77</ele></trkpt>
<trkpt lat="43.5126117" lon="5.9530033"><ele>270.89</ele></trkpt>
<trkpt lat="43.51264" lon="5.9530017"><ele>270.82</ele></trkpt>
<trkpt lat="43.51267" lon="5.953"><ele>270.72</ele></trkpt>
<trkpt lat="43.512695" lon="5.952980000000001"><ele>270.44</ele></trkpt>
<trkpt lat="43.5127167" lon="5.9529533"><ele>270.55</ele></trkpt>
<trkpt lat="43.5127367" lon="5.9529217"><ele>270.96</ele></trkpt>
<trkpt lat="43.5127533" lon="5.9528917"><ele>271.32</ele></trkpt>
<trkpt lat="43.5127583" lon="5.9528483"><ele>271.83</ele></trkpt>
<trkpt lat="43.51278" lon="5.95282"><ele>271.63</ele></trkpt>
<trkpt lat="43.5127967" lon="5.9527817"><ele>271.94</ele></trkpt>
<trkpt lat="43.51282" lon="5.952753300000001"><ele>273</ele></trkpt>
<trkpt lat="43.512825" lon="5.952715"><ele>274.13</ele></trkpt>
<trkpt lat="43.5128217" lon="5.95267"><ele>274.84</ele></trkpt>
<trkpt lat="43.5128283" lon="5.9526283"><ele>275.25</ele></trkpt>
<trkpt lat="43.5128367" lon="5.9525867"><ele>275.84</ele></trkpt>
<trkpt lat="43.5128567" lon="5.9525617"><ele>276.14</ele></trkpt>
<trkpt lat="43.5128567" lon="5.952515000000001"><ele>276.97</ele></trkpt>
<trkpt lat="43.51287" lon="5.9524717"><ele>278.1</ele></trkpt>
<trkpt lat="43.512875" lon="5.952434999999999"><ele>279.26</ele></trkpt>
<trkpt lat="43.5128733" lon="5.952393299999999"><ele>280.69</ele></trkpt>
<trkpt lat="43.5128683" lon="5.95235"><ele>281.63</ele></trkpt>
<trkpt lat="43.51288" lon="5.9523017"><ele>282.3</ele></trkpt>
<trkpt lat="43.512895" lon="5.9522583"><ele>282.75</ele></trkpt>
<trkpt lat="43.5129083" lon="5.9522233"><ele>283.04</ele></trkpt>
<trkpt lat="43.51292" lon="5.9521883"><ele>283.27</ele></trkpt>
<trkpt lat="43.512915" lon="5.95215"><ele>283.71</ele></trkpt>
<trkpt lat="43.512925" lon="5.95211"><ele>284.83</ele></trkpt>
<trkpt lat="43.512925" lon="5.9520617"><ele>285.34</ele></trkpt>
<trkpt lat="43.5129183" lon="5.952021700000001"><ele>285.66</ele></trkpt>
<trkpt lat="43.5129267" lon="5.9519783"><ele>285.87</ele></trkpt>
<trkpt lat="43.5129417" lon="5.951945000000001"><ele>286.21</ele></trkpt>
<trkpt lat="43.5129567" lon="5.951913299999999"><ele>286.7</ele></trkpt>
<trkpt lat="43.5129717" lon="5.951868299999999"><ele>287.56</ele></trkpt>
<trkpt lat="43.5129917" lon="5.951833300000001"><ele>288.21</ele></trkpt>
<trkpt lat="43.5130133" lon="5.951805"><ele>289.16</ele></trkpt>
<trkpt lat="43.51303" lon="5.9517717"><ele>290.9</ele></trkpt>
<trkpt lat="43.5130233" lon="5.9517317"><ele>289.98</ele></trkpt>
<trkpt lat="43.5130383" lon="5.9516983"><ele>290.24</ele></trkpt>
<trkpt lat="43.513045" lon="5.9516583"><ele>290.66</ele></trkpt>
<trkpt lat="43.51306" lon="5.951626699999999"><ele>291.17</ele></trkpt>
<trkpt lat="43.5130783" lon="5.9515983"><ele>291.92</ele></trkpt>
<trkpt lat="43.513095" lon="5.9515667"><ele>292.72</ele></trkpt>
<trkpt lat="43.5131267" lon="5.9514467"><ele>294.98</ele></trkpt>
<trkpt lat="43.5131183" lon="5.951385"><ele>297.32</ele></trkpt>
<trkpt lat="43.5131167" lon="5.951344999999999"><ele>298.63</ele></trkpt>
<trkpt lat="43.5131167" lon="5.951305"><ele>299.63</ele></trkpt>
<trkpt lat="43.51311" lon="5.9512667"><ele>300.4</ele></trkpt>
<trkpt lat="43.5130967" lon="5.951230000000001"><ele>301.3</ele></trkpt>
<trkpt lat="43.5130867" lon="5.9511917"><ele>302.66</ele></trkpt>
<trkpt lat="43.5130667" lon="5.951165"><ele>303.57</ele></trkpt>
<trkpt lat="43.51304" lon="5.951139999999999"><ele>305.19</ele></trkpt>
<trkpt lat="43.5130183" lon="5.951104999999999"><ele>306.19</ele></trkpt>
<trkpt lat="43.513" lon="5.9510683"><ele>306.93</ele></trkpt>
<trkpt lat="43.5129867" lon="5.95103"><ele>307.8</ele></trkpt>
<trkpt lat="43.512985" lon="5.950985"><ele>308.72</ele></trkpt>
<trkpt lat="43.512995" lon="5.9509467"><ele>309.74</ele></trkpt>
<trkpt lat="43.51301" lon="5.950905"><ele>310.44</ele></trkpt>
<trkpt lat="43.513025" lon="5.9508633"><ele>311.14</ele></trkpt>
<trkpt lat="43.5130417" lon="5.9508333"><ele>311.61</ele></trkpt>
<trkpt lat="43.5130683" lon="5.9508183"><ele>312.9</ele></trkpt>
<trkpt lat="43.5130967" lon="5.950805"><ele>313.93</ele></trkpt>
<trkpt lat="43.5131133" lon="5.9507733"><ele>315.66</ele></trkpt>
<trkpt lat="43.51313" lon="5.9507417"><ele>316.99</ele></trkpt>
<trkpt lat="43.5131467" lon="5.95071"><ele>318.1</ele></trkpt>
<trkpt lat="43.5131633" lon="5.9506767"><ele>319.03</ele></trkpt>
<trkpt lat="43.51319" lon="5.9506583"><ele>319.7</ele></trkpt>
<trkpt lat="43.513215" lon="5.950635"><ele>320.5</ele></trkpt>
<trkpt lat="43.513245" lon="5.9506117"><ele>321.56</ele></trkpt>
<trkpt lat="43.513275" lon="5.9506067"><ele>322.4</ele></trkpt>
<trkpt lat="43.5133033" lon="5.950601700000001"><ele>322.94</ele></trkpt>
<trkpt lat="43.513335" lon="5.9505867"><ele>323.43</ele></trkpt>
<trkpt lat="43.51336" lon="5.9505717"><ele>323.67</ele></trkpt>
<trkpt lat="43.5133933" lon="5.950569999999999"><ele>323.97</ele></trkpt>
<trkpt lat="43.5134217" lon="5.9505667"><ele>324.15</ele></trkpt>
<trkpt lat="43.51345" lon="5.950538299999999"><ele>324.52</ele></trkpt>
<trkpt lat="43.5134783" lon="5.950515"><ele>324.52</ele></trkpt>
<trkpt lat="43.5135033" lon="5.9504883"><ele>324.37</ele></trkpt>
<trkpt lat="43.5135317" lon="5.950468300000001"><ele>324.65</ele></trkpt>
<trkpt lat="43.5135533" lon="5.950445"><ele>325.14</ele></trkpt>
<trkpt lat="43.5135717" lon="5.9504117"><ele>323.81</ele></trkpt>
<trkpt lat="43.5135967" lon="5.95038"><ele>323.63</ele></trkpt>
<trkpt lat="43.5136067" lon="5.9503383"><ele>323.49</ele></trkpt>
<trkpt lat="43.5136283" lon="5.9503117"><ele>323.42</ele></trkpt>
<trkpt lat="43.513655" lon="5.950284999999999"><ele>323.03</ele></trkpt>
<trkpt lat="43.5136833" lon="5.950265"><ele>322.63</ele></trkpt>
<trkpt lat="43.5137133" lon="5.950255"><ele>322.3</ele></trkpt>
<trkpt lat="43.513735" lon="5.9502233"><ele>321.92</ele></trkpt>
<trkpt lat="43.5137433" lon="5.950183300000001"><ele>321.99</ele></trkpt>
<trkpt lat="43.5137433" lon="5.9501417"><ele>322.08</ele></trkpt>
<trkpt lat="43.5137417" lon="5.950101699999999"><ele>322</ele></trkpt>
<trkpt lat="43.51374" lon="5.9500617"><ele>322.16</ele></trkpt>
<trkpt lat="43.5137367" lon="5.950021700000001"><ele>322.09</ele></trkpt>
<trkpt lat="43.5137433" lon="5.949985"><ele>321.69</ele></trkpt>
<trkpt lat="43.5137467" lon="5.949941700000001"><ele>321.96</ele></trkpt>
<trkpt lat="43.5137667" lon="5.9499067"><ele>321.54</ele></trkpt>
<trkpt lat="43.5137917" lon="5.94989"><ele>321.22</ele></trkpt>
<trkpt lat="43.5138283" lon="5.9498883"><ele>320.93</ele></trkpt>
<trkpt lat="43.5138617" lon="5.9499033"><ele>320.56</ele></trkpt>
<trkpt lat="43.5138917" lon="5.9499133"><ele>320.11</ele></trkpt>
<trkpt lat="43.5139183" lon="5.9499317"><ele>319.64</ele></trkpt>
<trkpt lat="43.5139467" lon="5.949954999999999"><ele>319.06</ele></trkpt>
<trkpt lat="43.5139767" lon="5.949965"><ele>318.5</ele></trkpt>
<trkpt lat="43.5140033" lon="5.9499817"><ele>317.78</ele></trkpt>
<trkpt lat="43.5140333" lon="5.9499967"><ele>316.78</ele></trkpt>
<trkpt lat="43.514065" lon="5.9500067"><ele>316.75</ele></trkpt>
<trkpt lat="43.5141" lon="5.950011699999999"><ele>316.19</ele></trkpt>
<trkpt lat="43.51413" lon="5.9500083"><ele>315.43</ele></trkpt>
<trkpt lat="43.514165" lon="5.9499517"><ele>311.81</ele></trkpt>
<trkpt lat="43.5141633" lon="5.9499133"><ele>311.93</ele></trkpt>
<trkpt lat="43.5141517" lon="5.949875"><ele>312.11</ele></trkpt>
<trkpt lat="43.51414" lon="5.949840000000001"><ele>312.09</ele></trkpt>
<trkpt lat="43.5141333" lon="5.9498"><ele>312.18</ele></trkpt>
<trkpt lat="43.5141167" lon="5.949759999999999"><ele>312.1</ele></trkpt>
<trkpt lat="43.514095" lon="5.949725"><ele>312.15</ele></trkpt>
<trkpt lat="43.5140717" lon="5.9496983"><ele>312.54</ele></trkpt>
<trkpt lat="43.5140533" lon="5.949656700000001"><ele>312.49</ele></trkpt>
<trkpt lat="43.5140517" lon="5.949613300000001"><ele>312.17</ele></trkpt>
<trkpt lat="43.514055" lon="5.949565"><ele>311.92</ele></trkpt>
<trkpt lat="43.5140517" lon="5.9495267"><ele>311.54</ele></trkpt>
<trkpt lat="43.5140417" lon="5.94948"><ele>311.79</ele></trkpt>
<trkpt lat="43.5140483" lon="5.94944"><ele>312.47</ele></trkpt>
<trkpt lat="43.51404" lon="5.9494"><ele>312.75</ele></trkpt>
<trkpt lat="43.5140267" lon="5.949365"><ele>312.53</ele></trkpt>
<trkpt lat="43.51401" lon="5.949329999999999"><ele>311.87</ele></trkpt>
<trkpt lat="43.51399" lon="5.949305000000001"><ele>311.27</ele></trkpt>
<trkpt lat="43.513965" lon="5.949270000000001"><ele>310.38</ele></trkpt>
<trkpt lat="43.5139433" lon="5.9492433"><ele>309.94</ele></trkpt>
<trkpt lat="43.5139233" lon="5.9492183"><ele>309.44</ele></trkpt>
<trkpt lat="43.5139017" lon="5.949194999999999"><ele>308.68</ele></trkpt>
<trkpt lat="43.5138717" lon="5.949170000000001"><ele>307.59</ele></trkpt>
<trkpt lat="43.5138467" lon="5.949146699999999"><ele>306.61</ele></trkpt>
<trkpt lat="43.5138233" lon="5.94912"><ele>305.81</ele></trkpt>
<trkpt lat="43.5138067" lon="5.9490867"><ele>305.01</ele></trkpt>
<trkpt lat="43.51378" lon="5.9490633"><ele>304.08</ele></trkpt>
<trkpt lat="43.5137517" lon="5.94904"><ele>303.01</ele></trkpt>
<trkpt lat="43.5137267" lon="5.949013299999999"><ele>301.72</ele></trkpt>
<trkpt lat="43.5137067" lon="5.9489833"><ele>300.35</ele></trkpt>
<trkpt lat="43.5136883" lon="5.9489467"><ele>299.78</ele></trkpt>
<trkpt lat="43.5136733" lon="5.9489117"><ele>299.1</ele></trkpt>
<trkpt lat="43.513665" lon="5.948864999999999"><ele>297.8</ele></trkpt>
<trkpt lat="43.5136567" lon="5.948825"><ele>296.98</ele></trkpt>
<trkpt lat="43.5136667" lon="5.948775"><ele>295.86</ele></trkpt>
<trkpt lat="43.5136883" lon="5.9487367"><ele>295.25</ele></trkpt>
<trkpt lat="43.5137133" lon="5.9487067"><ele>294.72</ele></trkpt>
<trkpt lat="43.5137267" lon="5.9486633"><ele>294.78</ele></trkpt>
<trkpt lat="43.5137383" lon="5.948624999999999"><ele>295.07</ele></trkpt>
<trkpt lat="43.5137467" lon="5.948579999999999"><ele>295.11</ele></trkpt>
<trkpt lat="43.5137533" lon="5.948533299999999"><ele>294.92</ele></trkpt>
<trkpt lat="43.5137467" lon="5.94849"><ele>294.82</ele></trkpt>
<trkpt lat="43.5137317" lon="5.9484583"><ele>294.53</ele></trkpt>
<trkpt lat="43.5137033" lon="5.94844"><ele>294.58</ele></trkpt>
<trkpt lat="43.5136783" lon="5.948419999999999"><ele>294.85</ele></trkpt>
<trkpt lat="43.5136517" lon="5.9483933"><ele>295.22</ele></trkpt>
<trkpt lat="43.513625" lon="5.948373300000001"><ele>295.21</ele></trkpt>
<trkpt lat="43.5136017" lon="5.9483367"><ele>295.19</ele></trkpt>
<trkpt lat="43.5135817" lon="5.9482983"><ele>295.38</ele></trkpt>
<trkpt lat="43.5135567" lon="5.9482633"><ele>296</ele></trkpt>
<trkpt lat="43.513535" lon="5.948234999999999"><ele>296.36</ele></trkpt>
<trkpt lat="43.5135217" lon="5.9481967"><ele>296.23</ele></trkpt>
<trkpt lat="43.5135067" lon="5.948158299999999"><ele>296.01</ele></trkpt>
<trkpt lat="43.51349" lon="5.948120000000001"><ele>296.04</ele></trkpt>
<trkpt lat="43.51347" lon="5.948085"><ele>295.66</ele></trkpt>
<trkpt lat="43.5134433" lon="5.94807"><ele>295.24</ele></trkpt>
<trkpt lat="43.51341" lon="5.9480667"><ele>294.9</ele></trkpt>
<trkpt lat="43.5133783" lon="5.9480733"><ele>294.86</ele></trkpt>
<trkpt lat="43.51335" lon="5.9480933"><ele>294.98</ele></trkpt>
<trkpt lat="43.5133167" lon="5.948113299999999"><ele>294.99</ele></trkpt>
<trkpt lat="43.5132833" lon="5.9481167"><ele>294.91</ele></trkpt>
<trkpt lat="43.5132533" lon="5.9480983"><ele>294.82</ele></trkpt>
<trkpt lat="43.5132333" lon="5.9480717"><ele>294.47</ele></trkpt>
<trkpt lat="43.5132083" lon="5.94805"><ele>294.21</ele></trkpt>
<trkpt lat="43.513185" lon="5.9480283"><ele>293.92</ele></trkpt>
<trkpt lat="43.5131567" lon="5.9480217"><ele>293.82</ele></trkpt>
<trkpt lat="43.513125" lon="5.948020000000001"><ele>293.65</ele></trkpt>
<trkpt lat="43.51309" lon="5.9480117"><ele>293.26</ele></trkpt>
<trkpt lat="43.5130567" lon="5.947998299999999"><ele>292.6</ele></trkpt>
<trkpt lat="43.51303" lon="5.947971700000001"><ele>292.3</ele></trkpt>
<trkpt lat="43.5130067" lon="5.9479383"><ele>291.77</ele></trkpt>
<trkpt lat="43.51298" lon="5.9478983"><ele>291.27</ele></trkpt>
<trkpt lat="43.5129567" lon="5.9478717"><ele>290.76</ele></trkpt>
<trkpt lat="43.51293" lon="5.947863299999999"><ele>290.5</ele></trkpt>
<trkpt lat="43.5129" lon="5.9478533"><ele>290.42</ele></trkpt>
<trkpt lat="43.5128717" lon="5.947848300000001"><ele>291</ele></trkpt>
<trkpt lat="43.5128417" lon="5.947865"><ele>291.18</ele></trkpt>
<trkpt lat="43.5128183" lon="5.9478917"><ele>291.61</ele></trkpt>
<trkpt lat="43.51279" lon="5.9479"><ele>292.18</ele></trkpt>
<trkpt lat="43.512765" lon="5.94792"><ele>292.64</ele></trkpt>
<trkpt lat="43.51274" lon="5.947945"><ele>293.14</ele></trkpt>
<trkpt lat="43.5127133" lon="5.9479583"><ele>293.37</ele></trkpt>
<trkpt lat="43.512685" lon="5.947965"><ele>293.62</ele></trkpt>
<trkpt lat="43.5126517" lon="5.9479783"><ele>294.04</ele></trkpt>
<trkpt lat="43.5126217" lon="5.9479767"><ele>294.09</ele></trkpt>
<trkpt lat="43.5125883" lon="5.9479567"><ele>294.16</ele></trkpt>
<trkpt lat="43.5125667" lon="5.94793"><ele>293.83</ele></trkpt>
<trkpt lat="43.5125333" lon="5.9479183"><ele>293.98</ele></trkpt>
<trkpt lat="43.5124983" lon="5.947925"><ele>293.92</ele></trkpt>
<trkpt lat="43.5124683" lon="5.9479317"><ele>293.73</ele></trkpt>
<trkpt lat="43.5124367" lon="5.9479317"><ele>293.43</ele></trkpt>
<trkpt lat="43.51241" lon="5.9479217"><ele>292.97</ele></trkpt>
<trkpt lat="43.5123783" lon="5.9479133"><ele>292.27</ele></trkpt>
<trkpt lat="43.5123467" lon="5.9478983"><ele>291.44</ele></trkpt>
<trkpt lat="43.51232" lon="5.94788"><ele>290.59</ele></trkpt>
<trkpt lat="43.5122917" lon="5.9478717"><ele>289.81</ele></trkpt>
<trkpt lat="43.512265" lon="5.9478583"><ele>289.31</ele></trkpt>
<trkpt lat="43.5122383" lon="5.9478517"><ele>288.74</ele></trkpt>
<trkpt lat="43.5122183" lon="5.9478217"><ele>288.51</ele></trkpt>
<trkpt lat="43.5121917" lon="5.9478083"><ele>288.39</ele></trkpt>
<trkpt lat="43.5121633" lon="5.9478"><ele>287.97</ele></trkpt>
<trkpt lat="43.5121333" lon="5.947790000000001"><ele>287.54</ele></trkpt>
<trkpt lat="43.5120967" lon="5.9477783"><ele>287.13</ele></trkpt>
<trkpt lat="43.5120683" lon="5.947765"><ele>286.7</ele></trkpt>
<trkpt lat="43.51204" lon="5.9477433"><ele>286.07</ele></trkpt>
<trkpt lat="43.5120067" lon="5.9477217"><ele>285.37</ele></trkpt>
<trkpt lat="43.5119817" lon="5.9477067"><ele>285.13</ele></trkpt>
<trkpt lat="43.5119567" lon="5.947690000000001"><ele>284.93</ele></trkpt>
<trkpt lat="43.5119317" lon="5.947669999999999"><ele>284.79</ele></trkpt>
<trkpt lat="43.5119033" lon="5.94765"><ele>284.72</ele></trkpt>
<trkpt lat="43.51188" lon="5.947623299999999"><ele>285.12</ele></trkpt>
<trkpt lat="43.5118517" lon="5.947598300000001"><ele>285.07</ele></trkpt>
<trkpt lat="43.51182" lon="5.9475683"><ele>285.34</ele></trkpt>
<trkpt lat="43.5117967" lon="5.947533299999999"><ele>285.99</ele></trkpt>
<trkpt lat="43.5118083" lon="5.9474967"><ele>286.46</ele></trkpt>
<trkpt lat="43.5118167" lon="5.947460000000001"><ele>286.48</ele></trkpt>
<trkpt lat="43.5118283" lon="5.9474133"><ele>286.6</ele></trkpt>
<trkpt lat="43.5118383" lon="5.9473767"><ele>287.16</ele></trkpt>
<trkpt lat="43.5118417" lon="5.947335"><ele>287.76</ele></trkpt>
<trkpt lat="43.5118417" lon="5.9472867"><ele>288.62</ele></trkpt>
<trkpt lat="43.51183" lon="5.947248299999999"><ele>289.98</ele></trkpt>
<trkpt lat="43.5118217" lon="5.947203299999999"><ele>290.86</ele></trkpt>
<trkpt lat="43.5118233" lon="5.947165000000001"><ele>291.69</ele></trkpt>
<trkpt lat="43.5118017" lon="5.947135"><ele>292.04</ele></trkpt>
<trkpt lat="43.5117683" lon="5.9471117"><ele>292.76</ele></trkpt>
<trkpt lat="43.5117433" lon="5.9470933"><ele>293.49</ele></trkpt>
<trkpt lat="43.5117133" lon="5.947095"><ele>293.86</ele></trkpt>
<trkpt lat="43.5116817" lon="5.947088300000001"><ele>293.7</ele></trkpt>
<trkpt lat="43.5116533" lon="5.9470633"><ele>291.85</ele></trkpt>
<trkpt lat="43.5116333" lon="5.9470383"><ele>291.88</ele></trkpt>
<trkpt lat="43.511605" lon="5.947006699999999"><ele>292.07</ele></trkpt>
<trkpt lat="43.5115733" lon="5.946975"><ele>292.18</ele></trkpt>
<trkpt lat="43.5115517" lon="5.9469483"><ele>292.35</ele></trkpt>
<trkpt lat="43.5115317" lon="5.94691"><ele>292.45</ele></trkpt>
<trkpt lat="43.5115133" lon="5.9468783"><ele>292.48</ele></trkpt>
<trkpt lat="43.5114933" lon="5.9468533"><ele>292.65</ele></trkpt>
<trkpt lat="43.511475" lon="5.9468233"><ele>293</ele></trkpt>
<trkpt lat="43.5114567" lon="5.9467833"><ele>293.5</ele></trkpt>
<trkpt lat="43.5114267" lon="5.946745000000001"><ele>294.48</ele></trkpt>
<trkpt lat="43.5114033" lon="5.946713299999999"><ele>295.55</ele></trkpt>
<trkpt lat="43.5113783" lon="5.946676699999999"><ele>296.81</ele></trkpt>
<trkpt lat="43.511365" lon="5.9466383"><ele>297.78</ele></trkpt>
<trkpt lat="43.511355" lon="5.9466033"><ele>296.95</ele></trkpt>
<trkpt lat="43.5113483" lon="5.946555"><ele>297.65</ele></trkpt>
<trkpt lat="43.5113433" lon="5.9465133"><ele>298.11</ele></trkpt>
<trkpt lat="43.511355" lon="5.946471699999999"><ele>300.05</ele></trkpt>
<trkpt lat="43.5113617" lon="5.94643"><ele>301.15</ele></trkpt>
<trkpt lat="43.5113617" lon="5.946385"><ele>301.37</ele></trkpt>
<trkpt lat="43.5113867" lon="5.946355"><ele>301.55</ele></trkpt>
<trkpt lat="43.5114167" lon="5.946323300000001"><ele>301.91</ele></trkpt>
<trkpt lat="43.51143" lon="5.9462833"><ele>302.46</ele></trkpt>
<trkpt lat="43.5114367" lon="5.946234999999999"><ele>302.67</ele></trkpt>
<trkpt lat="43.5114583" lon="5.9461933"><ele>302.94</ele></trkpt>
<trkpt lat="43.5114783" lon="5.9461567"><ele>303.24</ele></trkpt>
<trkpt lat="43.511495" lon="5.946120000000001"><ele>303.36</ele></trkpt>
<trkpt lat="43.5115083" lon="5.94608"><ele>303.55</ele></trkpt>
<trkpt lat="43.5115217" lon="5.946039999999999"><ele>304.3</ele></trkpt>
<trkpt lat="43.511535" lon="5.946005"><ele>304.85</ele></trkpt>
<trkpt lat="43.5115517" lon="5.945963299999999"><ele>305</ele></trkpt>
<trkpt lat="43.5115733" lon="5.9459317"><ele>304.8</ele></trkpt>
<trkpt lat="43.5115883" lon="5.9459"><ele>304.53</ele></trkpt>
<trkpt lat="43.51161" lon="5.9458717"><ele>304.46</ele></trkpt>
<trkpt lat="43.5116217" lon="5.945835000000001"><ele>304.98</ele></trkpt>
<trkpt lat="43.511625" lon="5.945790000000001"><ele>305.17</ele></trkpt>
<trkpt lat="43.5116483" lon="5.945766699999999"><ele>305.09</ele></trkpt>
<trkpt lat="43.511675" lon="5.9457733"><ele>304.99</ele></trkpt>
<trkpt lat="43.511705" lon="5.9457733"><ele>304.82</ele></trkpt>
<trkpt lat="43.5117317" lon="5.945754999999999"><ele>304.62</ele></trkpt>
<trkpt lat="43.511765" lon="5.94574"><ele>304.59</ele></trkpt>
<trkpt lat="43.5117933" lon="5.945715"><ele>304.68</ele></trkpt>
<trkpt lat="43.511815" lon="5.945685000000001"><ele>304.69</ele></trkpt>
<trkpt lat="43.51184" lon="5.9456567"><ele>304.83</ele></trkpt>
<trkpt lat="43.5118667" lon="5.945633299999999"><ele>305.07</ele></trkpt>
<trkpt lat="43.5118817" lon="5.9456017"><ele>304.89</ele></trkpt>
<trkpt lat="43.5118983" lon="5.94557"><ele>304.89</ele></trkpt>
<trkpt lat="43.5119183" lon="5.945545"><ele>305.19</ele></trkpt>
<trkpt lat="43.511945" lon="5.9455233"><ele>305.55</ele></trkpt>
<trkpt lat="43.511965" lon="5.9454967"><ele>305.84</ele></trkpt>
<trkpt lat="43.511985" lon="5.9454667"><ele>306.08</ele></trkpt>
<trkpt lat="43.5120117" lon="5.945460000000001"><ele>306.16</ele></trkpt>
<trkpt lat="43.5120383" lon="5.94545"><ele>306.42</ele></trkpt>
<trkpt lat="43.5120567" lon="5.9454183"><ele>306.49</ele></trkpt>
<trkpt lat="43.5120733" lon="5.945379999999999"><ele>306.59</ele></trkpt>
<trkpt lat="43.51209" lon="5.9453467"><ele>306.35</ele></trkpt>
<trkpt lat="43.512115" lon="5.9453067"><ele>305.83</ele></trkpt>
<trkpt lat="43.5121383" lon="5.945275"><ele>305.88</ele></trkpt>
<trkpt lat="43.512155" lon="5.945233299999999"><ele>306.08</ele></trkpt>
<trkpt lat="43.51217" lon="5.9451933"><ele>306.35</ele></trkpt>
<trkpt lat="43.5121933" lon="5.94516"><ele>307</ele></trkpt>
<trkpt lat="43.512205" lon="5.94512"><ele>307.45</ele></trkpt>
<trkpt lat="43.512225" lon="5.9450933"><ele>308.3</ele></trkpt>
<trkpt lat="43.512235" lon="5.945055"><ele>309.03</ele></trkpt>
<trkpt lat="43.51225" lon="5.94502"><ele>309.45</ele></trkpt>
<trkpt lat="43.512235" lon="5.9449883"><ele>309.57</ele></trkpt>
<trkpt lat="43.512225" lon="5.944855"><ele>308.79</ele></trkpt>
<trkpt lat="43.512235" lon="5.9448033"><ele>308.57</ele></trkpt>
<trkpt lat="43.5122667" lon="5.944799999999999"><ele>309.15</ele></trkpt>
<trkpt lat="43.5123083" lon="5.9447467"><ele>309.41</ele></trkpt>
<trkpt lat="43.5123283" lon="5.9446833"><ele>308.33</ele></trkpt>
<trkpt lat="43.5123683" lon="5.94466"><ele>308.44</ele></trkpt>
<trkpt lat="43.5123917" lon="5.9446333"><ele>307.03</ele></trkpt>
<trkpt lat="43.5124117" lon="5.9445983"><ele>306.91</ele></trkpt>
<trkpt lat="43.5124333" lon="5.944573299999999"><ele>307.08</ele></trkpt>
<trkpt lat="43.51245" lon="5.9445333"><ele>307.45</ele></trkpt>
<trkpt lat="43.5124667" lon="5.944503300000001"><ele>307.4</ele></trkpt>
<trkpt lat="43.51248" lon="5.944469999999999"><ele>307.95</ele></trkpt>
<trkpt lat="43.5124967" lon="5.9444367"><ele>309.1</ele></trkpt>
<trkpt lat="43.5125283" lon="5.944424999999999"><ele>309.64</ele></trkpt>
<trkpt lat="43.5125467" lon="5.9443917"><ele>309.79</ele></trkpt>
<trkpt lat="43.512555" lon="5.944351700000001"><ele>309.89</ele></trkpt>
<trkpt lat="43.5125717" lon="5.9443117"><ele>309.98</ele></trkpt>
<trkpt lat="43.51259" lon="5.944278299999999"><ele>310.42</ele></trkpt>
<trkpt lat="43.5126017" lon="5.94424"><ele>310.81</ele></trkpt>
<trkpt lat="43.5126233" lon="5.9441917"><ele>310.89</ele></trkpt>
<trkpt lat="43.5126367" lon="5.944153299999999"><ele>310.99</ele></trkpt>
<trkpt lat="43.51266" lon="5.944128300000001"><ele>310.89</ele></trkpt>
<trkpt lat="43.5126683" lon="5.9440917"><ele>311.27</ele></trkpt>
<trkpt lat="43.5126733" lon="5.944055"><ele>311.65</ele></trkpt>
<trkpt lat="43.51269" lon="5.944025000000001"><ele>311.86</ele></trkpt>
<trkpt lat="43.5127133" lon="5.943991699999999"><ele>312.19</ele></trkpt>
<trkpt lat="43.5127283" lon="5.943948299999999"><ele>312.38</ele></trkpt>
<trkpt lat="43.5127483" lon="5.943913299999999"><ele>312.47</ele></trkpt>
<trkpt lat="43.5127733" lon="5.943890000000001"><ele>311.93</ele></trkpt>
<trkpt lat="43.5127933" lon="5.943865"><ele>312.06</ele></trkpt>
<trkpt lat="43.5128167" lon="5.9438383"><ele>312.33</ele></trkpt>
<trkpt lat="43.5128333" lon="5.9438083"><ele>312.98</ele></trkpt>
<trkpt lat="43.512865" lon="5.9437933"><ele>313.35</ele></trkpt>
<trkpt lat="43.5128883" lon="5.9437633"><ele>313.46</ele></trkpt>
<trkpt lat="43.5129083" lon="5.9437283"><ele>313.95</ele></trkpt>
<trkpt lat="43.5129333" lon="5.943705"><ele>314.36</ele></trkpt>
<trkpt lat="43.512955" lon="5.943671699999999"><ele>314.81</ele></trkpt>
<trkpt lat="43.5129767" lon="5.943646700000001"><ele>315.27</ele></trkpt>
<trkpt lat="43.5130017" lon="5.943625"><ele>315.75</ele></trkpt>
<trkpt lat="43.5130233" lon="5.9435967"><ele>316.09</ele></trkpt>
<trkpt lat="43.5130467" lon="5.943575"><ele>316.39</ele></trkpt>
<trkpt lat="43.513065" lon="5.9435383"><ele>316.65</ele></trkpt>
<trkpt lat="43.513085" lon="5.943511699999999"><ele>316.79</ele></trkpt>
<trkpt lat="43.5130917" lon="5.943468300000001"><ele>317.06</ele></trkpt>
<trkpt lat="43.51312" lon="5.9434433"><ele>316.83</ele></trkpt>
<trkpt lat="43.513145" lon="5.943425"><ele>316.98</ele></trkpt>
<trkpt lat="43.5131667" lon="5.943396700000001"><ele>317.18</ele></trkpt>
<trkpt lat="43.51319" lon="5.94336"><ele>317.33</ele></trkpt>
<trkpt lat="43.5132017" lon="5.943320000000001"><ele>317.19</ele></trkpt>
<trkpt lat="43.5132217" lon="5.9432817"><ele>316.77</ele></trkpt>
<trkpt lat="43.5132367" lon="5.9432467"><ele>316.41</ele></trkpt>
<trkpt lat="43.5132417" lon="5.9432083"><ele>316.65</ele></trkpt>
<trkpt lat="43.51325" lon="5.943171700000001"><ele>316.86</ele></trkpt>
<trkpt lat="43.5132667" lon="5.9431333"><ele>317.11</ele></trkpt>
<trkpt lat="43.5132633" lon="5.9430883"><ele>317.19</ele></trkpt>
<trkpt lat="43.5132633" lon="5.943045"><ele>317.29</ele></trkpt>
<trkpt lat="43.513275" lon="5.943005"><ele>317.45</ele></trkpt>
<trkpt lat="43.5132833" lon="5.9429667"><ele>317.67</ele></trkpt>
<trkpt lat="43.5133067" lon="5.9430067"><ele>318.14</ele></trkpt>
<trkpt lat="43.51331" lon="5.942958299999999"><ele>318.13</ele></trkpt>
<trkpt lat="43.5133183" lon="5.942913299999999"><ele>317.93</ele></trkpt>
<trkpt lat="43.513345" lon="5.94288"><ele>317.98</ele></trkpt>
<trkpt lat="43.5133383" lon="5.942843300000001"><ele>318.39</ele></trkpt>
<trkpt lat="43.5133717" lon="5.9428567"><ele>318.68</ele></trkpt>
<trkpt lat="43.5133983" lon="5.942871700000001"><ele>318.62</ele></trkpt>
<trkpt lat="43.5134267" lon="5.9428767"><ele>318.83</ele></trkpt>
<trkpt lat="43.513455" lon="5.94288"><ele>319.05</ele></trkpt>
<trkpt lat="43.5134883" lon="5.9428817"><ele>319.35</ele></trkpt>
<trkpt lat="43.51352" lon="5.94289"><ele>319.61</ele></trkpt>
<trkpt lat="43.5135483" lon="5.9429017"><ele>319.34</ele></trkpt>
<trkpt lat="43.5135817" lon="5.9429033"><ele>319.39</ele></trkpt>
<trkpt lat="43.51361" lon="5.9429083"><ele>319.75</ele></trkpt>
<trkpt lat="43.5136417" lon="5.9429033"><ele>319.95</ele></trkpt>
<trkpt lat="43.5136767" lon="5.9428933"><ele>319.99</ele></trkpt>
<trkpt lat="43.5137083" lon="5.942895"><ele>319.86</ele></trkpt>
<trkpt lat="43.5137417" lon="5.9429033"><ele>319.53</ele></trkpt>
<trkpt lat="43.5137767" lon="5.9429083"><ele>319.24</ele></trkpt>
<trkpt lat="43.5138083" lon="5.942895"><ele>318.94</ele></trkpt>
<trkpt lat="43.513835" lon="5.9428817"><ele>318.81</ele></trkpt>
<trkpt lat="43.5138633" lon="5.9428617"><ele>318.72</ele></trkpt>
<trkpt lat="43.5138833" lon="5.9428333"><ele>319.24</ele></trkpt>
<trkpt lat="43.5139117" lon="5.9428217"><ele>319.47</ele></trkpt>
<trkpt lat="43.5139417" lon="5.942808299999999"><ele>319.4</ele></trkpt>
<trkpt lat="43.5139767" lon="5.942806699999999"><ele>319.49</ele></trkpt>
<trkpt lat="43.5140083" lon="5.9428017"><ele>319.4</ele></trkpt>
<trkpt lat="43.5140383" lon="5.942795000000001"><ele>319.89</ele></trkpt>
<trkpt lat="43.5140717" lon="5.9427917"><ele>319.73</ele></trkpt>
<trkpt lat="43.514105" lon="5.942785000000001"><ele>319.44</ele></trkpt>
<trkpt lat="43.5141383" lon="5.942781700000001"><ele>319.28</ele></trkpt>
<trkpt lat="43.5141733" lon="5.9427767"><ele>319.47</ele></trkpt>
<trkpt lat="43.5142083" lon="5.942775"><ele>319.26</ele></trkpt>
<trkpt lat="43.5142417" lon="5.9427767"><ele>319.29</ele></trkpt>
<trkpt lat="43.5142733" lon="5.9427833"><ele>319.62</ele></trkpt>
<trkpt lat="43.5143033" lon="5.9427933"><ele>320.28</ele></trkpt>
<trkpt lat="43.5143367" lon="5.9428"><ele>320.98</ele></trkpt>
<trkpt lat="43.5143683" lon="5.9428183"><ele>321.71</ele></trkpt>
<trkpt lat="43.5144017" lon="5.9428333"><ele>322.26</ele></trkpt>
<trkpt lat="43.51443" lon="5.9428467"><ele>322.64</ele></trkpt>
<trkpt lat="43.51446" lon="5.942871700000001"><ele>322.76</ele></trkpt>
<trkpt lat="43.5144933" lon="5.94289"><ele>322.42</ele></trkpt>
<trkpt lat="43.5145233" lon="5.942895"><ele>322.56</ele></trkpt>
<trkpt lat="43.5145567" lon="5.9428917"><ele>322.96</ele></trkpt>
<trkpt lat="43.5145917" lon="5.9429067"><ele>323.18</ele></trkpt>
<trkpt lat="43.51462" lon="5.942913299999999"><ele>323.12</ele></trkpt>
<trkpt lat="43.5146517" lon="5.942920000000001"><ele>322.98</ele></trkpt>
<trkpt lat="43.5146833" lon="5.9429233"><ele>323.28</ele></trkpt>
<trkpt lat="43.5147167" lon="5.942935"><ele>323.42</ele></trkpt>
<trkpt lat="43.5147483" lon="5.942944999999999"><ele>322.97</ele></trkpt>
<trkpt lat="43.5147833" lon="5.9429467"><ele>322.98</ele></trkpt>
<trkpt lat="43.51482" lon="5.9429417"><ele>323.31</ele></trkpt>
<trkpt lat="43.5148467" lon="5.942933300000001"><ele>323.51</ele></trkpt>
<trkpt lat="43.5148783" lon="5.942925"><ele>323.27</ele></trkpt>
<trkpt lat="43.5149083" lon="5.9429017"><ele>323.42</ele></trkpt>
<trkpt lat="43.51493" lon="5.9428783"><ele>323.49</ele></trkpt>
<trkpt lat="43.5149467" lon="5.9428383"><ele>323.33</ele></trkpt>
<trkpt lat="43.51496" lon="5.9427933"><ele>323.3</ele></trkpt>
<trkpt lat="43.5149717" lon="5.9427483"><ele>323.4</ele></trkpt>
<trkpt lat="43.5149833" lon="5.9427033"><ele>323.39</ele></trkpt>
<trkpt lat="43.5149967" lon="5.9426633"><ele>323.33</ele></trkpt>
<trkpt lat="43.515" lon="5.9426167"><ele>323.11</ele></trkpt>
<trkpt lat="43.515005" lon="5.9425783"><ele>322.76</ele></trkpt>
<trkpt lat="43.5150067" lon="5.94253"><ele>322.31</ele></trkpt>
<trkpt lat="43.5150067" lon="5.9424917"><ele>322.16</ele></trkpt>
<trkpt lat="43.5149933" lon="5.942453300000001"><ele>321.77</ele></trkpt>
<trkpt lat="43.5149767" lon="5.942408300000001"><ele>321.51</ele></trkpt>
<trkpt lat="43.51497" lon="5.9423683"><ele>321.43</ele></trkpt>
<trkpt lat="43.51496" lon="5.9423233"><ele>320.89</ele></trkpt>
<trkpt lat="43.514955" lon="5.9422867"><ele>320.73</ele></trkpt>
<trkpt lat="43.5149483" lon="5.9422483"><ele>321.14</ele></trkpt>
<trkpt lat="43.51494" lon="5.942205"><ele>321.43</ele></trkpt>
<trkpt lat="43.51494" lon="5.9421617"><ele>321.27</ele></trkpt>
<trkpt lat="43.5149467" lon="5.942115"><ele>321.1</ele></trkpt>
<trkpt lat="43.5149517" lon="5.942076700000001"><ele>321.09</ele></trkpt>
<trkpt lat="43.5149517" lon="5.9420267"><ele>320.8</ele></trkpt>
<trkpt lat="43.514955" lon="5.941985"><ele>320.99</ele></trkpt>
<trkpt lat="43.51496" lon="5.941941699999999"><ele>321.28</ele></trkpt>
<trkpt lat="43.514965" lon="5.941905"><ele>321.14</ele></trkpt>
<trkpt lat="43.514965" lon="5.94186"><ele>321.22</ele></trkpt>
<trkpt lat="43.51497" lon="5.9418217"><ele>321.35</ele></trkpt>
<trkpt lat="43.5149783" lon="5.941781700000001"><ele>322.08</ele></trkpt>
<trkpt lat="43.5149833" lon="5.941736700000001"><ele>322.54</ele></trkpt>
<trkpt lat="43.5149967" lon="5.9416983"><ele>323.04</ele></trkpt>
<trkpt lat="43.5150267" lon="5.9416717"><ele>323.1</ele></trkpt>
<trkpt lat="43.5150583" lon="5.9416517"><ele>323.31</ele></trkpt>
<trkpt lat="43.5150883" lon="5.941648300000001"><ele>323.04</ele></trkpt>
<trkpt lat="43.5151183" lon="5.94165"><ele>323.14</ele></trkpt>
<trkpt lat="43.515145" lon="5.9416383"><ele>323.2</ele></trkpt>
<trkpt lat="43.5151683" lon="5.941613299999999"><ele>323.2</ele></trkpt>
<trkpt lat="43.5151983" lon="5.941595"><ele>322.78</ele></trkpt>
<trkpt lat="43.5152317" lon="5.94158"><ele>322.25</ele></trkpt>
<trkpt lat="43.5152633" lon="5.94156"><ele>321.49</ele></trkpt>
<trkpt lat="43.5153017" lon="5.941543300000001"><ele>321.18</ele></trkpt>
<trkpt lat="43.5153367" lon="5.9415267"><ele>320.87</ele></trkpt>
<trkpt lat="43.5153683" lon="5.9415083"><ele>320.44</ele></trkpt>
<trkpt lat="43.5153983" lon="5.941485"><ele>320.24</ele></trkpt>
<trkpt lat="43.5154283" lon="5.9414667"><ele>319.94</ele></trkpt>
<trkpt lat="43.515465" lon="5.9414483"><ele>319.9</ele></trkpt>
<trkpt lat="43.5154917" lon="5.9414367"><ele>320.11</ele></trkpt>
<trkpt lat="43.51552" lon="5.941419999999999"><ele>320.72</ele></trkpt>
<trkpt lat="43.515555" lon="5.9413967"><ele>321.6</ele></trkpt>
<trkpt lat="43.51559" lon="5.9413783"><ele>321.98</ele></trkpt>
<trkpt lat="43.5156233" lon="5.941363300000001"><ele>321.76</ele></trkpt>
<trkpt lat="43.5156583" lon="5.9413417"><ele>321.42</ele></trkpt>
<trkpt lat="43.5156967" lon="5.941326699999999"><ele>321.47</ele></trkpt>
<trkpt lat="43.5157333" lon="5.9413233"><ele>321.57</ele></trkpt>
<trkpt lat="43.5157733" lon="5.94132"><ele>322.04</ele></trkpt>
<trkpt lat="43.5158017" lon="5.9413217"><ele>322.18</ele></trkpt>
<trkpt lat="43.5158417" lon="5.941329999999999"><ele>321.99</ele></trkpt>
<trkpt lat="43.515875" lon="5.941335"><ele>322.32</ele></trkpt>
<trkpt lat="43.5159017" lon="5.9413483"><ele>322.39</ele></trkpt>
<trkpt lat="43.5159317" lon="5.941365"><ele>322.65</ele></trkpt>
<trkpt lat="43.5159583" lon="5.941374999999999"><ele>322.95</ele></trkpt>
<trkpt lat="43.5159933" lon="5.9413867"><ele>323.16</ele></trkpt>
<trkpt lat="43.5160267" lon="5.941406700000001"><ele>323.87</ele></trkpt>
<trkpt lat="43.5160617" lon="5.9414217"><ele>324.11</ele></trkpt>
<trkpt lat="43.5160883" lon="5.94143"><ele>324.05</ele></trkpt>
<trkpt lat="43.5161267" lon="5.941433299999999"><ele>323.5</ele></trkpt>
<trkpt lat="43.516165" lon="5.9414433"><ele>323.07</ele></trkpt>
<trkpt lat="43.516205" lon="5.9414417"><ele>322.74</ele></trkpt>
<trkpt lat="43.516235" lon="5.94144"><ele>322.66</ele></trkpt>
<trkpt lat="43.5162683" lon="5.94144"><ele>322.57</ele></trkpt>
<trkpt lat="43.5163033" lon="5.9414367"><ele>322.24</ele></trkpt>
<trkpt lat="43.5163317" lon="5.9414417"><ele>321.78</ele></trkpt>
<trkpt lat="43.5163683" lon="5.94144"><ele>320.99</ele></trkpt>
<trkpt lat="43.5163983" lon="5.941435"><ele>320.55</ele></trkpt>
<trkpt lat="43.5164317" lon="5.9414383"><ele>319.45</ele></trkpt>
<trkpt lat="43.5164683" lon="5.9414367"><ele>318.66</ele></trkpt>
<trkpt lat="43.5164983" lon="5.941435"><ele>316.4</ele></trkpt>
<trkpt lat="43.516525" lon="5.9414267"><ele>315.62</ele></trkpt>
<trkpt lat="43.516555" lon="5.9414217"><ele>315.77</ele></trkpt>
<trkpt lat="43.5165867" lon="5.9414217"><ele>315.87</ele></trkpt>
<trkpt lat="43.5166217" lon="5.9414283"><ele>316.09</ele></trkpt>
<trkpt lat="43.5166567" lon="5.9414383"><ele>315.91</ele></trkpt>
<trkpt lat="43.51669" lon="5.941435"><ele>315.36</ele></trkpt>
<trkpt lat="43.516725" lon="5.941433299999999"><ele>314.59</ele></trkpt>
<trkpt lat="43.5167533" lon="5.94144"><ele>313.98</ele></trkpt>
<trkpt lat="43.516785" lon="5.9414383"><ele>313.99</ele></trkpt>
<trkpt lat="43.5168167" lon="5.9414383"><ele>314.19</ele></trkpt>
<trkpt lat="43.51685" lon="5.94144"><ele>314.46</ele></trkpt>
<trkpt lat="43.5168817" lon="5.94144"><ele>314.52</ele></trkpt>
<trkpt lat="43.516915" lon="5.9414367"><ele>314.52</ele></trkpt>
<trkpt lat="43.5169467" lon="5.941433299999999"><ele>314.52</ele></trkpt>
<trkpt lat="43.5169783" lon="5.941433299999999"><ele>314.15</ele></trkpt>
<trkpt lat="43.5170133" lon="5.94144"><ele>313.87</ele></trkpt>
<trkpt lat="43.5170433" lon="5.941445"><ele>313.5</ele></trkpt>
<trkpt lat="43.5170717" lon="5.9414417"><ele>314.2</ele></trkpt>
<trkpt lat="43.51711" lon="5.94144"><ele>314.14</ele></trkpt>
<trkpt lat="43.5171467" lon="5.941435"><ele>314.02</ele></trkpt>
<trkpt lat="43.5171783" lon="5.9414283"><ele>313.93</ele></trkpt>
<trkpt lat="43.5172133" lon="5.9414267"><ele>314.06</ele></trkpt>
<trkpt lat="43.5172433" lon="5.94141"><ele>313.53</ele></trkpt>
<trkpt lat="43.5172683" lon="5.9413917"><ele>312.79</ele></trkpt>
<trkpt lat="43.5173033" lon="5.94139"><ele>312.6</ele></trkpt>
<trkpt lat="43.5173333" lon="5.9413783"><ele>312.4</ele></trkpt>
<trkpt lat="43.51736" lon="5.94137"><ele>312.3</ele></trkpt>
<trkpt lat="43.5173833" lon="5.941345"><ele>311.88</ele></trkpt>
<trkpt lat="43.5174" lon="5.9413083"><ele>311.7</ele></trkpt>
<trkpt lat="43.5174333" lon="5.941295"><ele>311.67</ele></trkpt>
<trkpt lat="43.5174617" lon="5.9412783"><ele>311.63</ele></trkpt>
<trkpt lat="43.5174883" lon="5.9412667"><ele>311.48</ele></trkpt>
<trkpt lat="43.5175117" lon="5.941238299999999"><ele>311.69</ele></trkpt>
<trkpt lat="43.517535" lon="5.9412183"><ele>312.15</ele></trkpt>
<trkpt lat="43.5175633" lon="5.941205"><ele>311.88</ele></trkpt>
<trkpt lat="43.5175917" lon="5.9411867"><ele>311.38</ele></trkpt>
<trkpt lat="43.5176167" lon="5.941166700000001"><ele>310.88</ele></trkpt>
<trkpt lat="43.5176417" lon="5.9411417"><ele>310.18</ele></trkpt>
<trkpt lat="43.5176633" lon="5.9411133"><ele>309.3</ele></trkpt>
<trkpt lat="43.5176867" lon="5.9410917"><ele>309.18</ele></trkpt>
<trkpt lat="43.5177117" lon="5.94107"><ele>308.92</ele></trkpt>
<trkpt lat="43.51774" lon="5.94106"><ele>308.74</ele></trkpt>
<trkpt lat="43.5177683" lon="5.941031699999999"><ele>308.28</ele></trkpt>
<trkpt lat="43.5178017" lon="5.94101"><ele>307.85</ele></trkpt>
<trkpt lat="43.51783" lon="5.94098"><ele>307.26</ele></trkpt>
<trkpt lat="43.5178583" lon="5.9409667"><ele>306.6</ele></trkpt>
<trkpt lat="43.5178867" lon="5.940945"><ele>306.36</ele></trkpt>
<trkpt lat="43.5179133" lon="5.940928300000001"><ele>305.81</ele></trkpt>
<trkpt lat="43.5179433" lon="5.9409117"><ele>305.25</ele></trkpt>
<trkpt lat="43.5179733" lon="5.940885000000001"><ele>304.98</ele></trkpt>
<trkpt lat="43.518" lon="5.9408683"><ele>304.65</ele></trkpt>
<trkpt lat="43.5180333" lon="5.940853299999999"><ele>303.61</ele></trkpt>
<trkpt lat="43.5180617" lon="5.940836700000001"><ele>303.3</ele></trkpt>
<trkpt lat="43.5180933" lon="5.9408117"><ele>302.79</ele></trkpt>
<trkpt lat="43.5181183" lon="5.9407883"><ele>302.16</ele></trkpt>
<trkpt lat="43.5181433" lon="5.9407717"><ele>301.83</ele></trkpt>
<trkpt lat="43.5181717" lon="5.9407583"><ele>301.52</ele></trkpt>
<trkpt lat="43.5182017" lon="5.9407517"><ele>300.92</ele></trkpt>
<trkpt lat="43.5182317" lon="5.9407383"><ele>300.81</ele></trkpt>
<trkpt lat="43.5182667" lon="5.9407267"><ele>300.92</ele></trkpt>
<trkpt lat="43.5182967" lon="5.94071"><ele>300.45</ele></trkpt>
<trkpt lat="43.51832" lon="5.940685"><ele>299.95</ele></trkpt>
<trkpt lat="43.51835" lon="5.9406683"><ele>299.65</ele></trkpt>
<trkpt lat="43.5183783" lon="5.940655"><ele>299.61</ele></trkpt>
<trkpt lat="43.5184067" lon="5.9406417"><ele>299.44</ele></trkpt>
<trkpt lat="43.51844" lon="5.9406267"><ele>299.5</ele></trkpt>
<trkpt lat="43.5184717" lon="5.9406167"><ele>299.32</ele></trkpt>
<trkpt lat="43.518505" lon="5.940605"><ele>299.14</ele></trkpt>
<trkpt lat="43.5185333" lon="5.940596700000001"><ele>298.78</ele></trkpt>
<trkpt lat="43.5185617" lon="5.9405917"><ele>298.59</ele></trkpt>
<trkpt lat="43.51859" lon="5.9405917"><ele>298.51</ele></trkpt>
<trkpt lat="43.5186183" lon="5.940595"><ele>298.36</ele></trkpt>
<trkpt lat="43.5186517" lon="5.9406067"><ele>298.16</ele></trkpt>
<trkpt lat="43.5186783" lon="5.940615"><ele>297.7</ele></trkpt>
<trkpt lat="43.5187133" lon="5.9406283"><ele>297.35</ele></trkpt>
<trkpt lat="43.5187467" lon="5.9406417"><ele>297.12</ele></trkpt>
<trkpt lat="43.5187767" lon="5.940658299999999"><ele>296.41</ele></trkpt>
<trkpt lat="43.518805" lon="5.94066"><ele>296.4</ele></trkpt>
<trkpt lat="43.5188333" lon="5.9406667"><ele>296.36</ele></trkpt>
<trkpt lat="43.5188633" lon="5.9406733"><ele>296.14</ele></trkpt>
<trkpt lat="43.518895" lon="5.940685"><ele>296.27</ele></trkpt>
<trkpt lat="43.5189283" lon="5.9406967"><ele>296.24</ele></trkpt>
<trkpt lat="43.5189633" lon="5.940703300000001"><ele>295.88</ele></trkpt>
<trkpt lat="43.51899" lon="5.9407117"><ele>295.55</ele></trkpt>
<trkpt lat="43.5190183" lon="5.9407167"><ele>295.25</ele></trkpt>
<trkpt lat="43.5190467" lon="5.9407233"><ele>295.11</ele></trkpt>
<trkpt lat="43.51908" lon="5.9407333"><ele>294.89</ele></trkpt>
<trkpt lat="43.519115" lon="5.9407383"><ele>294.55</ele></trkpt>
<trkpt lat="43.5191517" lon="5.9407433"><ele>294.31</ele></trkpt>
<trkpt lat="43.5191817" lon="5.9407433"><ele>293.7</ele></trkpt>
<trkpt lat="43.5192117" lon="5.940745"><ele>293.01</ele></trkpt>
<trkpt lat="43.5192483" lon="5.940745"><ele>291.92</ele></trkpt>
<trkpt lat="43.519285" lon="5.940748300000001"><ele>291.2</ele></trkpt>
<trkpt lat="43.5193133" lon="5.940748300000001"><ele>290.52</ele></trkpt>
<trkpt lat="43.519345" lon="5.940748300000001"><ele>289.82</ele></trkpt>
<trkpt lat="43.5193783" lon="5.940745"><ele>289.19</ele></trkpt>
<trkpt lat="43.519415" lon="5.940745"><ele>288.66</ele></trkpt>
<trkpt lat="43.519445" lon="5.940745"><ele>288.34</ele></trkpt>
<trkpt lat="43.5194783" lon="5.940745"><ele>288.24</ele></trkpt>
<trkpt lat="43.5195083" lon="5.940745"><ele>287.78</ele></trkpt>
<trkpt lat="43.5195367" lon="5.9407433"><ele>287.45</ele></trkpt>
<trkpt lat="43.5195667" lon="5.940745"><ele>287.06</ele></trkpt>
<trkpt lat="43.5195967" lon="5.9407517"><ele>286.72</ele></trkpt>
<trkpt lat="43.5196267" lon="5.9407567"><ele>286.64</ele></trkpt>
<trkpt lat="43.5196567" lon="5.9407667"><ele>286.61</ele></trkpt>
<trkpt lat="43.5196883" lon="5.940775"><ele>286.56</ele></trkpt>
<trkpt lat="43.51972" lon="5.9407817"><ele>287.18</ele></trkpt>
<trkpt lat="43.5197517" lon="5.9407967"><ele>287.73</ele></trkpt>
<trkpt lat="43.51978" lon="5.940818299999999"><ele>287.97</ele></trkpt>
<trkpt lat="43.5198067" lon="5.940838300000001"><ele>287.75</ele></trkpt>
<trkpt lat="43.5198383" lon="5.940865"><ele>287.51</ele></trkpt>
<trkpt lat="43.51986" lon="5.94089"><ele>287.31</ele></trkpt>
<trkpt lat="43.5198867" lon="5.9409017"><ele>287.14</ele></trkpt>
<trkpt lat="43.519915" lon="5.9409233"><ele>286.88</ele></trkpt>
<trkpt lat="43.5199417" lon="5.940940000000001"><ele>286.54</ele></trkpt>
<trkpt lat="43.5199367" lon="5.9409783"><ele>286.16</ele></trkpt>
<trkpt lat="43.5199683" lon="5.9409767"><ele>285.28</ele></trkpt>
<trkpt lat="43.5199967" lon="5.940985000000001"><ele>285.11</ele></trkpt>
<trkpt lat="43.520035" lon="5.9410017"><ele>285.11</ele></trkpt>
<trkpt lat="43.5200717" lon="5.9410033"><ele>285.28</ele></trkpt>
<trkpt lat="43.520105" lon="5.94101"><ele>284.98</ele></trkpt>
<trkpt lat="43.5201367" lon="5.9410183"><ele>284.55</ele></trkpt>
<trkpt lat="43.5201617" lon="5.9410367"><ele>284.31</ele></trkpt>
<trkpt lat="43.52019" lon="5.9410383"><ele>284.96</ele></trkpt>
<trkpt lat="43.520205" lon="5.9409983"><ele>284.99</ele></trkpt>
<trkpt lat="43.5201867" lon="5.94097"><ele>284.55</ele></trkpt>
<trkpt lat="43.5201817" lon="5.9410483"><ele>285.13</ele></trkpt>
<trkpt lat="43.520185" lon="5.9411"><ele>285.35</ele></trkpt>
<trkpt lat="43.520215" lon="5.94108"><ele>283.58</ele></trkpt>
<trkpt lat="43.5202433" lon="5.9410967"><ele>283.73</ele></trkpt>
<trkpt lat="43.520275" lon="5.941121700000001"><ele>284.26</ele></trkpt>
<trkpt lat="43.5203" lon="5.9411417"><ele>284.31</ele></trkpt>
<trkpt lat="43.5202767" lon="5.9411733"><ele>285.66</ele></trkpt>
<trkpt lat="43.5202533" lon="5.941146699999999"><ele>285.14</ele></trkpt>
<trkpt lat="43.5202233" lon="5.9411283"><ele>285.04</ele></trkpt>
<trkpt lat="43.5201783" lon="5.9411133"><ele>285.92</ele></trkpt>
<trkpt lat="43.520145" lon="5.941085"><ele>286.26</ele></trkpt>
<trkpt lat="43.5201133" lon="5.941065000000001"><ele>286.14</ele></trkpt>
<trkpt lat="43.5200883" lon="5.94105"><ele>285.97</ele></trkpt>
<trkpt lat="43.5200567" lon="5.941031699999999"><ele>285.49</ele></trkpt>
<trkpt lat="43.520025" lon="5.9410267"><ele>284.86</ele></trkpt>
<trkpt lat="43.5199967" lon="5.9410067"><ele>284.81</ele></trkpt>
<trkpt lat="43.5199667" lon="5.940988300000001"><ele>285.07</ele></trkpt>
<trkpt lat="43.519935" lon="5.9409733"><ele>285.24</ele></trkpt>
<trkpt lat="43.5199067" lon="5.9409483"><ele>285.73</ele></trkpt>
<trkpt lat="43.51987" lon="5.9409367"><ele>286.15</ele></trkpt>
<trkpt lat="43.5198367" lon="5.9409133"><ele>286.42</ele></trkpt>
<trkpt lat="43.5198067" lon="5.940885000000001"><ele>287.02</ele></trkpt>
<trkpt lat="43.5197733" lon="5.9408583"><ele>287.72</ele></trkpt>
<trkpt lat="43.51974" lon="5.940826700000001"><ele>288.28</ele></trkpt>
<trkpt lat="43.5197167" lon="5.9408067"><ele>288.37</ele></trkpt>
<trkpt lat="43.519685" lon="5.940785"><ele>288.54</ele></trkpt>
<trkpt lat="43.5196467" lon="5.940775"><ele>288.67</ele></trkpt>
<trkpt lat="43.5196117" lon="5.940759999999999"><ele>289.03</ele></trkpt>
<trkpt lat="43.5195833" lon="5.9407567"><ele>289.36</ele></trkpt>
<trkpt lat="43.5195517" lon="5.9407567"><ele>289.73</ele></trkpt>
<trkpt lat="43.5195183" lon="5.9407633"><ele>289.97</ele></trkpt>
<trkpt lat="43.5194867" lon="5.9407567"><ele>290.17</ele></trkpt>
<trkpt lat="43.5194533" lon="5.9407533"><ele>290.47</ele></trkpt>
<trkpt lat="43.51942" lon="5.940755"><ele>290.86</ele></trkpt>
<trkpt lat="43.5193933" lon="5.9407617"><ele>291.4</ele></trkpt>
<trkpt lat="43.519365" lon="5.94075"><ele>291.5</ele></trkpt>
<trkpt lat="43.5193333" lon="5.940748300000001"><ele>291.95</ele></trkpt>
<trkpt lat="43.5193033" lon="5.9407517"><ele>292.28</ele></trkpt>
<trkpt lat="43.51927" lon="5.940755"><ele>292.98</ele></trkpt>
<trkpt lat="43.5192367" lon="5.940759999999999"><ele>293.47</ele></trkpt>
<trkpt lat="43.5191983" lon="5.9407617"><ele>293.86</ele></trkpt>
<trkpt lat="43.5191617" lon="5.940755"><ele>293.9</ele></trkpt>
<trkpt lat="43.5191317" lon="5.9407533"><ele>294.09</ele></trkpt>
<trkpt lat="43.5190967" lon="5.940759999999999"><ele>294.17</ele></trkpt>
<trkpt lat="43.5190617" lon="5.940745"><ele>294.97</ele></trkpt>
<trkpt lat="43.5190217" lon="5.9407383"><ele>295.97</ele></trkpt>
<trkpt lat="43.518985" lon="5.94073"><ele>296.6</ele></trkpt>
<trkpt lat="43.5189483" lon="5.9407183"><ele>297.39</ele></trkpt>
<trkpt lat="43.518915" lon="5.9407083"><ele>298.02</ele></trkpt>
<trkpt lat="43.5188833" lon="5.940701699999999"><ele>298.42</ele></trkpt>
<trkpt lat="43.51885" lon="5.9406933"><ele>298.93</ele></trkpt>
<trkpt lat="43.5188167" lon="5.940675"><ele>299.22</ele></trkpt>
<trkpt lat="43.5187883" lon="5.940658299999999"><ele>298.95</ele></trkpt>
<trkpt lat="43.518755" lon="5.94064"><ele>298.81</ele></trkpt>
<trkpt lat="43.5187233" lon="5.940631700000001"><ele>298.91</ele></trkpt>
<trkpt lat="43.5186883" lon="5.940623299999999"><ele>299.18</ele></trkpt>
<trkpt lat="43.5186533" lon="5.940613299999999"><ele>299.59</ele></trkpt>
<trkpt lat="43.5186183" lon="5.940600000000001"><ele>299.84</ele></trkpt>
<trkpt lat="43.518585" lon="5.9405883"><ele>299.81</ele></trkpt>
<trkpt lat="43.51855" lon="5.9405817"><ele>299.43</ele></trkpt>
<trkpt lat="43.5185233" lon="5.9405917"><ele>299.34</ele></trkpt>
<trkpt lat="43.5184867" lon="5.9406017"><ele>299.19</ele></trkpt>
<trkpt lat="43.5184567" lon="5.9406167"><ele>299.6</ele></trkpt>
<trkpt lat="43.5184633" lon="5.940658299999999"><ele>298.93</ele></trkpt>
<trkpt lat="43.518435" lon="5.940658299999999"><ele>298.96</ele></trkpt>
<trkpt lat="43.5183983" lon="5.9406533"><ele>298.74</ele></trkpt>
<trkpt lat="43.518365" lon="5.940669999999999"><ele>298.26</ele></trkpt>
<trkpt lat="43.5183283" lon="5.9406933"><ele>298.14</ele></trkpt>
<trkpt lat="43.5182983" lon="5.9407183"><ele>297.98</ele></trkpt>
<trkpt lat="43.518265" lon="5.94074"><ele>298.36</ele></trkpt>
<trkpt lat="43.518235" lon="5.9407517"><ele>298.58</ele></trkpt>
<trkpt lat="43.5182" lon="5.9407517"><ele>298.93</ele></trkpt>
<trkpt lat="43.5181667" lon="5.9407567"><ele>299.82</ele></trkpt>
<trkpt lat="43.51814" lon="5.9407633"><ele>300.63</ele></trkpt>
<trkpt lat="43.518115" lon="5.94079"><ele>301.86</ele></trkpt>
<trkpt lat="43.5180867" lon="5.9408167"><ele>303.1</ele></trkpt>
<trkpt lat="43.5180633" lon="5.940836700000001"><ele>303.67</ele></trkpt>
<trkpt lat="43.5180333" lon="5.940851699999999"><ele>304.31</ele></trkpt>
<trkpt lat="43.5180033" lon="5.940863299999999"><ele>304.4</ele></trkpt>
<trkpt lat="43.517975" lon="5.9408867"><ele>304.36</ele></trkpt>
<trkpt lat="43.5179433" lon="5.9409117"><ele>304.56</ele></trkpt>
<trkpt lat="43.51792" lon="5.9409317"><ele>304.74</ele></trkpt>
<trkpt lat="43.517885" lon="5.940953299999999"><ele>305.46</ele></trkpt>
<trkpt lat="43.5178583" lon="5.940985000000001"><ele>306.3</ele></trkpt>
<trkpt lat="43.5178367" lon="5.9410117"><ele>306.81</ele></trkpt>
<trkpt lat="43.5178033" lon="5.9410267"><ele>307.61</ele></trkpt>
<trkpt lat="43.5177817" lon="5.94106"><ele>308.24</ele></trkpt>
<trkpt lat="43.5177567" lon="5.9410833"><ele>308.46</ele></trkpt>
<trkpt lat="43.5177333" lon="5.941103299999999"><ele>309.71</ele></trkpt>
<trkpt lat="43.517705" lon="5.9411267"><ele>310.19</ele></trkpt>
<trkpt lat="43.517675" lon="5.9411533"><ele>310.17</ele></trkpt>
<trkpt lat="43.5176483" lon="5.9411767"><ele>310.12</ele></trkpt>
<trkpt lat="43.5176217" lon="5.941191699999999"><ele>310.1</ele></trkpt>
<trkpt lat="43.5175933" lon="5.9412183"><ele>309.81</ele></trkpt>
<trkpt lat="43.5175717" lon="5.9412517"><ele>310.4</ele></trkpt>
<trkpt lat="43.5175467" lon="5.9412783"><ele>311</ele></trkpt>
<trkpt lat="43.5175133" lon="5.9412983"><ele>311.62</ele></trkpt>
<trkpt lat="43.5174883" lon="5.94132"><ele>311.98</ele></trkpt>
<trkpt lat="43.5174633" lon="5.941339999999999"><ele>312.43</ele></trkpt>
<trkpt lat="43.517435" lon="5.9413583"><ele>312.61</ele></trkpt>
<trkpt lat="43.5174" lon="5.94137"><ele>312.96</ele></trkpt>
<trkpt lat="43.5173667" lon="5.941374999999999"><ele>313.17</ele></trkpt>
<trkpt lat="43.5173367" lon="5.9413983"><ele>313.84</ele></trkpt>
<trkpt lat="43.5173083" lon="5.941406700000001"><ele>314.81</ele></trkpt>
<trkpt lat="43.51728" lon="5.9414133"><ele>315.51</ele></trkpt>
<trkpt lat="43.5172533" lon="5.9414283"><ele>315.7</ele></trkpt>
<trkpt lat="43.51722" lon="5.9414367"><ele>315.65</ele></trkpt>
<trkpt lat="43.5171917" lon="5.941445"><ele>315.42</ele></trkpt>
<trkpt lat="43.5171617" lon="5.9414567"><ele>315.4</ele></trkpt>
<trkpt lat="43.517125" lon="5.9414617"><ele>315.47</ele></trkpt>
<trkpt lat="43.5170883" lon="5.9414567"><ele>315.32</ele></trkpt>
<trkpt lat="43.51706" lon="5.9414567"><ele>315.39</ele></trkpt>
<trkpt lat="43.5170233" lon="5.9414617"><ele>315.46</ele></trkpt>
<trkpt lat="43.5169883" lon="5.94147"><ele>315.6</ele></trkpt>
<trkpt lat="43.5169533" lon="5.9414633"><ele>315.11</ele></trkpt>
<trkpt lat="43.51692" lon="5.9414567"><ele>314.66</ele></trkpt>
<trkpt lat="43.5168917" lon="5.9414567"><ele>314.7</ele></trkpt>
<trkpt lat="43.5168583" lon="5.9414567"><ele>314.51</ele></trkpt>
<trkpt lat="43.5168233" lon="5.9414633"><ele>314.3399999999999</ele></trkpt>
<trkpt lat="43.5167817" lon="5.94146"><ele>313.91</ele></trkpt>
<trkpt lat="43.51674" lon="5.9414617"><ele>313.39</ele></trkpt>
<trkpt lat="43.51671" lon="5.941455"><ele>312.94</ele></trkpt>
<trkpt lat="43.51667" lon="5.94146"><ele>313.01</ele></trkpt>
<trkpt lat="43.51664" lon="5.9414617"><ele>313.58</ele></trkpt>
<trkpt lat="43.5166017" lon="5.9414583"><ele>313.84</ele></trkpt>
<trkpt lat="43.51657" lon="5.94146"><ele>313.9</ele></trkpt>
<trkpt lat="43.5165317" lon="5.941464999999999"><ele>313.74</ele></trkpt>
<trkpt lat="43.5164933" lon="5.94147"><ele>313.66</ele></trkpt>
<trkpt lat="43.5164617" lon="5.941475"><ele>313.94</ele></trkpt>
<trkpt lat="43.5164333" lon="5.9414883"><ele>314.48</ele></trkpt>
<trkpt lat="43.5164017" lon="5.9414933"><ele>315.39</ele></trkpt>
<trkpt lat="43.5163717" lon="5.9414883"><ele>315.52</ele></trkpt>
<trkpt lat="43.5163433" lon="5.941485"><ele>316.01</ele></trkpt>
<trkpt lat="43.5163133" lon="5.9414833"><ele>316.48</ele></trkpt>
<trkpt lat="43.5162817" lon="5.9414883"><ele>317.63</ele></trkpt>
<trkpt lat="43.51624" lon="5.9414817"><ele>318.53</ele></trkpt>
<trkpt lat="43.5162133" lon="5.9414733"><ele>319.03</ele></trkpt>
<trkpt lat="43.5161833" lon="5.9414617"><ele>318.36</ele></trkpt>
<trkpt lat="43.516155" lon="5.9414667"><ele>318.31</ele></trkpt>
<trkpt lat="43.516125" lon="5.9414733"><ele>318.44</ele></trkpt>
<trkpt lat="43.5160883" lon="5.9414733"><ele>318.32</ele></trkpt>
<trkpt lat="43.51606" lon="5.9414667"><ele>318.55</ele></trkpt>
<trkpt lat="43.5160233" lon="5.9414467"><ele>318.53</ele></trkpt>
<trkpt lat="43.515995" lon="5.941431699999999"><ele>318.09</ele></trkpt>
<trkpt lat="43.5159583" lon="5.9414183"><ele>317.04</ele></trkpt>
<trkpt lat="43.5159317" lon="5.9414117"><ele>316.33</ele></trkpt>
<trkpt lat="43.515895" lon="5.9414"><ele>316.03</ele></trkpt>
<trkpt lat="43.5158633" lon="5.941388299999999"><ele>315.9</ele></trkpt>
<trkpt lat="43.51583" lon="5.941373300000001"><ele>315.64</ele></trkpt>
<trkpt lat="43.5158" lon="5.9413667"><ele>315.51</ele></trkpt>
<trkpt lat="43.5157717" lon="5.9413667"><ele>316.19</ele></trkpt>
<trkpt lat="43.5157333" lon="5.941371699999999"><ele>317.49</ele></trkpt>
<trkpt lat="43.515705" lon="5.941371699999999"><ele>317.7</ele></trkpt>
<trkpt lat="43.5156783" lon="5.9413817"><ele>317.91</ele></trkpt>
<trkpt lat="43.5156433" lon="5.941395"><ele>318.34</ele></trkpt>
<trkpt lat="43.5156117" lon="5.941415"><ele>318.11</ele></trkpt>
<trkpt lat="43.5155767" lon="5.94143"><ele>318.36</ele></trkpt>
<trkpt lat="43.51555" lon="5.9414467"><ele>318.67</ele></trkpt>
<trkpt lat="43.5155233" lon="5.9414583"><ele>318.84</ele></trkpt>
<trkpt lat="43.51549" lon="5.9414683"><ele>318.7</ele></trkpt>
<trkpt lat="43.5154533" lon="5.941476699999999"><ele>318.06</ele></trkpt>
<trkpt lat="43.51542" lon="5.941496700000001"><ele>318.38</ele></trkpt>
<trkpt lat="43.5153933" lon="5.94152"><ele>319.1</ele></trkpt>
<trkpt lat="43.515355" lon="5.9415333"><ele>319.46</ele></trkpt>
<trkpt lat="43.5153167" lon="5.9415383"><ele>319.82</ele></trkpt>
<trkpt lat="43.5152883" lon="5.941510000000001"><ele>319.95</ele></trkpt>
<trkpt lat="43.5152767" lon="5.9414667"><ele>319.7</ele></trkpt>
<trkpt lat="43.5152567" lon="5.9415083"><ele>320.73</ele></trkpt>
<trkpt lat="43.51523" lon="5.941535"><ele>320.7</ele></trkpt>
<trkpt lat="43.5152067" lon="5.9415117"><ele>319.63</ele></trkpt>
<trkpt lat="43.5151967" lon="5.941555000000001"><ele>320.33</ele></trkpt>
<trkpt lat="43.5151817" lon="5.9415967"><ele>320.5</ele></trkpt>
<trkpt lat="43.5151617" lon="5.941624999999999"><ele>320.34</ele></trkpt>
<trkpt lat="43.5151283" lon="5.941648300000001"><ele>319.77</ele></trkpt>
<trkpt lat="43.5151017" lon="5.9416617"><ele>319.52</ele></trkpt>
<trkpt lat="43.51507" lon="5.9416717"><ele>319.57</ele></trkpt>
<trkpt lat="43.51504" lon="5.9416717"><ele>319.76</ele></trkpt>
<trkpt lat="43.5150117" lon="5.9416683"><ele>319.86</ele></trkpt>
<trkpt lat="43.5149767" lon="5.941659999999999"><ele>320.41</ele></trkpt>
<trkpt lat="43.51494" lon="5.9416533"><ele>320.85</ele></trkpt>
<trkpt lat="43.5149117" lon="5.9416517"><ele>321.08</ele></trkpt>
<trkpt lat="43.514885" lon="5.9416783"><ele>321.46</ele></trkpt>
<trkpt lat="43.5148617" lon="5.941716699999999"><ele>321.92</ele></trkpt>
<trkpt lat="43.514835" lon="5.941704999999999"><ele>322.52</ele></trkpt>
<trkpt lat="43.5148383" lon="5.9416617"><ele>324.31</ele></trkpt>
<trkpt lat="43.514835" lon="5.9416183"><ele>324.11</ele></trkpt>
<trkpt lat="43.51483" lon="5.941569999999999"><ele>324.1</ele></trkpt>
<trkpt lat="43.5148367" lon="5.94161"><ele>323.83</ele></trkpt>
<trkpt lat="43.51484" lon="5.941658300000001"><ele>323.1</ele></trkpt>
<trkpt lat="43.51485" lon="5.9416983"><ele>323.03</ele></trkpt>
<trkpt lat="43.5148483" lon="5.94174"><ele>322.98</ele></trkpt>
<trkpt lat="43.5148533" lon="5.9417767"><ele>322.9</ele></trkpt>
<trkpt lat="43.51486" lon="5.941815"><ele>322.63</ele></trkpt>
<trkpt lat="43.514865" lon="5.941851699999999"><ele>322.51</ele></trkpt>
<trkpt lat="43.514865" lon="5.94189"><ele>322.41</ele></trkpt>
<trkpt lat="43.514875" lon="5.94194"><ele>322.04</ele></trkpt>
<trkpt lat="43.5148783" lon="5.9419917"><ele>321.73</ele></trkpt>
<trkpt lat="43.5148783" lon="5.9420383"><ele>321.44</ele></trkpt>
<trkpt lat="43.5148767" lon="5.942085"><ele>321.1299999999999</ele></trkpt>
<trkpt lat="43.5148767" lon="5.942138299999999"><ele>321.12</ele></trkpt>
<trkpt lat="43.514865" lon="5.942175"><ele>320.94</ele></trkpt>
<trkpt lat="43.5148467" lon="5.9422233"><ele>320.87</ele></trkpt>
<trkpt lat="43.5148317" lon="5.9422567"><ele>320.83</ele></trkpt>
<trkpt lat="43.514825" lon="5.9423"><ele>320.78</ele></trkpt>
<trkpt lat="43.5148283" lon="5.9423417"><ele>320.87</ele></trkpt>
<trkpt lat="43.5148317" lon="5.9423833"><ele>320.73</ele></trkpt>
<trkpt lat="43.5148283" lon="5.942425"><ele>320.7</ele></trkpt>
<trkpt lat="43.5148267" lon="5.942466699999999"><ele>320.85</ele></trkpt>
<trkpt lat="43.51483" lon="5.942511699999999"><ele>320.92</ele></trkpt>
<trkpt lat="43.514825" lon="5.94255"><ele>320.74</ele></trkpt>
<trkpt lat="43.5148083" lon="5.94258"><ele>320.4</ele></trkpt>
<trkpt lat="43.5148017" lon="5.942625"><ele>320.21</ele></trkpt>
<trkpt lat="43.5148117" lon="5.942673299999999"><ele>320.08</ele></trkpt>
<trkpt lat="43.5148167" lon="5.9427217"><ele>320.38</ele></trkpt>
<trkpt lat="43.5148167" lon="5.9427683"><ele>320.7</ele></trkpt>
<trkpt lat="43.51482" lon="5.942806699999999"><ele>321.47</ele></trkpt>
<trkpt lat="43.5148233" lon="5.94285"><ele>321.95</ele></trkpt>
<trkpt lat="43.5148217" lon="5.942898300000001"><ele>322.23</ele></trkpt>
<trkpt lat="43.514815" lon="5.9429367"><ele>322.32</ele></trkpt>
<trkpt lat="43.5147883" lon="5.9429517"><ele>322.28</ele></trkpt>
<trkpt lat="43.5147583" lon="5.9429517"><ele>322.8</ele></trkpt>
<trkpt lat="43.51473" lon="5.94295"><ele>323.77</ele></trkpt>
<trkpt lat="43.5147" lon="5.9429533"><ele>324.01</ele></trkpt>
<trkpt lat="43.5146633" lon="5.9429667"><ele>324.35</ele></trkpt>
<trkpt lat="43.5146317" lon="5.9429467"><ele>324.41</ele></trkpt>
<trkpt lat="43.5146067" lon="5.94293"><ele>324.23</ele></trkpt>
<trkpt lat="43.5145817" lon="5.942898300000001"><ele>324.24</ele></trkpt>
<trkpt lat="43.5145633" lon="5.9428633"><ele>324.46</ele></trkpt>
<trkpt lat="43.5145517" lon="5.942898300000001"><ele>324.33</ele></trkpt>
<trkpt lat="43.5145233" lon="5.942909999999999"><ele>323.4</ele></trkpt>
<trkpt lat="43.514495" lon="5.942913299999999"><ele>322.77</ele></trkpt>
<trkpt lat="43.514465" lon="5.942896699999999"><ele>322.28</ele></trkpt>
<trkpt lat="43.5144333" lon="5.94289"><ele>321.91</ele></trkpt>
<trkpt lat="43.5144067" lon="5.94288"><ele>321.74</ele></trkpt>
<trkpt lat="43.51437" lon="5.942864999999999"><ele>321.7</ele></trkpt>
<trkpt lat="43.5143367" lon="5.942854999999999"><ele>321.53</ele></trkpt>
<trkpt lat="43.5143067" lon="5.9428383"><ele>321.33</ele></trkpt>
<trkpt lat="43.5142783" lon="5.9428233"><ele>320.93</ele></trkpt>
<trkpt lat="43.5142533" lon="5.942795000000001"><ele>321.04</ele></trkpt>
<trkpt lat="43.5142367" lon="5.942750000000001"><ele>321.35</ele></trkpt>
<trkpt lat="43.5142333" lon="5.942706699999999"><ele>321.62</ele></trkpt>
<trkpt lat="43.51423" lon="5.9426617"><ele>321.6</ele></trkpt>
<trkpt lat="43.51424" lon="5.9427017"><ele>321.82</ele></trkpt>
<trkpt lat="43.5142317" lon="5.942755"><ele>321.63</ele></trkpt>
<trkpt lat="43.5141983" lon="5.942775"><ele>321.43</ele></trkpt>
<trkpt lat="43.51417" lon="5.9427833"><ele>321.49</ele></trkpt>
<trkpt lat="43.514135" lon="5.942798300000001"><ele>321.73</ele></trkpt>
<trkpt lat="43.5141" lon="5.9428033"><ele>321.74</ele></trkpt>
<trkpt lat="43.5140633" lon="5.9428183"><ele>321.43</ele></trkpt>
<trkpt lat="43.5140367" lon="5.942830000000001"><ele>321.4</ele></trkpt>
<trkpt lat="43.5139967" lon="5.9428467"><ele>321.56</ele></trkpt>
<trkpt lat="43.51396" lon="5.942854999999999"><ele>321.5</ele></trkpt>
<trkpt lat="43.5139233" lon="5.942864999999999"><ele>321.52</ele></trkpt>
<trkpt lat="43.5138867" lon="5.9428767"><ele>321.3</ele></trkpt>
<trkpt lat="43.5138517" lon="5.942886700000001"><ele>321.36</ele></trkpt>
<trkpt lat="43.513815" lon="5.9429017"><ele>321.91</ele></trkpt>
<trkpt lat="43.5137883" lon="5.9429083"><ele>322.31</ele></trkpt>
<trkpt lat="43.5137533" lon="5.9429067"><ele>322.2</ele></trkpt>
<trkpt lat="43.5137183" lon="5.942913299999999"><ele>321.75</ele></trkpt>
<trkpt lat="43.51368" lon="5.9429267"><ele>321.67</ele></trkpt>
<trkpt lat="43.5136433" lon="5.942925"><ele>321.44</ele></trkpt>
<trkpt lat="43.513605" lon="5.9429083"><ele>321.25</ele></trkpt>
<trkpt lat="43.5135683" lon="5.9429017"><ele>320.78</ele></trkpt>
<trkpt lat="43.51354" lon="5.9429033"><ele>320.29</ele></trkpt>
<trkpt lat="43.513505" lon="5.9429017"><ele>320.22</ele></trkpt>
<trkpt lat="43.51347" lon="5.942896699999999"><ele>320.22</ele></trkpt>
<trkpt lat="43.5134317" lon="5.9428917"><ele>320.12</ele></trkpt>
<trkpt lat="43.5133933" lon="5.9428933"><ele>319.81</ele></trkpt>
<trkpt lat="43.5133617" lon="5.94288"><ele>319.88</ele></trkpt>
<trkpt lat="43.5133267" lon="5.9428667"><ele>319.82</ele></trkpt>
<trkpt lat="43.5132883" lon="5.94285"><ele>319.72</ele></trkpt>
<trkpt lat="43.5132617" lon="5.942835"><ele>319.63</ele></trkpt>
<trkpt lat="43.5132217" lon="5.942830000000001"><ele>319.68</ele></trkpt>
<trkpt lat="43.5131867" lon="5.9428233"><ele>319.53</ele></trkpt>
<trkpt lat="43.5131517" lon="5.9428183"><ele>319.91</ele></trkpt>
<trkpt lat="43.513115" lon="5.942826700000001"><ele>319.83</ele></trkpt>
<trkpt lat="43.5130783" lon="5.942840000000001"><ele>319.79</ele></trkpt>
<trkpt lat="43.5130483" lon="5.942868299999999"><ele>320.56</ele></trkpt>
<trkpt lat="43.5130283" lon="5.942898300000001"><ele>321.53</ele></trkpt>
<trkpt lat="43.5129983" lon="5.9429183"><ele>322.48</ele></trkpt>
<trkpt lat="43.5129633" lon="5.9429217"><ele>323.36</ele></trkpt>
<trkpt lat="43.5129283" lon="5.9429217"><ele>323.7</ele></trkpt>
<trkpt lat="43.5128883" lon="5.942931700000001"><ele>324.12</ele></trkpt>
<trkpt lat="43.51285" lon="5.9429383"><ele>324.61</ele></trkpt>
<trkpt lat="43.5128133" lon="5.94296"><ele>324.63</ele></trkpt>
<trkpt lat="43.51278" lon="5.942989999999999"><ele>323.82</ele></trkpt>
<trkpt lat="43.5127417" lon="5.943001699999999"><ele>323.12</ele></trkpt>
<trkpt lat="43.5127133" lon="5.9429967"><ele>323.02</ele></trkpt>
<trkpt lat="43.5126833" lon="5.942985"><ele>322.69</ele></trkpt>
<trkpt lat="43.5126467" lon="5.9429717"><ele>321.98</ele></trkpt>
<trkpt lat="43.5126183" lon="5.9429617"><ele>321.81</ele></trkpt>
<trkpt lat="43.5125883" lon="5.9429517"><ele>321.7</ele></trkpt>
<trkpt lat="43.51255" lon="5.9429467"><ele>321.45</ele></trkpt>
<trkpt lat="43.512515" lon="5.9429533"><ele>321.25</ele></trkpt>
<trkpt lat="43.5124867" lon="5.942955"><ele>321.27</ele></trkpt>
<trkpt lat="43.5124583" lon="5.94296"><ele>321.2</ele></trkpt>
<trkpt lat="43.51242" lon="5.9429683"><ele>321.31</ele></trkpt>
<trkpt lat="43.5123867" lon="5.942976700000001"><ele>320.77</ele></trkpt>
<trkpt lat="43.512345" lon="5.94297"><ele>320.51</ele></trkpt>
<trkpt lat="43.5123083" lon="5.942958299999999"><ele>320.54</ele></trkpt>
<trkpt lat="43.512275" lon="5.942944999999999"><ele>320.66</ele></trkpt>
<trkpt lat="43.5122383" lon="5.9429283"><ele>320.4</ele></trkpt>
<trkpt lat="43.5122133" lon="5.942909999999999"><ele>320.55</ele></trkpt>
<trkpt lat="43.5121883" lon="5.94289"><ele>320.59</ele></trkpt>
<trkpt lat="43.5121567" lon="5.9428633"><ele>320.65</ele></trkpt>
<trkpt lat="43.512125" lon="5.9428333"><ele>321.05</ele></trkpt>
<trkpt lat="43.5121083" lon="5.9428033"><ele>321.32</ele></trkpt>
<trkpt lat="43.5120883" lon="5.94277"><ele>321.64</ele></trkpt>
<trkpt lat="43.51207" lon="5.9427333"><ele>322.01</ele></trkpt>
<trkpt lat="43.512055" lon="5.9426983"><ele>322.24</ele></trkpt>
<trkpt lat="43.5120483" lon="5.9426617"><ele>322.36</ele></trkpt>
<trkpt lat="43.51204" lon="5.942625"><ele>322.57</ele></trkpt>
<trkpt lat="43.5120217" lon="5.942595"><ele>322.66</ele></trkpt>
<trkpt lat="43.5119933" lon="5.942558300000001"><ele>322.76</ele></trkpt>
<trkpt lat="43.5119683" lon="5.9425233"><ele>322.78</ele></trkpt>
<trkpt lat="43.5119467" lon="5.9424983"><ele>323.04</ele></trkpt>
<trkpt lat="43.511925" lon="5.9424733"><ele>323.25</ele></trkpt>
<trkpt lat="43.5119" lon="5.942435"><ele>323.64</ele></trkpt>
<trkpt lat="43.5118767" lon="5.9424"><ele>323.95</ele></trkpt>
<trkpt lat="43.5118483" lon="5.9423583"><ele>324.25</ele></trkpt>
<trkpt lat="43.511825" lon="5.942318300000001"><ele>324.48</ele></trkpt>
<trkpt lat="43.5117983" lon="5.94228"><ele>324.72</ele></trkpt>
<trkpt lat="43.5117717" lon="5.9422417"><ele>324.89</ele></trkpt>
<trkpt lat="43.5117517" lon="5.942205"><ele>324.38</ele></trkpt>
<trkpt lat="43.5117217" lon="5.9421667"><ele>323.87</ele></trkpt>
<trkpt lat="43.5117017" lon="5.942138299999999"><ele>323.57</ele></trkpt>
<trkpt lat="43.5116783" lon="5.9421183"><ele>323.34</ele></trkpt>
<trkpt lat="43.51165" lon="5.9420883"><ele>322.77</ele></trkpt>
<trkpt lat="43.51164" lon="5.942044999999999"><ele>322.72</ele></trkpt>
<trkpt lat="43.5116117" lon="5.9420433"><ele>322.25</ele></trkpt>
<trkpt lat="43.51158" lon="5.9420367"><ele>322</ele></trkpt>
<trkpt lat="43.5115433" lon="5.9420267"><ele>322.08</ele></trkpt>
<trkpt lat="43.5115117" lon="5.9420183"><ele>322.07</ele></trkpt>
<trkpt lat="43.511485" lon="5.9420083"><ele>322.27</ele></trkpt>
<trkpt lat="43.51145" lon="5.9419933"><ele>322.19</ele></trkpt>
<trkpt lat="43.5114167" lon="5.941976700000001"><ele>322.39</ele></trkpt>
<trkpt lat="43.5113833" lon="5.9419633"><ele>322.13</ele></trkpt>
<trkpt lat="43.5113533" lon="5.9419567"><ele>321.67</ele></trkpt>
<trkpt lat="43.5113217" lon="5.94194"><ele>321.4</ele></trkpt>
<trkpt lat="43.5112883" lon="5.9419283"><ele>320.97</ele></trkpt>
<trkpt lat="43.5112567" lon="5.9419167"><ele>320.71</ele></trkpt>
<trkpt lat="43.5112267" lon="5.941905"><ele>320.67</ele></trkpt>
<trkpt lat="43.5111883" lon="5.9418933"><ele>320.86</ele></trkpt>
<trkpt lat="43.5111583" lon="5.941885000000001"><ele>321.02</ele></trkpt>
<trkpt lat="43.5111333" lon="5.9418617"><ele>321.17</ele></trkpt>
<trkpt lat="43.511125" lon="5.9418217"><ele>321.35</ele></trkpt>
<trkpt lat="43.5111267" lon="5.941783300000001"><ele>321.54</ele></trkpt>
<trkpt lat="43.51111" lon="5.9418183"><ele>320.04</ele></trkpt>
<trkpt lat="43.5110833" lon="5.9418317"><ele>319.69</ele></trkpt>
<trkpt lat="43.51108" lon="5.9417933"><ele>321.37</ele></trkpt>
<trkpt lat="43.511085" lon="5.9417567"><ele>321.1</ele></trkpt>
<trkpt lat="43.5111283" lon="5.941725"><ele>319.94</ele></trkpt>
<trkpt lat="43.5111167" lon="5.941765"><ele>320.25</ele></trkpt>
<trkpt lat="43.5110983" lon="5.9418017"><ele>320.65</ele></trkpt>
<trkpt lat="43.51108" lon="5.941835"><ele>320.23</ele></trkpt>
<trkpt lat="43.5110067" lon="5.9418117"><ele>320.59</ele></trkpt>
<trkpt lat="43.5109717" lon="5.941808299999999"><ele>320.14</ele></trkpt>
<trkpt lat="43.510945" lon="5.9418017"><ele>319.9999999999999</ele></trkpt>
<trkpt lat="43.5109117" lon="5.9418"><ele>320.08</ele></trkpt>
<trkpt lat="43.5108817" lon="5.9417917"><ele>320.07</ele></trkpt>
<trkpt lat="43.510855" lon="5.941783300000001"><ele>320.09</ele></trkpt>
<trkpt lat="43.5108217" lon="5.9417783"><ele>320.29</ele></trkpt>
<trkpt lat="43.5107933" lon="5.941765"><ele>320.29</ele></trkpt>
<trkpt lat="43.5107617" lon="5.9417583"><ele>320.36</ele></trkpt>
<trkpt lat="43.510735" lon="5.941749999999999"><ele>320.48</ele></trkpt>
<trkpt lat="43.510705" lon="5.9417417"><ele>320.59</ele></trkpt>
<trkpt lat="43.5106783" lon="5.94173"><ele>320.69</ele></trkpt>
<trkpt lat="43.5106467" lon="5.94172"><ele>320.69</ele></trkpt>
<trkpt lat="43.5106133" lon="5.941703300000001"><ele>320.79</ele></trkpt>
<trkpt lat="43.510585" lon="5.9416883"><ele>320.77</ele></trkpt>
<trkpt lat="43.5105567" lon="5.941675"><ele>321.04</ele></trkpt>
<trkpt lat="43.5105283" lon="5.9416633"><ele>321.24</ele></trkpt>
<trkpt lat="43.5104983" lon="5.941655"><ele>321.45</ele></trkpt>
<trkpt lat="43.5104717" lon="5.941645000000001"><ele>321.49</ele></trkpt>
<trkpt lat="43.51044" lon="5.9416367"><ele>321.33</ele></trkpt>
<trkpt lat="43.51041" lon="5.94163"><ele>321.48</ele></trkpt>
<trkpt lat="43.5103783" lon="5.94162"><ele>321.55</ele></trkpt>
<trkpt lat="43.5103417" lon="5.9416083"><ele>321.66</ele></trkpt>
<trkpt lat="43.5103083" lon="5.941601699999999"><ele>321.69</ele></trkpt>
<trkpt lat="43.5102783" lon="5.941590000000001"><ele>321.9</ele></trkpt>
<trkpt lat="43.51025" lon="5.9415717"><ele>321.92</ele></trkpt>
<trkpt lat="43.5102217" lon="5.9415517"><ele>321.7</ele></trkpt>
<trkpt lat="43.5101933" lon="5.941531700000001"><ele>321.62</ele></trkpt>
<trkpt lat="43.510165" lon="5.9415083"><ele>321.4</ele></trkpt>
<trkpt lat="43.5101367" lon="5.941485"><ele>321.39</ele></trkpt>
<trkpt lat="43.5101083" lon="5.9414567"><ele>321.23</ele></trkpt>
<trkpt lat="43.5100817" lon="5.9414267"><ele>321.28</ele></trkpt>
<trkpt lat="43.5100567" lon="5.9413983"><ele>321.1299999999999</ele></trkpt>
<trkpt lat="43.5100367" lon="5.941371699999999"><ele>320.48</ele></trkpt>
<trkpt lat="43.51001" lon="5.9413517"><ele>320.3</ele></trkpt>
<trkpt lat="43.5099817" lon="5.941325"><ele>320.72</ele></trkpt>
<trkpt lat="43.5099567" lon="5.9413067"><ele>321.14</ele></trkpt>
<trkpt lat="43.5099333" lon="5.941284999999999"><ele>321.35</ele></trkpt>
<trkpt lat="43.5099167" lon="5.9412517"><ele>321.48</ele></trkpt>
<trkpt lat="43.509895" lon="5.9412183"><ele>321.7</ele></trkpt>
<trkpt lat="43.5098683" lon="5.9412033"><ele>321.98</ele></trkpt>
<trkpt lat="43.509845" lon="5.9411633"><ele>321.8</ele></trkpt>
<trkpt lat="43.50983" lon="5.9411267"><ele>321.43</ele></trkpt>
<trkpt lat="43.50982" lon="5.941078300000001"><ele>321.2</ele></trkpt>
<trkpt lat="43.5098017" lon="5.9410367"><ele>320.78</ele></trkpt>
<trkpt lat="43.5097833" lon="5.9410017"><ele>320.43</ele></trkpt>
<trkpt lat="43.509765" lon="5.940965"><ele>320.13</ele></trkpt>
<trkpt lat="43.509755" lon="5.940925"><ele>319.41</ele></trkpt>
<trkpt lat="43.5097333" lon="5.9408783"><ele>319.2</ele></trkpt>
<trkpt lat="43.5097117" lon="5.940836700000001"><ele>319.31</ele></trkpt>
<trkpt lat="43.5096917" lon="5.9407967"><ele>319.55</ele></trkpt>
<trkpt lat="43.50967" lon="5.94077"><ele>319.55</ele></trkpt>
<trkpt lat="43.5096483" lon="5.9407383"><ele>319.33</ele></trkpt>
<trkpt lat="43.5096267" lon="5.940701699999999"><ele>319.46</ele></trkpt>
<trkpt lat="43.5096067" lon="5.9406633"><ele>319.01</ele></trkpt>
<trkpt lat="43.5095983" lon="5.940624999999999"><ele>318.45</ele></trkpt>
<trkpt lat="43.5095817" lon="5.9405933"><ele>317.97</ele></trkpt>
<trkpt lat="43.5095633" lon="5.9405633"><ele>317.28</ele></trkpt>
<trkpt lat="43.5095367" lon="5.94054"><ele>316.68</ele></trkpt>
<trkpt lat="43.50951" lon="5.940505"><ele>316.22</ele></trkpt>
<trkpt lat="43.5094833" lon="5.9404733"><ele>316.38</ele></trkpt>
<trkpt lat="43.5094567" lon="5.9404483"><ele>316.33</ele></trkpt>
<trkpt lat="43.5094383" lon="5.940415"><ele>316.59</ele></trkpt>
<trkpt lat="43.5094233" lon="5.940375"><ele>317.2</ele></trkpt>
<trkpt lat="43.5094033" lon="5.9403417"><ele>317.99</ele></trkpt>
<trkpt lat="43.50938" lon="5.940305"><ele>318.26</ele></trkpt>
<trkpt lat="43.5093567" lon="5.940283299999999"><ele>317.96</ele></trkpt>
<trkpt lat="43.50933" lon="5.940255"><ele>317.37</ele></trkpt>
<trkpt lat="43.5093067" lon="5.940224999999999"><ele>316.85</ele></trkpt>
<trkpt lat="43.5092817" lon="5.9401917"><ele>316.37</ele></trkpt>
<trkpt lat="43.5092633" lon="5.9401567"><ele>315.77</ele></trkpt>
<trkpt lat="43.5092433" lon="5.9401183"><ele>315.69</ele></trkpt>
<trkpt lat="43.5092167" lon="5.940088299999999"><ele>315.81</ele></trkpt>
<trkpt lat="43.5091917" lon="5.9400567"><ele>316.07</ele></trkpt>
<trkpt lat="43.5091717" lon="5.9400233"><ele>316.08</ele></trkpt>
<trkpt lat="43.509145" lon="5.939995"><ele>315.59</ele></trkpt>
<trkpt lat="43.5091217" lon="5.9399617"><ele>315.53</ele></trkpt>
<trkpt lat="43.5091017" lon="5.9399167"><ele>315.8</ele></trkpt>
<trkpt lat="43.5090867" lon="5.9398667"><ele>315.95</ele></trkpt>
<trkpt lat="43.50907" lon="5.93982"><ele>315.91</ele></trkpt>
<trkpt lat="43.5090567" lon="5.9397733"><ele>315.98</ele></trkpt>
<trkpt lat="43.509045" lon="5.9397283"><ele>316.22</ele></trkpt>
<trkpt lat="43.509025" lon="5.9396933"><ele>316.55</ele></trkpt>
<trkpt lat="43.50902" lon="5.9396483"><ele>317.2</ele></trkpt>
<trkpt lat="43.50902" lon="5.9396083"><ele>317.44</ele></trkpt>
<trkpt lat="43.50901" lon="5.9395717"><ele>317.74</ele></trkpt>
<trkpt lat="43.5089917" lon="5.9395217"><ele>318.05</ele></trkpt>
<trkpt lat="43.50898" lon="5.9394817"><ele>318.41</ele></trkpt>
<trkpt lat="43.5089583" lon="5.9394367"><ele>319.07</ele></trkpt>
<trkpt lat="43.50894" lon="5.93939"><ele>319.44</ele></trkpt>
<trkpt lat="43.5089217" lon="5.9393517"><ele>319.42</ele></trkpt>
<trkpt lat="43.508905" lon="5.939311700000001"><ele>318.97</ele></trkpt>
<trkpt lat="43.5088867" lon="5.9392783"><ele>318.49</ele></trkpt>
<trkpt lat="43.508865" lon="5.939248299999999"><ele>317.69</ele></trkpt>
<trkpt lat="43.50884" lon="5.9392083"><ele>317.15</ele></trkpt>
<trkpt lat="43.5088183" lon="5.9391683"><ele>316.93</ele></trkpt>
<trkpt lat="43.5088017" lon="5.9391383"><ele>316.82</ele></trkpt>
<trkpt lat="43.5087783" lon="5.9391083"><ele>316.53</ele></trkpt>
<trkpt lat="43.508755" lon="5.939075000000001"><ele>316.63</ele></trkpt>
<trkpt lat="43.5087367" lon="5.939041699999999"><ele>316.33</ele></trkpt>
<trkpt lat="43.5087167" lon="5.939005"><ele>316.03</ele></trkpt>
<trkpt lat="43.5086967" lon="5.9389783"><ele>316.06</ele></trkpt>
<trkpt lat="43.5086767" lon="5.9389433"><ele>316.08</ele></trkpt>
<trkpt lat="43.5086667" lon="5.9389067"><ele>316.16</ele></trkpt>
<trkpt lat="43.5086767" lon="5.9388683"><ele>316.88</ele></trkpt>
<trkpt lat="43.5087017" lon="5.938835000000001"><ele>317.35</ele></trkpt>
<trkpt lat="43.50868" lon="5.9388783"><ele>318.46</ele></trkpt>
<trkpt lat="43.5086483" lon="5.9389033"><ele>319.2</ele></trkpt>
<trkpt lat="43.50862" lon="5.938885"><ele>319.57</ele></trkpt>
<trkpt lat="43.5085967" lon="5.9388617"><ele>319.73</ele></trkpt>
<trkpt lat="43.5085683" lon="5.9388333"><ele>319.89</ele></trkpt>
<trkpt lat="43.5085367" lon="5.93881"><ele>319.79</ele></trkpt>
<trkpt lat="43.5085033" lon="5.938790000000001"><ele>319.96</ele></trkpt>
<trkpt lat="43.5084767" lon="5.9387683"><ele>320.05</ele></trkpt>
<trkpt lat="43.5084533" lon="5.938745000000001"><ele>320.19</ele></trkpt>
<trkpt lat="43.5084283" lon="5.9387167"><ele>320.29</ele></trkpt>
<trkpt lat="43.508405" lon="5.9386933"><ele>320.31</ele></trkpt>
<trkpt lat="43.50838" lon="5.938668299999999"><ele>320.62</ele></trkpt>
<trkpt lat="43.508355" lon="5.938641700000001"><ele>320.95</ele></trkpt>
<trkpt lat="43.50833" lon="5.938606699999999"><ele>321.37</ele></trkpt>
<trkpt lat="43.5083067" lon="5.9385717"><ele>321.58</ele></trkpt>
<trkpt lat="43.5082867" lon="5.9385417"><ele>321.75</ele></trkpt>
<trkpt lat="43.508265" lon="5.938506699999999"><ele>321.88</ele></trkpt>
<trkpt lat="43.5082467" lon="5.93847"><ele>321.96</ele></trkpt>
<trkpt lat="43.50823" lon="5.93843"><ele>321.92</ele></trkpt>
<trkpt lat="43.508205" lon="5.938395"><ele>321.9</ele></trkpt>
<trkpt lat="43.5081817" lon="5.9383533"><ele>322.21</ele></trkpt>
<trkpt lat="43.5081583" lon="5.9383167"><ele>322.71</ele></trkpt>
<trkpt lat="43.508135" lon="5.938279999999999"><ele>323.11</ele></trkpt>
<trkpt lat="43.5081133" lon="5.938255000000001"><ele>323.41</ele></trkpt>
<trkpt lat="43.5080833" lon="5.9382267"><ele>323.91</ele></trkpt>
<trkpt lat="43.5080583" lon="5.9381917"><ele>324.08</ele></trkpt>
<trkpt lat="43.5080383" lon="5.9381567"><ele>324.2</ele></trkpt>
<trkpt lat="43.508015" lon="5.9381217"><ele>324.1</ele></trkpt>
<trkpt lat="43.5079933" lon="5.93809"><ele>323.9</ele></trkpt>
<trkpt lat="43.5079717" lon="5.9380633"><ele>323.63</ele></trkpt>
<trkpt lat="43.507945" lon="5.938035"><ele>323.42</ele></trkpt>
<trkpt lat="43.5079217" lon="5.9380033"><ele>323.49</ele></trkpt>
<trkpt lat="43.507895" lon="5.937965"><ele>323.84</ele></trkpt>
<trkpt lat="43.5078667" lon="5.93793"><ele>323.98</ele></trkpt>
<trkpt lat="43.5078433" lon="5.93791"><ele>323.92</ele></trkpt>
<trkpt lat="43.5078133" lon="5.937878300000001"><ele>323.99</ele></trkpt>
<trkpt lat="43.50779" lon="5.9378383"><ele>324.08</ele></trkpt>
<trkpt lat="43.5077667" lon="5.937799999999999"><ele>324.09</ele></trkpt>
<trkpt lat="43.5077433" lon="5.9377633"><ele>324.06</ele></trkpt>
<trkpt lat="43.5077217" lon="5.9377267"><ele>324</ele></trkpt>
<trkpt lat="43.5077017" lon="5.937685000000001"><ele>323.99</ele></trkpt>
<trkpt lat="43.5076817" lon="5.9376383"><ele>323.99</ele></trkpt>
<trkpt lat="43.5076633" lon="5.9375933"><ele>324.05</ele></trkpt>
<trkpt lat="43.50764" lon="5.9375483"><ele>323.99</ele></trkpt>
<trkpt lat="43.5076133" lon="5.9375067"><ele>324.23</ele></trkpt>
<trkpt lat="43.50759" lon="5.937473299999999"><ele>324.62</ele></trkpt>
<trkpt lat="43.507565" lon="5.937446700000001"><ele>324.69</ele></trkpt>
<trkpt lat="43.5075367" lon="5.937414999999999"><ele>324.93</ele></trkpt>
<trkpt lat="43.5075133" lon="5.937369999999999"><ele>325.15</ele></trkpt>
<trkpt lat="43.50749" lon="5.937325"><ele>325.36</ele></trkpt>
<trkpt lat="43.5074683" lon="5.9372833"><ele>325.64</ele></trkpt>
<trkpt lat="43.507445" lon="5.9372383"><ele>325.95</ele></trkpt>
<trkpt lat="43.5074233" lon="5.93719"><ele>325.9</ele></trkpt>
<trkpt lat="43.507405" lon="5.9371417"><ele>325.96</ele></trkpt>
<trkpt lat="43.5073917" lon="5.937094999999999"><ele>325.87</ele></trkpt>
<trkpt lat="43.5073817" lon="5.937045"><ele>326.08</ele></trkpt>
<trkpt lat="43.5073783" lon="5.9369983"><ele>326.09</ele></trkpt>
<trkpt lat="43.5073683" lon="5.9369583"><ele>326.28</ele></trkpt>
<trkpt lat="43.50738" lon="5.936994999999999"><ele>326.44</ele></trkpt>
<trkpt lat="43.507385" lon="5.937039999999999"><ele>326.42</ele></trkpt>
<trkpt lat="43.5073817" lon="5.9370783"><ele>326.3</ele></trkpt>
<trkpt lat="43.5073667" lon="5.937118300000001"><ele>325.15</ele></trkpt>
<trkpt lat="43.50733" lon="5.9371133"><ele>324.7</ele></trkpt>
<trkpt lat="43.507295" lon="5.937116700000001"><ele>324.96</ele></trkpt>
<trkpt lat="43.5072683" lon="5.9371233"><ele>325.25</ele></trkpt>
<trkpt lat="43.507235" lon="5.937128300000001"><ele>325.46</ele></trkpt>
<trkpt lat="43.5071967" lon="5.937135"><ele>326.1</ele></trkpt>
<trkpt lat="43.5071683" lon="5.937125"><ele>326.54</ele></trkpt>
<trkpt lat="43.50714" lon="5.9370867"><ele>326.95</ele></trkpt>
<trkpt lat="43.5071167" lon="5.937053299999999"><ele>327</ele></trkpt>
<trkpt lat="43.5070867" lon="5.9370317"><ele>327.26</ele></trkpt>
<trkpt lat="43.507055" lon="5.9370217"><ele>327.62</ele></trkpt>
<trkpt lat="43.5070267" lon="5.9370217"><ele>328.04</ele></trkpt>
<trkpt lat="43.5069967" lon="5.9370167"><ele>328.58</ele></trkpt>
<trkpt lat="43.5069683" lon="5.937011700000001"><ele>328.95</ele></trkpt>
<trkpt lat="43.5069383" lon="5.937004999999999"><ele>329.23</ele></trkpt>
<trkpt lat="43.50691" lon="5.9370033"><ele>329.73</ele></trkpt>
<trkpt lat="43.50688" lon="5.936994999999999"><ele>329.96</ele></trkpt>
<trkpt lat="43.5068533" lon="5.9370033"><ele>329.99</ele></trkpt>
<trkpt lat="43.50682" lon="5.9370017"><ele>330.05</ele></trkpt>
<trkpt lat="43.5067883" lon="5.9370133"><ele>330.18</ele></trkpt>
<trkpt lat="43.5067633" lon="5.93703"><ele>330.16</ele></trkpt>
<trkpt lat="43.5067317" lon="5.937045"><ele>330.29</ele></trkpt>
<trkpt lat="43.5067033" lon="5.9370517"><ele>330.41</ele></trkpt>
<trkpt lat="43.5066717" lon="5.9370617"><ele>330.66</ele></trkpt>
<trkpt lat="43.5066467" lon="5.93709"><ele>330.97</ele></trkpt>
<trkpt lat="43.5066167" lon="5.9371067"><ele>331.16</ele></trkpt>
<trkpt lat="43.5065967" lon="5.9371417"><ele>331.45</ele></trkpt>
<trkpt lat="43.5065717" lon="5.9371683"><ele>331.77</ele></trkpt>
<trkpt lat="43.5065417" lon="5.937198299999999"><ele>332.11</ele></trkpt>
<trkpt lat="43.5065117" lon="5.9372183"><ele>332.59</ele></trkpt>
<trkpt lat="43.5064767" lon="5.9372367"><ele>333.46</ele></trkpt>
<trkpt lat="43.5064433" lon="5.93725"><ele>334.26</ele></trkpt>
<trkpt lat="43.506405" lon="5.937251700000001"><ele>335.32</ele></trkpt>
<trkpt lat="43.5063717" lon="5.9372467"><ele>336.52</ele></trkpt>
<trkpt lat="43.50634" lon="5.937245"><ele>337.27</ele></trkpt>
<trkpt lat="43.506305" lon="5.9372383"><ele>338.09</ele></trkpt>
<trkpt lat="43.5062683" lon="5.9372283"><ele>338.25</ele></trkpt>
<trkpt lat="43.5062317" lon="5.9372217"><ele>338.79</ele></trkpt>
<trkpt lat="43.5061983" lon="5.9372167"><ele>339.41</ele></trkpt>
<trkpt lat="43.5061667" lon="5.9372017"><ele>339.39</ele></trkpt>
<trkpt lat="43.5061317" lon="5.937198299999999"><ele>339.29</ele></trkpt>
<trkpt lat="43.5061033" lon="5.9372"><ele>339.31</ele></trkpt>
<trkpt lat="43.5060717" lon="5.937206700000001"><ele>339.41</ele></trkpt>
<trkpt lat="43.5060383" lon="5.937198299999999"><ele>339.27</ele></trkpt>
<trkpt lat="43.5060017" lon="5.9371967"><ele>339.29</ele></trkpt>
<trkpt lat="43.505965" lon="5.937195"><ele>339.54</ele></trkpt>
<trkpt lat="43.5059333" lon="5.9371917"><ele>340.03</ele></trkpt>
<trkpt lat="43.5059033" lon="5.9372033"><ele>340.52</ele></trkpt>
<trkpt lat="43.5058733" lon="5.9372233"><ele>341.17</ele></trkpt>
<trkpt lat="43.5058417" lon="5.9372267"><ele>341.56</ele></trkpt>
<trkpt lat="43.5058133" lon="5.9372567"><ele>342.29</ele></trkpt>
<trkpt lat="43.50578" lon="5.9372817"><ele>342.84</ele></trkpt>
<trkpt lat="43.5057567" lon="5.9373067"><ele>343.59</ele></trkpt>
<trkpt lat="43.50573" lon="5.937325"><ele>344.3</ele></trkpt>
<trkpt lat="43.5057" lon="5.9373483"><ele>344.57</ele></trkpt>
<trkpt lat="43.5056717" lon="5.9373567"><ele>344.59</ele></trkpt>
<trkpt lat="43.5056367" lon="5.937368300000001"><ele>344.56</ele></trkpt>
<trkpt lat="43.5056083" lon="5.9373933"><ele>344.66</ele></trkpt>
<trkpt lat="43.50558" lon="5.93741"><ele>344.71</ele></trkpt>
<trkpt lat="43.505555" lon="5.9374267"><ele>344.76</ele></trkpt>
<trkpt lat="43.505525" lon="5.9374417"><ele>344.29</ele></trkpt>
<trkpt lat="43.5054933" lon="5.9374617"><ele>343.86</ele></trkpt>
<trkpt lat="43.505465" lon="5.9374767"><ele>343.17</ele></trkpt>
<trkpt lat="43.5054367" lon="5.9374783"><ele>342.69</ele></trkpt>
<trkpt lat="43.5054083" lon="5.9374767"><ele>341.81</ele></trkpt>
<trkpt lat="43.5053783" lon="5.9374633"><ele>340.92</ele></trkpt>
<trkpt lat="43.50535" lon="5.93745"><ele>339.85</ele></trkpt>
<trkpt lat="43.505315" lon="5.937435"><ele>338.61</ele></trkpt>
<trkpt lat="43.5052867" lon="5.937413300000001"><ele>337.64</ele></trkpt>
<trkpt lat="43.505255" lon="5.9374083"><ele>336.95</ele></trkpt>
<trkpt lat="43.50522" lon="5.9374233"><ele>336.82</ele></trkpt>
<trkpt lat="43.505185" lon="5.937414999999999"><ele>336.2</ele></trkpt>
<trkpt lat="43.5051483" lon="5.937414999999999"><ele>335.57</ele></trkpt>
<trkpt lat="43.5051133" lon="5.9374217"><ele>335.75</ele></trkpt>
<trkpt lat="43.50508" lon="5.93742"><ele>336.2</ele></trkpt>
<trkpt lat="43.5050483" lon="5.937411699999999"><ele>336.51</ele></trkpt>
<trkpt lat="43.5050133" lon="5.9374167"><ele>337.02</ele></trkpt>
<trkpt lat="43.50498" lon="5.937414999999999"><ele>337.35</ele></trkpt>
<trkpt lat="43.504945" lon="5.937424999999999"><ele>337.74</ele></trkpt>
<trkpt lat="43.5049117" lon="5.93742"><ele>338.12</ele></trkpt>
<trkpt lat="43.504875" lon="5.937411699999999"><ele>338.06</ele></trkpt>
<trkpt lat="43.5048417" lon="5.937413300000001"><ele>338.37</ele></trkpt>
<trkpt lat="43.50481" lon="5.9374167"><ele>338.83</ele></trkpt>
<trkpt lat="43.50478" lon="5.9374217"><ele>339.53</ele></trkpt>
<trkpt lat="43.5047533" lon="5.93743"><ele>339.82</ele></trkpt>
<trkpt lat="43.50472" lon="5.9374417"><ele>340.24</ele></trkpt>
<trkpt lat="43.5046867" lon="5.93745"><ele>340.44</ele></trkpt>
<trkpt lat="43.504655" lon="5.937459999999999"><ele>340.9</ele></trkpt>
<trkpt lat="43.5046283" lon="5.937469999999999"><ele>341.09</ele></trkpt>
<trkpt lat="43.5046" lon="5.93748"><ele>340.76</ele></trkpt>
<trkpt lat="43.50457" lon="5.9374983"><ele>340.16</ele></trkpt>
<trkpt lat="43.5045417" lon="5.93752"><ele>339.92</ele></trkpt>
<trkpt lat="43.5045133" lon="5.9375333"><ele>339.39</ele></trkpt>
<trkpt lat="43.5044833" lon="5.9375533"><ele>339.03</ele></trkpt>
<trkpt lat="43.5044533" lon="5.937565"><ele>338.63</ele></trkpt>
<trkpt lat="43.5044217" lon="5.937585"><ele>338.13</ele></trkpt>
<trkpt lat="43.5043933" lon="5.9376117"><ele>337.73</ele></trkpt>
<trkpt lat="43.50437" lon="5.937635"><ele>337.43</ele></trkpt>
<trkpt lat="43.5043417" lon="5.93766"><ele>337.22</ele></trkpt>
<trkpt lat="43.5043133" lon="5.93769"><ele>336.63</ele></trkpt>
<trkpt lat="43.50429" lon="5.93772"><ele>336.56</ele></trkpt>
<trkpt lat="43.5042617" lon="5.9377467"><ele>336.51</ele></trkpt>
<trkpt lat="43.5042367" lon="5.93778"><ele>336.07</ele></trkpt>
<trkpt lat="43.5042117" lon="5.937813299999999"><ele>335.8</ele></trkpt>
<trkpt lat="43.5041933" lon="5.937844999999999"><ele>335.67</ele></trkpt>
<trkpt lat="43.504175" lon="5.937878300000001"><ele>335.77</ele></trkpt>
<trkpt lat="43.5041617" lon="5.93792"><ele>336.74</ele></trkpt>
<trkpt lat="43.5041417" lon="5.93796"><ele>337.4</ele></trkpt>
<trkpt lat="43.5041317" lon="5.9379983"><ele>337.84</ele></trkpt>
<trkpt lat="43.504125" lon="5.9380383"><ele>338.68</ele></trkpt>
<trkpt lat="43.5041183" lon="5.93808"><ele>339.23</ele></trkpt>
<trkpt lat="43.5041" lon="5.938120000000001"><ele>339.53</ele></trkpt>
<trkpt lat="43.5040783" lon="5.93816"><ele>339.84</ele></trkpt>
<trkpt lat="43.5040483" lon="5.93818"><ele>340.07</ele></trkpt>
<trkpt lat="43.50402" lon="5.9381983"><ele>340.01</ele></trkpt>
<trkpt lat="43.5039883" lon="5.938221699999999"><ele>339.56</ele></trkpt>
<trkpt lat="43.5039567" lon="5.9382433"><ele>339.46</ele></trkpt>
<trkpt lat="43.5039333" lon="5.9382717"><ele>339.55</ele></trkpt>
<trkpt lat="43.5039133" lon="5.938305"><ele>339.58</ele></trkpt>
<trkpt lat="43.5038933" lon="5.9383433"><ele>339.94</ele></trkpt>
<trkpt lat="43.5038633" lon="5.9383767"><ele>340.41</ele></trkpt>
<trkpt lat="43.503835" lon="5.938403300000001"><ele>340.67</ele></trkpt>
<trkpt lat="43.50381" lon="5.9384317"><ele>340.86</ele></trkpt>
<trkpt lat="43.503785" lon="5.93845"><ele>340.67</ele></trkpt>
<trkpt lat="43.50376" lon="5.938475"><ele>340.71</ele></trkpt>
<trkpt lat="43.50374" lon="5.9385"><ele>340.4</ele></trkpt>
<trkpt lat="43.5037217" lon="5.938536700000001"><ele>340.41</ele></trkpt>
<trkpt lat="43.5037067" lon="5.93858"><ele>339.9</ele></trkpt>
<trkpt lat="43.5037017" lon="5.9386167"><ele>339.79</ele></trkpt>
<trkpt lat="43.503695" lon="5.938653300000001"><ele>339.62</ele></trkpt>
<trkpt lat="43.5036817" lon="5.9386917"><ele>339.44</ele></trkpt>
<trkpt lat="43.5036717" lon="5.938731700000001"><ele>339.2</ele></trkpt>
<trkpt lat="43.5036667" lon="5.938775"><ele>339.02</ele></trkpt>
<trkpt lat="43.503665" lon="5.9388183"><ele>338.91</ele></trkpt>
<trkpt lat="43.5036567" lon="5.938865"><ele>338.51</ele></trkpt>
<trkpt lat="43.503645" lon="5.938908299999999"><ele>338.5699999999999</ele></trkpt>
<trkpt lat="43.5036283" lon="5.9389467"><ele>338.49</ele></trkpt>
<trkpt lat="43.5036017" lon="5.938981700000001"><ele>338.29</ele></trkpt>
<trkpt lat="43.503575" lon="5.9390017"><ele>338.37</ele></trkpt>
<trkpt lat="43.503545" lon="5.939035"><ele>338.64</ele></trkpt>
<trkpt lat="43.5035217" lon="5.939071700000001"><ele>338.67</ele></trkpt>
<trkpt lat="43.5035" lon="5.9391117"><ele>338.76</ele></trkpt>
<trkpt lat="43.5034783" lon="5.9391517"><ele>338.59</ele></trkpt>
<trkpt lat="43.5034533" lon="5.9391917"><ele>338.48</ele></trkpt>
<trkpt lat="43.5034267" lon="5.93923"><ele>338.58</ele></trkpt>
<trkpt lat="43.503405" lon="5.93926"><ele>339.01</ele></trkpt>
<trkpt lat="43.503385" lon="5.939293299999999"><ele>339.41</ele></trkpt>
<trkpt lat="43.5033683" lon="5.939335"><ele>339.32</ele></trkpt>
<trkpt lat="43.50334" lon="5.9393683"><ele>339.28</ele></trkpt>
<trkpt lat="43.5033217" lon="5.9393983"><ele>339.3</ele></trkpt>
<trkpt lat="43.5033067" lon="5.939435"><ele>339.07</ele></trkpt>
<trkpt lat="43.5032933" lon="5.93947"><ele>339.08</ele></trkpt>
<trkpt lat="43.5032717" lon="5.939508300000001"><ele>339.31</ele></trkpt>
<trkpt lat="43.5032533" lon="5.939540000000001"><ele>339.83</ele></trkpt>
<trkpt lat="43.50323" lon="5.939575"><ele>340.14</ele></trkpt>
<trkpt lat="43.5032033" lon="5.9396117"><ele>340.18</ele></trkpt>
<trkpt lat="43.5031783" lon="5.939645000000001"><ele>340.35</ele></trkpt>
<trkpt lat="43.5031583" lon="5.939676700000001"><ele>340.45</ele></trkpt>
<trkpt lat="43.5031367" lon="5.939711699999999"><ele>340.84</ele></trkpt>
<trkpt lat="43.5031117" lon="5.939746699999999"><ele>341.07</ele></trkpt>
<trkpt lat="43.5030833" lon="5.9397783"><ele>341.15</ele></trkpt>
<trkpt lat="43.5030617" lon="5.9398117"><ele>341.28</ele></trkpt>
<trkpt lat="43.5030417" lon="5.9398417"><ele>341.68</ele></trkpt>
<trkpt lat="43.5030217" lon="5.9398767"><ele>342.23</ele></trkpt>
<trkpt lat="43.502995" lon="5.939905"><ele>342.69</ele></trkpt>
<trkpt lat="43.5029733" lon="5.939928300000001"><ele>342.78</ele></trkpt>
<trkpt lat="43.5029517" lon="5.939951699999999"><ele>342.95</ele></trkpt>
<trkpt lat="43.5029233" lon="5.939971700000001"><ele>343.24</ele></trkpt>
<trkpt lat="43.5028917" lon="5.9399917"><ele>343.61</ele></trkpt>
<trkpt lat="43.50287" lon="5.940016700000001"><ele>344.03</ele></trkpt>
<trkpt lat="43.5028467" lon="5.940041699999999"><ele>344.17</ele></trkpt>
<trkpt lat="43.50282" lon="5.9400667"><ele>344.28</ele></trkpt>
<trkpt lat="43.502795" lon="5.9400933"><ele>344.4</ele></trkpt>
<trkpt lat="43.502765" lon="5.9401133"><ele>344.81</ele></trkpt>
<trkpt lat="43.5027333" lon="5.9401417"><ele>345.48</ele></trkpt>
<trkpt lat="43.50271" lon="5.9401617"><ele>345.89</ele></trkpt>
<trkpt lat="43.5026767" lon="5.9401867"><ele>346.44</ele></trkpt>
<trkpt lat="43.5026533" lon="5.9402067"><ele>346.48</ele></trkpt>
<trkpt lat="43.5026283" lon="5.940221700000001"><ele>346.57</ele></trkpt>
<trkpt lat="43.5025967" lon="5.940248299999999"><ele>347.29</ele></trkpt>
<trkpt lat="43.50257" lon="5.9402633"><ele>347.51</ele></trkpt>
<trkpt lat="43.5025333" lon="5.94028"><ele>348.1</ele></trkpt>
<trkpt lat="43.5025083" lon="5.940295"><ele>348.4</ele></trkpt>
<trkpt lat="43.502475" lon="5.94031"><ele>348.83</ele></trkpt>
<trkpt lat="43.5024417" lon="5.940328299999999"><ele>349</ele></trkpt>
<trkpt lat="43.5024167" lon="5.940345"><ele>349.14</ele></trkpt>
<trkpt lat="43.5023833" lon="5.940365"><ele>349.44</ele></trkpt>
<trkpt lat="43.5023633" lon="5.94039"><ele>349.71</ele></trkpt>
<trkpt lat="43.50234" lon="5.940418300000001"><ele>349.77</ele></trkpt>
<trkpt lat="43.5023117" lon="5.940453300000001"><ele>350.08</ele></trkpt>
<trkpt lat="43.50228" lon="5.9404667"><ele>350.51</ele></trkpt>
<trkpt lat="43.5022483" lon="5.940485"><ele>350.83</ele></trkpt>
<trkpt lat="43.50222" lon="5.9404767"><ele>351.89</ele></trkpt>
<trkpt lat="43.5021933" lon="5.94047"><ele>352.73</ele></trkpt>
<trkpt lat="43.502155" lon="5.9404833"><ele>352.71</ele></trkpt>
<trkpt lat="43.5021233" lon="5.9404833"><ele>352.33</ele></trkpt>
<trkpt lat="43.5020933" lon="5.94049"><ele>352.09</ele></trkpt>
<trkpt lat="43.5020633" lon="5.9405017"><ele>352.14</ele></trkpt>
<trkpt lat="43.5020317" lon="5.9405"><ele>352.34</ele></trkpt>
<trkpt lat="43.502" lon="5.9404883"><ele>352.7</ele></trkpt>
<trkpt lat="43.50197" lon="5.940495000000001"><ele>352.78</ele></trkpt>
<trkpt lat="43.5019383" lon="5.940509999999999"><ele>352.71</ele></trkpt>
<trkpt lat="43.5019067" lon="5.940521699999999"><ele>352.16</ele></trkpt>
<trkpt lat="43.5018717" lon="5.940525"><ele>351.56</ele></trkpt>
<trkpt lat="43.5018383" lon="5.940535"><ele>350.51</ele></trkpt>
<trkpt lat="43.50181" lon="5.940535"><ele>350.05</ele></trkpt>
<trkpt lat="43.5017767" lon="5.9405367"><ele>349.91</ele></trkpt>
<trkpt lat="43.5017467" lon="5.940543300000001"><ele>349.63</ele></trkpt>
<trkpt lat="43.5017117" lon="5.940555000000001"><ele>349.42</ele></trkpt>
<trkpt lat="43.5016833" lon="5.9405633"><ele>348.51</ele></trkpt>
<trkpt lat="43.5016533" lon="5.94058"><ele>347.51</ele></trkpt>
<trkpt lat="43.5016133" lon="5.9405817"><ele>346.59</ele></trkpt>
<trkpt lat="43.5015733" lon="5.940578299999999"><ele>346.03</ele></trkpt>
<trkpt lat="43.5015433" lon="5.940585"><ele>346.37</ele></trkpt>
<trkpt lat="43.5015067" lon="5.9405933"><ele>347.05</ele></trkpt>
<trkpt lat="43.5014683" lon="5.94061"><ele>347.46</ele></trkpt>
<trkpt lat="43.5014433" lon="5.940624999999999"><ele>347.64</ele></trkpt>
<trkpt lat="43.501405" lon="5.9406467"><ele>347.74</ele></trkpt>
<trkpt lat="43.501375" lon="5.940669999999999"><ele>347.91</ele></trkpt>
<trkpt lat="43.501345" lon="5.9406933"><ele>348.38</ele></trkpt>
<trkpt lat="43.5013083" lon="5.9407083"><ele>348.85</ele></trkpt>
<trkpt lat="43.5012783" lon="5.940714999999999"><ele>349.2</ele></trkpt>
<trkpt lat="43.50125" lon="5.9407217"><ele>349.7499999999999</ele></trkpt>
<trkpt lat="43.50122" lon="5.9407283"><ele>350</ele></trkpt>
<trkpt lat="43.5011917" lon="5.9407317"><ele>350.23</ele></trkpt>
<trkpt lat="43.5011517" lon="5.940725"><ele>350.7</ele></trkpt>
<trkpt lat="43.50112" lon="5.94073"><ele>351.09</ele></trkpt>
<trkpt lat="43.5010833" lon="5.9407367"><ele>351.4</ele></trkpt>
<trkpt lat="43.5010567" lon="5.9407433"><ele>351.93</ele></trkpt>
<trkpt lat="43.5010217" lon="5.9407617"><ele>352.17</ele></trkpt>
<trkpt lat="43.50099" lon="5.9407783"><ele>352.34</ele></trkpt>
<trkpt lat="43.5009617" lon="5.9407783"><ele>352.02</ele></trkpt>
<trkpt lat="43.5009283" lon="5.9407867"><ele>352.07</ele></trkpt>
<trkpt lat="43.50089" lon="5.94079"><ele>352.17</ele></trkpt>
<trkpt lat="43.50086" lon="5.940785"><ele>351.94</ele></trkpt>
<trkpt lat="43.5008233" lon="5.940780000000001"><ele>351.29</ele></trkpt>
<trkpt lat="43.5007817" lon="5.940780000000001"><ele>350.7</ele></trkpt>
<trkpt lat="43.5007433" lon="5.940783300000001"><ele>350.06</ele></trkpt>
<trkpt lat="43.500715" lon="5.94079"><ele>349.29</ele></trkpt>
<trkpt lat="43.5006783" lon="5.9408"><ele>348.4</ele></trkpt>
<trkpt lat="43.5006517" lon="5.9408117"><ele>347.94</ele></trkpt>
<trkpt lat="43.5006217" lon="5.9408233"><ele>347.79</ele></trkpt>
<trkpt lat="43.5005967" lon="5.940849999999999"><ele>347.52</ele></trkpt>
<trkpt lat="43.5005717" lon="5.940835"><ele>347.42</ele></trkpt>
<trkpt lat="43.50054" lon="5.9408483"><ele>347.03</ele></trkpt>
<trkpt lat="43.5005067" lon="5.940863299999999"><ele>346.72</ele></trkpt>
<trkpt lat="43.5004783" lon="5.940863299999999"><ele>346.41</ele></trkpt>
<trkpt lat="43.5005067" lon="5.9408583"><ele>346.93</ele></trkpt>
<trkpt lat="43.5004717" lon="5.9408733"><ele>352.17</ele></trkpt>
<trkpt lat="43.5004317" lon="5.940875"><ele>352.37</ele></trkpt>
<trkpt lat="43.5003967" lon="5.940881700000001"><ele>352.26</ele></trkpt>
<trkpt lat="43.500365" lon="5.940885000000001"><ele>351.76</ele></trkpt>
<trkpt lat="43.5003367" lon="5.940885000000001"><ele>351.15</ele></trkpt>
<trkpt lat="43.5003017" lon="5.9408917"><ele>350.4</ele></trkpt>
<trkpt lat="43.5002683" lon="5.9408917"><ele>349.43</ele></trkpt>
<trkpt lat="43.5002367" lon="5.940896699999999"><ele>348.48</ele></trkpt>
<trkpt lat="43.5002017" lon="5.9408933"><ele>347.86</ele></trkpt>
<trkpt lat="43.50017" lon="5.9408883"><ele>347.09</ele></trkpt>
<trkpt lat="43.500135" lon="5.9408883"><ele>346.39</ele></trkpt>
<trkpt lat="43.500095" lon="5.94089"><ele>345.72</ele></trkpt>
<trkpt lat="43.5000567" lon="5.940896699999999"><ele>344.86</ele></trkpt>
<trkpt lat="43.50003" lon="5.940909999999999"><ele>343.74</ele></trkpt>
<trkpt lat="43.5000017" lon="5.940925"><ele>342.48</ele></trkpt>
<trkpt lat="43.499965" lon="5.940945"><ele>342.9</ele></trkpt>
<trkpt lat="43.4999383" lon="5.940965"><ele>343.28</ele></trkpt>
<trkpt lat="43.49991" lon="5.9409817"><ele>343.47</ele></trkpt>
<trkpt lat="43.4998833" lon="5.9410033"><ele>343.88</ele></trkpt>
<trkpt lat="43.4998483" lon="5.9410233"><ele>344.05</ele></trkpt>
<trkpt lat="43.4998167" lon="5.941033300000001"><ele>343.8</ele></trkpt>
<trkpt lat="43.49978" lon="5.941035"><ele>344.14</ele></trkpt>
<trkpt lat="43.499745" lon="5.941035"><ele>344.54</ele></trkpt>
<trkpt lat="43.4997183" lon="5.9410417"><ele>344.97</ele></trkpt>
<trkpt lat="43.4996833" lon="5.9410583"><ele>345.62</ele></trkpt>
<trkpt lat="43.4996567" lon="5.941076700000001"><ele>345.93</ele></trkpt>
<trkpt lat="43.4996467" lon="5.9411183"><ele>345.49</ele></trkpt>
<trkpt lat="43.4996267" lon="5.9411533"><ele>345.42</ele></trkpt>
<trkpt lat="43.4996033" lon="5.9411767"><ele>345.48</ele></trkpt>
<trkpt lat="43.4995867" lon="5.941213300000001"><ele>345.58</ele></trkpt>
<trkpt lat="43.4995717" lon="5.9412533"><ele>345.49</ele></trkpt>
<trkpt lat="43.49955" lon="5.941295"><ele>345.49</ele></trkpt>
<trkpt lat="43.4995233" lon="5.9413217"><ele>345.41</ele></trkpt>
<trkpt lat="43.4994917" lon="5.9413433"><ele>345.55</ele></trkpt>
<trkpt lat="43.499455" lon="5.941355"><ele>345.45</ele></trkpt>
<trkpt lat="43.499425" lon="5.941371699999999"><ele>345.23</ele></trkpt>
<trkpt lat="43.4993967" lon="5.9413867"><ele>344.93</ele></trkpt>
<trkpt lat="43.4993633" lon="5.9414133"><ele>344.86</ele></trkpt>
<trkpt lat="43.49934" lon="5.941435"><ele>344.88</ele></trkpt>
<trkpt lat="43.4993083" lon="5.94147"><ele>344.62</ele></trkpt>
<trkpt lat="43.4992867" lon="5.941495"><ele>344.52</ele></trkpt>
<trkpt lat="43.4992633" lon="5.94152"><ele>344.23</ele></trkpt>
<trkpt lat="43.4992417" lon="5.94155"><ele>344</ele></trkpt>
<trkpt lat="43.4992183" lon="5.941575"><ele>343.82</ele></trkpt>
<trkpt lat="43.49919" lon="5.9415883"><ele>343.78</ele></trkpt>
<trkpt lat="43.4991583" lon="5.941601699999999"><ele>343.88</ele></trkpt>
<trkpt lat="43.499125" lon="5.94161"><ele>343.88</ele></trkpt>
<trkpt lat="43.4990883" lon="5.9416217"><ele>343.86</ele></trkpt>
<trkpt lat="43.4990533" lon="5.9416283"><ele>343.79</ele></trkpt>
<trkpt lat="43.499025" lon="5.9416383"><ele>343.69</ele></trkpt>
<trkpt lat="43.4989983" lon="5.9416533"><ele>343.33</ele></trkpt>
<trkpt lat="43.4989717" lon="5.9416617"><ele>342.9599999999999</ele></trkpt>
<trkpt lat="43.4989383" lon="5.9416667"><ele>342.7</ele></trkpt>
<trkpt lat="43.498905" lon="5.9416783"><ele>342.77</ele></trkpt>
<trkpt lat="43.4988783" lon="5.941703300000001"><ele>342.09</ele></trkpt>
<trkpt lat="43.4988483" lon="5.9417067"><ele>341.17</ele></trkpt>
<trkpt lat="43.49881" lon="5.94171"><ele>340.88</ele></trkpt>
<trkpt lat="43.4987817" lon="5.941714999999999"><ele>340.72</ele></trkpt>
<trkpt lat="43.4987483" lon="5.941716699999999"><ele>341.2</ele></trkpt>
<trkpt lat="43.4987217" lon="5.9417267"><ele>341.34</ele></trkpt>
<trkpt lat="43.4986983" lon="5.941749999999999"><ele>341.34</ele></trkpt>
<trkpt lat="43.4986717" lon="5.9417683"><ele>340.93</ele></trkpt>
<trkpt lat="43.49864" lon="5.941783300000001"><ele>340.3</ele></trkpt>
<trkpt lat="43.4986033" lon="5.9417917"><ele>339.6</ele></trkpt>
<trkpt lat="43.498565" lon="5.94179"><ele>338.82</ele></trkpt>
<trkpt lat="43.49853" lon="5.9417983"><ele>338.76</ele></trkpt>
<trkpt lat="43.4985" lon="5.9418217"><ele>338.77</ele></trkpt>
<trkpt lat="43.498475" lon="5.9418417"><ele>338.88</ele></trkpt>
<trkpt lat="43.4984433" lon="5.941845"><ele>340.75</ele></trkpt>
<trkpt lat="43.498415" lon="5.9418633"><ele>339.88</ele></trkpt>
<trkpt lat="43.4983867" lon="5.9418783"><ele>338.59</ele></trkpt>
<trkpt lat="43.4983567" lon="5.9419033"><ele>337.89</ele></trkpt>
<trkpt lat="43.4983267" lon="5.9419083"><ele>337.07</ele></trkpt>
<trkpt lat="43.4982983" lon="5.9419"><ele>336.2</ele></trkpt>
<trkpt lat="43.4982667" lon="5.9418917"><ele>335.5</ele></trkpt>
<trkpt lat="43.4982333" lon="5.9418783"><ele>335.03</ele></trkpt>
<trkpt lat="43.4981983" lon="5.941875"><ele>335.05</ele></trkpt>
<trkpt lat="43.498165" lon="5.9418783"><ele>335.66</ele></trkpt>
<trkpt lat="43.4981617" lon="5.9419167"><ele>337.25</ele></trkpt>
<trkpt lat="43.498135" lon="5.9419017"><ele>337.27</ele></trkpt>
<trkpt lat="43.4981083" lon="5.9418917"><ele>337.04</ele></trkpt>
<trkpt lat="43.4980733" lon="5.9418883"><ele>336.79</ele></trkpt>
<trkpt lat="43.4980333" lon="5.941895"><ele>336.61</ele></trkpt>
<trkpt lat="43.498005" lon="5.941898299999999"><ele>336.42</ele></trkpt>
<trkpt lat="43.4979717" lon="5.9419067"><ele>336.24</ele></trkpt>
<trkpt lat="43.4979417" lon="5.9419217"><ele>335.92</ele></trkpt>
<trkpt lat="43.4979133" lon="5.941933300000001"><ele>336.18</ele></trkpt>
<trkpt lat="43.4978783" lon="5.941935"><ele>336.13</ele></trkpt>
<trkpt lat="43.4978417" lon="5.941944999999999"><ele>335.91</ele></trkpt>
<trkpt lat="43.4978083" lon="5.9419667"><ele>335.72</ele></trkpt>
<trkpt lat="43.4977733" lon="5.9419933"><ele>335.59</ele></trkpt>
<trkpt lat="43.4977483" lon="5.94201"><ele>335.51</ele></trkpt>
<trkpt lat="43.497725" lon="5.9420417"><ele>335.93</ele></trkpt>
<trkpt lat="43.4977017" lon="5.942066700000001"><ele>336.17</ele></trkpt>
<trkpt lat="43.497675" lon="5.942093299999999"><ele>336.34</ele></trkpt>
<trkpt lat="43.4976467" lon="5.942123300000001"><ele>336.47</ele></trkpt>
<trkpt lat="43.4976183" lon="5.942156700000001"><ele>336.48</ele></trkpt>
<trkpt lat="43.4976017" lon="5.9421883"><ele>336.64</ele></trkpt>
<trkpt lat="43.4975833" lon="5.942226699999999"><ele>336.87</ele></trkpt>
<trkpt lat="43.4975583" lon="5.942265"><ele>336.6</ele></trkpt>
<trkpt lat="43.497535" lon="5.9422883"><ele>336.75</ele></trkpt>
<trkpt lat="43.497505" lon="5.9423133"><ele>336.83</ele></trkpt>
<trkpt lat="43.4974717" lon="5.9423367"><ele>337.1</ele></trkpt>
<trkpt lat="43.4974467" lon="5.9423583"><ele>337.2</ele></trkpt>
<trkpt lat="43.497445" lon="5.942421699999999"><ele>338.08</ele></trkpt>
<trkpt lat="43.4974333" lon="5.9424617"><ele>337.76</ele></trkpt>
<trkpt lat="43.49742" lon="5.942495"><ele>337.35</ele></trkpt>
<trkpt lat="43.4973983" lon="5.94253"><ele>336.76</ele></trkpt>
<trkpt lat="43.4973667" lon="5.9425617"><ele>336.23</ele></trkpt>
<trkpt lat="43.4973383" lon="5.9425733"><ele>335.92</ele></trkpt>
<trkpt lat="43.49731" lon="5.942583299999999"><ele>335.71</ele></trkpt>
<trkpt lat="43.4972783" lon="5.942603300000001"><ele>335.26</ele></trkpt>
<trkpt lat="43.4972583" lon="5.9426333"><ele>334.82</ele></trkpt>
<trkpt lat="43.49725" lon="5.942681700000001"><ele>334.41</ele></trkpt>
<trkpt lat="43.4972367" lon="5.9427317"><ele>334.66</ele></trkpt>
<trkpt lat="43.4972183" lon="5.94277"><ele>334.84</ele></trkpt>
<trkpt lat="43.4972017" lon="5.9428167"><ele>334.52</ele></trkpt>
<trkpt lat="43.4971867" lon="5.942854999999999"><ele>334.06</ele></trkpt>
<trkpt lat="43.497175" lon="5.942896699999999"><ele>333.14</ele></trkpt>
<trkpt lat="43.497175" lon="5.9429367"><ele>332.01</ele></trkpt>
<trkpt lat="43.4971667" lon="5.94298"><ele>331.01</ele></trkpt>
<trkpt lat="43.49716" lon="5.94303"><ele>328.56</ele></trkpt>
<trkpt lat="43.4971567" lon="5.9430733"><ele>327.89</ele></trkpt>
<trkpt lat="43.497155" lon="5.943111700000001"><ele>327.26</ele></trkpt>
<trkpt lat="43.497145" lon="5.943153299999999"><ele>326.85</ele></trkpt>
<trkpt lat="43.497125" lon="5.94319"><ele>325.94</ele></trkpt>
<trkpt lat="43.49711" lon="5.943225"><ele>325.55</ele></trkpt>
<trkpt lat="43.4970867" lon="5.9432533"><ele>324.77</ele></trkpt>
<trkpt lat="43.4970767" lon="5.9432967"><ele>323.96</ele></trkpt>
<trkpt lat="43.4970633" lon="5.943333299999999"><ele>323.46</ele></trkpt>
<trkpt lat="43.4970467" lon="5.9433667"><ele>322.74</ele></trkpt>
<trkpt lat="43.49704" lon="5.9434067"><ele>322.59</ele></trkpt>
<trkpt lat="43.4970667" lon="5.943421699999999"><ele>322.44</ele></trkpt>
<trkpt lat="43.497075" lon="5.9434633"><ele>322.1</ele></trkpt>
<trkpt lat="43.4970733" lon="5.943505"><ele>321.92</ele></trkpt>
<trkpt lat="43.49707" lon="5.9435433"><ele>321.81</ele></trkpt>
<trkpt lat="43.497055" lon="5.943591700000001"><ele>321.69</ele></trkpt>
<trkpt lat="43.4970483" lon="5.943628299999999"><ele>321.68</ele></trkpt>
<trkpt lat="43.4970567" lon="5.943671699999999"><ele>321.32</ele></trkpt>
<trkpt lat="43.4970783" lon="5.943705"><ele>320.62</ele></trkpt>
<trkpt lat="43.4970783" lon="5.943751699999999"><ele>320.15</ele></trkpt>
<trkpt lat="43.497065" lon="5.94379"><ele>319.56</ele></trkpt>
<trkpt lat="43.4970517" lon="5.943830000000001"><ele>318.89</ele></trkpt>
<trkpt lat="43.49704" lon="5.9438717"><ele>318.07</ele></trkpt>
<trkpt lat="43.49704" lon="5.943925"><ele>317.62</ele></trkpt>
<trkpt lat="43.4970367" lon="5.9439683"><ele>317.35</ele></trkpt>
<trkpt lat="43.49701" lon="5.943980000000001"><ele>316.55</ele></trkpt>
<trkpt lat="43.4969867" lon="5.944003299999999"><ele>316.48</ele></trkpt>
<trkpt lat="43.4969667" lon="5.94403"><ele>316.41</ele></trkpt>
<trkpt lat="43.4969483" lon="5.9440583"><ele>316.4</ele></trkpt>
<trkpt lat="43.4969283" lon="5.944094999999999"><ele>316.24</ele></trkpt>
<trkpt lat="43.4969283" lon="5.9441483"><ele>315.26</ele></trkpt>
<trkpt lat="43.4968833" lon="5.9441583"><ele>314.27</ele></trkpt>
<trkpt lat="43.49687" lon="5.944196699999999"><ele>314.18</ele></trkpt>
<trkpt lat="43.49684" lon="5.944220000000001"><ele>314.08</ele></trkpt>
<trkpt lat="43.4968083" lon="5.944231699999999"><ele>313.62</ele></trkpt>
<trkpt lat="43.49678" lon="5.94424"><ele>313.41</ele></trkpt>
<trkpt lat="43.4967617" lon="5.94421"><ele>313.12</ele></trkpt>
<trkpt lat="43.4967333" lon="5.9441667"><ele>313.14</ele></trkpt>
<trkpt lat="43.4967083" lon="5.944145"><ele>312.33</ele></trkpt>
<trkpt lat="43.49668" lon="5.9441383"><ele>311.56</ele></trkpt>
<trkpt lat="43.4966517" lon="5.9441367"><ele>311.3</ele></trkpt>
<trkpt lat="43.496635" lon="5.944105"><ele>310.67</ele></trkpt>
<trkpt lat="43.49662" lon="5.9440483"><ele>310.23</ele></trkpt>
<trkpt lat="43.49659" lon="5.9440683"><ele>308.94</ele></trkpt>
<trkpt lat="43.4965667" lon="5.9440917"><ele>308.27</ele></trkpt>
<trkpt lat="43.496545" lon="5.9441367"><ele>308.71</ele></trkpt>
<trkpt lat="43.4965217" lon="5.944165"><ele>308.63</ele></trkpt>
<trkpt lat="43.4964933" lon="5.9441683"><ele>308.74</ele></trkpt>
<trkpt lat="43.4964633" lon="5.9441783"><ele>308.77</ele></trkpt>
<trkpt lat="43.496435" lon="5.944198299999999"><ele>308.77</ele></trkpt>
<trkpt lat="43.496405" lon="5.9442233"><ele>308.25</ele></trkpt>
<trkpt lat="43.496385" lon="5.9442483"><ele>307.65</ele></trkpt>
<trkpt lat="43.4963567" lon="5.94425"><ele>307.32</ele></trkpt>
<trkpt lat="43.496325" lon="5.94425"><ele>306.39</ele></trkpt>
<trkpt lat="43.4962933" lon="5.9442567"><ele>305.36</ele></trkpt>
<trkpt lat="43.4962883" lon="5.9442933"><ele>303.86</ele></trkpt>
<trkpt lat="43.4962733" lon="5.94433"><ele>302.15</ele></trkpt>
<trkpt lat="43.49624" lon="5.9443383"><ele>300.78</ele></trkpt>
<trkpt lat="43.49621" lon="5.944331699999999"><ele>299.86</ele></trkpt>
<trkpt lat="43.49618" lon="5.9443183"><ele>298.7</ele></trkpt>
<trkpt lat="43.49615" lon="5.944331699999999"><ele>297.64</ele></trkpt>
<trkpt lat="43.4961283" lon="5.944365000000001"><ele>296.57</ele></trkpt>
<trkpt lat="43.4961083" lon="5.9443917"><ele>295.96</ele></trkpt>
<trkpt lat="43.496085" lon="5.944411700000001"><ele>294.8</ele></trkpt>
<trkpt lat="43.4960633" lon="5.9444533"><ele>293.67</ele></trkpt>
<trkpt lat="43.496045" lon="5.9444883"><ele>292.96</ele></trkpt>
<trkpt lat="43.496015" lon="5.9445"><ele>292.4</ele></trkpt>
<trkpt lat="43.4959783" lon="5.9444933"><ele>292.02</ele></trkpt>
<trkpt lat="43.495945" lon="5.9444867"><ele>291.79</ele></trkpt>
<trkpt lat="43.49592" lon="5.944505"><ele>291.51</ele></trkpt>
<trkpt lat="43.4959133" lon="5.94455"><ele>291.18</ele></trkpt>
<trkpt lat="43.4959283" lon="5.944581700000001"><ele>290.94</ele></trkpt>
<trkpt lat="43.495915" lon="5.944615"><ele>290.03</ele></trkpt>
<trkpt lat="43.495895" lon="5.944653300000001"><ele>289.08</ele></trkpt>
<trkpt lat="43.495855" lon="5.9446933"><ele>288.52</ele></trkpt>
<trkpt lat="43.4958383" lon="5.94473"><ele>287.55</ele></trkpt>
<trkpt lat="43.49581" lon="5.9447383"><ele>286.95</ele></trkpt>
<trkpt lat="43.4957817" lon="5.9447567"><ele>286.61</ele></trkpt>
<trkpt lat="43.49577" lon="5.944798300000001"><ele>285.54</ele></trkpt>
<trkpt lat="43.4957767" lon="5.9448367"><ele>284.79</ele></trkpt>
<trkpt lat="43.4957767" lon="5.944878300000001"><ele>284.04</ele></trkpt>
<trkpt lat="43.49578" lon="5.9449233"><ele>282.8</ele></trkpt>
<trkpt lat="43.4957817" lon="5.9449633"><ele>281.92</ele></trkpt>
<trkpt lat="43.4957583" lon="5.94499"><ele>281.06</ele></trkpt>
<trkpt lat="43.49573" lon="5.9450117"><ele>280.19</ele></trkpt>
<trkpt lat="43.4957" lon="5.945025000000001"><ele>279.07</ele></trkpt>
<trkpt lat="43.4956683" lon="5.945045"><ele>274.01</ele></trkpt>
<trkpt lat="43.4956667" lon="5.9451"><ele>273</ele></trkpt>
<trkpt lat="43.495665" lon="5.945155"><ele>273.11</ele></trkpt>
<trkpt lat="43.4956583" lon="5.9451917"><ele>273.33</ele></trkpt>
<trkpt lat="43.4956433" lon="5.94523"><ele>273.39</ele></trkpt>
<trkpt lat="43.4956367" lon="5.94527"><ele>273.56</ele></trkpt>
<trkpt lat="43.495635" lon="5.9453083"><ele>273.31</ele></trkpt>
<trkpt lat="43.4956467" lon="5.9453533"><ele>273.2</ele></trkpt>
<trkpt lat="43.495655" lon="5.945395"><ele>272.84</ele></trkpt>
<trkpt lat="43.49565" lon="5.9454367"><ele>272.23</ele></trkpt>
<trkpt lat="43.4956583" lon="5.94548"><ele>271.82</ele></trkpt>
<trkpt lat="43.4956517" lon="5.9455233"><ele>271.22</ele></trkpt>
<trkpt lat="43.495635" lon="5.945561699999999"><ele>270.91</ele></trkpt>
<trkpt lat="43.495625" lon="5.9456"><ele>270.54</ele></trkpt>
<trkpt lat="43.495605" lon="5.94563"><ele>269.84</ele></trkpt>
<trkpt lat="43.4955883" lon="5.9456683"><ele>269.61</ele></trkpt>
<trkpt lat="43.4955783" lon="5.9457083"><ele>269.05</ele></trkpt>
<trkpt lat="43.495575" lon="5.9457467"><ele>268.3</ele></trkpt>
<trkpt lat="43.49557" lon="5.94582"><ele>266.87</ele></trkpt>
<trkpt lat="43.4955817" lon="5.945856699999999"><ele>266.18</ele></trkpt>
<trkpt lat="43.4956017" lon="5.9458883"><ele>265.98</ele></trkpt>
<trkpt lat="43.4956267" lon="5.9459267"><ele>265.87</ele></trkpt>
<trkpt lat="43.4956517" lon="5.9459567"><ele>265.71</ele></trkpt>
<trkpt lat="43.4956767" lon="5.945985"><ele>265.44</ele></trkpt>
<trkpt lat="43.4957017" lon="5.9460183"><ele>265.02</ele></trkpt>
<trkpt lat="43.4957233" lon="5.946045"><ele>264.64</ele></trkpt>
<trkpt lat="43.4957517" lon="5.946075"><ele>264.03</ele></trkpt>
<trkpt lat="43.495785" lon="5.946096699999999"><ele>263.61</ele></trkpt>
<trkpt lat="43.4958167" lon="5.946120000000001"><ele>263.57</ele></trkpt>
<trkpt lat="43.49585" lon="5.9461383"><ele>262.95</ele></trkpt>
<trkpt lat="43.4958817" lon="5.946154999999999"><ele>262.64</ele></trkpt>
<trkpt lat="43.4959083" lon="5.9461717"><ele>262.22</ele></trkpt>
<trkpt lat="43.4959417" lon="5.946185"><ele>262.08</ele></trkpt>
<trkpt lat="43.4959767" lon="5.946205"><ele>262.14</ele></trkpt>
<trkpt lat="43.4960067" lon="5.9462183"><ele>262.27</ele></trkpt>
<trkpt lat="43.4960367" lon="5.9462283"><ele>262.51</ele></trkpt>
<trkpt lat="43.49607" lon="5.9462417"><ele>263.02</ele></trkpt>
<trkpt lat="43.4960983" lon="5.9462533"><ele>263.43</ele></trkpt>
<trkpt lat="43.49613" lon="5.946268300000001"><ele>263.52</ele></trkpt>
<trkpt lat="43.496165" lon="5.9462817"><ele>263.73</ele></trkpt>
<trkpt lat="43.4961967" lon="5.9463033"><ele>263.51</ele></trkpt>
<trkpt lat="43.49623" lon="5.9463183"><ele>263.71</ele></trkpt>
<trkpt lat="43.496265" lon="5.946338299999999"><ele>264.28</ele></trkpt>
<trkpt lat="43.4962983" lon="5.94635"><ele>264.51</ele></trkpt>
<trkpt lat="43.49633" lon="5.946356700000001"><ele>265.02</ele></trkpt>
<trkpt lat="43.49636" lon="5.9463667"><ele>265.23</ele></trkpt>
<trkpt lat="43.4963917" lon="5.946375"><ele>265.05</ele></trkpt>
<trkpt lat="43.496425" lon="5.9463933"><ele>264.78</ele></trkpt>
<trkpt lat="43.4964583" lon="5.9464117"><ele>264.89</ele></trkpt>
<trkpt lat="43.4964933" lon="5.9464317"><ele>265.36</ele></trkpt>
<trkpt lat="43.4965267" lon="5.946455"><ele>265.52</ele></trkpt>
<trkpt lat="43.496555" lon="5.9464767"><ele>265.55</ele></trkpt>
<trkpt lat="43.4965817" lon="5.9464983"><ele>265.42</ele></trkpt>
<trkpt lat="43.4966117" lon="5.946518300000001"><ele>264.73</ele></trkpt>
<trkpt lat="43.49664" lon="5.946545"><ele>264.23</ele></trkpt>
<trkpt lat="43.4966667" lon="5.9465667"><ele>264.03</ele></trkpt>
<trkpt lat="43.496695" lon="5.946596700000001"><ele>264.08</ele></trkpt>
<trkpt lat="43.4967183" lon="5.9466267"><ele>263.94</ele></trkpt>
<trkpt lat="43.4967383" lon="5.946655000000001"><ele>263.88</ele></trkpt>
<trkpt lat="43.4967667" lon="5.9466733"><ele>263.62</ele></trkpt>
<trkpt lat="43.4968" lon="5.946685"><ele>263.58</ele></trkpt>
<trkpt lat="43.4968233" lon="5.946705"><ele>263.41</ele></trkpt>
<trkpt lat="43.4968567" lon="5.946731700000001"><ele>263.5</ele></trkpt>
<trkpt lat="43.49689" lon="5.9467517"><ele>263.36</ele></trkpt>
<trkpt lat="43.4969183" lon="5.946769999999999"><ele>263.05</ele></trkpt>
<trkpt lat="43.4969417" lon="5.9467917"><ele>262.62</ele></trkpt>
<trkpt lat="43.4969583" lon="5.9468233"><ele>262.28</ele></trkpt>
<trkpt lat="43.4969867" lon="5.946848300000001"><ele>262.2</ele></trkpt>
<trkpt lat="43.497015" lon="5.9468583"><ele>262.18</ele></trkpt>
<trkpt lat="43.4970467" lon="5.9468667"><ele>262.08</ele></trkpt>
<trkpt lat="43.4970817" lon="5.946891700000001"><ele>261.73</ele></trkpt>
<trkpt lat="43.4971083" lon="5.9469133"><ele>261.67</ele></trkpt>
<trkpt lat="43.4971367" lon="5.946936700000001"><ele>261.49</ele></trkpt>
<trkpt lat="43.497165" lon="5.94696"><ele>261.55</ele></trkpt>
<trkpt lat="43.4972" lon="5.946981700000001"><ele>261.67</ele></trkpt>
<trkpt lat="43.4972317" lon="5.947005"><ele>261.36</ele></trkpt>
<trkpt lat="43.497265" lon="5.947025"><ele>261.11</ele></trkpt>
<trkpt lat="43.4972967" lon="5.9470483"><ele>261.27</ele></trkpt>
<trkpt lat="43.4973267" lon="5.94707"><ele>261.37</ele></trkpt>
<trkpt lat="43.49736" lon="5.9470933"><ele>261.5</ele></trkpt>
<trkpt lat="43.49739" lon="5.9471233"><ele>261.15</ele></trkpt>
<trkpt lat="43.49742" lon="5.947155"><ele>260.73</ele></trkpt>
<trkpt lat="43.4974517" lon="5.9471883"><ele>260.28</ele></trkpt>
<trkpt lat="43.4974833" lon="5.9472183"><ele>259.66</ele></trkpt>
<trkpt lat="43.497515" lon="5.94725"><ele>259.32</ele></trkpt>
<trkpt lat="43.49754" lon="5.947281699999999"><ele>258.9</ele></trkpt>
<trkpt lat="43.4975633" lon="5.947305"><ele>258.68</ele></trkpt>
<trkpt lat="43.49759" lon="5.947339999999999"><ele>258.71</ele></trkpt>
<trkpt lat="43.4976133" lon="5.947371699999999"><ele>258.75</ele></trkpt>
<trkpt lat="43.497635" lon="5.94741"><ele>258.87</ele></trkpt>
<trkpt lat="43.4976617" lon="5.9474467"><ele>259.04</ele></trkpt>
<trkpt lat="43.4976817" lon="5.947484999999999"><ele>259.34</ele></trkpt>
<trkpt lat="43.4977083" lon="5.9475133"><ele>259.82</ele></trkpt>
<trkpt lat="43.49773" lon="5.9475417"><ele>260.27</ele></trkpt>
<trkpt lat="43.497755" lon="5.947575"><ele>260.89</ele></trkpt>
<trkpt lat="43.49778" lon="5.9476067"><ele>261.72</ele></trkpt>
<trkpt lat="43.4978" lon="5.9476383"><ele>262.4</ele></trkpt>
<trkpt lat="43.4978217" lon="5.9476733"><ele>262.74</ele></trkpt>
<trkpt lat="43.497845" lon="5.947705"><ele>263.08</ele></trkpt>
<trkpt lat="43.4978783" lon="5.9477283"><ele>263.07</ele></trkpt>
<trkpt lat="43.49791" lon="5.947759999999999"><ele>262.88</ele></trkpt>
<trkpt lat="43.4979433" lon="5.9477783"><ele>262.79</ele></trkpt>
<trkpt lat="43.4979717" lon="5.9477883"><ele>262.78</ele></trkpt>
<trkpt lat="43.498" lon="5.9478117"><ele>262.62</ele></trkpt>
<trkpt lat="43.498025" lon="5.94784"><ele>262.51</ele></trkpt>
<trkpt lat="43.4980567" lon="5.947863299999999"><ele>262.49</ele></trkpt>
<trkpt lat="43.4980883" lon="5.9478917"><ele>262.08</ele></trkpt>
<trkpt lat="43.4981167" lon="5.9479167"><ele>261.37</ele></trkpt>
<trkpt lat="43.4981233" lon="5.9479633"><ele>260.74</ele></trkpt>
<trkpt lat="43.498155" lon="5.947996699999999"><ele>260.58</ele></trkpt>
<trkpt lat="43.4981833" lon="5.9480183"><ele>260.49</ele></trkpt>
<trkpt lat="43.4982083" lon="5.9480467"><ele>260.46</ele></trkpt>
<trkpt lat="43.4982417" lon="5.948075000000001"><ele>260.46</ele></trkpt>
<trkpt lat="43.4982667" lon="5.948105"><ele>260.5</ele></trkpt>
<trkpt lat="43.4982967" lon="5.9481267"><ele>260.38</ele></trkpt>
<trkpt lat="43.4983317" lon="5.9481417"><ele>260.45</ele></trkpt>
<trkpt lat="43.4983667" lon="5.948155"><ele>260.24</ele></trkpt>
<trkpt lat="43.4984033" lon="5.948176700000001"><ele>260.16</ele></trkpt>
<trkpt lat="43.4984317" lon="5.948191699999999"><ele>260.34</ele></trkpt>
<trkpt lat="43.4984667" lon="5.948213300000001"><ele>261.18</ele></trkpt>
<trkpt lat="43.4984917" lon="5.9482317"><ele>261.29</ele></trkpt>
<trkpt lat="43.498515" lon="5.9482517"><ele>260.94</ele></trkpt>
<trkpt lat="43.4985383" lon="5.9482717"><ele>260.82</ele></trkpt>
<trkpt lat="43.4985767" lon="5.9482967"><ele>260.69</ele></trkpt>
<trkpt lat="43.4986" lon="5.9483167"><ele>261.1</ele></trkpt>
<trkpt lat="43.4986267" lon="5.9483317"><ele>261.5</ele></trkpt>
<trkpt lat="43.4986533" lon="5.9483483"><ele>261.74</ele></trkpt>
<trkpt lat="43.49868" lon="5.948365"><ele>261.94</ele></trkpt>
<trkpt lat="43.4987033" lon="5.948384999999999"><ele>261.91</ele></trkpt>
<trkpt lat="43.4987317" lon="5.948415"><ele>261.63</ele></trkpt>
<trkpt lat="43.4987633" lon="5.948443299999999"><ele>261.16</ele></trkpt>
<trkpt lat="43.4987933" lon="5.9484717"><ele>260.9</ele></trkpt>
<trkpt lat="43.4988167" lon="5.9485117"><ele>259.98</ele></trkpt>
<trkpt lat="43.4988367" lon="5.94855"><ele>259.16</ele></trkpt>
<trkpt lat="43.49886" lon="5.94857"><ele>258.66</ele></trkpt>
<trkpt lat="43.49888" lon="5.948595"><ele>258.18</ele></trkpt>
<trkpt lat="43.4989017" lon="5.9486317"><ele>257.5</ele></trkpt>
<trkpt lat="43.4989217" lon="5.9486617"><ele>256.79</ele></trkpt>
<trkpt lat="43.49895" lon="5.9486967"><ele>256.16</ele></trkpt>
<trkpt lat="43.4989667" lon="5.948735000000001"><ele>255.38</ele></trkpt>
<trkpt lat="43.4989933" lon="5.948765"><ele>255.02</ele></trkpt>
<trkpt lat="43.4990183" lon="5.9487983"><ele>254.56</ele></trkpt>
<trkpt lat="43.4990433" lon="5.9488283"><ele>254.04</ele></trkpt>
<trkpt lat="43.4990683" lon="5.9488583"><ele>253.8</ele></trkpt>
<trkpt lat="43.4990983" lon="5.94888"><ele>253.78</ele></trkpt>
<trkpt lat="43.499125" lon="5.948906699999999"><ele>253.71</ele></trkpt>
<trkpt lat="43.4991467" lon="5.948930000000001"><ele>253.87</ele></trkpt>
<trkpt lat="43.4991667" lon="5.94896"><ele>253.89</ele></trkpt>
<trkpt lat="43.4991967" lon="5.948985000000001"><ele>253.69</ele></trkpt>
<trkpt lat="43.49923" lon="5.9490083"><ele>253.5</ele></trkpt>
<trkpt lat="43.4992633" lon="5.949035"><ele>252.99</ele></trkpt>
<trkpt lat="43.499295" lon="5.94906"><ele>252.39</ele></trkpt>
<trkpt lat="43.4993233" lon="5.949089999999999"><ele>251.37</ele></trkpt>
<trkpt lat="43.4993483" lon="5.949115"><ele>250.84</ele></trkpt>
<trkpt lat="43.4993733" lon="5.949146699999999"><ele>250.34</ele></trkpt>
<trkpt lat="43.4993983" lon="5.949166700000001"><ele>249.87</ele></trkpt>
<trkpt lat="43.49943" lon="5.949181699999999"><ele>249.43</ele></trkpt>
<trkpt lat="43.49946" lon="5.9492017"><ele>249.13</ele></trkpt>
<trkpt lat="43.49949" lon="5.9492233"><ele>249.01</ele></trkpt>
<trkpt lat="43.499515" lon="5.949239999999999"><ele>248.83</ele></trkpt>
<trkpt lat="43.4995433" lon="5.949265"><ele>248.79</ele></trkpt>
<trkpt lat="43.4995717" lon="5.949275"><ele>248.53</ele></trkpt>
<trkpt lat="43.4995983" lon="5.9492933"><ele>248.6</ele></trkpt>
<trkpt lat="43.4996317" lon="5.9493083"><ele>248.59</ele></trkpt>
<trkpt lat="43.4996583" lon="5.949315000000001"><ele>248.59</ele></trkpt>
<trkpt lat="43.499685" lon="5.949328300000001"><ele>248.77</ele></trkpt>
<trkpt lat="43.49972" lon="5.949345"><ele>248.69</ele></trkpt>
<trkpt lat="43.4997467" lon="5.949371700000001"><ele>248.78</ele></trkpt>
<trkpt lat="43.4997717" lon="5.9494033"><ele>248.7</ele></trkpt>
<trkpt lat="43.4998017" lon="5.94943"><ele>248.62</ele></trkpt>
<trkpt lat="43.49983" lon="5.949445"><ele>248.59</ele></trkpt>
<trkpt lat="43.4998617" lon="5.94946"><ele>248.78</ele></trkpt>
<trkpt lat="43.4999" lon="5.949475"><ele>248.86</ele></trkpt>
<trkpt lat="43.4999317" lon="5.949496700000001"><ele>249.31</ele></trkpt>
<trkpt lat="43.4999667" lon="5.94952"><ele>249.65</ele></trkpt>
<trkpt lat="43.4999983" lon="5.949534999999999"><ele>250.11</ele></trkpt>
<trkpt lat="43.5000283" lon="5.949558300000001"><ele>249.16</ele></trkpt>
<trkpt lat="43.5000483" lon="5.949583299999999"><ele>249.33</ele></trkpt>
<trkpt lat="43.5000583" lon="5.9496183"><ele>250.14</ele></trkpt>
<trkpt lat="43.4999867" lon="5.9495533"><ele>254.01</ele></trkpt>
<trkpt lat="43.5000417" lon="5.9496433"><ele>254.41</ele></trkpt>
<trkpt lat="43.5000633" lon="5.9496667"><ele>253.5</ele></trkpt>
<trkpt lat="43.5000867" lon="5.949703300000001"><ele>253.11</ele></trkpt>
<trkpt lat="43.500095" lon="5.94974"><ele>252.62</ele></trkpt>
<trkpt lat="43.50011" lon="5.949785"><ele>252.64</ele></trkpt>
<trkpt lat="43.5001133" lon="5.9498283"><ele>252.5</ele></trkpt>
<trkpt lat="43.5001183" lon="5.9498683"><ele>252.04</ele></trkpt>
<trkpt lat="43.5001117" lon="5.94992"><ele>251.48</ele></trkpt>
<trkpt lat="43.5001117" lon="5.949958299999999"><ele>251.3</ele></trkpt>
<trkpt lat="43.5001083" lon="5.950005"><ele>250.74</ele></trkpt>
<trkpt lat="43.500115" lon="5.95005"><ele>250.53</ele></trkpt>
<trkpt lat="43.5001167" lon="5.9500883"><ele>250.01</ele></trkpt>
<trkpt lat="43.5001183" lon="5.9501417"><ele>248.93</ele></trkpt>
<trkpt lat="43.5001183" lon="5.9501933"><ele>248.47</ele></trkpt>
<trkpt lat="43.5001217" lon="5.9502467"><ele>248.2</ele></trkpt>
<trkpt lat="43.500125" lon="5.950296699999999"><ele>248</ele></trkpt>
<trkpt lat="43.5001183" lon="5.9503383"><ele>247.52</ele></trkpt>
<trkpt lat="43.5001067" lon="5.950385"><ele>247.27</ele></trkpt>
<trkpt lat="43.5001117" lon="5.950423300000001"><ele>247.33</ele></trkpt>
<trkpt lat="43.500105" lon="5.950466699999999"><ele>247.39</ele></trkpt>
<trkpt lat="43.5001083" lon="5.95052"><ele>247.5</ele></trkpt>
<trkpt lat="43.5001133" lon="5.9505733"><ele>247.82</ele></trkpt>
<trkpt lat="43.5001183" lon="5.950625"><ele>247.51</ele></trkpt>
<trkpt lat="43.5001283" lon="5.950671699999999"><ele>247.46</ele></trkpt>
<trkpt lat="43.5001417" lon="5.950715"><ele>247.56</ele></trkpt>
<trkpt lat="43.5001717" lon="5.950740000000001"><ele>248.34</ele></trkpt>
<trkpt lat="43.5002133" lon="5.950751699999999"><ele>249.26</ele></trkpt>
<trkpt lat="43.5002433" lon="5.950763299999999"><ele>249.54</ele></trkpt>
<trkpt lat="43.5002733" lon="5.9507733"><ele>249.63</ele></trkpt>
<trkpt lat="43.5003083" lon="5.9507933"><ele>249.89</ele></trkpt>
<trkpt lat="43.5003383" lon="5.950806699999999"><ele>250.29</ele></trkpt>
<trkpt lat="43.5003667" lon="5.9508283"><ele>250.58</ele></trkpt>
<trkpt lat="43.5003967" lon="5.9508483"><ele>250.38</ele></trkpt>
<trkpt lat="43.50043" lon="5.95087"><ele>250.08</ele></trkpt>
<trkpt lat="43.5004567" lon="5.950885000000001"><ele>249.9</ele></trkpt>
<trkpt lat="43.5004967" lon="5.950896700000001"><ele>249.77</ele></trkpt>
<trkpt lat="43.500535" lon="5.950898300000001"><ele>249.93</ele></trkpt>
<trkpt lat="43.5005717" lon="5.950899999999999"><ele>250.03</ele></trkpt>
<trkpt lat="43.5006083" lon="5.950915"><ele>249.61</ele></trkpt>
<trkpt lat="43.5006333" lon="5.9509367"><ele>249.41</ele></trkpt>
<trkpt lat="43.50065" lon="5.9509683"><ele>249.14</ele></trkpt>
<trkpt lat="43.5006533" lon="5.9510083"><ele>248.75</ele></trkpt>
<trkpt lat="43.5006617" lon="5.951045"><ele>248.72</ele></trkpt>
<trkpt lat="43.5006733" lon="5.951083300000001"><ele>248.99</ele></trkpt>
<trkpt lat="43.500685" lon="5.9511333"><ele>249.68</ele></trkpt>
<trkpt lat="43.5006967" lon="5.95118"><ele>249.77</ele></trkpt>
<trkpt lat="43.5007133" lon="5.951225"><ele>249.95</ele></trkpt>
<trkpt lat="43.5007233" lon="5.951275000000001"><ele>249.4</ele></trkpt>
<trkpt lat="43.5007333" lon="5.951325"><ele>248.3</ele></trkpt>
<trkpt lat="43.5007333" lon="5.951365000000001"><ele>247.76</ele></trkpt>
<trkpt lat="43.5007333" lon="5.9514117"><ele>246.99</ele></trkpt>
<trkpt lat="43.5007283" lon="5.9514533"><ele>245.81</ele></trkpt>
<trkpt lat="43.500745" lon="5.95149"><ele>245.93</ele></trkpt>
<trkpt lat="43.500765" lon="5.9515183"><ele>246.15</ele></trkpt>
<trkpt lat="43.5007883" lon="5.951548300000001"><ele>246.25</ele></trkpt>
<trkpt lat="43.5008183" lon="5.951573299999999"><ele>246.33</ele></trkpt>
<trkpt lat="43.5008483" lon="5.951605000000001"><ele>246.88</ele></trkpt>
<trkpt lat="43.5008733" lon="5.95164"><ele>247.05</ele></trkpt>
<trkpt lat="43.5008883" lon="5.9516767"><ele>247.11</ele></trkpt>
<trkpt lat="43.5008983" lon="5.9517133"><ele>247.11</ele></trkpt>
<trkpt lat="43.500915" lon="5.951755"><ele>246.99</ele></trkpt>
<trkpt lat="43.5009317" lon="5.9518017"><ele>247.03</ele></trkpt>
<trkpt lat="43.5009367" lon="5.9518483"><ele>246.8</ele></trkpt>
<trkpt lat="43.50094" lon="5.951895"><ele>246.76</ele></trkpt>
<trkpt lat="43.500935" lon="5.9519333"><ele>247.02</ele></trkpt>
<trkpt lat="43.5009317" lon="5.951980000000001"><ele>247.83</ele></trkpt>
<trkpt lat="43.500935" lon="5.952018299999999"><ele>248.22</ele></trkpt>
<trkpt lat="43.5009433" lon="5.952059999999999"><ele>248.4</ele></trkpt>
<trkpt lat="43.50095" lon="5.952108299999999"><ele>249.59</ele></trkpt>
<trkpt lat="43.500945" lon="5.952145"><ele>252.97</ele></trkpt>
<trkpt lat="43.5009283" lon="5.9522017"><ele>251.69</ele></trkpt>
<trkpt lat="43.5009067" lon="5.9522283"><ele>251.03</ele></trkpt>
<trkpt lat="43.5008867" lon="5.9522533"><ele>251.58</ele></trkpt>
<trkpt lat="43.5008583" lon="5.95226"><ele>252.02</ele></trkpt>
<trkpt lat="43.5008283" lon="5.952265000000001"><ele>252.32</ele></trkpt>
<trkpt lat="43.500805" lon="5.952230000000001"><ele>252.03</ele></trkpt>
<trkpt lat="43.500785" lon="5.952198299999999"><ele>251.68</ele></trkpt>
<trkpt lat="43.50076" lon="5.95217"><ele>251.98</ele></trkpt>
<trkpt lat="43.5007333" lon="5.9521567"><ele>251.35</ele></trkpt>
<trkpt lat="43.5007083" lon="5.9521383"><ele>250.72</ele></trkpt>
<trkpt lat="43.5006833" lon="5.9521133"><ele>250.23</ele></trkpt>
<trkpt lat="43.500665" lon="5.9520783"><ele>249.82</ele></trkpt>
<trkpt lat="43.500635" lon="5.9520583"><ele>249.44</ele></trkpt>
<trkpt lat="43.5006067" lon="5.9520433"><ele>248.83</ele></trkpt>
<trkpt lat="43.5005717" lon="5.952035000000001"><ele>248.73</ele></trkpt>
<trkpt lat="43.5005533" lon="5.952004999999999"><ele>248.7</ele></trkpt>
<trkpt lat="43.500525" lon="5.9519783"><ele>248.11</ele></trkpt>
<trkpt lat="43.5004917" lon="5.9519517"><ele>247.95</ele></trkpt>
<trkpt lat="43.50046" lon="5.951931700000001"><ele>248.64</ele></trkpt>
<trkpt lat="43.5004283" lon="5.9519233"><ele>249.25</ele></trkpt>
<trkpt lat="43.5004083" lon="5.9518933"><ele>249.84</ele></trkpt>
<trkpt lat="43.5003883" lon="5.951866699999999"><ele>250.15</ele></trkpt>
<trkpt lat="43.50036" lon="5.951843300000001"><ele>250.07</ele></trkpt>
<trkpt lat="43.5003283" lon="5.9518217"><ele>250.13</ele></trkpt>
<trkpt lat="43.5003033" lon="5.9517867"><ele>250.07</ele></trkpt>
<trkpt lat="43.5002783" lon="5.951764999999999"><ele>249.81</ele></trkpt>
<trkpt lat="43.5002567" lon="5.9517317"><ele>249.6</ele></trkpt>
<trkpt lat="43.500235" lon="5.951695000000001"><ele>249.37</ele></trkpt>
<trkpt lat="43.500205" lon="5.951665"><ele>249.27</ele></trkpt>
<trkpt lat="43.5001767" lon="5.9516417"><ele>249.14</ele></trkpt>
<trkpt lat="43.5001533" lon="5.951605000000001"><ele>249.45</ele></trkpt>
<trkpt lat="43.5001317" lon="5.95158"><ele>249.8</ele></trkpt>
<trkpt lat="43.5001033" lon="5.951556700000001"><ele>250.05</ele></trkpt>
<trkpt lat="43.5000733" lon="5.951528299999999"><ele>250.39</ele></trkpt>
<trkpt lat="43.50005" lon="5.9515067"><ele>250.8</ele></trkpt>
<trkpt lat="43.5000183" lon="5.9514733"><ele>251.05</ele></trkpt>
<trkpt lat="43.4999917" lon="5.9514533"><ele>252.18</ele></trkpt>
<trkpt lat="43.4999617" lon="5.951425"><ele>252.93</ele></trkpt>
<trkpt lat="43.49994" lon="5.9514017"><ele>252.93</ele></trkpt>
<trkpt lat="43.499915" lon="5.9513733"><ele>252.96</ele></trkpt>
<trkpt lat="43.499895" lon="5.951344999999999"><ele>253.06</ele></trkpt>
<trkpt lat="43.4998733" lon="5.9513133"><ele>253.25</ele></trkpt>
<trkpt lat="43.4998617" lon="5.951273300000001"><ele>253.88</ele></trkpt>
<trkpt lat="43.499835" lon="5.9512567"><ele>254.95</ele></trkpt>
<trkpt lat="43.499825" lon="5.951218300000001"><ele>254.41</ele></trkpt>
<trkpt lat="43.4997983" lon="5.9512117"><ele>253.72</ele></trkpt>
<trkpt lat="43.4997667" lon="5.95121"><ele>253.09</ele></trkpt>
<trkpt lat="43.4997483" lon="5.951173300000001"><ele>253.51</ele></trkpt>
<trkpt lat="43.4997217" lon="5.951149999999999"><ele>253.97</ele></trkpt>
<trkpt lat="43.499695" lon="5.951115"><ele>253.72</ele></trkpt>
<trkpt lat="43.4996717" lon="5.9510867"><ele>254.06</ele></trkpt>
<trkpt lat="43.4996467" lon="5.9510617"><ele>254.08</ele></trkpt>
<trkpt lat="43.4996183" lon="5.95103"><ele>254.16</ele></trkpt>
<trkpt lat="43.4995933" lon="5.9510067"><ele>254.58</ele></trkpt>
<trkpt lat="43.4995667" lon="5.9509817"><ele>255.11</ele></trkpt>
<trkpt lat="43.4995367" lon="5.95096"><ele>255.47</ele></trkpt>
<trkpt lat="43.4995133" lon="5.950931700000001"><ele>255.7</ele></trkpt>
<trkpt lat="43.499485" lon="5.950909999999999"><ele>255.17</ele></trkpt>
<trkpt lat="43.4994583" lon="5.9508833"><ele>254.37</ele></trkpt>
<trkpt lat="43.4994317" lon="5.9508583"><ele>253.74</ele></trkpt>
<trkpt lat="43.4994083" lon="5.950835"><ele>253.55</ele></trkpt>
<trkpt lat="43.4993817" lon="5.950815"><ele>253.3</ele></trkpt>
<trkpt lat="43.499355" lon="5.9507883"><ele>253.12</ele></trkpt>
<trkpt lat="43.4993283" lon="5.9507667"><ele>253.02</ele></trkpt>
<trkpt lat="43.499295" lon="5.9507417"><ele>253.36</ele></trkpt>
<trkpt lat="43.4992717" lon="5.950715"><ele>253.46</ele></trkpt>
<trkpt lat="43.4992417" lon="5.9506967"><ele>252.61</ele></trkpt>
<trkpt lat="43.4992233" lon="5.9506617"><ele>253.3</ele></trkpt>
<trkpt lat="43.4992033" lon="5.950635"><ele>253.58</ele></trkpt>
<trkpt lat="43.4991833" lon="5.950605"><ele>253.77</ele></trkpt>
<trkpt lat="43.49916" lon="5.950581699999999"><ele>254.12</ele></trkpt>
<trkpt lat="43.4991317" lon="5.950558300000001"><ele>254.54</ele></trkpt>
<trkpt lat="43.499105" lon="5.9505367"><ele>254.42</ele></trkpt>
<trkpt lat="43.4990867" lon="5.9505033"><ele>254.39</ele></trkpt>
<trkpt lat="43.4990633" lon="5.9504733"><ele>254.48</ele></trkpt>
<trkpt lat="43.4990433" lon="5.9504417"><ele>254.74</ele></trkpt>
<trkpt lat="43.4990217" lon="5.9504133"><ele>254.76</ele></trkpt>
<trkpt lat="43.498995" lon="5.950386699999999"><ele>254.73</ele></trkpt>
<trkpt lat="43.498975" lon="5.9503567"><ele>254.69</ele></trkpt>
<trkpt lat="43.4989467" lon="5.950331699999999"><ele>254.56</ele></trkpt>
<trkpt lat="43.4989233" lon="5.95031"><ele>254.74</ele></trkpt>
<trkpt lat="43.4988983" lon="5.95029"><ele>254.88</ele></trkpt>
<trkpt lat="43.498875" lon="5.9502683"><ele>254.69</ele></trkpt>
<trkpt lat="43.4988517" lon="5.9502417"><ele>254.85</ele></trkpt>
<trkpt lat="43.4988317" lon="5.9502167"><ele>254.85</ele></trkpt>
<trkpt lat="43.4988067" lon="5.9501967"><ele>255.21</ele></trkpt>
<trkpt lat="43.4987783" lon="5.9501767"><ele>255.54</ele></trkpt>
<trkpt lat="43.4987517" lon="5.9501583"><ele>255.65</ele></trkpt>
<trkpt lat="43.498725" lon="5.95013"><ele>255.87</ele></trkpt>
<trkpt lat="43.498695" lon="5.950103299999999"><ele>255.89</ele></trkpt>
<trkpt lat="43.49867" lon="5.9500867"><ele>255.53</ele></trkpt>
<trkpt lat="43.49864" lon="5.950066700000001"><ele>255.95</ele></trkpt>
<trkpt lat="43.4986133" lon="5.95005"><ele>256.12</ele></trkpt>
<trkpt lat="43.4985833" lon="5.95002"><ele>256.91</ele></trkpt>
<trkpt lat="43.4985483" lon="5.950011699999999"><ele>256.69</ele></trkpt>
<trkpt lat="43.4985167" lon="5.9499933"><ele>256.4</ele></trkpt>
<trkpt lat="43.4984867" lon="5.94998"><ele>256.12</ele></trkpt>
<trkpt lat="43.4984583" lon="5.9499633"><ele>255.54</ele></trkpt>
<trkpt lat="43.49843" lon="5.9499467"><ele>255.23</ele></trkpt>
<trkpt lat="43.4984017" lon="5.949925"><ele>254.85</ele></trkpt>
<trkpt lat="43.4983717" lon="5.9499067"><ele>254.62</ele></trkpt>
<trkpt lat="43.498345" lon="5.949898300000001"><ele>254.35</ele></trkpt>
<trkpt lat="43.4983183" lon="5.9498917"><ele>254.03</ele></trkpt>
<trkpt lat="43.4982867" lon="5.9498767"><ele>253.82</ele></trkpt>
<trkpt lat="43.49825" lon="5.94987"><ele>253.27</ele></trkpt>
<trkpt lat="43.4982183" lon="5.9498567"><ele>253.05</ele></trkpt>
<trkpt lat="43.4981883" lon="5.949840000000001"><ele>252.65</ele></trkpt>
<trkpt lat="43.49816" lon="5.9498417"><ele>252.29</ele></trkpt>
<trkpt lat="43.4981267" lon="5.9498417"><ele>251.58</ele></trkpt>
<trkpt lat="43.498095" lon="5.949845"><ele>250.97</ele></trkpt>
<trkpt lat="43.4980667" lon="5.9498583"><ele>250.57</ele></trkpt>
<trkpt lat="43.4980333" lon="5.9498633"><ele>250.27</ele></trkpt>
<trkpt lat="43.4979967" lon="5.949875"><ele>250.21</ele></trkpt>
<trkpt lat="43.4979633" lon="5.94989"><ele>250.42</ele></trkpt>
<trkpt lat="43.49794" lon="5.9499133"><ele>250.71</ele></trkpt>
<trkpt lat="43.49792" lon="5.9499383"><ele>251.2</ele></trkpt>
<trkpt lat="43.49789" lon="5.949965"><ele>251.64</ele></trkpt>
<trkpt lat="43.4978633" lon="5.949975"><ele>252.12</ele></trkpt>
<trkpt lat="43.49783" lon="5.9499983"><ele>252.6</ele></trkpt>
<trkpt lat="43.497795" lon="5.950025"><ele>253.29</ele></trkpt>
<trkpt lat="43.4977683" lon="5.950048299999999"><ele>253.73</ele></trkpt>
<trkpt lat="43.4977217" lon="5.950115"><ele>254.2</ele></trkpt>
<trkpt lat="43.4977017" lon="5.950145"><ele>254.18</ele></trkpt>
<trkpt lat="43.4976783" lon="5.950175"><ele>254.27</ele></trkpt>
<trkpt lat="43.49766" lon="5.9502067"><ele>254.45</ele></trkpt>
<trkpt lat="43.497645" lon="5.9502467"><ele>254.65</ele></trkpt>
<trkpt lat="43.4976233" lon="5.9502833"><ele>254.85</ele></trkpt>
<trkpt lat="43.4976" lon="5.9503117"><ele>254.95</ele></trkpt>
<trkpt lat="43.4975783" lon="5.9503383"><ele>255.43</ele></trkpt>
<trkpt lat="43.4975483" lon="5.9503733"><ele>255.56</ele></trkpt>
<trkpt lat="43.49753" lon="5.9504183"><ele>254.54</ele></trkpt>
<trkpt lat="43.49751" lon="5.95045"><ele>253.88</ele></trkpt>
<trkpt lat="43.497495" lon="5.950489999999999"><ele>253.42</ele></trkpt>
<trkpt lat="43.49748" lon="5.9505367"><ele>252.89</ele></trkpt>
<trkpt lat="43.4974733" lon="5.950585"><ele>252.26</ele></trkpt>
<trkpt lat="43.49746" lon="5.9506217"><ele>252.18</ele></trkpt>
<trkpt lat="43.49745" lon="5.9506633"><ele>252.2</ele></trkpt>
<trkpt lat="43.4974433" lon="5.9507017"><ele>251.82</ele></trkpt>
<trkpt lat="43.49743" lon="5.9507383"><ele>251.12</ele></trkpt>
<trkpt lat="43.4974267" lon="5.9507783"><ele>250.45</ele></trkpt>
<trkpt lat="43.497395" lon="5.95085"><ele>249.78</ele></trkpt>
<trkpt lat="43.497365" lon="5.95085"><ele>251.34</ele></trkpt>
</trkseg></trk>
</gpx>