<?xml version="1.0" encoding="UTF-8"?>
<gpx version="1.1" creator="Marando" xmlns="http://www.topografix.com/GPX/1/1">
<wpt lat="43.3506583" lon="5.6602867"><ele>253.91</ele><name>Départ</name><desc>Grande randonnée

Heure de départ: 09:08 13 sept. 2026
Heure d'arrivée: 16:27 13 sept. 2026
Distance: 11,5km (07:19)
Temps déplacement: 04:10
Vitesse moyenne: 1,57 km/h
Vitesse en mouvement: 2,75 km/h
Vitesse Max.: 14,03 km/h
Altitude minimale: 241 m
Altitude maximale: 669 m
Vitesse de montée: 190,7 m/h
Vitesse de descente: 119,3 m/h
Dénivelé positif: 523 m
Dénivelé négatif: 528 m
Temps de montée: 02:44
Temps de descente: 04:25</desc></wpt>
<wpt lat="43.3495083" lon="5.660705000000001"><ele>0</ele><name>Pancarte</name><desc>Depuis les Encanaux, le massif de la Sainte-Baume se dresse comme une imposante muraille calcaire, dominant les paysages de l’arrière-pays varois. Sa longue barre rocheuse, orientée d’est en ouest, atteint 1 148 m au Joug de l’Aigle. Ses falaises blanches contrastent avec les versants boisés, où la hêtraie conserve une fraîcheur étonnante sous le climat méditerranéen. Cette montagne abrite également la grotte de Sainte-Marie-Madeleine, haut lieu spirituel établi dans une cavité de la falaise.</desc></wpt>
<wpt lat="43.34836" lon="5.6601983"><ele>266.88</ele><name>Glacière</name><desc>La glacière des Encanaux témoigne d’une activité autrefois essentielle en Provence : la conservation et le commerce de la glace naturelle. Creusée dans le sol et soigneusement isolée, cette construction permettait d’entreposer la neige et la glace récoltées durant l’hiver. Transformées en blocs, elles étaient conservées jusqu’à la belle saison, puis acheminées vers les villes et les lieux de villégiature. Avant l’arrivée de la réfrigération moderne, cette glace était précieuse pour rafraîchir boissons, aliments et préparations médicinales.</desc></wpt>
<wpt lat="43.3481667" lon="5.6601767"><ele>0</ele><name>Glacière 2</name><desc>Construite en 1698 par la commune d'Auriol dans le massif de la Sainte-Baume, la glacière des Encanaux est un puits maçonné cylindrique destiné autrefois à stocker la glace naturelle récoltée en hiver pour la revendre aux beaux jours. Récemment restaurée, cette structure caractéristique aux parois plus étroites à la base se niche au cœur du vallon boisé des Encanaux, constituant une étape remarquable et pleine de fraîcheur très prisée des randonneurs.</desc></wpt>
<wpt lat="43.3485133" lon="5.66207"><ele>292.58</ele><name>Le Bau Rouge</name><desc>Le Bau Rouge, au sud d’Auriol, est un relief calcaire caractéristique du pays de l’Étoile et de la bordure méridionale du massif de la Sainte-Baume. Son nom évoque la teinte roussâtre que prennent localement les affleurements rocheux sous l’effet de l’altération et de l’oxydation du fer. Le relief domine les vallons boisés qui descendent vers l’Huveaune. Dans ce paysage méditerranéen, la roche affleurante alterne avec les pinèdes, les garrigues et les espaces agricoles, offrant un bel exemple de la transition entre plaine et relief provençal.
</desc></wpt>
<wpt lat="43.3459467" lon="5.660923299999999"><ele>326.67</ele><name>Barre calcaire</name></wpt>
<wpt lat="43.344995" lon="5.6615067"><ele>369.48</ele><name>Bau Redon</name><desc>Le Bau Redon, près des Encanaux, est un petit promontoire calcaire qui domine le ravin des Infernets, à l’est d’Auriol. Son sommet, vers 480 m d’altitude, s’atteint par un sentier raide depuis le pont des Encanaux. Son nom associe bau, terme provençal désignant un escarpement rocheux, et redon, qui signifie « rond » ou « arrondi ». Depuis le sommet, le relief offre une belle vue sur les ravins boisés et la vallée d’Auriol.</desc></wpt>
<wpt lat="43.3447433" lon="5.6610367"><ele>372.97</ele><name>Croix</name><desc>Les croix qui ponctuent les sommets et les crêtes des massifs provençaux sont autant de repères dans le paysage que de témoignages de la foi populaire. Érigées près d’un village, au terme d’un chemin ou sur un point culminant, elles pouvaient commémorer une mission religieuse, protéger symboliquement le territoire ou rappeler un événement. Certaines sont anciennes, d’autres ont remplacé des croix disparues.</desc></wpt>
<wpt lat="43.344755" lon="5.661093300000001"><ele>375.47</ele><name>Abri du Figuier</name><desc>Près de la glacière et du site des Encanaux, au cœur du massif de la Sainte-Baume (sur la commune d'Auriol), se trouve l'Abri du Figuier (parfois associé aux reliefs et falaises environnants).

Il s'agit d'une cavité naturelle remarquable (une « baume », c'est-à-dire un abri sous roche ou une grotte peu profonde creusée dans le calcaire) très appréciée des randonneurs. Facilement accessible et visitable sans danger depuis les sentiers balisés du secteur, l'abri constitue l'une des étapes incontournables des circuits de découverte du ravin.</desc></wpt>
<wpt lat="43.3448667" lon="5.6611083"><ele>372.76</ele><name>Abri du Figuier 2</name><desc>L’abri du Figuier, près des Encanaux, est un petit refuge rustique aménagé dans ce paysage de garrigue et de pinèdes. Comme beaucoup d’abris pastoraux de Provence, il rappelle une époque où les collines étaient davantage parcourues par les troupeaux et exploitées pour le bois, le charbon ou la collecte de ressources. Sa présence témoigne de cette occupation discrète de la montagne : un lieu simple, destiné à offrir un peu de protection aux bergers et aux randonneurs face au soleil, au vent ou aux intempéries.</desc></wpt>
<wpt lat="43.34487" lon="5.6610417"><ele>377.56</ele><name>Calvaire</name><desc>Érigée au début du mois d'octobre 2025, cette grande croix en bois a été installée sur un promontoire rocheux dominant le secteur, juste au-dessus de l'Abri du Figuier et du ravin des Encanaux (sur les hauteurs d'Auriol dans le massif de la Sainte-Baume).  Contexte de mise en place : Sa pose s'inscrit dans le cadre d'initiatives locales visant à restaurer ou jalonner certains repères patrimoniaux et paysagers des collines provençales. Elle est rapidement devenue un repère visuel notable pour les randonneurs arpentant les sentiers menant vers les grottes des Infernets, des Morts .</desc></wpt>
<wpt lat="43.3438033" lon="5.660515"><ele>353.37</ele><name>Grotte des Infernets 1</name><desc>La grotte des Infernets s’ouvre au-dessus du ravin des Infernets, près des Encanaux, dans les calcaires de la Sainte-Baume. Sa galerie, longue d’une centaine de mètres, se prolonge par des passages de plus en plus étroits jusqu’à une petite salle ornée de concrétions. Redécouverte à la fin du XIXᵉ siècle, elle a livré des traces d’occupation humaine, notamment des vestiges néolithiques. La cavité sert aussi de refuge à des chauves-souris, dont le Minioptère de Schreibers.</desc></wpt>
<wpt lat="43.3438033" lon="5.660515"><ele>353.37</ele><name>Concrétions</name><desc>Le long de cette fissure, la roche révèle le patient travail de l’eau souterraine. En s’infiltrant dans les fractures du calcaire, l’eau se charge en bicarbonate de calcium, puis abandonne progressivement une partie de ce carbonate lors de son dégazage. La calcite cristallise alors sur les parois et tapisse la fissure de petites concrétions blanches. Leur disposition souligne le cheminement ancien de l’eau et transforme une simple fracture tectonique en véritable micro-paysage minéral.</desc></wpt>
<wpt lat="43.3439017" lon="5.660545"><ele>344.97</ele><name>Pistachier</name><desc>Le pistachier térébinthe (Pistacia terebinthus) se reconnaît ici à ses grappes de petits fruits rougeâtres, puis brunâtres à maturité. Ces drupes, très décoratives, contrastent avec le feuillage vert sombre de l’arbuste. Leur couleur attire les oiseaux qui participent à leur dissémination. En Provence, le térébinthe est un hôte caractéristique des garrigues et des bois clairs. Certaines galles, provoquées par de petits insectes, prennent par ailleurs l’aspect de curieuses cornes ou de petites excroissances végétales.</desc></wpt>
<wpt lat="43.341885" lon="5.6606083"><ele>376.06</ele><name>Barre calcaire</name><desc>La barre calcaire qui surmonte l’Abri du Figuier et la grotte des Infernets appartient au Valanginien, autour de 140–135 Ma. Ces calcaires massifs, fracturés et karstifiés, ont favorisé le creusement des nombreuses cavités du ravin des Infernets.</desc></wpt>
<wpt lat="43.3393033" lon="5.66257"><ele>413.95</ele><name>Ravin des Infernets</name><desc>Le ravin est profondément encaissé entre les barres calcaires, boisé et longtemps parcouru par un ruisseau intermittent. Ses falaises, ses grottes et ses passages resserrés ont sans doute favorisé une dénomination évoquant un lieu « infernal » ou difficile d’accès. Le toponyme est anciennement bien implanté : les documents officiels distinguent déjà le ravin des Encanaux et celui des Infernets.</desc></wpt>
<wpt lat="43.3393033" lon="5.66257"><ele>413.95</ele><name>Tête du Chien</name><desc>La dénomination est associée à ce relief dominant les ravins des Infernets et de la Coutronne.

L’explication la plus vraisemblable est morphologique : le relief ou sa silhouette rocheuse devait évoquer, vu depuis un certain angle, une tête de chien. C’est un procédé très courant dans la toponymie des reliefs provençaux : Tête, Baou, Roc ou Dent décrivent souvent une forme remarquable du paysage.</desc></wpt>
<wpt lat="43.3386317" lon="5.662455"><ele>412.75</ele><name>Lit de torrent</name><desc>les Infernets sont un ravin à écoulement temporaire, mais qui peut devenir très actif lors des fortes pluies, dans un contexte karstique. Les crues peuvent être brutales, avec un ruissellement concentré sur les dalles calcaires.</desc></wpt>
<wpt lat="43.3368933" lon="5.663641699999999"><ele>443.24</ele><name>Barre calcaire</name><desc>Les calcaires qui forment les barres rocheuses appartiennent principalement au Jurassique supérieur, dans le flanc nord de l’anticlinal de la Lare. Les données géologiques du secteur indiquent en effet un ensemble de calcaires et calcaires dolomitiques du Jurassique supérieur, avec des terrains valanginiens plus récents à proximité.</desc></wpt>
<wpt lat="43.3344967" lon="5.667340000000001"><ele>487.2</ele><name>Four à chaux ?</name><desc>L’Association pour la Sauvegarde du Patrimoine Auriolais décrit une construction circulaire en pierre sèche, d’environ 10 m de diamètre, interprétée comme un ancien four à chaux destiné à transformer le calcaire en chaux vive. Le vestige aurait été dégagé de la végétation en 2007.</desc></wpt>
<wpt lat="43.3342033" lon="5.6691917"><ele>513.33</ele><name>Ravin</name><desc>Ces profonds ravins sont essentiellement des formes quaternaires, façonnées par les eaux de ruissellement et la dissolution karstique dans un massif calcaire fortement fracturé. Leur creusement s'est probablement étalé sur plusieurs centaines de milliers d'années, tandis que les crues méditerranéennes continuent aujourd'hui de remodeler leurs fonds.</desc></wpt>
<wpt lat="43.3332317" lon="5.671276700000001"><ele>545.73</ele><name>Pancarte</name><desc>Cette pancarte indique la direction du col de Roussargue, passage perché à environ 723 m entre les vallées d’Auriol et de Gémenos. Depuis les Encanaux, le sentier gagne progressivement les hauteurs en remontant notamment vers le secteur de la Coutronne. Le col constitue un véritable seuil topographique entre les deux versants du massif de la Sainte-Baume.</desc></wpt>
<wpt lat="43.33322" lon="5.67134"><ele>544.63</ele><name>Eau ?</name><desc>Le marquage bleu (cercle et trait) : Il s'agit le plus souvent d'un balisage thématique local, d'un sentier d'interprétation, d'une variante d'itinéraire ou d'une trace spécifique (comme un chemin d'accès à un site d'escalade, une source ou une curiosité géologique particulière du secteur).</desc></wpt>
<wpt lat="43.3315217" lon="5.6758267"><ele>605.02</ele><name>Barre calcaire</name><desc>Situé à l'extrémité ouest de la chaîne de la Sainte-Baume (au-dessus du col de l'Espigoulier et au nord du pic de Bertagne), le Plan des Vaches culmine à environ 875–900 mètres d'altitude.</desc></wpt>
<wpt lat="43.331805" lon="5.6763267"><ele>612.44</ele><name>Pierres directrices</name><desc>Ce marquage ou ce balisage  au sol sur des pierres n'est pas très officiel.</desc></wpt>
<wpt lat="43.3324167" lon="5.6783617"><ele>598.43</ele><name>Rocher</name><desc>Le secteur est une succession de crêtes et de ressauts calcaires appartenant à l'ensemble structural de la Sainte-Baume. Les cartes et les itinéraires donnent des noms aux éléments les plus remarquables — Tour de Cauvin, Dents de Roque Forcade, Pic des Corbeaux, etc. — mais plusieurs éminences intermédiaires restent anonymes. Les données spéléologiques localisent d'ailleurs le Plan des Vaches vers 860 m, avec le gouffre du Plan des Vaches à cette altitude.</desc></wpt>
<wpt lat="43.3327283" lon="5.6795933"><ele>591.72</ele><name>Sarriette en fleurs</name><desc>La sarriette des montagnes (Satureja montana) est une petite plante aromatique typique des rocailles calcaires et des garrigues provençales. En été, ses fleurs blanches à rosées attirent abeilles et autres insectes pollinisateurs, tandis que ses feuilles dégagent, lorsqu’on les froisse, un parfum puissant, poivré et légèrement camphré. Les Anciens l’appréciaient déjà comme plante condimentaire et médicinale. Son nom latin évoque d’ailleurs les Satyres, auxquels la tradition prêtait des vertus aphrodisiaques à cette plante très odorante.</desc></wpt>
<wpt lat="43.33273" lon="5.67958"><ele>589.62</ele><name>Sarriette en fleurs</name><desc>Un feu d'artifice floral tardif : Contrairement à de nombreuses aromatiques qui fleurissent au printemps, la sarriette s'épanouit tardivement en plein cœur de l'été et jusqu'en octobre. Elle se couvre alors d'une multitude de petites fleurs délicates, majoritairement blanches, parfois nuancées de rose pâle ou de mauve.</desc></wpt>
<wpt lat="43.3326" lon="5.6813"><ele>586.62</ele><name>Rocher 840</name><desc>Extrémité nord du Plan des Vaches. Rocher à l'altitude 840 mètres.</desc></wpt>
<wpt lat="43.3326933" lon="5.6817517"><ele>592.02</ele><name>Tour Cauvin</name><desc>Culminant à 828 mètres d'altitude dans le massif de la Sainte-Baume, la Tour Cauvin est un impressionnant monolithe calcaire de forme cylindrique s'élevant à l'extrémité d'un petit plateau.

Origine du nom : Le terme cauvin dérive du provençal signifiant « chauve », en référence à l'aspect totalement dépouillé et minéral de ce rocher qui émerge nettement de la végétation.

Particularité géologique : Façonné par des millénaires d'érosion karstique, ce rocher circulaire d'une vingtaine de mètres de haut constitue un repère paysager remarquable et un site prisé des randonneurs pour son panorama é</desc></wpt>
<wpt lat="43.333655" lon="5.683788299999999"><ele>605.32</ele><name>Colchique</name><desc>Le colchique d’automne (Colchicum autumnale) est une plante singulière : sa fleur apparaît en septembre ou octobre, alors que ses feuilles ne se développent qu’au printemps suivant. Il fleurit donc sans feuillage ! Cette stratégie lui a valu le surnom de « veilleuse des prés ». Autre particularité remarquable : toutes ses parties contiennent de la colchicine, substance extrêmement toxique, mais aussi utilisée en médecine, notamment dans le traitement de la goutte. Sa beauté automnale mérite donc qu’on l’admire… sans le cueillir.</desc></wpt>
<wpt lat="43.33486" lon="5.686133299999999"><ele>614.22</ele><name>Ravin de la Coutronne</name><desc>Creusé dans le calcaire du massif de la Sainte-Baume, le ravin de la Coutronne se distingue par ses sentiers en corniche dominant des parois abruptes aux allures de mini-gorges. Il abrite de nombreux vestiges d'anciennes charbonnières (notamment des fours de type « appareils Moreau » datant de la fin du XIXe siècle), témoins de l'activité forestière passée. Ses chemins spectaculaires relient des points clés comme le Col de la Lare et le Plan des Vache</desc></wpt>
<wpt lat="43.33655" lon="5.690495"><ele>615.28</ele><name>Asphodèle sèche</name><desc>Un bouquet d’asphodèles sèches conserve longtemps l’allure d’un petit bouquet fantomatique. Après la floraison printanière, les tiges de l’asphodèle se dessèchent et portent encore leurs capsules rondes, comme de petites perles brunes. Dans les garrigues provençales, ces hampes peuvent rester dressées plusieurs mois et ponctuer le paysage bien après la disparition des fleurs. L’asphodèle est aussi une plante chargée de mythologie : chez les Grecs, les prairies d’asphodèles étaient associées au royaume des morts, où séjournaient les âmes des défunts.</desc></wpt>
<wpt lat="43.337245" lon="5.692278299999999"><ele>619.72</ele><name>Tour Cauvin et Pic de Bertagne</name><desc>Au sommet du Pic de Bertagne, à 1 043 m, le paysage naturel côtoie un ensemble impressionnant d’installations techniques. La grande coupole blanche abrite un radar destiné à la surveillance du trafic aérien. À proximité se dressent plusieurs antennes, pylônes et équipements de télécommunication, liés notamment aux réseaux radioélectriques de l’État. Ces constructions, peu communes sur un sommet provençal, constituent un repère très visible depuis les massifs environnants et contrastent fortement avec les falaises calcaires de la Sainte-Baume.</desc></wpt>
<wpt lat="43.338135" lon="5.6940467"><ele>629.2</ele><name>Cèdres</name><desc>Les cèdres de la Sainte-Baume ne sont pas une essence spontanée du massif : le cèdre de l’Atlas (Cedrus atlantica) y a été introduit par l’homme, notamment à partir du XIXᵉ siècle. Il s’est bien adapté aux sols calcaires et au climat méditerranéen montagnard. Reconnaissable à son port majestueux, ses aiguilles regroupées en rosettes et ses cônes dressés, il supporte remarquablement la sécheresse. Certains peuplements constituent aujourd’hui de véritables forêts, témoignant de l’adaptation réussie d’une essence venue des montagnes d’Afrique du Nord.</desc></wpt>
<wpt lat="43.3409383" lon="5.6974817"><ele>670.23</ele><name>Roche éclatée</name><desc>Une diaclase constitue une zone de faiblesse dans une roche. L’eau peut y pénétrer, dissoudre progressivement le calcaire et élargir la fissure. En hiver, le gel augmente encore cette ouverture par l’expansion de l’eau. Les contraintes tectoniques ou la décompression peuvent également favoriser son extension. Peu à peu, la diaclase devient une véritable surface de rupture : des blocs se détachent alors de la falaise. Ce mécanisme contribue activement au recul des barres calcaires et à l’évolution des reliefs de la Sainte-Baume.</desc></wpt>
<wpt lat="43.33703" lon="5.689025"><ele>586.43</ele><name>Falaise rive gauche</name><desc>La falaise de la rive gauche de la Coutronne est constituée de puissants calcaires du Jurassique supérieur, probablement portlandiens, déposés il y a environ 150 millions d’années. Ces bancs, aujourd’hui fortement fracturés et karstifiés, ont été dégagés par l’érosion du vallon.</desc></wpt>
<wpt lat="43.33646" lon="5.6884317"><ele>546.72</ele><name>Fond du ravin</name><desc>Le lit de la Coutronne est souvent à sec, mais cela ne signifie pas que l’eau est absente du massif. Dans ces calcaires fortement fissurés et karstifiés, une grande partie des précipitations s’infiltre rapidement par les diaclases et rejoint un réseau souterrain. Le ravin ne fonctionne donc que temporairement, surtout après les épisodes pluvieux. Lors des fortes pluies, les eaux peuvent au contraire s’y concentrer brutalement et transformer ce lit paisible en torrent. Une grande partie de l’eau circule ainsi sous nos pieds.</desc></wpt>
<wpt lat="43.336575" lon="5.6736783"><ele>456.3299999999999</ele><name>Sainte Victoire</name><desc>La Sainte-Victoire apparaît au nord, au-delà du Regagnas. Sa longue silhouette calcaire se détache nettement de l’horizon, reconnaissable à sa grande barre rocheuse et, lorsque la visibilité est bonne, à la croix de Provence. Entre les deux massifs s’intercalent les reliefs plus modestes du Regagnas et du Mont Olympe. Ce panorama illustre parfaitement l’organisation des grands massifs calcaires de Provence, séparés par les plaines et les vallées qui structurent le paysage.</desc></wpt>
<wpt lat="43.3369133" lon="5.673695"><ele>437.43</ele><name>Ravin de la Coutronne</name><desc>Le toponyme Coutronne est ancien, et il ne s’agit manifestement pas d’une appellation récente donnée au ravin par les randonneurs. Le nom désigne notamment une ferme, aujourd’hui toujours localisée à Auriol, ainsi que le ravin et plusieurs cavités du secteur. Les sources spéléologiques utilisent déjà « ferme de la Coutronne » dans le contexte des explorations de 1952.</desc></wpt>
<wpt lat="43.3380467" lon="5.67124"><ele>355.34</ele><name>Flaques</name><desc>Les chaînes visibles dans le ravin de la Coutronne sont très probablement liées à l’équipement du canyon. Le ravin comporte plusieurs ressauts rocheux et cascades, dont certains passages nécessitent des mains courantes ou des points d’ancrage pour être franchis. Ces chaînes permettent de sécuriser la progression et peuvent servir à installer une corde lors des descentes. Le canyon étant généralement sec, ces équipements sont surtout utilisés lors des parcours de canyonisme, notamment après les épisodes pluvieux lorsque les cascades et vasques peuvent se remplir.</desc></wpt>
<wpt lat="43.344095" lon="5.668240000000001"><ele>274.16</ele><name>Fissure aquifère</name><desc>La source inférieure des Encanaux est pérenne : elle présente un débit relativement peu variable et constitue une émergence karstique permanente. Une étude hydrogéologique récente confirme que cette résurgence émerge des dolomies portlandiennes « de manière pérenne ».

Plus haut dans le vallon, en revanche, les sources supérieures et certaines résurgences sont temporaires et ne fonctionnent qu'en période de crue.</desc></wpt>
<wpt lat="43.3441967" lon="5.66813"><ele>274.46</ele><name>Autres sources</name><desc>le ruisseau des Encanaux peut conserver de l’eau toute l’année grâce à la source pérenne, alors que les ravins et les écoulements en amont peuvent être complètement secs. La Vède, alimentée par ces sources, est d’ailleurs considérée comme l’un des rares affluents de l’Huveaune à être en eau toute l’année.</desc></wpt>
<wpt lat="43.345755" lon="5.66627"><ele>263.26</ele><name>Rocher</name><desc>Les calcaires, très fracturés et parcourus de diaclases, se découpent en panneaux et en blocs. L’infiltration de l’eau élargit les fractures par dissolution, tandis que l’alternance humidification-dessiccation, les variations thermiques et l’action des racines favorisent leur détachement. Les fortes pluies peuvent ensuite provoquer des chutes de blocs et entraîner les matériaux vers le fond du ravin. Le risque de chutes de pierres et de blocs est d’ailleurs particulièrement identifié dans les secteurs des Encanaux et des Infernets.</desc></wpt>
<wpt lat="43.3465117" lon="5.665925"><ele>268.82</ele><name>Pont des Encanaux</name><desc>L'accès en voiture au Pont des Encanaux, situé dans le vallon sur la commune d'Auriol, est interdit aux véhicules du grand public afin de préserver l'environnement et de prévenir les incendies. Les pistes et voies menant au vallon sont fermées à la circulation automobile.

Stationnement : Il est obligatoire de garer son véhicule sur les aires de stationnement situées en aval, notamment le long de la RD45.

Accès : La fin du trajet s'effectue exclusivement à pied en empruntant les sentiers balisés et la piste forestière.</desc></wpt>
<wpt lat="43.346565" lon="5.6658767"><ele>262.97</ele><name>Pont des Encanaux 2</name><desc>Sous le Pont des Encanaux coule une eau qui ne disparaît pas avec la sécheresse estivale. Le ruisseau est alimenté par plusieurs sources karstiques issues des calcaires et dolomies de la Sainte-Baume. Certaines émergences sont temporaires, mais les principales résurgences des Encanaux sont pérennes. Leur débit, relativement régulier en période normale, peut toutefois augmenter brutalement après les pluies : le calme ruisseau devient alors un torrent.</desc></wpt>
<wpt lat="43.3487908" lon="5.6633449"><ele>0</ele><name>Rivière des Encanaux</name><desc>Sous le Pont des Encanaux, le cours d’eau est appelé ruisseau des Encanaux. Il ne faut donc pas l’appeler la Vède à cet endroit.

Le système est le suivant :

ruisseau des Encanaux + ruisseau des Infernets + ruisseau de Daurengue → Vède → Huveaune.

Le ruisseau des Encanaux rejoint les autres écoulements vers le secteur du parking des Encanaux, où se forme la Vède. Une source géologique décrit explicitement les trois ruisseaux et leur réunion pour former la Vède.</desc></wpt>
<wpt lat="43.3506133" lon="5.6602117"><ele>243.45</ele><name>Arrivée</name><desc>Grande randonnée

Heure de départ: 09:08 13 sept. 2026
Heure d'arrivée: 16:27 13 sept. 2026
Distance: 11,5km (07:19)
Temps déplacement: 04:10
Vitesse moyenne: 1,57 km/h
Vitesse en mouvement: 2,75 km/h
Vitesse Max.: 14,03 km/h
Altitude minimale: 241 m
Altitude maximale: 669 m
Vitesse de montée: 190,7 m/h
Vitesse de descente: 119,3 m/h
Dénivelé positif: 523 m
Dénivelé négatif: 528 m
Temps de montée: 02:44
Temps de descente: 04:25</desc></wpt>
<trk><name>2026-09-13 _Les _Encaneaux</name><trkseg>
<trkpt lat="43.3506583" lon="5.6602867"><ele>253.91</ele></trkpt>
<trkpt lat="43.3506133" lon="5.660251699999999"><ele>253.04</ele></trkpt>
<trkpt lat="43.35059" lon="5.660228300000001"><ele>250.27</ele></trkpt>
<trkpt lat="43.3505567" lon="5.660218299999999"><ele>249.73</ele></trkpt>
<trkpt lat="43.3505283" lon="5.660215"><ele>248.94</ele></trkpt>
<trkpt lat="43.35053" lon="5.660218299999999"><ele>248.22</ele></trkpt>
<trkpt lat="43.3504933" lon="5.6602233"><ele>244.31</ele></trkpt>
<trkpt lat="43.3504667" lon="5.6602117"><ele>244.55</ele></trkpt>
<trkpt lat="43.35044" lon="5.6601967"><ele>243.3</ele></trkpt>
<trkpt lat="43.3504117" lon="5.6601967"><ele>242.66</ele></trkpt>
<trkpt lat="43.3503783" lon="5.660181700000001"><ele>242.11</ele></trkpt>
<trkpt lat="43.3503467" lon="5.660191700000001"><ele>241.36</ele></trkpt>
<trkpt lat="43.3503233" lon="5.6602167"><ele>241.03</ele></trkpt>
<trkpt lat="43.350295" lon="5.6602333"><ele>241.08</ele></trkpt>
<trkpt lat="43.3502683" lon="5.6602467"><ele>241.24</ele></trkpt>
<trkpt lat="43.350235" lon="5.6602467"><ele>241.54</ele></trkpt>
<trkpt lat="43.3501983" lon="5.6602467"><ele>241.94</ele></trkpt>
<trkpt lat="43.3501667" lon="5.660240000000001"><ele>242.24</ele></trkpt>
<trkpt lat="43.350135" lon="5.6602617"><ele>243</ele></trkpt>
<trkpt lat="43.3501067" lon="5.660271700000001"><ele>243.36</ele></trkpt>
<trkpt lat="43.3500767" lon="5.6602767"><ele>243.71</ele></trkpt>
<trkpt lat="43.3500483" lon="5.6602767"><ele>243.85</ele></trkpt>
<trkpt lat="43.3500183" lon="5.660271700000001"><ele>244.04</ele></trkpt>
<trkpt lat="43.3499883" lon="5.6602617"><ele>244.31</ele></trkpt>
<trkpt lat="43.3499567" lon="5.6602583"><ele>244.54</ele></trkpt>
<trkpt lat="43.3499233" lon="5.660253299999999"><ele>244.9</ele></trkpt>
<trkpt lat="43.3498933" lon="5.6602783"><ele>245.93</ele></trkpt>
<trkpt lat="43.3498567" lon="5.6602867"><ele>246.76</ele></trkpt>
<trkpt lat="43.3498217" lon="5.660296699999999"><ele>247.13</ele></trkpt>
<trkpt lat="43.3497967" lon="5.660316700000001"><ele>247.27</ele></trkpt>
<trkpt lat="43.3497683" lon="5.6603283"><ele>247.44</ele></trkpt>
<trkpt lat="43.3497383" lon="5.6603467"><ele>247.64</ele></trkpt>
<trkpt lat="43.349715" lon="5.660385"><ele>247.88</ele></trkpt>
<trkpt lat="43.349695" lon="5.6604183"><ele>247.62</ele></trkpt>
<trkpt lat="43.3496783" lon="5.6604567"><ele>247.49</ele></trkpt>
<trkpt lat="43.3496583" lon="5.660489999999999"><ele>247.22</ele></trkpt>
<trkpt lat="43.3496517" lon="5.6605283"><ele>247.27</ele></trkpt>
<trkpt lat="43.34963" lon="5.660568300000001"><ele>247.19</ele></trkpt>
<trkpt lat="43.34961" lon="5.660593299999999"><ele>247.25</ele></trkpt>
<trkpt lat="43.3495817" lon="5.6606167"><ele>247.77</ele></trkpt>
<trkpt lat="43.349555" lon="5.660628299999999"><ele>247.88</ele></trkpt>
<trkpt lat="43.3495317" lon="5.6606583"><ele>247.96</ele></trkpt>
<trkpt lat="43.3495267" lon="5.6606967"><ele>248.05</ele></trkpt>
<trkpt lat="43.349495" lon="5.6606933"><ele>248.57</ele></trkpt>
<trkpt lat="43.3494733" lon="5.660718300000001"><ele>247.99</ele></trkpt>
<trkpt lat="43.3494933" lon="5.6607433"><ele>248.36</ele></trkpt>
<trkpt lat="43.3495217" lon="5.660716699999999"><ele>248.38</ele></trkpt>
<trkpt lat="43.3494517" lon="5.660753300000001"><ele>247.39</ele></trkpt>
<trkpt lat="43.3494067" lon="5.6607333"><ele>247</ele></trkpt>
<trkpt lat="43.349375" lon="5.660725"><ele>246.63</ele></trkpt>
<trkpt lat="43.34934" lon="5.66072"><ele>246.49</ele></trkpt>
<trkpt lat="43.34931" lon="5.660715"><ele>246.41</ele></trkpt>
<trkpt lat="43.3492767" lon="5.6607067"><ele>246.28</ele></trkpt>
<trkpt lat="43.34925" lon="5.660695"><ele>246.28</ele></trkpt>
<trkpt lat="43.3492217" lon="5.6606867"><ele>246.35</ele></trkpt>
<trkpt lat="43.3491933" lon="5.6606867"><ele>246.4</ele></trkpt>
<trkpt lat="43.3491617" lon="5.6606867"><ele>246.48</ele></trkpt>
<trkpt lat="43.3491333" lon="5.6606683"><ele>246.29</ele></trkpt>
<trkpt lat="43.3490983" lon="5.6606517"><ele>246.64</ele></trkpt>
<trkpt lat="43.34907" lon="5.6606333"><ele>247.01</ele></trkpt>
<trkpt lat="43.34904" lon="5.6606083"><ele>247.79</ele></trkpt>
<trkpt lat="43.3490117" lon="5.660591699999999"><ele>248.36</ele></trkpt>
<trkpt lat="43.348985" lon="5.660583299999999"><ele>248.64</ele></trkpt>
<trkpt lat="43.3489567" lon="5.660575"><ele>248.97</ele></trkpt>
<trkpt lat="43.34893" lon="5.660568300000001"><ele>249.31</ele></trkpt>
<trkpt lat="43.3489017" lon="5.6605533"><ele>250.1</ele></trkpt>
<trkpt lat="43.3488717" lon="5.660536699999999"><ele>250.55</ele></trkpt>
<trkpt lat="43.3488417" lon="5.660511700000001"><ele>250.84</ele></trkpt>
<trkpt lat="43.34881" lon="5.660489999999999"><ele>251.16</ele></trkpt>
<trkpt lat="43.3487833" lon="5.6604717"><ele>251.44</ele></trkpt>
<trkpt lat="43.348755" lon="5.66045"><ele>251.55</ele></trkpt>
<trkpt lat="43.3487217" lon="5.660431699999999"><ele>251.58</ele></trkpt>
<trkpt lat="43.3486967" lon="5.6604133"><ele>251.82</ele></trkpt>
<trkpt lat="43.348665" lon="5.660389999999999"><ele>252.17</ele></trkpt>
<trkpt lat="43.3486333" lon="5.660395"><ele>252.63</ele></trkpt>
<trkpt lat="43.3486067" lon="5.6604117"><ele>253.45</ele></trkpt>
<trkpt lat="43.3485767" lon="5.660410000000001"><ele>254.67</ele></trkpt>
<trkpt lat="43.3485483" lon="5.660431699999999"><ele>255.34</ele></trkpt>
<trkpt lat="43.3485217" lon="5.66045"><ele>255.47</ele></trkpt>
<trkpt lat="43.3484917" lon="5.66046"><ele>255.84</ele></trkpt>
<trkpt lat="43.348465" lon="5.660466700000001"><ele>256.21</ele></trkpt>
<trkpt lat="43.3484383" lon="5.660448299999999"><ele>256.92</ele></trkpt>
<trkpt lat="43.3484183" lon="5.6604167"><ele>257.08</ele></trkpt>
<trkpt lat="43.348385" lon="5.6604167"><ele>257.44</ele></trkpt>
<trkpt lat="43.3483567" lon="5.6604083"><ele>257.84</ele></trkpt>
<trkpt lat="43.3483367" lon="5.6603833"><ele>258.44</ele></trkpt>
<trkpt lat="43.3483083" lon="5.6603667"><ele>259.2</ele></trkpt>
<trkpt lat="43.3482783" lon="5.6603633"><ele>260.02</ele></trkpt>
<trkpt lat="43.3482467" lon="5.6603633"><ele>260.72</ele></trkpt>
<trkpt lat="43.3482167" lon="5.660361700000001"><ele>261.98</ele></trkpt>
<trkpt lat="43.3481917" lon="5.660343299999999"><ele>263.01</ele></trkpt>
<trkpt lat="43.3481567" lon="5.66034"><ele>264.18</ele></trkpt>
<trkpt lat="43.3481467" lon="5.6603033"><ele>264.88</ele></trkpt>
<trkpt lat="43.34815" lon="5.660253299999999"><ele>265.69</ele></trkpt>
<trkpt lat="43.3481733" lon="5.660215"><ele>265.93</ele></trkpt>
<trkpt lat="43.3481883" lon="5.6601767"><ele>265.89</ele></trkpt>
<trkpt lat="43.348215" lon="5.6601667"><ele>266.33</ele></trkpt>
<trkpt lat="43.3482367" lon="5.66019"><ele>267.5</ele></trkpt>
<trkpt lat="43.3482667" lon="5.6602217"><ele>267.46</ele></trkpt>
<trkpt lat="43.3482967" lon="5.6602367"><ele>267.57</ele></trkpt>
<trkpt lat="43.3483283" lon="5.6602433"><ele>267.65</ele></trkpt>
<trkpt lat="43.3483117" lon="5.6602117"><ele>265.79</ele></trkpt>
<trkpt lat="43.348305" lon="5.6601733"><ele>265.71</ele></trkpt>
<trkpt lat="43.3483267" lon="5.6601417"><ele>265.85</ele></trkpt>
<trkpt lat="43.34834" lon="5.660175"><ele>266.9</ele></trkpt>
<trkpt lat="43.34836" lon="5.6602"><ele>267.04</ele></trkpt>
<trkpt lat="43.3483217" lon="5.6602367"><ele>267.72</ele></trkpt>
<trkpt lat="43.348295" lon="5.66025"><ele>269.31</ele></trkpt>
<trkpt lat="43.34832" lon="5.660271700000001"><ele>269.78</ele></trkpt>
<trkpt lat="43.34835" lon="5.66029"><ele>269.85</ele></trkpt>
<trkpt lat="43.3483833" lon="5.6603083"><ele>269.9</ele></trkpt>
<trkpt lat="43.34842" lon="5.6603"><ele>269.81</ele></trkpt>
<trkpt lat="43.348445" lon="5.6602817"><ele>269.78</ele></trkpt>
<trkpt lat="43.3484567" lon="5.660245"><ele>269.71</ele></trkpt>
<trkpt lat="43.34846" lon="5.6602017"><ele>269.15</ele></trkpt>
<trkpt lat="43.3484467" lon="5.6601583"><ele>268.63</ele></trkpt>
<trkpt lat="43.3484267" lon="5.6601233"><ele>268.32</ele></trkpt>
<trkpt lat="43.3483983" lon="5.660103300000001"><ele>267.95</ele></trkpt>
<trkpt lat="43.34836" lon="5.660101699999999"><ele>267.79</ele></trkpt>
<trkpt lat="43.348325" lon="5.6600983"><ele>267.95</ele></trkpt>
<trkpt lat="43.3482933" lon="5.6600983"><ele>268.55</ele></trkpt>
<trkpt lat="43.348265" lon="5.6601083"><ele>268.68</ele></trkpt>
<trkpt lat="43.3482417" lon="5.660136700000001"><ele>268.77</ele></trkpt>
<trkpt lat="43.3482167" lon="5.6601683"><ele>268.71</ele></trkpt>
<trkpt lat="43.3481833" lon="5.660181700000001"><ele>268.97</ele></trkpt>
<trkpt lat="43.348155" lon="5.6601783"><ele>269.34</ele></trkpt>
<trkpt lat="43.3481383" lon="5.660208299999999"><ele>271.13</ele></trkpt>
<trkpt lat="43.3481117" lon="5.6602217"><ele>271.4</ele></trkpt>
<trkpt lat="43.34808" lon="5.6602167"><ele>271.02</ele></trkpt>
<trkpt lat="43.3480467" lon="5.6602217"><ele>270.52</ele></trkpt>
<trkpt lat="43.34802" lon="5.6602383"><ele>270.4</ele></trkpt>
<trkpt lat="43.348" lon="5.6602633"><ele>270.31</ele></trkpt>
<trkpt lat="43.3479733" lon="5.66028"><ele>269.9</ele></trkpt>
<trkpt lat="43.3479433" lon="5.6602933"><ele>269.76</ele></trkpt>
<trkpt lat="43.3479333" lon="5.660330000000001"><ele>269.75</ele></trkpt>
<trkpt lat="43.3479183" lon="5.6603683"><ele>269.97</ele></trkpt>
<trkpt lat="43.3478983" lon="5.6603933"><ele>270.2</ele></trkpt>
<trkpt lat="43.3478817" lon="5.66044"><ele>271.42</ele></trkpt>
<trkpt lat="43.3478717" lon="5.660479999999999"><ele>271.86</ele></trkpt>
<trkpt lat="43.3478667" lon="5.6605183"><ele>272.04</ele></trkpt>
<trkpt lat="43.3478733" lon="5.66056"><ele>272.82</ele></trkpt>
<trkpt lat="43.3478933" lon="5.6605883"><ele>273.56</ele></trkpt>
<trkpt lat="43.3479033" lon="5.66063"><ele>273.51</ele></trkpt>
<trkpt lat="43.3479217" lon="5.6606583"><ele>274.03</ele></trkpt>
<trkpt lat="43.3479367" lon="5.6606967"><ele>275.04</ele></trkpt>
<trkpt lat="43.347925" lon="5.6607333"><ele>275.69</ele></trkpt>
<trkpt lat="43.3479283" lon="5.6607733"><ele>276.9</ele></trkpt>
<trkpt lat="43.3479317" lon="5.6608117"><ele>278.29</ele></trkpt>
<trkpt lat="43.3479383" lon="5.660851700000001"><ele>279.36</ele></trkpt>
<trkpt lat="43.34795" lon="5.660886700000001"><ele>280.15</ele></trkpt>
<trkpt lat="43.3479617" lon="5.660923299999999"><ele>281.78</ele></trkpt>
<trkpt lat="43.3479717" lon="5.6609633"><ele>283.18</ele></trkpt>
<trkpt lat="43.3479783" lon="5.661003300000001"><ele>284.17</ele></trkpt>
<trkpt lat="43.3479933" lon="5.661035000000001"><ele>284.82</ele></trkpt>
<trkpt lat="43.3480117" lon="5.6610633"><ele>285.15</ele></trkpt>
<trkpt lat="43.348025" lon="5.6611067"><ele>285.7</ele></trkpt>
<trkpt lat="43.3480383" lon="5.6611433"><ele>286.66</ele></trkpt>
<trkpt lat="43.3480467" lon="5.661181700000001"><ele>287.32</ele></trkpt>
<trkpt lat="43.3480633" lon="5.6612183"><ele>287.92</ele></trkpt>
<trkpt lat="43.348075" lon="5.6612633"><ele>288.67</ele></trkpt>
<trkpt lat="43.3480867" lon="5.661299999999999"><ele>289.28</ele></trkpt>
<trkpt lat="43.3481017" lon="5.661335"><ele>289.74</ele></trkpt>
<trkpt lat="43.348115" lon="5.661378300000001"><ele>289.94</ele></trkpt>
<trkpt lat="43.3481283" lon="5.6614133"><ele>290.33</ele></trkpt>
<trkpt lat="43.348135" lon="5.6614567"><ele>290.83</ele></trkpt>
<trkpt lat="43.34814" lon="5.661493299999999"><ele>291.53</ele></trkpt>
<trkpt lat="43.348155" lon="5.661525000000001"><ele>292.3</ele></trkpt>
<trkpt lat="43.3481783" lon="5.661560000000001"><ele>292.62</ele></trkpt>
<trkpt lat="43.3481917" lon="5.6616"><ele>293.13</ele></trkpt>
<trkpt lat="43.3481983" lon="5.6616367"><ele>293.53</ele></trkpt>
<trkpt lat="43.34821" lon="5.661674999999999"><ele>293.86</ele></trkpt>
<trkpt lat="43.3482217" lon="5.661715"><ele>294.52</ele></trkpt>
<trkpt lat="43.3482367" lon="5.6617467"><ele>295.03</ele></trkpt>
<trkpt lat="43.3482583" lon="5.66178"><ele>295.37</ele></trkpt>
<trkpt lat="43.3482817" lon="5.6618017"><ele>295.38</ele></trkpt>
<trkpt lat="43.3483033" lon="5.661825"><ele>295.48</ele></trkpt>
<trkpt lat="43.3483317" lon="5.66184"><ele>295.55</ele></trkpt>
<trkpt lat="43.3483583" lon="5.66185"><ele>295.74</ele></trkpt>
<trkpt lat="43.3483817" lon="5.6618733"><ele>295.87</ele></trkpt>
<trkpt lat="43.3484033" lon="5.66191"><ele>296.04</ele></trkpt>
<trkpt lat="43.3484217" lon="5.6619383"><ele>296.17</ele></trkpt>
<trkpt lat="43.34844" lon="5.6619667"><ele>296.18</ele></trkpt>
<trkpt lat="43.34847" lon="5.661995"><ele>295.75</ele></trkpt>
<trkpt lat="43.3484917" lon="5.6620217"><ele>295.42</ele></trkpt>
<trkpt lat="43.3485167" lon="5.662046700000001"><ele>294.86</ele></trkpt>
<trkpt lat="43.3485233" lon="5.662091700000001"><ele>288.4</ele></trkpt>
<trkpt lat="43.3484983" lon="5.6620667"><ele>287.83</ele></trkpt>
<trkpt lat="43.34847" lon="5.662045"><ele>287.62</ele></trkpt>
<trkpt lat="43.34844" lon="5.66203"><ele>287.41</ele></trkpt>
<trkpt lat="43.348415" lon="5.662003300000001"><ele>287.28</ele></trkpt>
<trkpt lat="43.3483917" lon="5.661971699999999"><ele>287.28</ele></trkpt>
<trkpt lat="43.34836" lon="5.6619533"><ele>287.36</ele></trkpt>
<trkpt lat="43.3483333" lon="5.6619333"><ele>287.57</ele></trkpt>
<trkpt lat="43.348315" lon="5.6619017"><ele>288.03</ele></trkpt>
<trkpt lat="43.34829" lon="5.6618867"><ele>288.54</ele></trkpt>
<trkpt lat="43.3482667" lon="5.6618633"><ele>288.86</ele></trkpt>
<trkpt lat="43.34825" lon="5.6618267"><ele>288.97</ele></trkpt>
<trkpt lat="43.3482267" lon="5.661795"><ele>289.14</ele></trkpt>
<trkpt lat="43.3482033" lon="5.6617617"><ele>289.25</ele></trkpt>
<trkpt lat="43.3481917" lon="5.6617217"><ele>289.63</ele></trkpt>
<trkpt lat="43.3481867" lon="5.6616817"><ele>289.94</ele></trkpt>
<trkpt lat="43.3481833" lon="5.661639999999999"><ele>289.69</ele></trkpt>
<trkpt lat="43.3481717" lon="5.661605000000001"><ele>289.39</ele></trkpt>
<trkpt lat="43.34816" lon="5.6615633"><ele>289.19</ele></trkpt>
<trkpt lat="43.34814" lon="5.661526699999999"><ele>289.01</ele></trkpt>
<trkpt lat="43.3481183" lon="5.661501700000001"><ele>288.81</ele></trkpt>
<trkpt lat="43.3481017" lon="5.66147"><ele>288.61</ele></trkpt>
<trkpt lat="43.3480867" lon="5.6614367"><ele>288.41</ele></trkpt>
<trkpt lat="43.3480717" lon="5.6614"><ele>287.53</ele></trkpt>
<trkpt lat="43.3480667" lon="5.661358299999999"><ele>287.22</ele></trkpt>
<trkpt lat="43.3480483" lon="5.6613183"><ele>286.75</ele></trkpt>
<trkpt lat="43.348035" lon="5.6612767"><ele>286.49</ele></trkpt>
<trkpt lat="43.3480217" lon="5.6612333"><ele>286.57</ele></trkpt>
<trkpt lat="43.348015" lon="5.661196699999999"><ele>285.93</ele></trkpt>
<trkpt lat="43.348" lon="5.661163299999999"><ele>285.32</ele></trkpt>
<trkpt lat="43.3479933" lon="5.66112"><ele>284.03</ele></trkpt>
<trkpt lat="43.3479817" lon="5.6610833"><ele>283.82</ele></trkpt>
<trkpt lat="43.34797" lon="5.6610433"><ele>283.43</ele></trkpt>
<trkpt lat="43.347965" lon="5.6610067"><ele>282.74</ele></trkpt>
<trkpt lat="43.34796" lon="5.660966699999999"><ele>282.38</ele></trkpt>
<trkpt lat="43.3479483" lon="5.660924999999999"><ele>282.12</ele></trkpt>
<trkpt lat="43.3479383" lon="5.6608883"><ele>281.73</ele></trkpt>
<trkpt lat="43.347925" lon="5.6608467"><ele>281.22</ele></trkpt>
<trkpt lat="43.3478933" lon="5.6608167"><ele>281.45</ele></trkpt>
<trkpt lat="43.3478633" lon="5.6608433"><ele>281.56</ele></trkpt>
<trkpt lat="43.347835" lon="5.660855000000001"><ele>281.21</ele></trkpt>
<trkpt lat="43.3478" lon="5.6608567"><ele>281.06</ele></trkpt>
<trkpt lat="43.3477733" lon="5.66084"><ele>281.18</ele></trkpt>
<trkpt lat="43.3477417" lon="5.66083"><ele>280.98</ele></trkpt>
<trkpt lat="43.3477283" lon="5.660796700000001"><ele>281.14</ele></trkpt>
<trkpt lat="43.3477" lon="5.6607683"><ele>281.31</ele></trkpt>
<trkpt lat="43.347675" lon="5.660753300000001"><ele>281.9</ele></trkpt>
<trkpt lat="43.347645" lon="5.660755"><ele>282.62</ele></trkpt>
<trkpt lat="43.3476133" lon="5.660750000000001"><ele>282.94</ele></trkpt>
<trkpt lat="43.3475833" lon="5.6607583"><ele>283.53</ele></trkpt>
<trkpt lat="43.3475533" lon="5.6607517"><ele>283.94</ele></trkpt>
<trkpt lat="43.34752" lon="5.660745"><ele>284.07</ele></trkpt>
<trkpt lat="43.3474917" lon="5.6607267"><ele>284.79</ele></trkpt>
<trkpt lat="43.3474617" lon="5.660718300000001"><ele>285.64</ele></trkpt>
<trkpt lat="43.3474317" lon="5.66071"><ele>286.24</ele></trkpt>
<trkpt lat="43.3474033" lon="5.6607067"><ele>286.67</ele></trkpt>
<trkpt lat="43.3473767" lon="5.660725"><ele>286.87</ele></trkpt>
<trkpt lat="43.3473467" lon="5.6607367"><ele>287.07</ele></trkpt>
<trkpt lat="43.3473183" lon="5.660735"><ele>287.43</ele></trkpt>
<trkpt lat="43.3472917" lon="5.6607233"><ele>288.22</ele></trkpt>
<trkpt lat="43.3472567" lon="5.6607017"><ele>289.54</ele></trkpt>
<trkpt lat="43.3472133" lon="5.660665"><ele>292.08</ele></trkpt>
<trkpt lat="43.34719" lon="5.6606867"><ele>293.2</ele></trkpt>
<trkpt lat="43.3471617" lon="5.6606917"><ele>293.76</ele></trkpt>
<trkpt lat="43.3471367" lon="5.6607133"><ele>294.16</ele></trkpt>
<trkpt lat="43.3471083" lon="5.66069"><ele>294.64</ele></trkpt>
<trkpt lat="43.3470783" lon="5.6607017"><ele>294.93</ele></trkpt>
<trkpt lat="43.3470467" lon="5.660718300000001"><ele>295.43</ele></trkpt>
<trkpt lat="43.3470267" lon="5.6607433"><ele>295.82</ele></trkpt>
<trkpt lat="43.347" lon="5.660735"><ele>297.43</ele></trkpt>
<trkpt lat="43.3469717" lon="5.6607467"><ele>298.23</ele></trkpt>
<trkpt lat="43.346935" lon="5.660755"><ele>298.54</ele></trkpt>
<trkpt lat="43.3469" lon="5.66077"><ele>298.93</ele></trkpt>
<trkpt lat="43.3468733" lon="5.6607583"><ele>299.23</ele></trkpt>
<trkpt lat="43.3468383" lon="5.66077"><ele>299.73</ele></trkpt>
<trkpt lat="43.3468083" lon="5.660774999999999"><ele>300.8</ele></trkpt>
<trkpt lat="43.3467833" lon="5.660795"><ele>301.8</ele></trkpt>
<trkpt lat="43.3467933" lon="5.66083"><ele>304.16</ele></trkpt>
<trkpt lat="43.3467667" lon="5.6608617"><ele>304.37</ele></trkpt>
<trkpt lat="43.3467367" lon="5.6608583"><ele>304.5</ele></trkpt>
<trkpt lat="43.3467067" lon="5.6608467"><ele>304.61</ele></trkpt>
<trkpt lat="43.3466733" lon="5.6608483"><ele>305.13</ele></trkpt>
<trkpt lat="43.346645" lon="5.6608633"><ele>305.71</ele></trkpt>
<trkpt lat="43.3466167" lon="5.660866699999999"><ele>306.99</ele></trkpt>
<trkpt lat="43.346585" lon="5.660866699999999"><ele>307.33</ele></trkpt>
<trkpt lat="43.3465533" lon="5.660853300000001"><ele>307.73</ele></trkpt>
<trkpt lat="43.34652" lon="5.66087"><ele>308.13</ele></trkpt>
<trkpt lat="43.3464917" lon="5.660868299999999"><ele>309.4</ele></trkpt>
<trkpt lat="43.34646" lon="5.660875"><ele>310.23</ele></trkpt>
<trkpt lat="43.3464283" lon="5.660879999999999"><ele>311.4</ele></trkpt>
<trkpt lat="43.3464" lon="5.66089"><ele>312.19</ele></trkpt>
<trkpt lat="43.3463717" lon="5.660878299999999"><ele>313.39</ele></trkpt>
<trkpt lat="43.3463417" lon="5.660875"><ele>314.19</ele></trkpt>
<trkpt lat="43.34631" lon="5.660879999999999"><ele>314.96</ele></trkpt>
<trkpt lat="43.34628" lon="5.660864999999999"><ele>315.69</ele></trkpt>
<trkpt lat="43.3462517" lon="5.660855000000001"><ele>316.73</ele></trkpt>
<trkpt lat="43.3462267" lon="5.6608383"><ele>318.02</ele></trkpt>
<trkpt lat="43.3462033" lon="5.6608617"><ele>318.53</ele></trkpt>
<trkpt lat="43.3461733" lon="5.660868299999999"><ele>319.13</ele></trkpt>
<trkpt lat="43.34614" lon="5.6608717"><ele>319.64</ele></trkpt>
<trkpt lat="43.3461133" lon="5.660878299999999"><ele>320.04</ele></trkpt>
<trkpt lat="43.3460783" lon="5.660878299999999"><ele>320.84</ele></trkpt>
<trkpt lat="43.34605" lon="5.6608833"><ele>321.22</ele></trkpt>
<trkpt lat="43.34602" lon="5.6608817"><ele>322.69</ele></trkpt>
<trkpt lat="43.3459917" lon="5.660895"><ele>324.31</ele></trkpt>
<trkpt lat="43.3459667" lon="5.660911699999999"><ele>326.14</ele></trkpt>
<trkpt lat="43.3459733" lon="5.66084"><ele>330.07</ele></trkpt>
<trkpt lat="43.346005" lon="5.6608567"><ele>335.95</ele></trkpt>
<trkpt lat="43.3459467" lon="5.6609017"><ele>335.19</ele></trkpt>
<trkpt lat="43.3459133" lon="5.6609067"><ele>334.59</ele></trkpt>
<trkpt lat="43.3458817" lon="5.6609183"><ele>335.06</ele></trkpt>
<trkpt lat="43.34585" lon="5.660931700000001"><ele>335.13</ele></trkpt>
<trkpt lat="43.3458233" lon="5.6609433"><ele>335.08</ele></trkpt>
<trkpt lat="43.3457267" lon="5.6609433"><ele>337.29</ele></trkpt>
<trkpt lat="43.3456883" lon="5.660924999999999"><ele>338.73</ele></trkpt>
<trkpt lat="43.3456033" lon="5.6609017"><ele>341.65</ele></trkpt>
<trkpt lat="43.3455717" lon="5.6609083"><ele>343.28</ele></trkpt>
<trkpt lat="43.345615" lon="5.660924999999999"><ele>344.69</ele></trkpt>
<trkpt lat="43.3456233" lon="5.6609817"><ele>346.86</ele></trkpt>
<trkpt lat="43.3456233" lon="5.6610217"><ele>347.72</ele></trkpt>
<trkpt lat="43.3456483" lon="5.6610433"><ele>348.76</ele></trkpt>
<trkpt lat="43.3456667" lon="5.6610717"><ele>349.71</ele></trkpt>
<trkpt lat="43.3456867" lon="5.661149999999999"><ele>351.06</ele></trkpt>
<trkpt lat="43.3457567" lon="5.6612367"><ele>356.83</ele></trkpt>
<trkpt lat="43.345775" lon="5.6612667"><ele>358.62</ele></trkpt>
<trkpt lat="43.3457883" lon="5.661299999999999"><ele>359.29</ele></trkpt>
<trkpt lat="43.3457883" lon="5.6613383"><ele>359.95</ele></trkpt>
<trkpt lat="43.3457883" lon="5.661376700000001"><ele>360.43</ele></trkpt>
<trkpt lat="43.3458033" lon="5.66141"><ele>360.57</ele></trkpt>
<trkpt lat="43.3458317" lon="5.661415"><ele>360.23</ele></trkpt>
<trkpt lat="43.3458617" lon="5.6614267"><ele>359.88</ele></trkpt>
<trkpt lat="43.3458817" lon="5.6614617"><ele>359.97</ele></trkpt>
<trkpt lat="43.3458933" lon="5.6615033"><ele>360.3</ele></trkpt>
<trkpt lat="43.3459167" lon="5.6615233"><ele>360.82</ele></trkpt>
<trkpt lat="43.34594" lon="5.661545"><ele>361.45</ele></trkpt>
<trkpt lat="43.345935" lon="5.661581699999999"><ele>361.97</ele></trkpt>
<trkpt lat="43.3459083" lon="5.6616033"><ele>361.6</ele></trkpt>
<trkpt lat="43.345875" lon="5.6615983"><ele>362.36</ele></trkpt>
<trkpt lat="43.345845" lon="5.6616"><ele>363.42</ele></trkpt>
<trkpt lat="43.3458167" lon="5.6616"><ele>363.79</ele></trkpt>
<trkpt lat="43.345785" lon="5.661605000000001"><ele>364.15</ele></trkpt>
<trkpt lat="43.3457633" lon="5.66158"><ele>364.44</ele></trkpt>
<trkpt lat="43.3457417" lon="5.661556700000001"><ele>364.54</ele></trkpt>
<trkpt lat="43.3457133" lon="5.6615633"><ele>364.9299999999999</ele></trkpt>
<trkpt lat="43.34568" lon="5.66158"><ele>365.07</ele></trkpt>
<trkpt lat="43.34565" lon="5.6615783"><ele>364.97</ele></trkpt>
<trkpt lat="43.3456217" lon="5.661571699999999"><ele>365.41</ele></trkpt>
<trkpt lat="43.3456267" lon="5.6615333"><ele>372.59</ele></trkpt>
<trkpt lat="43.3456783" lon="5.661605000000001"><ele>373.64</ele></trkpt>
<trkpt lat="43.3456617" lon="5.6616367"><ele>372.21</ele></trkpt>
<trkpt lat="43.3456517" lon="5.661671699999999"><ele>371.83</ele></trkpt>
<trkpt lat="43.34566" lon="5.66171"><ele>370.68</ele></trkpt>
<trkpt lat="43.34565" lon="5.661745"><ele>370.65</ele></trkpt>
<trkpt lat="43.3456017" lon="5.6618167"><ele>373.05</ele></trkpt>
<trkpt lat="43.345575" lon="5.6618367"><ele>373.76</ele></trkpt>
<trkpt lat="43.3455483" lon="5.6618267"><ele>373.34</ele></trkpt>
<trkpt lat="43.3455267" lon="5.6618533"><ele>373.56</ele></trkpt>
<trkpt lat="43.3454983" lon="5.6618633"><ele>374.12</ele></trkpt>
<trkpt lat="43.3454817" lon="5.66183"><ele>374.43</ele></trkpt>
<trkpt lat="43.3454517" lon="5.6618017"><ele>374.66</ele></trkpt>
<trkpt lat="43.3454267" lon="5.661776699999999"><ele>374.5</ele></trkpt>
<trkpt lat="43.3453983" lon="5.6617583"><ele>374.37</ele></trkpt>
<trkpt lat="43.34537" lon="5.6617583"><ele>374.17</ele></trkpt>
<trkpt lat="43.3453367" lon="5.661755"><ele>374.17</ele></trkpt>
<trkpt lat="43.3453067" lon="5.6617417"><ele>374.07</ele></trkpt>
<trkpt lat="43.3452817" lon="5.661719999999999"><ele>373.97</ele></trkpt>
<trkpt lat="43.3452533" lon="5.6617117"><ele>373.8</ele></trkpt>
<trkpt lat="43.345225" lon="5.6617117"><ele>373.77</ele></trkpt>
<trkpt lat="43.3451967" lon="5.661698299999999"><ele>373.41</ele></trkpt>
<trkpt lat="43.3451617" lon="5.661686699999999"><ele>373</ele></trkpt>
<trkpt lat="43.3451367" lon="5.661663300000001"><ele>372.78</ele></trkpt>
<trkpt lat="43.3451083" lon="5.6616533"><ele>372.42</ele></trkpt>
<trkpt lat="43.345075" lon="5.6616567"><ele>372.21</ele></trkpt>
<trkpt lat="43.3450583" lon="5.661625"><ele>371.89</ele></trkpt>
<trkpt lat="43.34505" lon="5.6615867"><ele>371.87</ele></trkpt>
<trkpt lat="43.3450417" lon="5.6615433"><ele>371.7</ele></trkpt>
<trkpt lat="43.3450133" lon="5.661545"><ele>371.77</ele></trkpt>
<trkpt lat="43.3449983" lon="5.661511700000001"><ele>369.56</ele></trkpt>
<trkpt lat="43.3449783" lon="5.6614867"><ele>369.5</ele></trkpt>
<trkpt lat="43.3449617" lon="5.66145"><ele>368.73</ele></trkpt>
<trkpt lat="43.344965" lon="5.661403299999999"><ele>368.83</ele></trkpt>
<trkpt lat="43.3449217" lon="5.6612733"><ele>374.76</ele></trkpt>
<trkpt lat="43.3449833" lon="5.66135"><ele>374.08</ele></trkpt>
<trkpt lat="43.3449867" lon="5.6613933"><ele>372.89</ele></trkpt>
<trkpt lat="43.3449017" lon="5.6614067"><ele>368.6</ele></trkpt>
<trkpt lat="43.3448833" lon="5.6613717"><ele>368.07</ele></trkpt>
<trkpt lat="43.3448617" lon="5.661341699999999"><ele>367.71</ele></trkpt>
<trkpt lat="43.3448417" lon="5.6613167"><ele>367.67</ele></trkpt>
<trkpt lat="43.3448167" lon="5.661299999999999"><ele>367.46</ele></trkpt>
<trkpt lat="43.3447867" lon="5.6612833"><ele>367.74</ele></trkpt>
<trkpt lat="43.344775" lon="5.6612483"><ele>367.6</ele></trkpt>
<trkpt lat="43.34477" lon="5.661209999999999"><ele>367.49</ele></trkpt>
<trkpt lat="43.344755" lon="5.6611733"><ele>367.92</ele></trkpt>
<trkpt lat="43.3447533" lon="5.6611083"><ele>370.31</ele></trkpt>
<trkpt lat="43.3447467" lon="5.6610617"><ele>372.29</ele></trkpt>
<trkpt lat="43.3448483" lon="5.6610967"><ele>373.5799999999999</ele></trkpt>
<trkpt lat="43.3448817" lon="5.661093300000001"><ele>372.69</ele></trkpt>
<trkpt lat="43.3448633" lon="5.6611233"><ele>372.77</ele></trkpt>
<trkpt lat="43.3448333" lon="5.66109"><ele>372.79</ele></trkpt>
<trkpt lat="43.3448717" lon="5.6610867"><ele>372.61</ele></trkpt>
<trkpt lat="43.3448983" lon="5.6611083"><ele>372.41</ele></trkpt>
<trkpt lat="43.3448683" lon="5.6610433"><ele>372.53</ele></trkpt>
<trkpt lat="43.344825" lon="5.6610417"><ele>372.56</ele></trkpt>
<trkpt lat="43.3447933" lon="5.6610767"><ele>372.52</ele></trkpt>
<trkpt lat="43.344805" lon="5.6610283"><ele>375.63</ele></trkpt>
<trkpt lat="43.3448333" lon="5.6610183"><ele>376.56</ele></trkpt>
<trkpt lat="43.3448583" lon="5.6610367"><ele>377.93</ele></trkpt>
<trkpt lat="43.3448267" lon="5.6610217"><ele>376.64</ele></trkpt>
<trkpt lat="43.344815" lon="5.66109"><ele>375.63</ele></trkpt>
<trkpt lat="43.3448033" lon="5.661125"><ele>374.54</ele></trkpt>
<trkpt lat="43.344775" lon="5.6611417"><ele>373.9</ele></trkpt>
<trkpt lat="43.344765" lon="5.661181700000001"><ele>371.86</ele></trkpt>
<trkpt lat="43.3447883" lon="5.661209999999999"><ele>370.62</ele></trkpt>
<trkpt lat="43.3447683" lon="5.661286699999999"><ele>368.28</ele></trkpt>
<trkpt lat="43.34474" lon="5.661265"><ele>366.25</ele></trkpt>
<trkpt lat="43.3447167" lon="5.6612383"><ele>366.17</ele></trkpt>
<trkpt lat="43.3446867" lon="5.661225"><ele>366.01</ele></trkpt>
<trkpt lat="43.34466" lon="5.661209999999999"><ele>365.7</ele></trkpt>
<trkpt lat="43.34463" lon="5.6612"><ele>365.11</ele></trkpt>
<trkpt lat="43.3446033" lon="5.6611933"><ele>364.71</ele></trkpt>
<trkpt lat="43.3445733" lon="5.661183300000001"><ele>364.4</ele></trkpt>
<trkpt lat="43.34455" lon="5.661161699999999"><ele>363.87</ele></trkpt>
<trkpt lat="43.3445317" lon="5.66113"><ele>363.22</ele></trkpt>
<trkpt lat="43.3445067" lon="5.6611133"><ele>362.84</ele></trkpt>
<trkpt lat="43.34448" lon="5.6610867"><ele>362.41</ele></trkpt>
<trkpt lat="43.3444533" lon="5.661065"><ele>361.85</ele></trkpt>
<trkpt lat="43.3444317" lon="5.6610333"><ele>361.14</ele></trkpt>
<trkpt lat="43.344405" lon="5.661005"><ele>360.52</ele></trkpt>
<trkpt lat="43.344375" lon="5.6609817"><ele>359.85</ele></trkpt>
<trkpt lat="43.34435" lon="5.6609517"><ele>359.08</ele></trkpt>
<trkpt lat="43.3443233" lon="5.6609383"><ele>358.55</ele></trkpt>
<trkpt lat="43.3442933" lon="5.66092"><ele>357.93</ele></trkpt>
<trkpt lat="43.3442633" lon="5.660910000000001"><ele>357.68</ele></trkpt>
<trkpt lat="43.34424" lon="5.660886700000001"><ele>357.85</ele></trkpt>
<trkpt lat="43.3442133" lon="5.660875"><ele>358.22</ele></trkpt>
<trkpt lat="43.3442" lon="5.66084"><ele>358.63</ele></trkpt>
<trkpt lat="43.3441783" lon="5.660810000000001"><ele>358.48</ele></trkpt>
<trkpt lat="43.3441583" lon="5.660778299999999"><ele>358.3</ele></trkpt>
<trkpt lat="43.3441333" lon="5.6607517"><ele>358.55</ele></trkpt>
<trkpt lat="43.3441083" lon="5.6607217"><ele>358.57</ele></trkpt>
<trkpt lat="43.3440817" lon="5.6607083"><ele>358.4</ele></trkpt>
<trkpt lat="43.34405" lon="5.6606883"><ele>357.92</ele></trkpt>
<trkpt lat="43.3440217" lon="5.6606867"><ele>357.8</ele></trkpt>
<trkpt lat="43.343995" lon="5.6606583"><ele>357.01</ele></trkpt>
<trkpt lat="43.343975" lon="5.6606333"><ele>356.69</ele></trkpt>
<trkpt lat="43.34395" lon="5.66061"><ele>356.34</ele></trkpt>
<trkpt lat="43.3439217" lon="5.6605867"><ele>356</ele></trkpt>
<trkpt lat="43.3439" lon="5.6605617"><ele>355.87</ele></trkpt>
<trkpt lat="43.3439033" lon="5.6605183"><ele>355.41</ele></trkpt>
<trkpt lat="43.3439583" lon="5.660538299999999"><ele>354.19</ele></trkpt>
<trkpt lat="43.3439467" lon="5.660491699999999"><ele>353.7</ele></trkpt>
<trkpt lat="43.3439167" lon="5.6604467"><ele>353.6</ele></trkpt>
<trkpt lat="43.34389" lon="5.660405"><ele>353.57</ele></trkpt>
<trkpt lat="43.3438383" lon="5.660386699999999"><ele>353.47</ele></trkpt>
<trkpt lat="43.3438633" lon="5.660425"><ele>353.4</ele></trkpt>
<trkpt lat="43.343835" lon="5.6604517"><ele>353.37</ele></trkpt>
<trkpt lat="43.343805" lon="5.66047"><ele>353.37</ele></trkpt>
<trkpt lat="43.3438033" lon="5.660515"><ele>353.37</ele></trkpt>
<trkpt lat="43.344025" lon="5.6605883"><ele>341.61</ele></trkpt>
<trkpt lat="43.344055" lon="5.6603483"><ele>327.58</ele></trkpt>
<trkpt lat="43.3440733" lon="5.6602767"><ele>317.35</ele></trkpt>
<trkpt lat="43.3441033" lon="5.6602367"><ele>309.31</ele></trkpt>
<trkpt lat="43.3440733" lon="5.66025"><ele>309.7</ele></trkpt>
<trkpt lat="43.3440283" lon="5.6603083"><ele>315.21</ele></trkpt>
<trkpt lat="43.3439933" lon="5.6603683"><ele>322.8</ele></trkpt>
<trkpt lat="43.3439283" lon="5.660476700000001"><ele>337.66</ele></trkpt>
<trkpt lat="43.3439067" lon="5.6605167"><ele>342.18</ele></trkpt>
<trkpt lat="43.34385" lon="5.660568300000001"><ele>354.3</ele></trkpt>
<trkpt lat="43.3437983" lon="5.66051"><ele>353.05</ele></trkpt>
<trkpt lat="43.34377" lon="5.660511700000001"><ele>351.99</ele></trkpt>
<trkpt lat="43.3437433" lon="5.660491699999999"><ele>351.87</ele></trkpt>
<trkpt lat="43.34372" lon="5.660468300000001"><ele>351.77</ele></trkpt>
<trkpt lat="43.3436983" lon="5.6604433"><ele>351.57</ele></trkpt>
<trkpt lat="43.3436683" lon="5.6604183"><ele>351.11</ele></trkpt>
<trkpt lat="43.34364" lon="5.660415"><ele>350.51</ele></trkpt>
<trkpt lat="43.3436083" lon="5.6604117"><ele>350.27</ele></trkpt>
<trkpt lat="43.34358" lon="5.660403299999999"><ele>350.19</ele></trkpt>
<trkpt lat="43.3435517" lon="5.6603967"><ele>350.26</ele></trkpt>
<trkpt lat="43.34352" lon="5.660405"><ele>350.46</ele></trkpt>
<trkpt lat="43.343495" lon="5.6603833"><ele>350.53</ele></trkpt>
<trkpt lat="43.3434667" lon="5.6603733"><ele>350.56</ele></trkpt>
<trkpt lat="43.343435" lon="5.660354999999999"><ele>350.8</ele></trkpt>
<trkpt lat="43.343405" lon="5.66034"><ele>351.03</ele></trkpt>
<trkpt lat="43.343375" lon="5.6603317"><ele>351.39</ele></trkpt>
<trkpt lat="43.3433467" lon="5.6603217"><ele>352.01</ele></trkpt>
<trkpt lat="43.3433167" lon="5.6603233"><ele>352.22</ele></trkpt>
<trkpt lat="43.3432883" lon="5.6603217"><ele>352.43</ele></trkpt>
<trkpt lat="43.34326" lon="5.6603233"><ele>352.46</ele></trkpt>
<trkpt lat="43.34323" lon="5.6603233"><ele>352.29</ele></trkpt>
<trkpt lat="43.3432017" lon="5.6603317"><ele>352.62</ele></trkpt>
<trkpt lat="43.3431683" lon="5.6603317"><ele>352.92</ele></trkpt>
<trkpt lat="43.343145" lon="5.660305"><ele>353.23</ele></trkpt>
<trkpt lat="43.3431117" lon="5.660296699999999"><ele>353.53</ele></trkpt>
<trkpt lat="43.343085" lon="5.6602867"><ele>353.77</ele></trkpt>
<trkpt lat="43.3430483" lon="5.6602833"><ele>353.9</ele></trkpt>
<trkpt lat="43.3430183" lon="5.6602833"><ele>354.12</ele></trkpt>
<trkpt lat="43.3429883" lon="5.66029"><ele>354.07</ele></trkpt>
<trkpt lat="43.342955" lon="5.660285000000001"><ele>354.13</ele></trkpt>
<trkpt lat="43.342925" lon="5.660296699999999"><ele>354.25</ele></trkpt>
<trkpt lat="43.342895" lon="5.6603017"><ele>354.72</ele></trkpt>
<trkpt lat="43.3428633" lon="5.6602917"><ele>355.12</ele></trkpt>
<trkpt lat="43.3428317" lon="5.6602867"><ele>355.79</ele></trkpt>
<trkpt lat="43.3428" lon="5.66029"><ele>356.59</ele></trkpt>
<trkpt lat="43.3427733" lon="5.660305"><ele>357.01</ele></trkpt>
<trkpt lat="43.3427417" lon="5.6603117"><ele>357.42</ele></trkpt>
<trkpt lat="43.34271" lon="5.66032"><ele>357.46</ele></trkpt>
<trkpt lat="43.3426733" lon="5.66032"><ele>357.92</ele></trkpt>
<trkpt lat="43.3426417" lon="5.660335"><ele>358.48</ele></trkpt>
<trkpt lat="43.3426133" lon="5.660316700000001"><ele>359.19</ele></trkpt>
<trkpt lat="43.342585" lon="5.6603217"><ele>359.52</ele></trkpt>
<trkpt lat="43.3425583" lon="5.660330000000001"><ele>359.82</ele></trkpt>
<trkpt lat="43.3425283" lon="5.660343299999999"><ele>360.65</ele></trkpt>
<trkpt lat="43.3425" lon="5.6603467"><ele>361.48</ele></trkpt>
<trkpt lat="43.34247" lon="5.660354999999999"><ele>362.2</ele></trkpt>
<trkpt lat="43.3424417" lon="5.660354999999999"><ele>362.92</ele></trkpt>
<trkpt lat="43.3424133" lon="5.6603583"><ele>363.33</ele></trkpt>
<trkpt lat="43.3423817" lon="5.660354999999999"><ele>363.9</ele></trkpt>
<trkpt lat="43.3423483" lon="5.6603517"><ele>365.17</ele></trkpt>
<trkpt lat="43.3423233" lon="5.6603683"><ele>365.68</ele></trkpt>
<trkpt lat="43.3422933" lon="5.6603833"><ele>366.38</ele></trkpt>
<trkpt lat="43.342265" lon="5.6603933"><ele>367.18</ele></trkpt>
<trkpt lat="43.3422383" lon="5.660405"><ele>367.88</ele></trkpt>
<trkpt lat="43.3422083" lon="5.6604167"><ele>368.49</ele></trkpt>
<trkpt lat="43.3421817" lon="5.6604433"><ele>369.38</ele></trkpt>
<trkpt lat="43.3421533" lon="5.6604567"><ele>370.11</ele></trkpt>
<trkpt lat="43.3421267" lon="5.66047"><ele>370.71</ele></trkpt>
<trkpt lat="43.3421" lon="5.660485"><ele>371.41</ele></trkpt>
<trkpt lat="43.3420667" lon="5.6604967"><ele>372.21</ele></trkpt>
<trkpt lat="43.3420383" lon="5.6605067"><ele>372.4499999999999</ele></trkpt>
<trkpt lat="43.3420083" lon="5.660503299999999"><ele>372.75</ele></trkpt>
<trkpt lat="43.3419767" lon="5.6604967"><ele>373.38</ele></trkpt>
<trkpt lat="43.34195" lon="5.6605067"><ele>373.82</ele></trkpt>
<trkpt lat="43.3419283" lon="5.660545"><ele>374.35</ele></trkpt>
<trkpt lat="43.3419067" lon="5.660568300000001"><ele>374.45</ele></trkpt>
<trkpt lat="43.3418883" lon="5.6606"><ele>375.37</ele></trkpt>
<trkpt lat="43.3418783" lon="5.660639999999999"><ele>379.09</ele></trkpt>
<trkpt lat="43.341865" lon="5.6606817"><ele>379.36</ele></trkpt>
<trkpt lat="43.3418517" lon="5.660716699999999"><ele>379.45</ele></trkpt>
<trkpt lat="43.3418383" lon="5.66076"><ele>379.53</ele></trkpt>
<trkpt lat="43.3418283" lon="5.6608"><ele>379.46</ele></trkpt>
<trkpt lat="43.3418083" lon="5.6608383"><ele>379.2</ele></trkpt>
<trkpt lat="43.3417767" lon="5.6608483"><ele>378.11</ele></trkpt>
<trkpt lat="43.34175" lon="5.660868299999999"><ele>376.89</ele></trkpt>
<trkpt lat="43.3417417" lon="5.660905"><ele>376.4</ele></trkpt>
<trkpt lat="43.3417183" lon="5.660931700000001"><ele>376.56</ele></trkpt>
<trkpt lat="43.341695" lon="5.66096"><ele>376.26</ele></trkpt>
<trkpt lat="43.34169" lon="5.6610067"><ele>376.75</ele></trkpt>
<trkpt lat="43.3416633" lon="5.6610333"><ele>377.48</ele></trkpt>
<trkpt lat="43.3416333" lon="5.6610433"><ele>377.82</ele></trkpt>
<trkpt lat="43.3416233" lon="5.66109"><ele>378.41</ele></trkpt>
<trkpt lat="43.3416033" lon="5.661116699999999"><ele>378.82</ele></trkpt>
<trkpt lat="43.3415867" lon="5.661155"><ele>379.02</ele></trkpt>
<trkpt lat="43.34156" lon="5.6611783"><ele>379.22</ele></trkpt>
<trkpt lat="43.3415383" lon="5.661208299999999"><ele>379.09</ele></trkpt>
<trkpt lat="43.3415333" lon="5.6612467"><ele>379.25</ele></trkpt>
<trkpt lat="43.34152" lon="5.66128"><ele>379.43</ele></trkpt>
<trkpt lat="43.3415133" lon="5.661325"><ele>379.75</ele></trkpt>
<trkpt lat="43.3415133" lon="5.6613667"><ele>379.86</ele></trkpt>
<trkpt lat="43.3415117" lon="5.66141"><ele>380.31</ele></trkpt>
<trkpt lat="43.3415167" lon="5.661448299999999"><ele>380.99</ele></trkpt>
<trkpt lat="43.3415033" lon="5.6614883"><ele>381.87</ele></trkpt>
<trkpt lat="43.3414833" lon="5.6615217"><ele>382.38</ele></trkpt>
<trkpt lat="43.3414633" lon="5.66155"><ele>382.81</ele></trkpt>
<trkpt lat="43.3414467" lon="5.6615867"><ele>383.61</ele></trkpt>
<trkpt lat="43.341425" lon="5.661626699999999"><ele>384.51</ele></trkpt>
<trkpt lat="43.341425" lon="5.66167"><ele>385.3</ele></trkpt>
<trkpt lat="43.3414233" lon="5.661708300000001"><ele>385.95</ele></trkpt>
<trkpt lat="43.34141" lon="5.6617467"><ele>386.78</ele></trkpt>
<trkpt lat="43.34139" lon="5.661778299999999"><ele>387.58</ele></trkpt>
<trkpt lat="43.3413817" lon="5.6618167"><ele>388.21</ele></trkpt>
<trkpt lat="43.3413667" lon="5.6618567"><ele>388.98</ele></trkpt>
<trkpt lat="43.3413383" lon="5.6618833"><ele>389.55</ele></trkpt>
<trkpt lat="43.341315" lon="5.661913300000001"><ele>390.08</ele></trkpt>
<trkpt lat="43.34131" lon="5.6619517"><ele>390.67</ele></trkpt>
<trkpt lat="43.3412967" lon="5.661993300000001"><ele>391.21</ele></trkpt>
<trkpt lat="43.341275" lon="5.662025"><ele>391.62</ele></trkpt>
<trkpt lat="43.341245" lon="5.6620433"><ele>391.92</ele></trkpt>
<trkpt lat="43.341225" lon="5.6620683"><ele>392.22</ele></trkpt>
<trkpt lat="43.3412167" lon="5.662104999999999"><ele>392.46</ele></trkpt>
<trkpt lat="43.3411983" lon="5.662135"><ele>393</ele></trkpt>
<trkpt lat="43.3411717" lon="5.6621417"><ele>393.51</ele></trkpt>
<trkpt lat="43.341145" lon="5.6621667"><ele>393.91</ele></trkpt>
<trkpt lat="43.341135" lon="5.6622017"><ele>394.82</ele></trkpt>
<trkpt lat="43.34111" lon="5.6622233"><ele>393.99</ele></trkpt>
<trkpt lat="43.3410833" lon="5.6622483"><ele>394.05</ele></trkpt>
<trkpt lat="43.34107" lon="5.6622817"><ele>394.15</ele></trkpt>
<trkpt lat="43.34104" lon="5.6623083"><ele>394.8299999999999</ele></trkpt>
<trkpt lat="43.3410233" lon="5.662346699999999"><ele>395.02</ele></trkpt>
<trkpt lat="43.3410033" lon="5.662375"><ele>395.42</ele></trkpt>
<trkpt lat="43.3409783" lon="5.662395"><ele>396.55</ele></trkpt>
<trkpt lat="43.3409533" lon="5.6624167"><ele>397.97</ele></trkpt>
<trkpt lat="43.3409283" lon="5.662436699999999"><ele>398.47</ele></trkpt>
<trkpt lat="43.3409" lon="5.662449999999999"><ele>398.98</ele></trkpt>
<trkpt lat="43.3408733" lon="5.662470000000001"><ele>399.68</ele></trkpt>
<trkpt lat="43.34085" lon="5.66249"><ele>400.3</ele></trkpt>
<trkpt lat="43.340825" lon="5.6625083"><ele>401.1800000000001</ele></trkpt>
<trkpt lat="43.3407983" lon="5.6625367"><ele>401.6999999999999</ele></trkpt>
<trkpt lat="43.340775" lon="5.6625617"><ele>401.98</ele></trkpt>
<trkpt lat="43.3407483" lon="5.66258"><ele>402.38</ele></trkpt>
<trkpt lat="43.340715" lon="5.6625867"><ele>403.1800000000001</ele></trkpt>
<trkpt lat="43.3406883" lon="5.6626133"><ele>403.68</ele></trkpt>
<trkpt lat="43.3406617" lon="5.6626383"><ele>404.2</ele></trkpt>
<trkpt lat="43.34064" lon="5.6626683"><ele>404.51</ele></trkpt>
<trkpt lat="43.3406117" lon="5.6626917"><ele>405.04</ele></trkpt>
<trkpt lat="43.3405733" lon="5.662705"><ele>405.05</ele></trkpt>
<trkpt lat="43.3405467" lon="5.6627183"><ele>405.05</ele></trkpt>
<trkpt lat="43.3405167" lon="5.66273"><ele>405.03</ele></trkpt>
<trkpt lat="43.34049" lon="5.6627383"><ele>405.1399999999999</ele></trkpt>
<trkpt lat="43.3404667" lon="5.66276"><ele>405.08</ele></trkpt>
<trkpt lat="43.34044" lon="5.6627833"><ele>405.1499999999999</ele></trkpt>
<trkpt lat="43.3404183" lon="5.662810000000001"><ele>405.34</ele></trkpt>
<trkpt lat="43.3403917" lon="5.66282"><ele>405.64</ele></trkpt>
<trkpt lat="43.3403567" lon="5.66282"><ele>406.04</ele></trkpt>
<trkpt lat="43.3403283" lon="5.662823299999999"><ele>406.24</ele></trkpt>
<trkpt lat="43.3402983" lon="5.662823299999999"><ele>406.3299999999999</ele></trkpt>
<trkpt lat="43.3402667" lon="5.6628333"><ele>406.26</ele></trkpt>
<trkpt lat="43.34024" lon="5.662841700000001"><ele>406.35</ele></trkpt>
<trkpt lat="43.3402083" lon="5.662855000000001"><ele>406.43</ele></trkpt>
<trkpt lat="43.3401817" lon="5.662868300000001"><ele>406.52</ele></trkpt>
<trkpt lat="43.34015" lon="5.662856700000001"><ele>406.81</ele></trkpt>
<trkpt lat="43.3401183" lon="5.6628467"><ele>407.21</ele></trkpt>
<trkpt lat="43.3400883" lon="5.6628483"><ele>407.51</ele></trkpt>
<trkpt lat="43.3400567" lon="5.662834999999999"><ele>407.98</ele></trkpt>
<trkpt lat="43.3400283" lon="5.6628317"><ele>408.48</ele></trkpt>
<trkpt lat="43.34" lon="5.6628317"><ele>408.81</ele></trkpt>
<trkpt lat="43.3399717" lon="5.662815"><ele>409.4999999999999</ele></trkpt>
<trkpt lat="43.3399433" lon="5.6627983"><ele>410.4</ele></trkpt>
<trkpt lat="43.3399133" lon="5.662779999999999"><ele>410.98</ele></trkpt>
<trkpt lat="43.339885" lon="5.6627833"><ele>411.51</ele></trkpt>
<trkpt lat="43.339855" lon="5.662775"><ele>411.88</ele></trkpt>
<trkpt lat="43.3398217" lon="5.6627733"><ele>412.41</ele></trkpt>
<trkpt lat="43.33979" lon="5.662768300000001"><ele>412.48</ele></trkpt>
<trkpt lat="43.3397633" lon="5.66276"><ele>412.54</ele></trkpt>
<trkpt lat="43.3397333" lon="5.6627583"><ele>412.74</ele></trkpt>
<trkpt lat="43.339705" lon="5.6627533"><ele>412.7</ele></trkpt>
<trkpt lat="43.3396783" lon="5.66276"><ele>412.82</ele></trkpt>
<trkpt lat="43.33965" lon="5.6627717"><ele>412.9399999999999</ele></trkpt>
<trkpt lat="43.339615" lon="5.662766699999999"><ele>413.21</ele></trkpt>
<trkpt lat="43.3395967" lon="5.662734999999999"><ele>413.7099999999999</ele></trkpt>
<trkpt lat="43.3395767" lon="5.662708300000001"><ele>414.04</ele></trkpt>
<trkpt lat="43.3395467" lon="5.6626917"><ele>413.95</ele></trkpt>
<trkpt lat="43.3395217" lon="5.66267"><ele>414.0199999999999</ele></trkpt>
<trkpt lat="43.3394917" lon="5.662655"><ele>414.41</ele></trkpt>
<trkpt lat="43.3394633" lon="5.6626367"><ele>414.48</ele></trkpt>
<trkpt lat="43.3393933" lon="5.662629999999999"><ele>413.8</ele></trkpt>
<trkpt lat="43.3393683" lon="5.66261"><ele>413.48</ele></trkpt>
<trkpt lat="43.3393367" lon="5.6626"><ele>412.99</ele></trkpt>
<trkpt lat="43.3393083" lon="5.6625833"><ele>413.28</ele></trkpt>
<trkpt lat="43.3393" lon="5.6625383"><ele>414.95</ele></trkpt>
<trkpt lat="43.3392767" lon="5.662504999999999"><ele>414.23</ele></trkpt>
<trkpt lat="43.339245" lon="5.662485"><ele>413.79</ele></trkpt>
<trkpt lat="43.339215" lon="5.662483300000001"><ele>412.56</ele></trkpt>
<trkpt lat="43.3391833" lon="5.6624783"><ele>412.48</ele></trkpt>
<trkpt lat="43.3391517" lon="5.6624733"><ele>412.21</ele></trkpt>
<trkpt lat="43.33912" lon="5.662475"><ele>412.1199999999999</ele></trkpt>
<trkpt lat="43.3390917" lon="5.6624533"><ele>411.79</ele></trkpt>
<trkpt lat="43.339065" lon="5.66243"><ele>411.62</ele></trkpt>
<trkpt lat="43.3390367" lon="5.662403299999999"><ele>411.84</ele></trkpt>
<trkpt lat="43.33901" lon="5.6623883"><ele>412.04</ele></trkpt>
<trkpt lat="43.3389833" lon="5.662380000000001"><ele>412.24</ele></trkpt>
<trkpt lat="43.338955" lon="5.662401699999999"><ele>412.45</ele></trkpt>
<trkpt lat="43.33893" lon="5.6624183"><ele>412.9399999999999</ele></trkpt>
<trkpt lat="43.3388967" lon="5.6624183"><ele>412.66</ele></trkpt>
<trkpt lat="43.338865" lon="5.6624317"><ele>412.46</ele></trkpt>
<trkpt lat="43.3388367" lon="5.662436699999999"><ele>412.42</ele></trkpt>
<trkpt lat="43.33881" lon="5.66242"><ele>412.5799999999999</ele></trkpt>
<trkpt lat="43.3387767" lon="5.6624167"><ele>412.35</ele></trkpt>
<trkpt lat="43.3387467" lon="5.662435000000001"><ele>412.3199999999999</ele></trkpt>
<trkpt lat="43.33872" lon="5.662455"><ele>412.51</ele></trkpt>
<trkpt lat="43.3386733" lon="5.6624567"><ele>412.71</ele></trkpt>
<trkpt lat="43.3386433" lon="5.6624767"><ele>412.09</ele></trkpt>
<trkpt lat="43.33862" lon="5.6624417"><ele>413.13</ele></trkpt>
<trkpt lat="43.3385883" lon="5.662436699999999"><ele>412.87</ele></trkpt>
<trkpt lat="43.3385633" lon="5.6624183"><ele>411.3</ele></trkpt>
<trkpt lat="43.3385333" lon="5.66243"><ele>410.8899999999999</ele></trkpt>
<trkpt lat="43.3384617" lon="5.662403299999999"><ele>410.21</ele></trkpt>
<trkpt lat="43.338445" lon="5.662366700000001"><ele>409.79</ele></trkpt>
<trkpt lat="43.33844" lon="5.662321700000001"><ele>409.42</ele></trkpt>
<trkpt lat="43.3384317" lon="5.662278300000001"><ele>408.83</ele></trkpt>
<trkpt lat="43.3384333" lon="5.66224"><ele>407.51</ele></trkpt>
<trkpt lat="43.338435" lon="5.6622"><ele>406.47</ele></trkpt>
<trkpt lat="43.33841" lon="5.66215"><ele>405.9</ele></trkpt>
<trkpt lat="43.3384167" lon="5.6621117"><ele>405.64</ele></trkpt>
<trkpt lat="43.3384033" lon="5.662073299999999"><ele>405.95</ele></trkpt>
<trkpt lat="43.338375" lon="5.662063299999999"><ele>406.0500000000001</ele></trkpt>
<trkpt lat="43.3383467" lon="5.662048300000001"><ele>406.61</ele></trkpt>
<trkpt lat="43.33832" lon="5.662036700000001"><ele>407.1800000000001</ele></trkpt>
<trkpt lat="43.33829" lon="5.662036700000001"><ele>408.34</ele></trkpt>
<trkpt lat="43.3382583" lon="5.662048300000001"><ele>408.9700000000001</ele></trkpt>
<trkpt lat="43.33823" lon="5.6620567"><ele>409.77</ele></trkpt>
<trkpt lat="43.3382017" lon="5.662048300000001"><ele>412.0099999999999</ele></trkpt>
<trkpt lat="43.3381717" lon="5.6620433"><ele>412.6799999999999</ele></trkpt>
<trkpt lat="43.338145" lon="5.6620517"><ele>413.1399999999999</ele></trkpt>
<trkpt lat="43.338115" lon="5.662048300000001"><ele>413.4400000000001</ele></trkpt>
<trkpt lat="43.3380783" lon="5.6620533"><ele>413.54</ele></trkpt>
<trkpt lat="43.338045" lon="5.6620517"><ele>413.74</ele></trkpt>
<trkpt lat="43.3380167" lon="5.662059999999999"><ele>414.2</ele></trkpt>
<trkpt lat="43.3379883" lon="5.662081700000001"><ele>415</ele></trkpt>
<trkpt lat="43.3379883" lon="5.662125"><ele>415.9</ele></trkpt>
<trkpt lat="43.3379733" lon="5.66216"><ele>416.6</ele></trkpt>
<trkpt lat="43.3379617" lon="5.662198300000001"><ele>417.01</ele></trkpt>
<trkpt lat="43.3379433" lon="5.662235"><ele>417.31</ele></trkpt>
<trkpt lat="43.33793" lon="5.6622733"><ele>417.7099999999999</ele></trkpt>
<trkpt lat="43.33791" lon="5.6623017"><ele>418.03</ele></trkpt>
<trkpt lat="43.3378917" lon="5.662331700000001"><ele>418.5</ele></trkpt>
<trkpt lat="43.3378783" lon="5.662366700000001"><ele>419.1999999999999</ele></trkpt>
<trkpt lat="43.3378583" lon="5.6623983"><ele>419.7099999999999</ele></trkpt>
<trkpt lat="43.3378417" lon="5.6624317"><ele>420.3</ele></trkpt>
<trkpt lat="43.337825" lon="5.6624617"><ele>420.78</ele></trkpt>
<trkpt lat="43.3378167" lon="5.6624983"><ele>421.37</ele></trkpt>
<trkpt lat="43.3378" lon="5.66253"><ele>421.8</ele></trkpt>
<trkpt lat="43.3377767" lon="5.662553299999999"><ele>422.3</ele></trkpt>
<trkpt lat="43.337755" lon="5.6625883"><ele>422.8999999999999</ele></trkpt>
<trkpt lat="43.3377467" lon="5.662625"><ele>423.3</ele></trkpt>
<trkpt lat="43.3377267" lon="5.662655"><ele>424.0599999999999</ele></trkpt>
<trkpt lat="43.33771" lon="5.662688299999999"><ele>424.4100000000001</ele></trkpt>
<trkpt lat="43.3376983" lon="5.662723299999999"><ele>424.6399999999999</ele></trkpt>
<trkpt lat="43.3376733" lon="5.662745"><ele>424.72</ele></trkpt>
<trkpt lat="43.337655" lon="5.6627733"><ele>425.36</ele></trkpt>
<trkpt lat="43.3376383" lon="5.6628033"><ele>426.27</ele></trkpt>
<trkpt lat="43.3376183" lon="5.6628283"><ele>426.99</ele></trkpt>
<trkpt lat="43.3376" lon="5.662868300000001"><ele>427.41</ele></trkpt>
<trkpt lat="43.3375867" lon="5.6629083"><ele>427.99</ele></trkpt>
<trkpt lat="43.337565" lon="5.6629317"><ele>428.6899999999999</ele></trkpt>
<trkpt lat="43.3375433" lon="5.662965"><ele>429.01</ele></trkpt>
<trkpt lat="43.3375217" lon="5.6629967"><ele>429.23</ele></trkpt>
<trkpt lat="43.3375067" lon="5.66303"><ele>429.7</ele></trkpt>
<trkpt lat="43.3374833" lon="5.663064999999999"><ele>430.3</ele></trkpt>
<trkpt lat="43.33747" lon="5.6631"><ele>430.71</ele></trkpt>
<trkpt lat="43.3374517" lon="5.6631317"><ele>431.13</ele></trkpt>
<trkpt lat="43.33743" lon="5.663164999999999"><ele>431.4999999999999</ele></trkpt>
<trkpt lat="43.3374067" lon="5.66319"><ele>431.93</ele></trkpt>
<trkpt lat="43.337385" lon="5.6632183"><ele>432.23</ele></trkpt>
<trkpt lat="43.337365" lon="5.6632483"><ele>432.77</ele></trkpt>
<trkpt lat="43.33734" lon="5.6632733"><ele>433.1999999999999</ele></trkpt>
<trkpt lat="43.3373167" lon="5.6632967"><ele>433.4999999999999</ele></trkpt>
<trkpt lat="43.3372983" lon="5.6633283"><ele>433.91</ele></trkpt>
<trkpt lat="43.3372817" lon="5.6633583"><ele>434.3</ele></trkpt>
<trkpt lat="43.33727" lon="5.6633967"><ele>434.8</ele></trkpt>
<trkpt lat="43.3372467" lon="5.66343"><ele>435.1999999999999</ele></trkpt>
<trkpt lat="43.33723" lon="5.6634683"><ele>435.43</ele></trkpt>
<trkpt lat="43.3372183" lon="5.66351"><ele>435.83</ele></trkpt>
<trkpt lat="43.3371933" lon="5.6635333"><ele>436.04</ele></trkpt>
<trkpt lat="43.337165" lon="5.6635467"><ele>436.23</ele></trkpt>
<trkpt lat="43.33714" lon="5.6635667"><ele>436.54</ele></trkpt>
<trkpt lat="43.3371133" lon="5.6635783"><ele>436.81</ele></trkpt>
<trkpt lat="43.3370933" lon="5.6636033"><ele>437.9</ele></trkpt>
<trkpt lat="43.3370683" lon="5.663625"><ele>439.1</ele></trkpt>
<trkpt lat="43.3370367" lon="5.6636467"><ele>439.69</ele></trkpt>
<trkpt lat="43.3370067" lon="5.663655"><ele>440</ele></trkpt>
<trkpt lat="43.3369733" lon="5.663651700000001"><ele>440.77</ele></trkpt>
<trkpt lat="43.33694" lon="5.6636583"><ele>441.29</ele></trkpt>
<trkpt lat="43.33691" lon="5.663655"><ele>442.29</ele></trkpt>
<trkpt lat="43.33687" lon="5.663725"><ele>441.5599999999999</ele></trkpt>
<trkpt lat="43.3368483" lon="5.66376"><ele>441.02</ele></trkpt>
<trkpt lat="43.33683" lon="5.663795"><ele>441.4999999999999</ele></trkpt>
<trkpt lat="43.33683" lon="5.6638333"><ele>441.73</ele></trkpt>
<trkpt lat="43.3368283" lon="5.663871699999999"><ele>442.23</ele></trkpt>
<trkpt lat="43.3368133" lon="5.6639067"><ele>442.77</ele></trkpt>
<trkpt lat="43.3367967" lon="5.6639417"><ele>443.2599999999999</ele></trkpt>
<trkpt lat="43.3367867" lon="5.66398"><ele>443.41</ele></trkpt>
<trkpt lat="43.3367767" lon="5.664016699999999"><ele>443.71</ele></trkpt>
<trkpt lat="43.336755" lon="5.664040000000001"><ele>444.01</ele></trkpt>
<trkpt lat="43.3367283" lon="5.6640567"><ele>444.3299999999999</ele></trkpt>
<trkpt lat="43.3367017" lon="5.6640783"><ele>445.05</ele></trkpt>
<trkpt lat="43.3366833" lon="5.6641083"><ele>445.7</ele></trkpt>
<trkpt lat="43.336665" lon="5.6641383"><ele>446.4</ele></trkpt>
<trkpt lat="43.33665" lon="5.664175"><ele>446.84</ele></trkpt>
<trkpt lat="43.336625" lon="5.6641917"><ele>447.89</ele></trkpt>
<trkpt lat="43.3366017" lon="5.6642167"><ele>449.1499999999999</ele></trkpt>
<trkpt lat="43.3365817" lon="5.664246699999999"><ele>449.9</ele></trkpt>
<trkpt lat="43.336555" lon="5.664278300000001"><ele>450.4</ele></trkpt>
<trkpt lat="43.3365333" lon="5.664301699999999"><ele>451.1</ele></trkpt>
<trkpt lat="43.3365167" lon="5.664338300000001"><ele>451.7</ele></trkpt>
<trkpt lat="43.3364967" lon="5.664375"><ele>452.6799999999999</ele></trkpt>
<trkpt lat="43.3364733" lon="5.6644017"><ele>453.59</ele></trkpt>
<trkpt lat="43.3364467" lon="5.664426700000001"><ele>454.47</ele></trkpt>
<trkpt lat="43.3364283" lon="5.6644617"><ele>455.47</ele></trkpt>
<trkpt lat="43.3364033" lon="5.6644817"><ele>456.06</ele></trkpt>
<trkpt lat="43.33638" lon="5.6645117"><ele>456.5</ele></trkpt>
<trkpt lat="43.336355" lon="5.6645483"><ele>457.19</ele></trkpt>
<trkpt lat="43.3363317" lon="5.664575000000001"><ele>457.69</ele></trkpt>
<trkpt lat="43.3363117" lon="5.6646083"><ele>458.22</ele></trkpt>
<trkpt lat="43.3362883" lon="5.66463"><ele>458.79</ele></trkpt>
<trkpt lat="43.3362667" lon="5.6646583"><ele>459.13</ele></trkpt>
<trkpt lat="43.336245" lon="5.6646833"><ele>459.6</ele></trkpt>
<trkpt lat="43.3362317" lon="5.6647183"><ele>460.19</ele></trkpt>
<trkpt lat="43.3362017" lon="5.664745"><ele>460.87</ele></trkpt>
<trkpt lat="43.336175" lon="5.66476"><ele>461.3</ele></trkpt>
<trkpt lat="43.336145" lon="5.664781699999999"><ele>462.0699999999999</ele></trkpt>
<trkpt lat="43.3361233" lon="5.6648067"><ele>463.38</ele></trkpt>
<trkpt lat="43.3360917" lon="5.664826699999999"><ele>464.25</ele></trkpt>
<trkpt lat="43.336065" lon="5.664845"><ele>464.89</ele></trkpt>
<trkpt lat="43.3360417" lon="5.6648667"><ele>465.13</ele></trkpt>
<trkpt lat="43.3360133" lon="5.6648883"><ele>465.49</ele></trkpt>
<trkpt lat="43.3359917" lon="5.664916699999999"><ele>465.8</ele></trkpt>
<trkpt lat="43.3359683" lon="5.664945"><ele>466.27</ele></trkpt>
<trkpt lat="43.33594" lon="5.6649767"><ele>466.77</ele></trkpt>
<trkpt lat="43.3359217" lon="5.665008300000001"><ele>467.1999999999999</ele></trkpt>
<trkpt lat="43.3358967" lon="5.6650283"><ele>467.7</ele></trkpt>
<trkpt lat="43.335875" lon="5.6650567"><ele>468.29</ele></trkpt>
<trkpt lat="43.335855" lon="5.665086700000001"><ele>468.8999999999999</ele></trkpt>
<trkpt lat="43.3358283" lon="5.665109999999999"><ele>469.27</ele></trkpt>
<trkpt lat="43.335805" lon="5.66513"><ele>469.69</ele></trkpt>
<trkpt lat="43.3357883" lon="5.66517"><ele>470.26</ele></trkpt>
<trkpt lat="43.3357683" lon="5.6651983"><ele>470.5</ele></trkpt>
<trkpt lat="43.3357567" lon="5.665246699999999"><ele>470.73</ele></trkpt>
<trkpt lat="43.3357383" lon="5.6652817"><ele>470.83</ele></trkpt>
<trkpt lat="43.33572" lon="5.665325000000001"><ele>470.77</ele></trkpt>
<trkpt lat="43.3357" lon="5.665363299999999"><ele>470.4399999999999</ele></trkpt>
<trkpt lat="43.33569" lon="5.6654033"><ele>469.68</ele></trkpt>
<trkpt lat="43.33568" lon="5.665441699999999"><ele>469.5199999999999</ele></trkpt>
<trkpt lat="43.3356583" lon="5.6654667"><ele>469.63</ele></trkpt>
<trkpt lat="43.3356417" lon="5.665499999999999"><ele>469.38</ele></trkpt>
<trkpt lat="43.3356367" lon="5.6655367"><ele>469.18</ele></trkpt>
<trkpt lat="43.3356267" lon="5.665575"><ele>468.9499999999999</ele></trkpt>
<trkpt lat="43.3356217" lon="5.665621700000001"><ele>469.32</ele></trkpt>
<trkpt lat="43.3356217" lon="5.6656633"><ele>469.5</ele></trkpt>
<trkpt lat="43.3356133" lon="5.665703300000001"><ele>470.02</ele></trkpt>
<trkpt lat="43.3355983" lon="5.665736699999999"><ele>470.3299999999999</ele></trkpt>
<trkpt lat="43.3355883" lon="5.665775"><ele>470.46</ele></trkpt>
<trkpt lat="43.335565" lon="5.665805000000001"><ele>470.53</ele></trkpt>
<trkpt lat="43.335545" lon="5.6658367"><ele>470.6999999999999</ele></trkpt>
<trkpt lat="43.33552" lon="5.665873299999999"><ele>471.16</ele></trkpt>
<trkpt lat="43.3354967" lon="5.6658983"><ele>471.89</ele></trkpt>
<trkpt lat="43.3354667" lon="5.665908300000001"><ele>472.19</ele></trkpt>
<trkpt lat="43.3354333" lon="5.6659217"><ele>472.62</ele></trkpt>
<trkpt lat="43.33541" lon="5.6659433"><ele>473.19</ele></trkpt>
<trkpt lat="43.3353933" lon="5.665975"><ele>473.3</ele></trkpt>
<trkpt lat="43.3353717" lon="5.666005"><ele>473.8199999999999</ele></trkpt>
<trkpt lat="43.3353483" lon="5.6660367"><ele>474.3899999999999</ele></trkpt>
<trkpt lat="43.335345" lon="5.6660833"><ele>474.6999999999999</ele></trkpt>
<trkpt lat="43.3353417" lon="5.6661233"><ele>475.12</ele></trkpt>
<trkpt lat="43.3353417" lon="5.6661617"><ele>475.14</ele></trkpt>
<trkpt lat="43.33534" lon="5.666201699999999"><ele>475.5</ele></trkpt>
<trkpt lat="43.33532" lon="5.666238300000001"><ele>475.8699999999999</ele></trkpt>
<trkpt lat="43.3353033" lon="5.6662717"><ele>476.29</ele></trkpt>
<trkpt lat="43.3352783" lon="5.66629"><ele>476.93</ele></trkpt>
<trkpt lat="43.3352533" lon="5.666315"><ele>478.1</ele></trkpt>
<trkpt lat="43.3352367" lon="5.666345"><ele>478.23</ele></trkpt>
<trkpt lat="43.3352133" lon="5.666365"><ele>478.4</ele></trkpt>
<trkpt lat="43.33518" lon="5.6663667"><ele>478.6</ele></trkpt>
<trkpt lat="43.3351567" lon="5.6663867"><ele>478.83</ele></trkpt>
<trkpt lat="43.3351433" lon="5.6664233"><ele>479.13</ele></trkpt>
<trkpt lat="43.33513" lon="5.666465000000001"><ele>479.32</ele></trkpt>
<trkpt lat="43.33511" lon="5.666489999999999"><ele>479.34</ele></trkpt>
<trkpt lat="43.3350817" lon="5.6665017"><ele>479.59</ele></trkpt>
<trkpt lat="43.33505" lon="5.6665083"><ele>479.71</ele></trkpt>
<trkpt lat="43.33503" lon="5.6665367"><ele>479.93</ele></trkpt>
<trkpt lat="43.3350217" lon="5.666576700000001"><ele>479.8600000000001</ele></trkpt>
<trkpt lat="43.3350167" lon="5.666621700000001"><ele>479.74</ele></trkpt>
<trkpt lat="43.33501" lon="5.6666633"><ele>479.81</ele></trkpt>
<trkpt lat="43.3349917" lon="5.6666983"><ele>480.22</ele></trkpt>
<trkpt lat="43.33497" lon="5.666725"><ele>480.3</ele></trkpt>
<trkpt lat="43.3349467" lon="5.666755"><ele>480.33</ele></trkpt>
<trkpt lat="43.3349267" lon="5.6667917"><ele>480.26</ele></trkpt>
<trkpt lat="43.3349033" lon="5.666816699999999"><ele>480.3999999999999</ele></trkpt>
<trkpt lat="43.3348783" lon="5.666835"><ele>480.6</ele></trkpt>
<trkpt lat="43.3348533" lon="5.6668567"><ele>480.8</ele></trkpt>
<trkpt lat="43.3348317" lon="5.6668817"><ele>481.19</ele></trkpt>
<trkpt lat="43.3348167" lon="5.6669133"><ele>481.4</ele></trkpt>
<trkpt lat="43.3348017" lon="5.666953300000001"><ele>481.7</ele></trkpt>
<trkpt lat="43.334775" lon="5.666968299999999"><ele>482.11</ele></trkpt>
<trkpt lat="43.334745" lon="5.66699"><ele>482.49</ele></trkpt>
<trkpt lat="43.3347117" lon="5.666985"><ele>482.89</ele></trkpt>
<trkpt lat="43.3346817" lon="5.6669883"><ele>483.19</ele></trkpt>
<trkpt lat="43.3346567" lon="5.667005"><ele>483.5599999999999</ele></trkpt>
<trkpt lat="43.3346317" lon="5.66702"><ele>483.8199999999999</ele></trkpt>
<trkpt lat="43.3346083" lon="5.667045000000001"><ele>483.91</ele></trkpt>
<trkpt lat="43.3345883" lon="5.66708"><ele>484.19</ele></trkpt>
<trkpt lat="43.334565" lon="5.667114999999999"><ele>484.52</ele></trkpt>
<trkpt lat="43.33454" lon="5.6671383"><ele>484.82</ele></trkpt>
<trkpt lat="43.3345183" lon="5.66717"><ele>485.16</ele></trkpt>
<trkpt lat="43.3345033" lon="5.6672033"><ele>485.49</ele></trkpt>
<trkpt lat="43.33449" lon="5.667245"><ele>485.9</ele></trkpt>
<trkpt lat="43.334495" lon="5.667283300000001"><ele>486.29</ele></trkpt>
<trkpt lat="43.3344983" lon="5.6673217"><ele>486.79</ele></trkpt>
<trkpt lat="43.334475" lon="5.6673467"><ele>487.47</ele></trkpt>
<trkpt lat="43.334465" lon="5.6673917"><ele>487.38</ele></trkpt>
<trkpt lat="43.33447" lon="5.6674283"><ele>487.61</ele></trkpt>
<trkpt lat="43.3344883" lon="5.6674633"><ele>487.8</ele></trkpt>
<trkpt lat="43.3345067" lon="5.6675"><ele>488.1799999999999</ele></trkpt>
<trkpt lat="43.3345167" lon="5.6675383"><ele>487.94</ele></trkpt>
<trkpt lat="43.33451" lon="5.667575"><ele>487.9100000000001</ele></trkpt>
<trkpt lat="43.33452" lon="5.6676167"><ele>487.84</ele></trkpt>
<trkpt lat="43.3345367" lon="5.6676483"><ele>488.2</ele></trkpt>
<trkpt lat="43.3345533" lon="5.667681699999999"><ele>488.78</ele></trkpt>
<trkpt lat="43.33456" lon="5.6677233"><ele>489.28</ele></trkpt>
<trkpt lat="43.33457" lon="5.667763300000001"><ele>489.63</ele></trkpt>
<trkpt lat="43.3345683" lon="5.66781"><ele>489.5599999999999</ele></trkpt>
<trkpt lat="43.3345683" lon="5.667855"><ele>489.2699999999999</ele></trkpt>
<trkpt lat="43.3345817" lon="5.667915"><ele>489.71</ele></trkpt>
<trkpt lat="43.3345967" lon="5.6679517"><ele>490.64</ele></trkpt>
<trkpt lat="43.3346" lon="5.6679917"><ele>491.55</ele></trkpt>
<trkpt lat="43.3346167" lon="5.6680317"><ele>492.15</ele></trkpt>
<trkpt lat="43.334615" lon="5.668073299999999"><ele>492.86</ele></trkpt>
<trkpt lat="43.3346" lon="5.668104999999999"><ele>493.12</ele></trkpt>
<trkpt lat="43.3345933" lon="5.6681433"><ele>493.49</ele></trkpt>
<trkpt lat="43.3345883" lon="5.6681867"><ele>494.48</ele></trkpt>
<trkpt lat="43.33459" lon="5.6682333"><ele>495.08</ele></trkpt>
<trkpt lat="43.3345917" lon="5.6682817"><ele>495.55</ele></trkpt>
<trkpt lat="43.3345717" lon="5.6683183"><ele>496.35</ele></trkpt>
<trkpt lat="43.33455" lon="5.6683483"><ele>497.3199999999999</ele></trkpt>
<trkpt lat="43.3345233" lon="5.6683733"><ele>498.21</ele></trkpt>
<trkpt lat="43.3345017" lon="5.668413299999999"><ele>498.6900000000001</ele></trkpt>
<trkpt lat="43.3344867" lon="5.668444999999999"><ele>498.82</ele></trkpt>
<trkpt lat="43.33447" lon="5.668476700000001"><ele>499.2</ele></trkpt>
<trkpt lat="43.3344517" lon="5.6685067"><ele>499.68</ele></trkpt>
<trkpt lat="43.33443" lon="5.6685417"><ele>500.38</ele></trkpt>
<trkpt lat="43.3344083" lon="5.6685783"><ele>501.25</ele></trkpt>
<trkpt lat="43.334395" lon="5.66862"><ele>501.98</ele></trkpt>
<trkpt lat="43.334385" lon="5.6686617"><ele>502.2200000000001</ele></trkpt>
<trkpt lat="43.334365" lon="5.6687017"><ele>502.55</ele></trkpt>
<trkpt lat="43.334345" lon="5.6687317"><ele>503.44</ele></trkpt>
<trkpt lat="43.33433" lon="5.668765"><ele>503.96</ele></trkpt>
<trkpt lat="43.3343167" lon="5.668805"><ele>505.14</ele></trkpt>
<trkpt lat="43.3343033" lon="5.6688417"><ele>506.35</ele></trkpt>
<trkpt lat="43.33428" lon="5.668878299999999"><ele>506.88</ele></trkpt>
<trkpt lat="43.3342767" lon="5.6689183"><ele>507.0599999999999</ele></trkpt>
<trkpt lat="43.3342633" lon="5.668958300000001"><ele>507.03</ele></trkpt>
<trkpt lat="43.3342567" lon="5.669001700000001"><ele>507.3</ele></trkpt>
<trkpt lat="43.3342417" lon="5.6690417"><ele>507.6100000000001</ele></trkpt>
<trkpt lat="43.3342333" lon="5.6690817"><ele>507.8200000000001</ele></trkpt>
<trkpt lat="43.3342267" lon="5.669118299999999"><ele>508.1899999999999</ele></trkpt>
<trkpt lat="43.3342183" lon="5.669155"><ele>508.82</ele></trkpt>
<trkpt lat="43.3342017" lon="5.669195000000001"><ele>509.13</ele></trkpt>
<trkpt lat="43.33419" lon="5.6692483"><ele>512.91</ele></trkpt>
<trkpt lat="43.3341883" lon="5.669295"><ele>511.17</ele></trkpt>
<trkpt lat="43.334175" lon="5.669331700000001"><ele>510.83</ele></trkpt>
<trkpt lat="43.3341567" lon="5.669365"><ele>511.0199999999999</ele></trkpt>
<trkpt lat="43.3341367" lon="5.669401699999999"><ele>511.19</ele></trkpt>
<trkpt lat="43.3341183" lon="5.669435000000001"><ele>511.49</ele></trkpt>
<trkpt lat="43.3341067" lon="5.6694783"><ele>511.72</ele></trkpt>
<trkpt lat="43.3340967" lon="5.6695133"><ele>511.92</ele></trkpt>
<trkpt lat="43.3340867" lon="5.669549999999999"><ele>512.22</ele></trkpt>
<trkpt lat="43.3340967" lon="5.6695967"><ele>512.5</ele></trkpt>
<trkpt lat="43.3340917" lon="5.669639999999999"><ele>512.96</ele></trkpt>
<trkpt lat="43.3340917" lon="5.6696817"><ele>513.48</ele></trkpt>
<trkpt lat="43.3340783" lon="5.669715"><ele>514.35</ele></trkpt>
<trkpt lat="43.3340767" lon="5.6697583"><ele>515.81</ele></trkpt>
<trkpt lat="43.3340767" lon="5.6697983"><ele>516.91</ele></trkpt>
<trkpt lat="43.334075" lon="5.6698433"><ele>518.2</ele></trkpt>
<trkpt lat="43.334065" lon="5.6698833"><ele>518.89</ele></trkpt>
<trkpt lat="43.33405" lon="5.66992"><ele>519.58</ele></trkpt>
<trkpt lat="43.33404" lon="5.669958300000001"><ele>520.09</ele></trkpt>
<trkpt lat="43.3340183" lon="5.66999"><ele>520.3</ele></trkpt>
<trkpt lat="43.334005" lon="5.6700317"><ele>520.7</ele></trkpt>
<trkpt lat="43.3339917" lon="5.6700683"><ele>521.19</ele></trkpt>
<trkpt lat="43.3339733" lon="5.6700967"><ele>521.59</ele></trkpt>
<trkpt lat="43.3339517" lon="5.6701283"><ele>521.91</ele></trkpt>
<trkpt lat="43.333945" lon="5.6701667"><ele>522.41</ele></trkpt>
<trkpt lat="43.3339333" lon="5.6702033"><ele>523.19</ele></trkpt>
<trkpt lat="43.3339233" lon="5.67024"><ele>523.42</ele></trkpt>
<trkpt lat="43.3339083" lon="5.6702783"><ele>523.79</ele></trkpt>
<trkpt lat="43.3338833" lon="5.670299999999999"><ele>524.29</ele></trkpt>
<trkpt lat="43.3338667" lon="5.670335000000001"><ele>524.79</ele></trkpt>
<trkpt lat="43.3338467" lon="5.670366700000001"><ele>525.42</ele></trkpt>
<trkpt lat="43.33383" lon="5.6703967"><ele>525.82</ele></trkpt>
<trkpt lat="43.3338067" lon="5.670421700000001"><ele>526.1</ele></trkpt>
<trkpt lat="43.3337833" lon="5.670445"><ele>526.89</ele></trkpt>
<trkpt lat="43.3337733" lon="5.670483300000001"><ele>527.2</ele></trkpt>
<trkpt lat="43.3337567" lon="5.6705167"><ele>527.42</ele></trkpt>
<trkpt lat="43.3337317" lon="5.6705317"><ele>527.79</ele></trkpt>
<trkpt lat="43.3337117" lon="5.6705667"><ele>528.97</ele></trkpt>
<trkpt lat="43.3336867" lon="5.6705833"><ele>529.48</ele></trkpt>
<trkpt lat="43.3336617" lon="5.670605"><ele>529.99</ele></trkpt>
<trkpt lat="43.33365" lon="5.670645"><ele>530.59</ele></trkpt>
<trkpt lat="43.3336317" lon="5.6706817"><ele>531.38</ele></trkpt>
<trkpt lat="43.3336067" lon="5.6707017"><ele>532.18</ele></trkpt>
<trkpt lat="43.3335967" lon="5.6707433"><ele>532.78</ele></trkpt>
<trkpt lat="43.333585" lon="5.6707833"><ele>533.48</ele></trkpt>
<trkpt lat="43.333565" lon="5.6708083"><ele>534.37</ele></trkpt>
<trkpt lat="43.3335433" lon="5.6708333"><ele>535.65</ele></trkpt>
<trkpt lat="43.33353" lon="5.670866700000001"><ele>537.31</ele></trkpt>
<trkpt lat="43.3335167" lon="5.6709067"><ele>537.79</ele></trkpt>
<trkpt lat="43.3335017" lon="5.6709433"><ele>538.28</ele></trkpt>
<trkpt lat="43.3334933" lon="5.67098"><ele>538.96</ele></trkpt>
<trkpt lat="43.33348" lon="5.67102"><ele>539.29</ele></trkpt>
<trkpt lat="43.3334617" lon="5.6710567"><ele>539.91</ele></trkpt>
<trkpt lat="43.3334333" lon="5.6710833"><ele>540.46</ele></trkpt>
<trkpt lat="43.3334033" lon="5.6711"><ele>540.88</ele></trkpt>
<trkpt lat="43.3333783" lon="5.671119999999999"><ele>541.29</ele></trkpt>
<trkpt lat="43.3333467" lon="5.67113"><ele>541.78</ele></trkpt>
<trkpt lat="43.3333217" lon="5.671145"><ele>542.18</ele></trkpt>
<trkpt lat="43.333295" lon="5.6711617"><ele>543.07</ele></trkpt>
<trkpt lat="43.33327" lon="5.671178299999999"><ele>543.92</ele></trkpt>
<trkpt lat="43.33325" lon="5.671209999999999"><ele>544.87</ele></trkpt>
<trkpt lat="43.3332417" lon="5.6712467"><ele>545.39</ele></trkpt>
<trkpt lat="43.333225" lon="5.6713"><ele>545.59</ele></trkpt>
<trkpt lat="43.33322" lon="5.67134"><ele>544.66</ele></trkpt>
<trkpt lat="43.333195" lon="5.6713567"><ele>544.13</ele></trkpt>
<trkpt lat="43.333175" lon="5.6713867"><ele>544.32</ele></trkpt>
<trkpt lat="43.3331583" lon="5.6714217"><ele>545.05</ele></trkpt>
<trkpt lat="43.3331417" lon="5.6714567"><ele>545.88</ele></trkpt>
<trkpt lat="43.333125" lon="5.67149"><ele>546.94</ele></trkpt>
<trkpt lat="43.333115" lon="5.671525"><ele>547.64</ele></trkpt>
<trkpt lat="43.3330967" lon="5.6715567"><ele>548.28</ele></trkpt>
<trkpt lat="43.3330767" lon="5.671586699999999"><ele>548.65</ele></trkpt>
<trkpt lat="43.333055" lon="5.6716233"><ele>548.99</ele></trkpt>
<trkpt lat="43.333035" lon="5.6716583"><ele>549.38</ele></trkpt>
<trkpt lat="43.3330183" lon="5.6716933"><ele>549.78</ele></trkpt>
<trkpt lat="43.332995" lon="5.6717167"><ele>550.47</ele></trkpt>
<trkpt lat="43.33297" lon="5.6717317"><ele>551.15</ele></trkpt>
<trkpt lat="43.3329483" lon="5.6717617"><ele>551.99</ele></trkpt>
<trkpt lat="43.3329217" lon="5.671779999999999"><ele>552.49</ele></trkpt>
<trkpt lat="43.332905" lon="5.671815"><ele>552.43</ele></trkpt>
<trkpt lat="43.33288" lon="5.671838299999999"><ele>552.59</ele></trkpt>
<trkpt lat="43.3328533" lon="5.6718617"><ele>553.38</ele></trkpt>
<trkpt lat="43.332835" lon="5.6719033"><ele>553.97</ele></trkpt>
<trkpt lat="43.33282" lon="5.671945"><ele>554.64</ele></trkpt>
<trkpt lat="43.3328033" lon="5.6719783"><ele>555.28</ele></trkpt>
<trkpt lat="43.332785" lon="5.672006700000001"><ele>556.01</ele></trkpt>
<trkpt lat="43.3327583" lon="5.672018300000001"><ele>556.77</ele></trkpt>
<trkpt lat="43.332725" lon="5.6720367"><ele>557.46</ele></trkpt>
<trkpt lat="43.3327033" lon="5.6720667"><ele>557.98</ele></trkpt>
<trkpt lat="43.3326817" lon="5.6720917"><ele>558.32</ele></trkpt>
<trkpt lat="43.3326533" lon="5.6721317"><ele>558.6</ele></trkpt>
<trkpt lat="43.3326283" lon="5.6721483"><ele>559.21</ele></trkpt>
<trkpt lat="43.3326067" lon="5.6721783"><ele>559.77</ele></trkpt>
<trkpt lat="43.3325933" lon="5.672213299999999"><ele>560.94</ele></trkpt>
<trkpt lat="43.33259" lon="5.672255"><ele>561.88</ele></trkpt>
<trkpt lat="43.3325917" lon="5.6722967"><ele>562.95</ele></trkpt>
<trkpt lat="43.332585" lon="5.672338300000001"><ele>563.95</ele></trkpt>
<trkpt lat="43.3325917" lon="5.672375"><ele>564.49</ele></trkpt>
<trkpt lat="43.332585" lon="5.6724117"><ele>564.78</ele></trkpt>
<trkpt lat="43.3325683" lon="5.67245"><ele>565.48</ele></trkpt>
<trkpt lat="43.3325483" lon="5.672485000000001"><ele>566.44</ele></trkpt>
<trkpt lat="43.3325267" lon="5.672509999999999"><ele>566.62</ele></trkpt>
<trkpt lat="43.3325017" lon="5.67254"><ele>567.17</ele></trkpt>
<trkpt lat="43.3324867" lon="5.6725717"><ele>567.99</ele></trkpt>
<trkpt lat="43.33245" lon="5.672565000000001"><ele>568.19</ele></trkpt>
<trkpt lat="43.3324183" lon="5.67255"><ele>568.39</ele></trkpt>
<trkpt lat="43.332395" lon="5.672525"><ele>568.75</ele></trkpt>
<trkpt lat="43.3323683" lon="5.6725117"><ele>569.44</ele></trkpt>
<trkpt lat="43.33234" lon="5.6725083"><ele>570.57</ele></trkpt>
<trkpt lat="43.3323167" lon="5.6725333"><ele>571.21</ele></trkpt>
<trkpt lat="43.33229" lon="5.672545"><ele>571.32</ele></trkpt>
<trkpt lat="43.33226" lon="5.67255"><ele>571.78</ele></trkpt>
<trkpt lat="43.332235" lon="5.6725733"><ele>572.18</ele></trkpt>
<trkpt lat="43.3322017" lon="5.672585"><ele>572.58</ele></trkpt>
<trkpt lat="43.3321717" lon="5.672599999999999"><ele>573.17</ele></trkpt>
<trkpt lat="43.3321433" lon="5.6725933"><ele>573.31</ele></trkpt>
<trkpt lat="43.3321217" lon="5.6726183"><ele>574.07</ele></trkpt>
<trkpt lat="43.3320933" lon="5.6726517"><ele>578.22</ele></trkpt>
<trkpt lat="43.33214" lon="5.6726133"><ele>576.87</ele></trkpt>
<trkpt lat="43.3320817" lon="5.6727083"><ele>576.77</ele></trkpt>
<trkpt lat="43.3320533" lon="5.6727317"><ele>577.09</ele></trkpt>
<trkpt lat="43.3320333" lon="5.6727617"><ele>577.38</ele></trkpt>
<trkpt lat="43.3320267" lon="5.6728"><ele>577.94</ele></trkpt>
<trkpt lat="43.3320167" lon="5.6728367"><ele>578.6</ele></trkpt>
<trkpt lat="43.3320017" lon="5.672873300000001"><ele>578.86</ele></trkpt>
<trkpt lat="43.33199" lon="5.672915"><ele>579.47</ele></trkpt>
<trkpt lat="43.3319833" lon="5.6729517"><ele>579.81</ele></trkpt>
<trkpt lat="43.3319617" lon="5.672974999999999"><ele>580.34</ele></trkpt>
<trkpt lat="43.3319433" lon="5.6730033"><ele>581.16</ele></trkpt>
<trkpt lat="43.3319283" lon="5.673045"><ele>581.82</ele></trkpt>
<trkpt lat="43.3319117" lon="5.673078299999999"><ele>582.44</ele></trkpt>
<trkpt lat="43.3318967" lon="5.673111699999999"><ele>582.69</ele></trkpt>
<trkpt lat="43.3318783" lon="5.6731483"><ele>583.08</ele></trkpt>
<trkpt lat="43.3318667" lon="5.6731867"><ele>583.9</ele></trkpt>
<trkpt lat="43.3318417" lon="5.6732217"><ele>584.01</ele></trkpt>
<trkpt lat="43.3318233" lon="5.6732583"><ele>584.47</ele></trkpt>
<trkpt lat="43.3318167" lon="5.673295"><ele>584.63</ele></trkpt>
<trkpt lat="43.3317967" lon="5.6733217"><ele>584.68</ele></trkpt>
<trkpt lat="43.3317817" lon="5.673361699999999"><ele>585.25</ele></trkpt>
<trkpt lat="43.3317767" lon="5.6734"><ele>585.58</ele></trkpt>
<trkpt lat="43.331765" lon="5.673443300000001"><ele>585.98</ele></trkpt>
<trkpt lat="43.3317417" lon="5.6734767"><ele>586.38</ele></trkpt>
<trkpt lat="43.3317183" lon="5.6735117"><ele>586.98</ele></trkpt>
<trkpt lat="43.3317033" lon="5.6735467"><ele>587.29</ele></trkpt>
<trkpt lat="43.3316983" lon="5.6735883"><ele>588.04</ele></trkpt>
<trkpt lat="43.3316883" lon="5.673623300000001"><ele>588.63</ele></trkpt>
<trkpt lat="43.3316817" lon="5.6736633"><ele>589.55</ele></trkpt>
<trkpt lat="43.3316783" lon="5.673705"><ele>590.28</ele></trkpt>
<trkpt lat="43.3316767" lon="5.67375"><ele>590.78</ele></trkpt>
<trkpt lat="43.3316667" lon="5.6737917"><ele>591.11</ele></trkpt>
<trkpt lat="43.33165" lon="5.6738217"><ele>591.38</ele></trkpt>
<trkpt lat="43.3316417" lon="5.673865"><ele>591.75</ele></trkpt>
<trkpt lat="43.33165" lon="5.673908300000001"><ele>592.38</ele></trkpt>
<trkpt lat="43.3316483" lon="5.6739467"><ele>592.7</ele></trkpt>
<trkpt lat="43.33165" lon="5.6739883"><ele>593.11</ele></trkpt>
<trkpt lat="43.3316317" lon="5.6740167"><ele>593.55</ele></trkpt>
<trkpt lat="43.331615" lon="5.6740467"><ele>593.78</ele></trkpt>
<trkpt lat="43.331595" lon="5.6740783"><ele>594.24</ele></trkpt>
<trkpt lat="43.3315817" lon="5.674114999999999"><ele>594.58</ele></trkpt>
<trkpt lat="43.331565" lon="5.674158300000001"><ele>594.98</ele></trkpt>
<trkpt lat="43.3315583" lon="5.674203300000001"><ele>595.28</ele></trkpt>
<trkpt lat="43.3315667" lon="5.674248300000001"><ele>595.87</ele></trkpt>
<trkpt lat="43.3315733" lon="5.674291700000001"><ele>596.27</ele></trkpt>
<trkpt lat="43.3315867" lon="5.674335"><ele>596.68</ele></trkpt>
<trkpt lat="43.3315917" lon="5.6743717"><ele>597.18</ele></trkpt>
<trkpt lat="43.331595" lon="5.6744183"><ele>597.48</ele></trkpt>
<trkpt lat="43.3315917" lon="5.6744617"><ele>598.14</ele></trkpt>
<trkpt lat="43.3315883" lon="5.6745067"><ele>598.83</ele></trkpt>
<trkpt lat="43.3315867" lon="5.674544999999999"><ele>599.44</ele></trkpt>
<trkpt lat="43.3315867" lon="5.674589999999999"><ele>599.69</ele></trkpt>
<trkpt lat="43.3315933" lon="5.67463"><ele>599.98</ele></trkpt>
<trkpt lat="43.3315983" lon="5.674666700000001"><ele>600.47</ele></trkpt>
<trkpt lat="43.3315933" lon="5.6747167"><ele>600.97</ele></trkpt>
<trkpt lat="43.3315867" lon="5.674755"><ele>601.37</ele></trkpt>
<trkpt lat="43.3315833" lon="5.6747933"><ele>601.68</ele></trkpt>
<trkpt lat="43.3315883" lon="5.6748383"><ele>602.24</ele></trkpt>
<trkpt lat="43.3315867" lon="5.674886699999999"><ele>602.61</ele></trkpt>
<trkpt lat="43.331585" lon="5.674933299999999"><ele>602.91</ele></trkpt>
<trkpt lat="43.3315767" lon="5.67497"><ele>602.99</ele></trkpt>
<trkpt lat="43.3315617" lon="5.6750017"><ele>603.09</ele></trkpt>
<trkpt lat="43.3315483" lon="5.675034999999999"><ele>603.21</ele></trkpt>
<trkpt lat="43.3315383" lon="5.6750783"><ele>603.13</ele></trkpt>
<trkpt lat="43.3315333" lon="5.675125"><ele>603.04</ele></trkpt>
<trkpt lat="43.3315267" lon="5.6751617"><ele>603.12</ele></trkpt>
<trkpt lat="43.3315183" lon="5.67521"><ele>602.95</ele></trkpt>
<trkpt lat="43.3315083" lon="5.675245"><ele>602.83</ele></trkpt>
<trkpt lat="43.331505" lon="5.675296699999999"><ele>602.63</ele></trkpt>
<trkpt lat="43.3314967" lon="5.675341700000001"><ele>602.71</ele></trkpt>
<trkpt lat="43.3314917" lon="5.67539"><ele>602.74</ele></trkpt>
<trkpt lat="43.33149" lon="5.6754283"><ele>602.46</ele></trkpt>
<trkpt lat="43.3314783" lon="5.675475"><ele>602.32</ele></trkpt>
<trkpt lat="43.331465" lon="5.6755183"><ele>602.15</ele></trkpt>
<trkpt lat="43.331465" lon="5.6755633"><ele>601.95</ele></trkpt>
<trkpt lat="43.33146" lon="5.6756033"><ele>601.99</ele></trkpt>
<trkpt lat="43.33146" lon="5.6756417"><ele>602.11</ele></trkpt>
<trkpt lat="43.3314533" lon="5.6756867"><ele>602.11</ele></trkpt>
<trkpt lat="43.33144" lon="5.675725"><ele>602.19</ele></trkpt>
<trkpt lat="43.33145" lon="5.67576"><ele>602.49</ele></trkpt>
<trkpt lat="43.3314717" lon="5.67579"><ele>602.62</ele></trkpt>
<trkpt lat="43.3315" lon="5.6758033"><ele>602.98</ele></trkpt>
<trkpt lat="43.3315233" lon="5.6758283"><ele>604.79</ele></trkpt>
<trkpt lat="43.3315183" lon="5.6758717"><ele>604.99</ele></trkpt>
<trkpt lat="43.3315467" lon="5.6758983"><ele>604.85</ele></trkpt>
<trkpt lat="43.33157" lon="5.67592"><ele>605.07</ele></trkpt>
<trkpt lat="43.3315917" lon="5.6759467"><ele>605.5</ele></trkpt>
<trkpt lat="43.3316117" lon="5.675979999999999"><ele>605.88</ele></trkpt>
<trkpt lat="43.3316333" lon="5.6760067"><ele>606.47</ele></trkpt>
<trkpt lat="43.3316533" lon="5.6760433"><ele>607.17</ele></trkpt>
<trkpt lat="43.33167" lon="5.6760767"><ele>607.84</ele></trkpt>
<trkpt lat="43.331695" lon="5.676095"><ele>608.47</ele></trkpt>
<trkpt lat="43.331715" lon="5.676126699999999"><ele>608.98</ele></trkpt>
<trkpt lat="43.3317417" lon="5.6761583"><ele>609.18</ele></trkpt>
<trkpt lat="43.33176" lon="5.676193300000001"><ele>609.65</ele></trkpt>
<trkpt lat="43.33177" lon="5.67623"><ele>610.14</ele></trkpt>
<trkpt lat="43.3317783" lon="5.6762717"><ele>610.49</ele></trkpt>
<trkpt lat="43.3317917" lon="5.6763067"><ele>610.85</ele></trkpt>
<trkpt lat="43.3318067" lon="5.676343300000001"><ele>612.59</ele></trkpt>
<trkpt lat="43.33183" lon="5.676386700000001"><ele>612.62</ele></trkpt>
<trkpt lat="43.331845" lon="5.67642"><ele>612.62</ele></trkpt>
<trkpt lat="43.3318583" lon="5.676458299999999"><ele>612.81</ele></trkpt>
<trkpt lat="43.33187" lon="5.6764983"><ele>612.98</ele></trkpt>
<trkpt lat="43.331885" lon="5.6765317"><ele>613.3</ele></trkpt>
<trkpt lat="43.3318967" lon="5.6765667"><ele>613.6</ele></trkpt>
<trkpt lat="43.331905" lon="5.676604999999999"><ele>613.53</ele></trkpt>
<trkpt lat="43.3319117" lon="5.6766417"><ele>613.44</ele></trkpt>
<trkpt lat="43.3319133" lon="5.6766833"><ele>613.33</ele></trkpt>
<trkpt lat="43.3319317" lon="5.676716700000001"><ele>613.06</ele></trkpt>
<trkpt lat="43.33194" lon="5.676755"><ele>612.74</ele></trkpt>
<trkpt lat="43.3319483" lon="5.6767917"><ele>612.13</ele></trkpt>
<trkpt lat="43.3319583" lon="5.676833299999999"><ele>610.95</ele></trkpt>
<trkpt lat="43.3319733" lon="5.676875"><ele>609.84</ele></trkpt>
<trkpt lat="43.3319833" lon="5.676911700000001"><ele>609.2</ele></trkpt>
<trkpt lat="43.3319983" lon="5.676948299999999"><ele>608.86</ele></trkpt>
<trkpt lat="43.3320183" lon="5.6769767"><ele>608.14</ele></trkpt>
<trkpt lat="43.3320317" lon="5.6770167"><ele>607.5</ele></trkpt>
<trkpt lat="43.332035" lon="5.677060000000001"><ele>607.09</ele></trkpt>
<trkpt lat="43.3320433" lon="5.677105000000001"><ele>606.67</ele></trkpt>
<trkpt lat="43.3320517" lon="5.677150000000001"><ele>606.41</ele></trkpt>
<trkpt lat="43.332055" lon="5.67719"><ele>606.01</ele></trkpt>
<trkpt lat="43.3320583" lon="5.677233299999999"><ele>605.47</ele></trkpt>
<trkpt lat="43.33206" lon="5.6772733"><ele>605.58</ele></trkpt>
<trkpt lat="43.332065" lon="5.677311699999999"><ele>606</ele></trkpt>
<trkpt lat="43.3320833" lon="5.677343300000001"><ele>606.83</ele></trkpt>
<trkpt lat="43.3321" lon="5.677385"><ele>606.86</ele></trkpt>
<trkpt lat="43.332115" lon="5.6774267"><ele>606.43</ele></trkpt>
<trkpt lat="43.3321383" lon="5.677459999999999"><ele>606.42</ele></trkpt>
<trkpt lat="43.3321567" lon="5.677493300000001"><ele>606.35</ele></trkpt>
<trkpt lat="43.3321717" lon="5.67753"><ele>605.9</ele></trkpt>
<trkpt lat="43.3321817" lon="5.677570000000001"><ele>605.47</ele></trkpt>
<trkpt lat="43.3321867" lon="5.6776067"><ele>604.99</ele></trkpt>
<trkpt lat="43.332185" lon="5.6776467"><ele>604.38</ele></trkpt>
<trkpt lat="43.3321867" lon="5.677685000000001"><ele>604.03</ele></trkpt>
<trkpt lat="43.3321967" lon="5.6777267"><ele>603.86</ele></trkpt>
<trkpt lat="43.3322183" lon="5.6777617"><ele>603.62</ele></trkpt>
<trkpt lat="43.332235" lon="5.6777933"><ele>603.53</ele></trkpt>
<trkpt lat="43.33224" lon="5.6778367"><ele>603.07</ele></trkpt>
<trkpt lat="43.332245" lon="5.677885"><ele>602.6</ele></trkpt>
<trkpt lat="43.332255" lon="5.677924999999999"><ele>602</ele></trkpt>
<trkpt lat="43.3322633" lon="5.6779683"><ele>601.75</ele></trkpt>
<trkpt lat="43.332275" lon="5.6780117"><ele>601.26</ele></trkpt>
<trkpt lat="43.3322983" lon="5.6780333"><ele>601.06</ele></trkpt>
<trkpt lat="43.33233" lon="5.6780367"><ele>601.19</ele></trkpt>
<trkpt lat="43.3323633" lon="5.6780433"><ele>601.38</ele></trkpt>
<trkpt lat="43.33238" lon="5.67808"><ele>601.36</ele></trkpt>
<trkpt lat="43.3323933" lon="5.678118300000001"><ele>601.58</ele></trkpt>
<trkpt lat="43.3324017" lon="5.6781567"><ele>601.46</ele></trkpt>
<trkpt lat="43.3324033" lon="5.6782017"><ele>600.76</ele></trkpt>
<trkpt lat="43.33241" lon="5.678245"><ele>600.62</ele></trkpt>
<trkpt lat="43.33242" lon="5.6782883"><ele>600.22</ele></trkpt>
<trkpt lat="43.3324217" lon="5.6783367"><ele>599.4</ele></trkpt>
<trkpt lat="43.3323967" lon="5.678355"><ele>596.65</ele></trkpt>
<trkpt lat="43.3323883" lon="5.678391700000001"><ele>596.54</ele></trkpt>
<trkpt lat="43.3323933" lon="5.67843"><ele>597.61</ele></trkpt>
<trkpt lat="43.332395" lon="5.678483300000001"><ele>599.39</ele></trkpt>
<trkpt lat="43.3323933" lon="5.6785333"><ele>599.07</ele></trkpt>
<trkpt lat="43.3323967" lon="5.6785817"><ele>598.76</ele></trkpt>
<trkpt lat="43.3324183" lon="5.678625"><ele>598.3</ele></trkpt>
<trkpt lat="43.3324333" lon="5.6786733"><ele>597.93</ele></trkpt>
<trkpt lat="43.3324517" lon="5.678715"><ele>597.57</ele></trkpt>
<trkpt lat="43.3324633" lon="5.678755"><ele>597.36</ele></trkpt>
<trkpt lat="43.3324817" lon="5.6787983"><ele>596.78</ele></trkpt>
<trkpt lat="43.3325033" lon="5.67884"><ele>596.62</ele></trkpt>
<trkpt lat="43.332515" lon="5.678875"><ele>596.48</ele></trkpt>
<trkpt lat="43.3325183" lon="5.6789183"><ele>595.92</ele></trkpt>
<trkpt lat="43.3325133" lon="5.678960000000001"><ele>595.65</ele></trkpt>
<trkpt lat="43.3325233" lon="5.6789983"><ele>595.43</ele></trkpt>
<trkpt lat="43.3325467" lon="5.67904"><ele>595.51</ele></trkpt>
<trkpt lat="43.3325717" lon="5.6790717"><ele>595.49</ele></trkpt>
<trkpt lat="43.3325967" lon="5.679110000000001"><ele>595.61</ele></trkpt>
<trkpt lat="43.33263" lon="5.679123299999999"><ele>595.46</ele></trkpt>
<trkpt lat="43.3326583" lon="5.6791367"><ele>595.39</ele></trkpt>
<trkpt lat="43.33269" lon="5.67913"><ele>595.04</ele></trkpt>
<trkpt lat="43.3326633" lon="5.6791433"><ele>594.12</ele></trkpt>
<trkpt lat="43.332625" lon="5.6791817"><ele>594.75</ele></trkpt>
<trkpt lat="43.3326267" lon="5.679221699999999"><ele>595.2</ele></trkpt>
<trkpt lat="43.332635" lon="5.6792633"><ele>595.22</ele></trkpt>
<trkpt lat="43.3326417" lon="5.6793083"><ele>595.06</ele></trkpt>
<trkpt lat="43.3326483" lon="5.6793517"><ele>595.02</ele></trkpt>
<trkpt lat="43.3326533" lon="5.6793983"><ele>594.57</ele></trkpt>
<trkpt lat="43.3326683" lon="5.6794317"><ele>593.96</ele></trkpt>
<trkpt lat="43.33268" lon="5.679475"><ele>593.49</ele></trkpt>
<trkpt lat="43.332695" lon="5.6795183"><ele>592.64</ele></trkpt>
<trkpt lat="43.33271" lon="5.679551699999999"><ele>592.12</ele></trkpt>
<trkpt lat="43.3327283" lon="5.6795817"><ele>592.02</ele></trkpt>
<trkpt lat="43.3327233" lon="5.6796183"><ele>590.67</ele></trkpt>
<trkpt lat="43.33273" lon="5.6796667"><ele>590.85</ele></trkpt>
<trkpt lat="43.3327367" lon="5.6797083"><ele>590.57</ele></trkpt>
<trkpt lat="43.3327433" lon="5.6797517"><ele>590.13</ele></trkpt>
<trkpt lat="43.3327467" lon="5.67979"><ele>589.68</ele></trkpt>
<trkpt lat="43.3327533" lon="5.6798283"><ele>589.64</ele></trkpt>
<trkpt lat="43.3327533" lon="5.679871699999999"><ele>589.6</ele></trkpt>
<trkpt lat="43.332765" lon="5.6799083"><ele>589.55</ele></trkpt>
<trkpt lat="43.33277" lon="5.67995"><ele>589.45</ele></trkpt>
<trkpt lat="43.3327883" lon="5.6799833"><ele>589.26</ele></trkpt>
<trkpt lat="43.3328017" lon="5.680018300000001"><ele>589.03</ele></trkpt>
<trkpt lat="43.332815" lon="5.68006"><ele>588.6</ele></trkpt>
<trkpt lat="43.3328267" lon="5.680095"><ele>587.75</ele></trkpt>
<trkpt lat="43.3328383" lon="5.6801383"><ele>587.1</ele></trkpt>
<trkpt lat="43.3328467" lon="5.680185"><ele>586.34</ele></trkpt>
<trkpt lat="43.3328583" lon="5.680228299999999"><ele>585.68</ele></trkpt>
<trkpt lat="43.3328767" lon="5.6802767"><ele>585.1</ele></trkpt>
<trkpt lat="43.3328783" lon="5.680316699999999"><ele>584.41</ele></trkpt>
<trkpt lat="43.332885" lon="5.6803583"><ele>583.78</ele></trkpt>
<trkpt lat="43.3328967" lon="5.6803967"><ele>583.3</ele></trkpt>
<trkpt lat="43.3328933" lon="5.680445"><ele>582.61</ele></trkpt>
<trkpt lat="43.3328933" lon="5.68049"><ele>582.33</ele></trkpt>
<trkpt lat="43.3329033" lon="5.6805333"><ele>582.06</ele></trkpt>
<trkpt lat="43.3329133" lon="5.680568299999999"><ele>581.83</ele></trkpt>
<trkpt lat="43.3329167" lon="5.6806117"><ele>581.66</ele></trkpt>
<trkpt lat="43.3329067" lon="5.6806617"><ele>581.42</ele></trkpt>
<trkpt lat="43.3329017" lon="5.6807083"><ele>581.58</ele></trkpt>
<trkpt lat="43.3329017" lon="5.680755"><ele>581.94</ele></trkpt>
<trkpt lat="43.3328983" lon="5.6808"><ele>582.28</ele></trkpt>
<trkpt lat="43.3328833" lon="5.6808333"><ele>582.76</ele></trkpt>
<trkpt lat="43.33286" lon="5.6808583"><ele>582.91</ele></trkpt>
<trkpt lat="43.332855" lon="5.680895"><ele>583.34</ele></trkpt>
<trkpt lat="43.3328417" lon="5.6809383"><ele>583.32</ele></trkpt>
<trkpt lat="43.33283" lon="5.6809733"><ele>583.48</ele></trkpt>
<trkpt lat="43.3328167" lon="5.6810183"><ele>583.35</ele></trkpt>
<trkpt lat="43.3328033" lon="5.6810583"><ele>583.32</ele></trkpt>
<trkpt lat="43.3327967" lon="5.681096700000001"><ele>583.83</ele></trkpt>
<trkpt lat="43.332785" lon="5.68114"><ele>584.37</ele></trkpt>
<trkpt lat="43.3327633" lon="5.681168300000001"><ele>584.37</ele></trkpt>
<trkpt lat="43.3327367" lon="5.681183299999999"><ele>584.28</ele></trkpt>
<trkpt lat="43.3327117" lon="5.681203300000001"><ele>584.55</ele></trkpt>
<trkpt lat="43.332685" lon="5.6812217"><ele>584.95</ele></trkpt>
<trkpt lat="43.3326617" lon="5.6812433"><ele>585.18</ele></trkpt>
<trkpt lat="43.3326383" lon="5.6812683"><ele>585.66</ele></trkpt>
<trkpt lat="43.3326167" lon="5.6813"><ele>586.6</ele></trkpt>
<trkpt lat="43.332575" lon="5.6812683"><ele>587.46</ele></trkpt>
<trkpt lat="43.3325883" lon="5.6813117"><ele>587.81</ele></trkpt>
<trkpt lat="43.3326083" lon="5.681350000000001"><ele>588.13</ele></trkpt>
<trkpt lat="43.3326283" lon="5.6813767"><ele>587.76</ele></trkpt>
<trkpt lat="43.33265" lon="5.6814133"><ele>587.86</ele></trkpt>
<trkpt lat="43.332665" lon="5.6814567"><ele>588.44</ele></trkpt>
<trkpt lat="43.3326817" lon="5.681498300000001"><ele>589.58</ele></trkpt>
<trkpt lat="43.3326917" lon="5.681533300000001"><ele>590.84</ele></trkpt>
<trkpt lat="43.3326983" lon="5.68158"><ele>591.8</ele></trkpt>
<trkpt lat="43.3327167" lon="5.681615"><ele>592.67</ele></trkpt>
<trkpt lat="43.332705" lon="5.681666700000001"><ele>593.44</ele></trkpt>
<trkpt lat="43.33271" lon="5.6817133"><ele>593.38</ele></trkpt>
<trkpt lat="43.3326917" lon="5.6817467"><ele>592.46</ele></trkpt>
<trkpt lat="43.3326933" lon="5.681798299999999"><ele>593.23</ele></trkpt>
<trkpt lat="43.3327017" lon="5.681845"><ele>593.38</ele></trkpt>
<trkpt lat="43.3327183" lon="5.6818817"><ele>593.41</ele></trkpt>
<trkpt lat="43.3327417" lon="5.6819083"><ele>593.48</ele></trkpt>
<trkpt lat="43.33277" lon="5.6819283"><ele>593.9</ele></trkpt>
<trkpt lat="43.332785" lon="5.681965000000001"><ele>594.15</ele></trkpt>
<trkpt lat="43.3327933" lon="5.682010000000001"><ele>594.57</ele></trkpt>
<trkpt lat="43.3328" lon="5.6820467"><ele>594.77</ele></trkpt>
<trkpt lat="43.3328083" lon="5.6820967"><ele>594.98</ele></trkpt>
<trkpt lat="43.3328183" lon="5.682146700000001"><ele>595.18</ele></trkpt>
<trkpt lat="43.3328133" lon="5.6821867"><ele>595.05</ele></trkpt>
<trkpt lat="43.33281" lon="5.682228299999999"><ele>594.83</ele></trkpt>
<trkpt lat="43.33281" lon="5.682273299999999"><ele>594.82</ele></trkpt>
<trkpt lat="43.33281" lon="5.6823217"><ele>594.75</ele></trkpt>
<trkpt lat="43.332805" lon="5.6823717"><ele>594.69</ele></trkpt>
<trkpt lat="43.332805" lon="5.68242"><ele>594.85</ele></trkpt>
<trkpt lat="43.3328017" lon="5.6824583"><ele>595.36</ele></trkpt>
<trkpt lat="43.332815" lon="5.6824967"><ele>595.05</ele></trkpt>
<trkpt lat="43.33284" lon="5.6825367"><ele>594.7</ele></trkpt>
<trkpt lat="43.33286" lon="5.6825733"><ele>594.81</ele></trkpt>
<trkpt lat="43.332885" lon="5.6826083"><ele>594.98</ele></trkpt>
<trkpt lat="43.3329033" lon="5.6826433"><ele>595.6</ele></trkpt>
<trkpt lat="43.3329167" lon="5.6826867"><ele>596.72</ele></trkpt>
<trkpt lat="43.332925" lon="5.682725"><ele>597.45</ele></trkpt>
<trkpt lat="43.332935" lon="5.682771700000001"><ele>598.07</ele></trkpt>
<trkpt lat="43.3329583" lon="5.682805"><ele>598.65</ele></trkpt>
<trkpt lat="43.33299" lon="5.6828267"><ele>599.08</ele></trkpt>
<trkpt lat="43.3330133" lon="5.6828533"><ele>599.3</ele></trkpt>
<trkpt lat="43.333035" lon="5.682895"><ele>599.74</ele></trkpt>
<trkpt lat="43.3330583" lon="5.682933299999999"><ele>599.98</ele></trkpt>
<trkpt lat="43.33308" lon="5.6829567"><ele>600.18</ele></trkpt>
<trkpt lat="43.3330917" lon="5.682995"><ele>600.45</ele></trkpt>
<trkpt lat="43.33311" lon="5.683034999999999"><ele>600.71</ele></trkpt>
<trkpt lat="43.3331233" lon="5.683068300000001"><ele>600.95</ele></trkpt>
<trkpt lat="43.33314" lon="5.683103300000001"><ele>601.11</ele></trkpt>
<trkpt lat="43.3331667" lon="5.6831367"><ele>601.31</ele></trkpt>
<trkpt lat="43.333185" lon="5.683165"><ele>601.5</ele></trkpt>
<trkpt lat="43.333205" lon="5.6831983"><ele>601.68</ele></trkpt>
<trkpt lat="43.333225" lon="5.6832233"><ele>601.72</ele></trkpt>
<trkpt lat="43.3332367" lon="5.6832583"><ele>601.74</ele></trkpt>
<trkpt lat="43.3332533" lon="5.683298300000001"><ele>602</ele></trkpt>
<trkpt lat="43.33328" lon="5.6833267"><ele>602.2</ele></trkpt>
<trkpt lat="43.333305" lon="5.68336"><ele>602.15</ele></trkpt>
<trkpt lat="43.3333267" lon="5.683395"><ele>602.21</ele></trkpt>
<trkpt lat="43.3333467" lon="5.683433300000001"><ele>602.19</ele></trkpt>
<trkpt lat="43.3333817" lon="5.6834517"><ele>602.22</ele></trkpt>
<trkpt lat="43.33341" lon="5.6834633"><ele>602.36</ele></trkpt>
<trkpt lat="43.3334383" lon="5.6834817"><ele>602.67</ele></trkpt>
<trkpt lat="43.333465" lon="5.6834967"><ele>602.86</ele></trkpt>
<trkpt lat="43.3334983" lon="5.6835217"><ele>602.9</ele></trkpt>
<trkpt lat="43.333525" lon="5.6835533"><ele>602.85</ele></trkpt>
<trkpt lat="43.3335383" lon="5.6835883"><ele>602.73</ele></trkpt>
<trkpt lat="43.3335583" lon="5.683618299999999"><ele>602.56</ele></trkpt>
<trkpt lat="43.3335783" lon="5.6836483"><ele>602.58</ele></trkpt>
<trkpt lat="43.3335983" lon="5.683683300000001"><ele>603.14</ele></trkpt>
<trkpt lat="43.3336133" lon="5.683718300000001"><ele>603.74</ele></trkpt>
<trkpt lat="43.3336267" lon="5.683751699999999"><ele>604.17</ele></trkpt>
<trkpt lat="43.3336517" lon="5.683775000000001"><ele>604.65</ele></trkpt>
<trkpt lat="43.3336417" lon="5.6838233"><ele>604.41</ele></trkpt>
<trkpt lat="43.3336633" lon="5.6838567"><ele>604.19</ele></trkpt>
<trkpt lat="43.3336817" lon="5.6838933"><ele>604.31</ele></trkpt>
<trkpt lat="43.3336917" lon="5.6839283"><ele>604.48</ele></trkpt>
<trkpt lat="43.3337133" lon="5.6839583"><ele>604.85</ele></trkpt>
<trkpt lat="43.3337383" lon="5.68399"><ele>605.08</ele></trkpt>
<trkpt lat="43.33376" lon="5.6840183"><ele>605.37</ele></trkpt>
<trkpt lat="43.333785" lon="5.6840517"><ele>605.51</ele></trkpt>
<trkpt lat="43.333805" lon="5.6840883"><ele>606.06</ele></trkpt>
<trkpt lat="43.3338267" lon="5.684118300000001"><ele>606.57</ele></trkpt>
<trkpt lat="43.333845" lon="5.684146700000001"><ele>606.62</ele></trkpt>
<trkpt lat="43.333875" lon="5.68418"><ele>606.67</ele></trkpt>
<trkpt lat="43.3338967" lon="5.684208300000001"><ele>606.69</ele></trkpt>
<trkpt lat="43.3339183" lon="5.6842433"><ele>606.79</ele></trkpt>
<trkpt lat="43.3339317" lon="5.6842817"><ele>607.09</ele></trkpt>
<trkpt lat="43.33395" lon="5.684309999999999"><ele>607.02</ele></trkpt>
<trkpt lat="43.3339717" lon="5.6843367"><ele>607.02</ele></trkpt>
<trkpt lat="43.3339917" lon="5.684366699999999"><ele>607.25</ele></trkpt>
<trkpt lat="43.334015" lon="5.68439"><ele>607.53</ele></trkpt>
<trkpt lat="43.3340383" lon="5.684415"><ele>607.68</ele></trkpt>
<trkpt lat="43.3340617" lon="5.684448300000001"><ele>608.24</ele></trkpt>
<trkpt lat="43.3340817" lon="5.684475"><ele>608.76</ele></trkpt>
<trkpt lat="43.3341017" lon="5.684504999999999"><ele>609</ele></trkpt>
<trkpt lat="43.3341133" lon="5.68454"><ele>609.07</ele></trkpt>
<trkpt lat="43.3341317" lon="5.6845767"><ele>609.54</ele></trkpt>
<trkpt lat="43.3341517" lon="5.684606699999999"><ele>610.04</ele></trkpt>
<trkpt lat="43.3341667" lon="5.6846383"><ele>610.44</ele></trkpt>
<trkpt lat="43.3341733" lon="5.6846783"><ele>610.97</ele></trkpt>
<trkpt lat="43.3341767" lon="5.6847217"><ele>611.42</ele></trkpt>
<trkpt lat="43.334185" lon="5.6847583"><ele>611.58</ele></trkpt>
<trkpt lat="43.3342" lon="5.684799999999999"><ele>611.95</ele></trkpt>
<trkpt lat="43.3342167" lon="5.68483"><ele>612.36</ele></trkpt>
<trkpt lat="43.3342383" lon="5.6848633"><ele>612.8</ele></trkpt>
<trkpt lat="43.3342533" lon="5.6848967"><ele>613.34</ele></trkpt>
<trkpt lat="43.3342617" lon="5.684938299999999"><ele>614.32</ele></trkpt>
<trkpt lat="43.3342733" lon="5.6849767"><ele>615.3</ele></trkpt>
<trkpt lat="43.3342817" lon="5.6850167"><ele>616.49</ele></trkpt>
<trkpt lat="43.3342967" lon="5.6850567"><ele>617.49</ele></trkpt>
<trkpt lat="43.3343217" lon="5.6850883"><ele>618.33</ele></trkpt>
<trkpt lat="43.3343383" lon="5.6851267"><ele>619.12</ele></trkpt>
<trkpt lat="43.3343483" lon="5.685161700000001"><ele>620.06</ele></trkpt>
<trkpt lat="43.3343583" lon="5.685208300000001"><ele>620.96</ele></trkpt>
<trkpt lat="43.3343733" lon="5.685241700000001"><ele>621.44</ele></trkpt>
<trkpt lat="43.3343933" lon="5.685275"><ele>622.31</ele></trkpt>
<trkpt lat="43.3344167" lon="5.685305"><ele>622.96</ele></trkpt>
<trkpt lat="43.3344317" lon="5.68534"><ele>623.37</ele></trkpt>
<trkpt lat="43.3344367" lon="5.68538"><ele>623.58</ele></trkpt>
<trkpt lat="43.334445" lon="5.6854217"><ele>623.69</ele></trkpt>
<trkpt lat="43.3344467" lon="5.685465"><ele>623.37</ele></trkpt>
<trkpt lat="43.334445" lon="5.6855067"><ele>622.78</ele></trkpt>
<trkpt lat="43.334455" lon="5.685553299999999"><ele>623.1</ele></trkpt>
<trkpt lat="43.3344633" lon="5.6855933"><ele>623.25</ele></trkpt>
<trkpt lat="43.3344717" lon="5.6856333"><ele>622.54</ele></trkpt>
<trkpt lat="43.334475" lon="5.685671700000001"><ele>622.21</ele></trkpt>
<trkpt lat="43.334495" lon="5.6857017"><ele>622.11</ele></trkpt>
<trkpt lat="43.33452" lon="5.685720000000001"><ele>622.11</ele></trkpt>
<trkpt lat="43.3345517" lon="5.685730000000001"><ele>622.12</ele></trkpt>
<trkpt lat="43.3345783" lon="5.685741699999999"><ele>621.69</ele></trkpt>
<trkpt lat="43.3346067" lon="5.6857567"><ele>621.23</ele></trkpt>
<trkpt lat="43.33463" lon="5.68578"><ele>621.12</ele></trkpt>
<trkpt lat="43.3346517" lon="5.6858133"><ele>621.12</ele></trkpt>
<trkpt lat="43.3346717" lon="5.6858533"><ele>620.87</ele></trkpt>
<trkpt lat="43.334685" lon="5.685891699999999"><ele>620.73</ele></trkpt>
<trkpt lat="43.334695" lon="5.685926699999999"><ele>620.6</ele></trkpt>
<trkpt lat="43.33471" lon="5.685965"><ele>620.64</ele></trkpt>
<trkpt lat="43.334725" lon="5.686"><ele>620.53</ele></trkpt>
<trkpt lat="43.3347433" lon="5.6860367"><ele>620.35</ele></trkpt>
<trkpt lat="43.3347683" lon="5.6860667"><ele>620.13</ele></trkpt>
<trkpt lat="43.334785" lon="5.6861017"><ele>619.95</ele></trkpt>
<trkpt lat="43.334795" lon="5.6861367"><ele>620.12</ele></trkpt>
<trkpt lat="43.3348067" lon="5.68619"><ele>620.7</ele></trkpt>
<trkpt lat="43.3347633" lon="5.6862717"><ele>620.7</ele></trkpt>
<trkpt lat="43.334785" lon="5.686295"><ele>620.88</ele></trkpt>
<trkpt lat="43.3347283" lon="5.6862067"><ele>622.69</ele></trkpt>
<trkpt lat="43.3347067" lon="5.686176699999999"><ele>621.8</ele></trkpt>
<trkpt lat="43.3346733" lon="5.6861817"><ele>622.71</ele></trkpt>
<trkpt lat="43.334705" lon="5.686135"><ele>618.17</ele></trkpt>
<trkpt lat="43.3347" lon="5.686175"><ele>617.39</ele></trkpt>
<trkpt lat="43.3347067" lon="5.686135"><ele>617.88</ele></trkpt>
<trkpt lat="43.3347333" lon="5.686155"><ele>618.35</ele></trkpt>
<trkpt lat="43.3347767" lon="5.6861883"><ele>619.55</ele></trkpt>
<trkpt lat="43.3347917" lon="5.686221699999999"><ele>620.09</ele></trkpt>
<trkpt lat="43.3347933" lon="5.6862617"><ele>619.93</ele></trkpt>
<trkpt lat="43.3347783" lon="5.68623"><ele>619.22</ele></trkpt>
<trkpt lat="43.3347517" lon="5.686210000000001"><ele>618.11</ele></trkpt>
<trkpt lat="43.3347233" lon="5.686196700000001"><ele>617.84</ele></trkpt>
<trkpt lat="43.334725" lon="5.68615"><ele>616.27</ele></trkpt>
<trkpt lat="43.3347333" lon="5.6861883"><ele>616.05</ele></trkpt>
<trkpt lat="43.3347167" lon="5.68615"><ele>615.99</ele></trkpt>
<trkpt lat="43.3347117" lon="5.6861883"><ele>617.21</ele></trkpt>
<trkpt lat="43.33474" lon="5.6862167"><ele>616.51</ele></trkpt>
<trkpt lat="43.3347233" lon="5.6861867"><ele>616.31</ele></trkpt>
<trkpt lat="43.33476" lon="5.68615"><ele>616.09</ele></trkpt>
<trkpt lat="43.3347917" lon="5.6861583"><ele>615.15</ele></trkpt>
<trkpt lat="43.33482" lon="5.6861683"><ele>615.25</ele></trkpt>
<trkpt lat="43.3348517" lon="5.68615"><ele>615.03</ele></trkpt>
<trkpt lat="43.3348483" lon="5.686061700000001"><ele>614.01</ele></trkpt>
<trkpt lat="43.33485" lon="5.6861017"><ele>613.76</ele></trkpt>
<trkpt lat="43.3348533" lon="5.68614"><ele>613.53</ele></trkpt>
<trkpt lat="43.3348467" lon="5.686176699999999"><ele>613.26</ele></trkpt>
<trkpt lat="43.3348417" lon="5.6862167"><ele>613.31</ele></trkpt>
<trkpt lat="43.3347417" lon="5.6862817"><ele>614.45</ele></trkpt>
<trkpt lat="43.334775" lon="5.6862017"><ele>614.19</ele></trkpt>
<trkpt lat="43.3347333" lon="5.686195"><ele>614.13</ele></trkpt>
<trkpt lat="43.3347083" lon="5.6861733"><ele>614.41</ele></trkpt>
<trkpt lat="43.334735" lon="5.6862"><ele>615.88</ele></trkpt>
<trkpt lat="43.3347633" lon="5.6862033"><ele>615.85</ele></trkpt>
<trkpt lat="43.3347933" lon="5.6862"><ele>615.27</ele></trkpt>
<trkpt lat="43.3348167" lon="5.6862267"><ele>614.67</ele></trkpt>
<trkpt lat="43.3348283" lon="5.6862617"><ele>614.38</ele></trkpt>
<trkpt lat="43.3348433" lon="5.686303300000001"><ele>614.22</ele></trkpt>
<trkpt lat="43.3348583" lon="5.68634"><ele>614.15</ele></trkpt>
<trkpt lat="43.334875" lon="5.686371699999999"><ele>613.88</ele></trkpt>
<trkpt lat="43.3348917" lon="5.6864067"><ele>613.56</ele></trkpt>
<trkpt lat="43.3349083" lon="5.6864517"><ele>613.35</ele></trkpt>
<trkpt lat="43.3349233" lon="5.6864867"><ele>613.15</ele></trkpt>
<trkpt lat="43.3349417" lon="5.686526700000001"><ele>613.28</ele></trkpt>
<trkpt lat="43.33496" lon="5.686561699999999"><ele>613.5</ele></trkpt>
<trkpt lat="43.334975" lon="5.6866017"><ele>613.81</ele></trkpt>
<trkpt lat="43.3349967" lon="5.686635"><ele>613.94</ele></trkpt>
<trkpt lat="43.3350183" lon="5.6866633"><ele>614.01</ele></trkpt>
<trkpt lat="43.3350433" lon="5.68668"><ele>613.83</ele></trkpt>
<trkpt lat="43.33507" lon="5.686699999999999"><ele>613.53</ele></trkpt>
<trkpt lat="43.3350983" lon="5.686699999999999"><ele>613.26</ele></trkpt>
<trkpt lat="43.335115" lon="5.686733300000001"><ele>613.13</ele></trkpt>
<trkpt lat="43.335135" lon="5.686775"><ele>612.86</ele></trkpt>
<trkpt lat="43.3351533" lon="5.6868083"><ele>612.46</ele></trkpt>
<trkpt lat="43.3351617" lon="5.686848299999999"><ele>612.03</ele></trkpt>
<trkpt lat="43.3351667" lon="5.686891699999999"><ele>611.76</ele></trkpt>
<trkpt lat="43.335165" lon="5.6869333"><ele>611.75</ele></trkpt>
<trkpt lat="43.335185" lon="5.6869667"><ele>611.53</ele></trkpt>
<trkpt lat="43.3352017" lon="5.6870017"><ele>611.42</ele></trkpt>
<trkpt lat="43.3352017" lon="5.6870417"><ele>611.51</ele></trkpt>
<trkpt lat="43.3351917" lon="5.687078299999999"><ele>611.43</ele></trkpt>
<trkpt lat="43.3351833" lon="5.6871183"><ele>611.49</ele></trkpt>
<trkpt lat="43.3351767" lon="5.687155000000001"><ele>611.87</ele></trkpt>
<trkpt lat="43.3351817" lon="5.6871983"><ele>612.09</ele></trkpt>
<trkpt lat="43.3352" lon="5.6872367"><ele>611.86</ele></trkpt>
<trkpt lat="43.3352117" lon="5.6872733"><ele>611.48</ele></trkpt>
<trkpt lat="43.3352183" lon="5.6873183"><ele>611.09</ele></trkpt>
<trkpt lat="43.33523" lon="5.687359999999999"><ele>610.5</ele></trkpt>
<trkpt lat="43.3352367" lon="5.6874"><ele>609.81</ele></trkpt>
<trkpt lat="43.3352483" lon="5.6874433"><ele>609.11</ele></trkpt>
<trkpt lat="43.335265" lon="5.68749"><ele>608.34</ele></trkpt>
<trkpt lat="43.3352817" lon="5.687535"><ele>607.77</ele></trkpt>
<trkpt lat="43.3352883" lon="5.6875817"><ele>607.47</ele></trkpt>
<trkpt lat="43.33529" lon="5.6876283"><ele>607.13</ele></trkpt>
<trkpt lat="43.3352983" lon="5.687665"><ele>607.17</ele></trkpt>
<trkpt lat="43.3353133" lon="5.6876967"><ele>607.5</ele></trkpt>
<trkpt lat="43.3353367" lon="5.6877233"><ele>607.51</ele></trkpt>
<trkpt lat="43.3353567" lon="5.687765"><ele>607.5</ele></trkpt>
<trkpt lat="43.335375" lon="5.68781"><ele>607.62</ele></trkpt>
<trkpt lat="43.3353867" lon="5.687849999999999"><ele>607.53</ele></trkpt>
<trkpt lat="43.33539" lon="5.6878883"><ele>607.49</ele></trkpt>
<trkpt lat="43.3354" lon="5.687925"><ele>607.61</ele></trkpt>
<trkpt lat="43.3354083" lon="5.68797"><ele>607.62</ele></trkpt>
<trkpt lat="43.33542" lon="5.6880133"><ele>607.71</ele></trkpt>
<trkpt lat="43.33542" lon="5.688061700000001"><ele>607.56</ele></trkpt>
<trkpt lat="43.3354183" lon="5.6881117"><ele>607.52</ele></trkpt>
<trkpt lat="43.3354267" lon="5.6881583"><ele>607.4</ele></trkpt>
<trkpt lat="43.33544" lon="5.6881933"><ele>607.51</ele></trkpt>
<trkpt lat="43.335455" lon="5.688238299999999"><ele>607.78</ele></trkpt>
<trkpt lat="43.3354717" lon="5.6882783"><ele>608.24</ele></trkpt>
<trkpt lat="43.335485" lon="5.688316699999999"><ele>608.57</ele></trkpt>
<trkpt lat="43.3354867" lon="5.688361699999999"><ele>608.84</ele></trkpt>
<trkpt lat="43.3355" lon="5.6883983"><ele>608.96</ele></trkpt>
<trkpt lat="43.3355167" lon="5.688435"><ele>609.27</ele></trkpt>
<trkpt lat="43.33553" lon="5.68847"><ele>609.94</ele></trkpt>
<trkpt lat="43.3355467" lon="5.6885083"><ele>610.31</ele></trkpt>
<trkpt lat="43.3355717" lon="5.68854"><ele>610.65</ele></trkpt>
<trkpt lat="43.3355883" lon="5.6885717"><ele>611.07</ele></trkpt>
<trkpt lat="43.3356067" lon="5.688603299999999"><ele>611.24</ele></trkpt>
<trkpt lat="43.3356333" lon="5.688633300000001"><ele>611.06</ele></trkpt>
<trkpt lat="43.33566" lon="5.6886517"><ele>611.09</ele></trkpt>
<trkpt lat="43.3356783" lon="5.688685"><ele>611.31</ele></trkpt>
<trkpt lat="43.335695" lon="5.68872"><ele>611.49</ele></trkpt>
<trkpt lat="43.335725" lon="5.6887417"><ele>612.2</ele></trkpt>
<trkpt lat="43.335755" lon="5.6887617"><ele>612.61</ele></trkpt>
<trkpt lat="43.3357733" lon="5.6887967"><ele>613.07</ele></trkpt>
<trkpt lat="43.3358" lon="5.68881"><ele>613.63</ele></trkpt>
<trkpt lat="43.33583" lon="5.688826700000001"><ele>614.07</ele></trkpt>
<trkpt lat="43.335845" lon="5.68886"><ele>614.57</ele></trkpt>
<trkpt lat="43.335865" lon="5.6889"><ele>615.44</ele></trkpt>
<trkpt lat="43.3358817" lon="5.6889317"><ele>616.17</ele></trkpt>
<trkpt lat="43.3359017" lon="5.688961700000001"><ele>617.29</ele></trkpt>
<trkpt lat="43.3359267" lon="5.68899"><ele>618.15</ele></trkpt>
<trkpt lat="43.33595" lon="5.689021699999999"><ele>618.57</ele></trkpt>
<trkpt lat="43.3359667" lon="5.68906"><ele>619.92</ele></trkpt>
<trkpt lat="43.3359833" lon="5.6890983"><ele>620.93</ele></trkpt>
<trkpt lat="43.3360083" lon="5.689121699999999"><ele>621.62</ele></trkpt>
<trkpt lat="43.33603" lon="5.68915"><ele>622.14</ele></trkpt>
<trkpt lat="43.3360567" lon="5.6891767"><ele>622.67</ele></trkpt>
<trkpt lat="43.3360783" lon="5.689201700000001"><ele>622.82</ele></trkpt>
<trkpt lat="43.3360917" lon="5.689245"><ele>622.63</ele></trkpt>
<trkpt lat="43.33611" lon="5.6892767"><ele>622.6</ele></trkpt>
<trkpt lat="43.3361283" lon="5.6893083"><ele>622.79</ele></trkpt>
<trkpt lat="43.3361483" lon="5.689335"><ele>623.08</ele></trkpt>
<trkpt lat="43.3361683" lon="5.689364999999999"><ele>623.03</ele></trkpt>
<trkpt lat="43.3361817" lon="5.689405"><ele>623.28</ele></trkpt>
<trkpt lat="43.3362" lon="5.689440000000001"><ele>623.65</ele></trkpt>
<trkpt lat="43.3362167" lon="5.689475"><ele>623.81</ele></trkpt>
<trkpt lat="43.3362283" lon="5.689513299999999"><ele>623.92</ele></trkpt>
<trkpt lat="43.3362317" lon="5.6895533"><ele>623.66</ele></trkpt>
<trkpt lat="43.3362367" lon="5.689590000000001"><ele>623.63</ele></trkpt>
<trkpt lat="43.3362483" lon="5.6896367"><ele>623.65</ele></trkpt>
<trkpt lat="43.3362617" lon="5.68967"><ele>623.45</ele></trkpt>
<trkpt lat="43.3362783" lon="5.6897033"><ele>622.97</ele></trkpt>
<trkpt lat="43.336285" lon="5.689739999999999"><ele>622.82</ele></trkpt>
<trkpt lat="43.33629" lon="5.689781700000001"><ele>622.73</ele></trkpt>
<trkpt lat="43.3362967" lon="5.68982"><ele>622.46</ele></trkpt>
<trkpt lat="43.33631" lon="5.689861700000001"><ele>622.26</ele></trkpt>
<trkpt lat="43.33632" lon="5.689905"><ele>621.35</ele></trkpt>
<trkpt lat="43.3363333" lon="5.6899467"><ele>620.17</ele></trkpt>
<trkpt lat="43.3363483" lon="5.689989999999999"><ele>619.25</ele></trkpt>
<trkpt lat="43.3363583" lon="5.6900317"><ele>618.7</ele></trkpt>
<trkpt lat="43.33636" lon="5.6900783"><ele>617.85</ele></trkpt>
<trkpt lat="43.3363633" lon="5.69012"><ele>617.14</ele></trkpt>
<trkpt lat="43.3363833" lon="5.690165"><ele>616.62</ele></trkpt>
<trkpt lat="43.3364033" lon="5.6902033"><ele>615.94</ele></trkpt>
<trkpt lat="43.336425" lon="5.690235"><ele>615.25</ele></trkpt>
<trkpt lat="43.3364367" lon="5.6902783"><ele>614.84</ele></trkpt>
<trkpt lat="43.3364633" lon="5.69031"><ele>614.89</ele></trkpt>
<trkpt lat="43.3364767" lon="5.690345"><ele>615.09</ele></trkpt>
<trkpt lat="43.3364817" lon="5.690385"><ele>615.03</ele></trkpt>
<trkpt lat="43.3364967" lon="5.6904267"><ele>615.14</ele></trkpt>
<trkpt lat="43.33652" lon="5.6904533"><ele>615.03</ele></trkpt>
<trkpt lat="43.336545" lon="5.690486700000001"><ele>615.18</ele></trkpt>
<trkpt lat="43.3365683" lon="5.690524999999999"><ele>615.84</ele></trkpt>
<trkpt lat="43.3365933" lon="5.6905517"><ele>616.57</ele></trkpt>
<trkpt lat="43.336595" lon="5.6905967"><ele>619.12</ele></trkpt>
<trkpt lat="43.3366167" lon="5.6906317"><ele>620.16</ele></trkpt>
<trkpt lat="43.3366433" lon="5.6906683"><ele>621.35</ele></trkpt>
<trkpt lat="43.3366633" lon="5.6907033"><ele>621.87</ele></trkpt>
<trkpt lat="43.3366817" lon="5.6907383"><ele>622.18</ele></trkpt>
<trkpt lat="43.3366967" lon="5.690775"><ele>622.27</ele></trkpt>
<trkpt lat="43.3367117" lon="5.690816700000001"><ele>622.35</ele></trkpt>
<trkpt lat="43.33673" lon="5.6908583"><ele>622.67</ele></trkpt>
<trkpt lat="43.33675" lon="5.6908983"><ele>623.02</ele></trkpt>
<trkpt lat="43.3367683" lon="5.690934999999999"><ele>623.09</ele></trkpt>
<trkpt lat="43.336775" lon="5.690975"><ele>623.2</ele></trkpt>
<trkpt lat="43.3367733" lon="5.6910167"><ele>623.43</ele></trkpt>
<trkpt lat="43.336775" lon="5.691055"><ele>623.03</ele></trkpt>
<trkpt lat="43.3367917" lon="5.6910967"><ele>622.63</ele></trkpt>
<trkpt lat="43.3368067" lon="5.6911317"><ele>622.49</ele></trkpt>
<trkpt lat="43.3368133" lon="5.691171699999999"><ele>621.9</ele></trkpt>
<trkpt lat="43.336815" lon="5.691216699999999"><ele>621.11</ele></trkpt>
<trkpt lat="43.3368317" lon="5.691250000000001"><ele>620.59</ele></trkpt>
<trkpt lat="43.3368533" lon="5.691274999999999"><ele>620.19</ele></trkpt>
<trkpt lat="43.33687" lon="5.6913133"><ele>619.22</ele></trkpt>
<trkpt lat="43.336875" lon="5.6913617"><ele>618.22</ele></trkpt>
<trkpt lat="43.3368867" lon="5.6914067"><ele>617.45</ele></trkpt>
<trkpt lat="43.3368917" lon="5.691443300000001"><ele>617.3</ele></trkpt>
<trkpt lat="43.3369033" lon="5.6914833"><ele>617.23</ele></trkpt>
<trkpt lat="43.336915" lon="5.6915233"><ele>616.87</ele></trkpt>
<trkpt lat="43.3369233" lon="5.691559999999999"><ele>616.73</ele></trkpt>
<trkpt lat="43.336925" lon="5.6916017"><ele>616.57</ele></trkpt>
<trkpt lat="43.336915" lon="5.6916433"><ele>615.77</ele></trkpt>
<trkpt lat="43.3369083" lon="5.69169"><ele>615.09</ele></trkpt>
<trkpt lat="43.3369017" lon="5.6917333"><ele>614.75</ele></trkpt>
<trkpt lat="43.3368833" lon="5.691765"><ele>614.39</ele></trkpt>
<trkpt lat="43.3368967" lon="5.6918017"><ele>614.49</ele></trkpt>
<trkpt lat="43.3369183" lon="5.691833300000001"><ele>614.62</ele></trkpt>
<trkpt lat="43.3369317" lon="5.69187"><ele>614.43</ele></trkpt>
<trkpt lat="43.33695" lon="5.691915"><ele>614.27</ele></trkpt>
<trkpt lat="43.3369683" lon="5.6919517"><ele>614.06</ele></trkpt>
<trkpt lat="43.3369867" lon="5.6919883"><ele>613.71</ele></trkpt>
<trkpt lat="43.3370133" lon="5.692013300000001"><ele>613.87</ele></trkpt>
<trkpt lat="43.3370383" lon="5.692045"><ele>614.24</ele></trkpt>
<trkpt lat="43.3370467" lon="5.692081699999999"><ele>614.88</ele></trkpt>
<trkpt lat="43.3370733" lon="5.692094999999999"><ele>615.38</ele></trkpt>
<trkpt lat="43.3371017" lon="5.692084999999999"><ele>616.18</ele></trkpt>
<trkpt lat="43.33713" lon="5.692081699999999"><ele>616.48</ele></trkpt>
<trkpt lat="43.337165" lon="5.692081699999999"><ele>616.95</ele></trkpt>
<trkpt lat="43.3371983" lon="5.6920983"><ele>617.74</ele></trkpt>
<trkpt lat="43.33722" lon="5.6921233"><ele>618.44</ele></trkpt>
<trkpt lat="43.3372467" lon="5.6921417"><ele>619.16</ele></trkpt>
<trkpt lat="43.3372483" lon="5.6921833"><ele>619.87</ele></trkpt>
<trkpt lat="43.3372517" lon="5.692225"><ele>620.37</ele></trkpt>
<trkpt lat="43.3372417" lon="5.692261700000001"><ele>620.42</ele></trkpt>
<trkpt lat="43.3372333" lon="5.692298300000001"><ele>619.75</ele></trkpt>
<trkpt lat="43.33725" lon="5.69235"><ele>619.59</ele></trkpt>
<trkpt lat="43.33727" lon="5.692390000000001"><ele>619.63</ele></trkpt>
<trkpt lat="43.3372967" lon="5.6924317"><ele>619.87</ele></trkpt>
<trkpt lat="43.3373167" lon="5.692459999999999"><ele>620.01</ele></trkpt>
<trkpt lat="43.337335" lon="5.692490000000001"><ele>620.29</ele></trkpt>
<trkpt lat="43.3373483" lon="5.692536700000001"><ele>620.78</ele></trkpt>
<trkpt lat="43.337365" lon="5.692581700000001"><ele>620.92</ele></trkpt>
<trkpt lat="43.33738" lon="5.69262"><ele>621.02</ele></trkpt>
<trkpt lat="43.3373983" lon="5.6926633"><ele>621.11</ele></trkpt>
<trkpt lat="43.3374133" lon="5.6927017"><ele>620.98</ele></trkpt>
<trkpt lat="43.3374333" lon="5.6927333"><ele>620.76</ele></trkpt>
<trkpt lat="43.337455" lon="5.692778300000001"><ele>619.96</ele></trkpt>
<trkpt lat="43.3374633" lon="5.692823300000001"><ele>619.59</ele></trkpt>
<trkpt lat="43.337475" lon="5.6928717"><ele>619.26</ele></trkpt>
<trkpt lat="43.337495" lon="5.692915"><ele>619.39</ele></trkpt>
<trkpt lat="43.3375167" lon="5.6929517"><ele>619.85</ele></trkpt>
<trkpt lat="43.33754" lon="5.6929883"><ele>620.72</ele></trkpt>
<trkpt lat="43.3375567" lon="5.693026699999999"><ele>621.43</ele></trkpt>
<trkpt lat="43.3375667" lon="5.693071700000001"><ele>621.81</ele></trkpt>
<trkpt lat="43.3375817" lon="5.69311"><ele>622.92</ele></trkpt>
<trkpt lat="43.337595" lon="5.69315"><ele>623.93</ele></trkpt>
<trkpt lat="43.3376083" lon="5.693185"><ele>624.63</ele></trkpt>
<trkpt lat="43.337635" lon="5.693215"><ele>625.14</ele></trkpt>
<trkpt lat="43.3376517" lon="5.693251700000001"><ele>625.57</ele></trkpt>
<trkpt lat="43.3376633" lon="5.693289999999999"><ele>625.37</ele></trkpt>
<trkpt lat="43.3376767" lon="5.69333"><ele>625.39</ele></trkpt>
<trkpt lat="43.3377" lon="5.69336"><ele>625.17</ele></trkpt>
<trkpt lat="43.337725" lon="5.6933933"><ele>625.1</ele></trkpt>
<trkpt lat="43.337745" lon="5.6934233"><ele>625.82</ele></trkpt>
<trkpt lat="43.3377633" lon="5.6934533"><ele>626.43</ele></trkpt>
<trkpt lat="43.3377833" lon="5.693493300000001"><ele>626.4</ele></trkpt>
<trkpt lat="43.3378067" lon="5.693516699999999"><ele>626.96</ele></trkpt>
<trkpt lat="43.33783" lon="5.6935467"><ele>626.18</ele></trkpt>
<trkpt lat="43.3378567" lon="5.693574999999999"><ele>626.31</ele></trkpt>
<trkpt lat="43.3378833" lon="5.6935933"><ele>626.46</ele></trkpt>
<trkpt lat="43.3379067" lon="5.6936217"><ele>627.14</ele></trkpt>
<trkpt lat="43.3379233" lon="5.693654999999999"><ele>627.57</ele></trkpt>
<trkpt lat="43.337945" lon="5.69369"><ele>627.81</ele></trkpt>
<trkpt lat="43.3379583" lon="5.6937267"><ele>627.65</ele></trkpt>
<trkpt lat="43.3379717" lon="5.69376"><ele>627.56</ele></trkpt>
<trkpt lat="43.3379767" lon="5.6937983"><ele>627.26</ele></trkpt>
<trkpt lat="43.338" lon="5.693835000000001"><ele>627.48</ele></trkpt>
<trkpt lat="43.338015" lon="5.6938683"><ele>627.62</ele></trkpt>
<trkpt lat="43.33803" lon="5.693904999999999"><ele>627.45</ele></trkpt>
<trkpt lat="43.3380483" lon="5.693939999999999"><ele>627.59</ele></trkpt>
<trkpt lat="43.3380733" lon="5.6939683"><ele>627.8</ele></trkpt>
<trkpt lat="43.3381017" lon="5.69399"><ele>628.1</ele></trkpt>
<trkpt lat="43.3381233" lon="5.694026700000001"><ele>628.55</ele></trkpt>
<trkpt lat="43.3381167" lon="5.694086699999999"><ele>629.83</ele></trkpt>
<trkpt lat="43.338125" lon="5.694131699999999"><ele>630.01</ele></trkpt>
<trkpt lat="43.3381267" lon="5.69418"><ele>629.95</ele></trkpt>
<trkpt lat="43.3381467" lon="5.6942117"><ele>630.01</ele></trkpt>
<trkpt lat="43.338165" lon="5.6942467"><ele>630.09</ele></trkpt>
<trkpt lat="43.338185" lon="5.6942767"><ele>630.53</ele></trkpt>
<trkpt lat="43.3382" lon="5.6943167"><ele>631.11</ele></trkpt>
<trkpt lat="43.3382267" lon="5.694335"><ele>631.73</ele></trkpt>
<trkpt lat="43.3382567" lon="5.6943633"><ele>632.23</ele></trkpt>
<trkpt lat="43.3382783" lon="5.6943933"><ele>633.02</ele></trkpt>
<trkpt lat="43.3383033" lon="5.6944117"><ele>633.39</ele></trkpt>
<trkpt lat="43.3383217" lon="5.69444"><ele>633.61</ele></trkpt>
<trkpt lat="43.3383483" lon="5.69447"><ele>633.9</ele></trkpt>
<trkpt lat="43.3383717" lon="5.694491700000001"><ele>634.64</ele></trkpt>
<trkpt lat="43.338385" lon="5.6945333"><ele>635.34</ele></trkpt>
<trkpt lat="43.3383967" lon="5.6945717"><ele>636.07</ele></trkpt>
<trkpt lat="43.338415" lon="5.6946033"><ele>636.97</ele></trkpt>
<trkpt lat="43.3384383" lon="5.694625"><ele>637.81</ele></trkpt>
<trkpt lat="43.338465" lon="5.6946567"><ele>638.75</ele></trkpt>
<trkpt lat="43.338495" lon="5.6946717"><ele>639.35</ele></trkpt>
<trkpt lat="43.3385183" lon="5.6946933"><ele>640.13</ele></trkpt>
<trkpt lat="43.3385367" lon="5.6947283"><ele>640.95</ele></trkpt>
<trkpt lat="43.33854" lon="5.6947683"><ele>641.19</ele></trkpt>
<trkpt lat="43.3385517" lon="5.6948067"><ele>641.22</ele></trkpt>
<trkpt lat="43.338565" lon="5.6948433"><ele>641.23</ele></trkpt>
<trkpt lat="43.3385917" lon="5.6948617"><ele>640.71</ele></trkpt>
<trkpt lat="43.3386133" lon="5.694893300000001"><ele>640.31</ele></trkpt>
<trkpt lat="43.3386383" lon="5.6949233"><ele>640.22</ele></trkpt>
<trkpt lat="43.3386583" lon="5.6949583"><ele>639.15</ele></trkpt>
<trkpt lat="43.33868" lon="5.6949933"><ele>637.79</ele></trkpt>
<trkpt lat="43.338705" lon="5.6950267"><ele>637.36</ele></trkpt>
<trkpt lat="43.3387283" lon="5.6950533"><ele>637.06</ele></trkpt>
<trkpt lat="43.33875" lon="5.695086699999999"><ele>637.09</ele></trkpt>
<trkpt lat="43.3387717" lon="5.6951183"><ele>637.38</ele></trkpt>
<trkpt lat="43.33878" lon="5.6951583"><ele>637.69</ele></trkpt>
<trkpt lat="43.3387967" lon="5.6951967"><ele>638.08</ele></trkpt>
<trkpt lat="43.3388167" lon="5.695223300000001"><ele>638.47</ele></trkpt>
<trkpt lat="43.3388317" lon="5.695256700000001"><ele>638.75</ele></trkpt>
<trkpt lat="43.3388467" lon="5.695293299999999"><ele>639.36</ele></trkpt>
<trkpt lat="43.3388283" lon="5.69534"><ele>640.83</ele></trkpt>
<trkpt lat="43.3388517" lon="5.695371699999999"><ele>641.31</ele></trkpt>
<trkpt lat="43.3388733" lon="5.6954117"><ele>641.49</ele></trkpt>
<trkpt lat="43.3388917" lon="5.6954467"><ele>641.68</ele></trkpt>
<trkpt lat="43.3389067" lon="5.6954933"><ele>642.33</ele></trkpt>
<trkpt lat="43.3389267" lon="5.695523299999999"><ele>642.94</ele></trkpt>
<trkpt lat="43.33895" lon="5.6955567"><ele>643.27</ele></trkpt>
<trkpt lat="43.3389717" lon="5.695586700000001"><ele>643.43</ele></trkpt>
<trkpt lat="43.33899" lon="5.6956217"><ele>643.04</ele></trkpt>
<trkpt lat="43.3390117" lon="5.695656699999999"><ele>642.91</ele></trkpt>
<trkpt lat="43.3390317" lon="5.695686700000001"><ele>642.92</ele></trkpt>
<trkpt lat="43.3390533" lon="5.69573"><ele>643.15</ele></trkpt>
<trkpt lat="43.3390733" lon="5.6957717"><ele>643.58</ele></trkpt>
<trkpt lat="43.3390983" lon="5.6958"><ele>644.11</ele></trkpt>
<trkpt lat="43.3391167" lon="5.6958433"><ele>644.49</ele></trkpt>
<trkpt lat="43.339125" lon="5.695881700000001"><ele>645.04</ele></trkpt>
<trkpt lat="43.3391417" lon="5.695916700000001"><ele>645.21</ele></trkpt>
<trkpt lat="43.33916" lon="5.695955"><ele>644.96</ele></trkpt>
<trkpt lat="43.3391833" lon="5.6959917"><ele>645.08</ele></trkpt>
<trkpt lat="43.339205" lon="5.696025"><ele>645.31</ele></trkpt>
<trkpt lat="43.3392083" lon="5.696075000000001"><ele>645.22</ele></trkpt>
<trkpt lat="43.3392233" lon="5.6961183"><ele>645.29</ele></trkpt>
<trkpt lat="43.3392333" lon="5.69617"><ele>645.98</ele></trkpt>
<trkpt lat="43.3392417" lon="5.696211700000001"><ele>646.5</ele></trkpt>
<trkpt lat="43.3392633" lon="5.6962533"><ele>647.51</ele></trkpt>
<trkpt lat="43.3392933" lon="5.6962783"><ele>648.27</ele></trkpt>
<trkpt lat="43.3393183" lon="5.6963083"><ele>648.74</ele></trkpt>
<trkpt lat="43.33933" lon="5.696346700000001"><ele>648.66</ele></trkpt>
<trkpt lat="43.3393467" lon="5.6963833"><ele>648.77</ele></trkpt>
<trkpt lat="43.339365" lon="5.696425"><ele>649.53</ele></trkpt>
<trkpt lat="43.339385" lon="5.6964583"><ele>649.53</ele></trkpt>
<trkpt lat="43.339405" lon="5.6965"><ele>650.36</ele></trkpt>
<trkpt lat="43.339415" lon="5.6965467"><ele>650.7799999999999</ele></trkpt>
<trkpt lat="43.3394233" lon="5.6965983"><ele>651.1</ele></trkpt>
<trkpt lat="43.3394367" lon="5.6966367"><ele>651.82</ele></trkpt>
<trkpt lat="43.33946" lon="5.696656699999999"><ele>651.98</ele></trkpt>
<trkpt lat="43.3394917" lon="5.696676700000001"><ele>651.7</ele></trkpt>
<trkpt lat="43.3395233" lon="5.696690000000001"><ele>651.04</ele></trkpt>
<trkpt lat="43.339545" lon="5.6967133"><ele>650.84</ele></trkpt>
<trkpt lat="43.3395667" lon="5.6967567"><ele>650.73</ele></trkpt>
<trkpt lat="43.3395867" lon="5.696806699999999"><ele>650.56</ele></trkpt>
<trkpt lat="43.3396033" lon="5.696836700000001"><ele>650.76</ele></trkpt>
<trkpt lat="43.3396183" lon="5.6968767"><ele>651.01</ele></trkpt>
<trkpt lat="43.3396217" lon="5.69692"><ele>651.51</ele></trkpt>
<trkpt lat="43.33963" lon="5.6969683"><ele>651.81</ele></trkpt>
<trkpt lat="43.33964" lon="5.6970083"><ele>652.08</ele></trkpt>
<trkpt lat="43.339655" lon="5.6970433"><ele>652.75</ele></trkpt>
<trkpt lat="43.3396733" lon="5.6970833"><ele>653.37</ele></trkpt>
<trkpt lat="43.339695" lon="5.697115"><ele>653.85</ele></trkpt>
<trkpt lat="43.3397183" lon="5.697148299999999"><ele>654.11</ele></trkpt>
<trkpt lat="43.3397267" lon="5.697194999999999"><ele>654.16</ele></trkpt>
<trkpt lat="43.339725" lon="5.697235"><ele>654.38</ele></trkpt>
<trkpt lat="43.33973" lon="5.697275"><ele>654.59</ele></trkpt>
<trkpt lat="43.3397433" lon="5.6973117"><ele>654.79</ele></trkpt>
<trkpt lat="43.33974" lon="5.69736"><ele>654.91</ele></trkpt>
<trkpt lat="43.3397483" lon="5.6974"><ele>655.02</ele></trkpt>
<trkpt lat="43.3397583" lon="5.697435"><ele>655.09</ele></trkpt>
<trkpt lat="43.3397767" lon="5.697468299999999"><ele>655.21</ele></trkpt>
<trkpt lat="43.3397917" lon="5.697505"><ele>655.39</ele></trkpt>
<trkpt lat="43.33982" lon="5.697531700000001"><ele>655.81</ele></trkpt>
<trkpt lat="43.339845" lon="5.69755"><ele>656.01</ele></trkpt>
<trkpt lat="43.339875" lon="5.6975817"><ele>656.38</ele></trkpt>
<trkpt lat="43.3398867" lon="5.6976267"><ele>656.78</ele></trkpt>
<trkpt lat="43.3399" lon="5.6976633"><ele>656.89</ele></trkpt>
<trkpt lat="43.339905" lon="5.6977017"><ele>656.83</ele></trkpt>
<trkpt lat="43.339915" lon="5.6977417"><ele>656.98</ele></trkpt>
<trkpt lat="43.339925" lon="5.69778"><ele>656.85</ele></trkpt>
<trkpt lat="43.339925" lon="5.69782"><ele>656.89</ele></trkpt>
<trkpt lat="43.33993" lon="5.6978617"><ele>656.8</ele></trkpt>
<trkpt lat="43.3399383" lon="5.697899999999999"><ele>656.89</ele></trkpt>
<trkpt lat="43.339945" lon="5.6979367"><ele>656.83</ele></trkpt>
<trkpt lat="43.3399533" lon="5.6979867"><ele>656.99</ele></trkpt>
<trkpt lat="43.3399533" lon="5.698034999999999"><ele>657.1</ele></trkpt>
<trkpt lat="43.33997" lon="5.6980817"><ele>657.2</ele></trkpt>
<trkpt lat="43.33999" lon="5.698113300000001"><ele>657.13</ele></trkpt>
<trkpt lat="43.3400133" lon="5.6981433"><ele>657.35</ele></trkpt>
<trkpt lat="43.34004" lon="5.698171699999999"><ele>658.27</ele></trkpt>
<trkpt lat="43.3400633" lon="5.6982017"><ele>658.68</ele></trkpt>
<trkpt lat="43.340085" lon="5.698226699999999"><ele>659.1</ele></trkpt>
<trkpt lat="43.340105" lon="5.6982583"><ele>659.37</ele></trkpt>
<trkpt lat="43.340125" lon="5.6982833"><ele>659.96</ele></trkpt>
<trkpt lat="43.3401517" lon="5.69831"><ele>660.61</ele></trkpt>
<trkpt lat="43.3401667" lon="5.6983467"><ele>661.33</ele></trkpt>
<trkpt lat="43.340175" lon="5.6983867"><ele>662.15</ele></trkpt>
<trkpt lat="43.3401717" lon="5.698425"><ele>662.57</ele></trkpt>
<trkpt lat="43.34018" lon="5.698466699999999"><ele>662.89</ele></trkpt>
<trkpt lat="43.3402017" lon="5.6985017"><ele>663.35</ele></trkpt>
<trkpt lat="43.3402233" lon="5.6985367"><ele>663.78</ele></trkpt>
<trkpt lat="43.3402383" lon="5.698575"><ele>663.78</ele></trkpt>
<trkpt lat="43.3402433" lon="5.69862"><ele>663.2</ele></trkpt>
<trkpt lat="43.34026" lon="5.698665"><ele>662.44</ele></trkpt>
<trkpt lat="43.3402683" lon="5.6987017"><ele>661.29</ele></trkpt>
<trkpt lat="43.340285" lon="5.698740000000001"><ele>660.89</ele></trkpt>
<trkpt lat="43.3403033" lon="5.6987717"><ele>660.83</ele></trkpt>
<trkpt lat="43.34033" lon="5.6987917"><ele>660.21</ele></trkpt>
<trkpt lat="43.3404017" lon="5.6987867"><ele>660.13</ele></trkpt>
<trkpt lat="43.3404333" lon="5.6987733"><ele>660.97</ele></trkpt>
<trkpt lat="43.340385" lon="5.6987633"><ele>660.57</ele></trkpt>
<trkpt lat="43.34041" lon="5.6987483"><ele>660.07</ele></trkpt>
<trkpt lat="43.34044" lon="5.6987233"><ele>659.93</ele></trkpt>
<trkpt lat="43.34047" lon="5.698693300000001"><ele>660.09</ele></trkpt>
<trkpt lat="43.3404883" lon="5.698650000000001"><ele>660.57</ele></trkpt>
<trkpt lat="43.34051" lon="5.69862"><ele>660.52</ele></trkpt>
<trkpt lat="43.3405317" lon="5.698590000000001"><ele>660.59</ele></trkpt>
<trkpt lat="43.3405467" lon="5.698555"><ele>660.9</ele></trkpt>
<trkpt lat="43.3405517" lon="5.698513300000001"><ele>662.03</ele></trkpt>
<trkpt lat="43.3405483" lon="5.6984617"><ele>663.76</ele></trkpt>
<trkpt lat="43.340535" lon="5.69842"><ele>665.31</ele></trkpt>
<trkpt lat="43.3405267" lon="5.698375"><ele>666.03</ele></trkpt>
<trkpt lat="43.340525" lon="5.698329999999999"><ele>666.55</ele></trkpt>
<trkpt lat="43.3405167" lon="5.698288299999999"><ele>666.95</ele></trkpt>
<trkpt lat="43.3405117" lon="5.698243299999999"><ele>667.5</ele></trkpt>
<trkpt lat="43.340505" lon="5.6981933"><ele>667.43</ele></trkpt>
<trkpt lat="43.3405" lon="5.6981517"><ele>667.42</ele></trkpt>
<trkpt lat="43.3405" lon="5.698105"><ele>667.4</ele></trkpt>
<trkpt lat="43.3404983" lon="5.698055"><ele>667.42</ele></trkpt>
<trkpt lat="43.3405083" lon="5.6980133"><ele>667.1</ele></trkpt>
<trkpt lat="43.34052" lon="5.6979733"><ele>666.77</ele></trkpt>
<trkpt lat="43.3405267" lon="5.6979283"><ele>666.79</ele></trkpt>
<trkpt lat="43.3405367" lon="5.697886699999999"><ele>667.4899999999999</ele></trkpt>
<trkpt lat="43.3405567" lon="5.697845"><ele>667.78</ele></trkpt>
<trkpt lat="43.3405683" lon="5.697809999999999"><ele>668.08</ele></trkpt>
<trkpt lat="43.340585" lon="5.6977767"><ele>668.29</ele></trkpt>
<trkpt lat="43.3405983" lon="5.697735"><ele>667.83</ele></trkpt>
<trkpt lat="43.3406183" lon="5.6977067"><ele>668.04</ele></trkpt>
<trkpt lat="43.3406267" lon="5.6976517"><ele>668.38</ele></trkpt>
<trkpt lat="43.3406367" lon="5.6976133"><ele>668.65</ele></trkpt>
<trkpt lat="43.340645" lon="5.697569999999999"><ele>668.98</ele></trkpt>
<trkpt lat="43.3406583" lon="5.6975333"><ele>669.21</ele></trkpt>
<trkpt lat="43.3406767" lon="5.6974933"><ele>669.23</ele></trkpt>
<trkpt lat="43.3406933" lon="5.69746"><ele>669.34</ele></trkpt>
<trkpt lat="43.340715" lon="5.6974283"><ele>669.49</ele></trkpt>
<trkpt lat="43.3407467" lon="5.697419999999999"><ele>669.71</ele></trkpt>
<trkpt lat="43.340775" lon="5.697425"><ele>669.83</ele></trkpt>
<trkpt lat="43.34081" lon="5.697445"><ele>669.8</ele></trkpt>
<trkpt lat="43.3408433" lon="5.697466699999999"><ele>670.08</ele></trkpt>
<trkpt lat="43.34087" lon="5.697479999999999"><ele>670.24</ele></trkpt>
<trkpt lat="43.3409033" lon="5.697485"><ele>669.52</ele></trkpt>
<trkpt lat="43.3409317" lon="5.697486700000001"><ele>669.62</ele></trkpt>
<trkpt lat="43.3409667" lon="5.697500000000001"><ele>670.65</ele></trkpt>
<trkpt lat="43.340995" lon="5.6975033"><ele>670.35</ele></trkpt>
<trkpt lat="43.3410217" lon="5.6975367"><ele>669.39</ele></trkpt>
<trkpt lat="43.3410483" lon="5.697565"><ele>668.88</ele></trkpt>
<trkpt lat="43.3410833" lon="5.6975833"><ele>668.21</ele></trkpt>
<trkpt lat="43.3411117" lon="5.697585"><ele>667.8</ele></trkpt>
<trkpt lat="43.341135" lon="5.697565"><ele>667.57</ele></trkpt>
<trkpt lat="43.3411583" lon="5.6975333"><ele>667.17</ele></trkpt>
<trkpt lat="43.3411817" lon="5.697505"><ele>666.96</ele></trkpt>
<trkpt lat="43.3412067" lon="5.697466699999999"><ele>667.02</ele></trkpt>
<trkpt lat="43.3412133" lon="5.69743"><ele>667.61</ele></trkpt>
<trkpt lat="43.3412417" lon="5.6974383"><ele>667.65</ele></trkpt>
<trkpt lat="43.3412733" lon="5.69744"><ele>667.47</ele></trkpt>
<trkpt lat="43.3413033" lon="5.6974367"><ele>667.07</ele></trkpt>
<trkpt lat="43.3413317" lon="5.6974167"><ele>667.08</ele></trkpt>
<trkpt lat="43.34132" lon="5.6973767"><ele>666.4</ele></trkpt>
<trkpt lat="43.3413017" lon="5.6973467"><ele>666.34</ele></trkpt>
<trkpt lat="43.341275" lon="5.6973233"><ele>665.94</ele></trkpt>
<trkpt lat="43.3412483" lon="5.6973083"><ele>665.74</ele></trkpt>
<trkpt lat="43.34122" lon="5.6972917"><ele>665.73</ele></trkpt>
<trkpt lat="43.3411967" lon="5.6972617"><ele>665.54</ele></trkpt>
<trkpt lat="43.3411667" lon="5.697239999999999"><ele>665.61</ele></trkpt>
<trkpt lat="43.3411433" lon="5.69722"><ele>665.37</ele></trkpt>
<trkpt lat="43.34113" lon="5.697175"><ele>665.04</ele></trkpt>
<trkpt lat="43.341125" lon="5.6971283"><ele>664.84</ele></trkpt>
<trkpt lat="43.3411117" lon="5.697095"><ele>664.57</ele></trkpt>
<trkpt lat="43.341095" lon="5.6970517"><ele>664.53</ele></trkpt>
<trkpt lat="43.3410767" lon="5.6970133"><ele>664.53</ele></trkpt>
<trkpt lat="43.3410633" lon="5.6969733"><ele>664.39</ele></trkpt>
<trkpt lat="43.3410367" lon="5.69695"><ele>663.7</ele></trkpt>
<trkpt lat="43.3410117" lon="5.69692"><ele>662.99</ele></trkpt>
<trkpt lat="43.3409867" lon="5.6968883"><ele>662.54</ele></trkpt>
<trkpt lat="43.3409633" lon="5.69686"><ele>662.7</ele></trkpt>
<trkpt lat="43.340945" lon="5.6968233"><ele>662.36</ele></trkpt>
<trkpt lat="43.3409167" lon="5.696808299999999"><ele>662.06</ele></trkpt>
<trkpt lat="43.3408883" lon="5.6968133"><ele>661.93</ele></trkpt>
<trkpt lat="43.3408617" lon="5.696780000000001"><ele>661.93</ele></trkpt>
<trkpt lat="43.340845" lon="5.6967417"><ele>661.6</ele></trkpt>
<trkpt lat="43.3408283" lon="5.696704999999999"><ele>661.01</ele></trkpt>
<trkpt lat="43.3408167" lon="5.696665"><ele>660.39</ele></trkpt>
<trkpt lat="43.340795" lon="5.6966417"><ele>660.09</ele></trkpt>
<trkpt lat="43.3407667" lon="5.6966217"><ele>659.38</ele></trkpt>
<trkpt lat="43.3407383" lon="5.696595"><ele>658.71</ele></trkpt>
<trkpt lat="43.3407267" lon="5.6965467"><ele>658.37</ele></trkpt>
<trkpt lat="43.3407133" lon="5.6965"><ele>657.97</ele></trkpt>
<trkpt lat="43.3406933" lon="5.696475"><ele>657.67</ele></trkpt>
<trkpt lat="43.34067" lon="5.696451700000001"><ele>657.43</ele></trkpt>
<trkpt lat="43.340655" lon="5.696418300000001"><ele>657.52</ele></trkpt>
<trkpt lat="43.3406383" lon="5.6963783"><ele>657.36</ele></trkpt>
<trkpt lat="43.34062" lon="5.696350000000001"><ele>657.47</ele></trkpt>
<trkpt lat="43.340595" lon="5.696325"><ele>657.71</ele></trkpt>
<trkpt lat="43.3405767" lon="5.6962867"><ele>657.82</ele></trkpt>
<trkpt lat="43.34056" lon="5.6962533"><ele>657.92</ele></trkpt>
<trkpt lat="43.34054" lon="5.6962067"><ele>657.83</ele></trkpt>
<trkpt lat="43.3405183" lon="5.696168300000001"><ele>657.48</ele></trkpt>
<trkpt lat="43.3404967" lon="5.6961433"><ele>657.41</ele></trkpt>
<trkpt lat="43.3404883" lon="5.696105"><ele>657.36</ele></trkpt>
<trkpt lat="43.3404683" lon="5.6960617"><ele>657.07</ele></trkpt>
<trkpt lat="43.3404467" lon="5.696033300000001"><ele>656.89</ele></trkpt>
<trkpt lat="43.3404183" lon="5.6960183"><ele>656.74</ele></trkpt>
<trkpt lat="43.3403917" lon="5.6959933"><ele>656.36</ele></trkpt>
<trkpt lat="43.3403733" lon="5.695953299999999"><ele>655.61</ele></trkpt>
<trkpt lat="43.3403667" lon="5.6959067"><ele>655.21</ele></trkpt>
<trkpt lat="43.3403533" lon="5.6958667"><ele>655.18</ele></trkpt>
<trkpt lat="43.3403333" lon="5.695836700000001"><ele>654.9</ele></trkpt>
<trkpt lat="43.3403183" lon="5.6957967"><ele>653.78</ele></trkpt>
<trkpt lat="43.3403033" lon="5.6957617"><ele>652.44</ele></trkpt>
<trkpt lat="43.3402833" lon="5.6957267"><ele>651.74</ele></trkpt>
<trkpt lat="43.34027" lon="5.695690000000001"><ele>651.38</ele></trkpt>
<trkpt lat="43.340255" lon="5.6956467"><ele>650.71</ele></trkpt>
<trkpt lat="43.3402267" lon="5.695625"><ele>650.47</ele></trkpt>
<trkpt lat="43.3402033" lon="5.695595"><ele>649.94</ele></trkpt>
<trkpt lat="43.3401833" lon="5.69555"><ele>650.09</ele></trkpt>
<trkpt lat="43.3401683" lon="5.6955117"><ele>650.64</ele></trkpt>
<trkpt lat="43.3401483" lon="5.6954683"><ele>651.18</ele></trkpt>
<trkpt lat="43.3401317" lon="5.695425"><ele>650.99</ele></trkpt>
<trkpt lat="43.3401133" lon="5.6953817"><ele>650.58</ele></trkpt>
<trkpt lat="43.340095" lon="5.6953433"><ele>649.85</ele></trkpt>
<trkpt lat="43.34007" lon="5.69532"><ele>649.12</ele></trkpt>
<trkpt lat="43.3400417" lon="5.6952867"><ele>648.61</ele></trkpt>
<trkpt lat="43.3400117" lon="5.695256700000001"><ele>648.99</ele></trkpt>
<trkpt lat="43.3399833" lon="5.6952333"><ele>649.26</ele></trkpt>
<trkpt lat="43.3399533" lon="5.695205"><ele>649.93</ele></trkpt>
<trkpt lat="43.33994" lon="5.695165000000001"><ele>649.79</ele></trkpt>
<trkpt lat="43.3399267" lon="5.695123300000001"><ele>649.63</ele></trkpt>
<trkpt lat="43.3399083" lon="5.69509"><ele>649.57</ele></trkpt>
<trkpt lat="43.3398933" lon="5.6950567"><ele>649.43</ele></trkpt>
<trkpt lat="43.3398683" lon="5.6950267"><ele>648.9</ele></trkpt>
<trkpt lat="43.339845" lon="5.695005"><ele>648.52</ele></trkpt>
<trkpt lat="43.3398217" lon="5.6949617"><ele>648.16</ele></trkpt>
<trkpt lat="43.3398083" lon="5.694926700000001"><ele>648.04</ele></trkpt>
<trkpt lat="43.3397917" lon="5.6948967"><ele>648.03</ele></trkpt>
<trkpt lat="43.3397683" lon="5.694859999999999"><ele>648.26</ele></trkpt>
<trkpt lat="43.339745" lon="5.69482"><ele>648.82</ele></trkpt>
<trkpt lat="43.3397267" lon="5.6947733"><ele>649.21</ele></trkpt>
<trkpt lat="43.3397067" lon="5.6947383"><ele>649.06</ele></trkpt>
<trkpt lat="43.33969" lon="5.6947083"><ele>648.54</ele></trkpt>
<trkpt lat="43.33967" lon="5.694675"><ele>648.74</ele></trkpt>
<trkpt lat="43.3396483" lon="5.6946317"><ele>649.3199999999999</ele></trkpt>
<trkpt lat="43.3396267" lon="5.6946083"><ele>649.25</ele></trkpt>
<trkpt lat="43.3396067" lon="5.6945717"><ele>648.42</ele></trkpt>
<trkpt lat="43.3395917" lon="5.6945367"><ele>647.8</ele></trkpt>
<trkpt lat="43.3395767" lon="5.6944983"><ele>647.3</ele></trkpt>
<trkpt lat="43.3395617" lon="5.694455"><ele>646.9</ele></trkpt>
<trkpt lat="43.3395583" lon="5.694416699999999"><ele>646.31</ele></trkpt>
<trkpt lat="43.3395467" lon="5.6943783"><ele>645.88</ele></trkpt>
<trkpt lat="43.339535" lon="5.6943367"><ele>645.46</ele></trkpt>
<trkpt lat="43.339525" lon="5.694300000000001"><ele>644.55</ele></trkpt>
<trkpt lat="43.339505" lon="5.6942583"><ele>642.84</ele></trkpt>
<trkpt lat="43.33949" lon="5.6942167"><ele>641.67</ele></trkpt>
<trkpt lat="43.33948" lon="5.6941817"><ele>640.59</ele></trkpt>
<trkpt lat="43.3394667" lon="5.694135"><ele>639.3</ele></trkpt>
<trkpt lat="43.3394483" lon="5.6940917"><ele>639.03</ele></trkpt>
<trkpt lat="43.3394283" lon="5.6940583"><ele>639.26</ele></trkpt>
<trkpt lat="43.3394133" lon="5.6940217"><ele>639.49</ele></trkpt>
<trkpt lat="43.3393967" lon="5.69398"><ele>639.5</ele></trkpt>
<trkpt lat="43.3393833" lon="5.693945"><ele>640.11</ele></trkpt>
<trkpt lat="43.3393683" lon="5.6939083"><ele>640.41</ele></trkpt>
<trkpt lat="43.3393417" lon="5.6938817"><ele>639.88</ele></trkpt>
<trkpt lat="43.3393117" lon="5.6938833"><ele>639.12</ele></trkpt>
<trkpt lat="43.3392817" lon="5.6938817"><ele>638.96</ele></trkpt>
<trkpt lat="43.3392583" lon="5.693859999999999"><ele>638.6</ele></trkpt>
<trkpt lat="43.33924" lon="5.693821700000001"><ele>638.34</ele></trkpt>
<trkpt lat="43.3392217" lon="5.693776700000001"><ele>638.7</ele></trkpt>
<trkpt lat="43.3392" lon="5.6937483"><ele>638.7</ele></trkpt>
<trkpt lat="43.33918" lon="5.6937083"><ele>638.72</ele></trkpt>
<trkpt lat="43.3391617" lon="5.6936767"><ele>638.61</ele></trkpt>
<trkpt lat="43.33913" lon="5.69367"><ele>638.37</ele></trkpt>
<trkpt lat="43.3391067" lon="5.69365"><ele>637.95</ele></trkpt>
<trkpt lat="43.3390817" lon="5.6936183"><ele>637.74</ele></trkpt>
<trkpt lat="43.3390667" lon="5.6935833"><ele>637.72</ele></trkpt>
<trkpt lat="43.339045" lon="5.6935583"><ele>637.72</ele></trkpt>
<trkpt lat="43.3390267" lon="5.693518299999999"><ele>637.46</ele></trkpt>
<trkpt lat="43.3390017" lon="5.6934833"><ele>637.36</ele></trkpt>
<trkpt lat="43.3389783" lon="5.6934633"><ele>637.14</ele></trkpt>
<trkpt lat="43.338955" lon="5.6934383"><ele>636.86</ele></trkpt>
<trkpt lat="43.338935" lon="5.693405"><ele>636.99</ele></trkpt>
<trkpt lat="43.3389233" lon="5.693365"><ele>636.5</ele></trkpt>
<trkpt lat="43.33891" lon="5.6933267"><ele>636.14</ele></trkpt>
<trkpt lat="43.3388983" lon="5.693276699999999"><ele>636.12</ele></trkpt>
<trkpt lat="43.3388867" lon="5.693233299999999"><ele>635.87</ele></trkpt>
<trkpt lat="43.3388733" lon="5.693188299999999"><ele>635.92</ele></trkpt>
<trkpt lat="43.3388583" lon="5.6931467"><ele>635.4</ele></trkpt>
<trkpt lat="43.33885" lon="5.6931017"><ele>635.14</ele></trkpt>
<trkpt lat="43.3388367" lon="5.6930667"><ele>634.66</ele></trkpt>
<trkpt lat="43.33882" lon="5.69303"><ele>634.07</ele></trkpt>
<trkpt lat="43.338805" lon="5.6929867"><ele>633.12</ele></trkpt>
<trkpt lat="43.3387883" lon="5.692945"><ele>632.84</ele></trkpt>
<trkpt lat="43.3387733" lon="5.692901699999999"><ele>633.16</ele></trkpt>
<trkpt lat="43.338765" lon="5.6928617"><ele>633.25</ele></trkpt>
<trkpt lat="43.3387483" lon="5.6928183"><ele>632.86</ele></trkpt>
<trkpt lat="43.3387233" lon="5.6927967"><ele>632.48</ele></trkpt>
<trkpt lat="43.3387017" lon="5.6927583"><ele>631.44</ele></trkpt>
<trkpt lat="43.33869" lon="5.6927233"><ele>631.04</ele></trkpt>
<trkpt lat="43.3386733" lon="5.6926867"><ele>630.95</ele></trkpt>
<trkpt lat="43.33865" lon="5.692655"><ele>630.51</ele></trkpt>
<trkpt lat="43.3386283" lon="5.692616699999999"><ele>630.38</ele></trkpt>
<trkpt lat="43.33861" lon="5.6925783"><ele>630.45</ele></trkpt>
<trkpt lat="43.3385967" lon="5.6925417"><ele>630.56</ele></trkpt>
<trkpt lat="43.3385833" lon="5.6925083"><ele>630.53</ele></trkpt>
<trkpt lat="43.338565" lon="5.692475"><ele>630.2</ele></trkpt>
<trkpt lat="43.33855" lon="5.6924433"><ele>629.77</ele></trkpt>
<trkpt lat="43.33853" lon="5.692411699999999"><ele>629.56</ele></trkpt>
<trkpt lat="43.3385017" lon="5.692385"><ele>628.78</ele></trkpt>
<trkpt lat="43.3384717" lon="5.6923567"><ele>628.43</ele></trkpt>
<trkpt lat="43.3384533" lon="5.69232"><ele>628.36</ele></trkpt>
<trkpt lat="43.338445" lon="5.6922733"><ele>628.16</ele></trkpt>
<trkpt lat="43.3384283" lon="5.692231699999999"><ele>627.63</ele></trkpt>
<trkpt lat="43.3384167" lon="5.6921933"><ele>627</ele></trkpt>
<trkpt lat="43.3384033" lon="5.692155"><ele>626.58</ele></trkpt>
<trkpt lat="43.3383867" lon="5.6921217"><ele>626.19</ele></trkpt>
<trkpt lat="43.3383683" lon="5.69209"><ele>625.8</ele></trkpt>
<trkpt lat="43.3383483" lon="5.692045"><ele>625.3</ele></trkpt>
<trkpt lat="43.3383283" lon="5.692013300000001"><ele>624.88</ele></trkpt>
<trkpt lat="43.3383" lon="5.6919883"><ele>624.68</ele></trkpt>
<trkpt lat="43.3382817" lon="5.6919517"><ele>624.53</ele></trkpt>
<trkpt lat="43.3382667" lon="5.69191"><ele>624.8</ele></trkpt>
<trkpt lat="43.3382483" lon="5.69188"><ele>624.12</ele></trkpt>
<trkpt lat="43.338235" lon="5.691844999999999"><ele>623.57</ele></trkpt>
<trkpt lat="43.33823" lon="5.6918033"><ele>623.36</ele></trkpt>
<trkpt lat="43.33823" lon="5.6917633"><ele>622.81</ele></trkpt>
<trkpt lat="43.3382317" lon="5.6917217"><ele>622.45</ele></trkpt>
<trkpt lat="43.3382267" lon="5.69168"><ele>622.24</ele></trkpt>
<trkpt lat="43.3382133" lon="5.6916417"><ele>622.27</ele></trkpt>
<trkpt lat="43.3382117" lon="5.691593300000001"><ele>622.79</ele></trkpt>
<trkpt lat="43.3382067" lon="5.691546700000001"><ele>622.4</ele></trkpt>
<trkpt lat="43.338185" lon="5.6915233"><ele>621.89</ele></trkpt>
<trkpt lat="43.3381567" lon="5.6914967"><ele>621.62</ele></trkpt>
<trkpt lat="43.3381283" lon="5.691475"><ele>621.78</ele></trkpt>
<trkpt lat="43.3380983" lon="5.691465"><ele>621.72</ele></trkpt>
<trkpt lat="43.3380683" lon="5.691468299999999"><ele>621.72</ele></trkpt>
<trkpt lat="43.3380417" lon="5.691455000000001"><ele>621.04</ele></trkpt>
<trkpt lat="43.3380217" lon="5.691415"><ele>620.01</ele></trkpt>
<trkpt lat="43.3380017" lon="5.6913733"><ele>619.41</ele></trkpt>
<trkpt lat="43.3379867" lon="5.6913283"><ele>618.85</ele></trkpt>
<trkpt lat="43.33798" lon="5.691288299999999"><ele>618.57</ele></trkpt>
<trkpt lat="43.3379683" lon="5.6912483"><ele>618.19</ele></trkpt>
<trkpt lat="43.3379467" lon="5.6912217"><ele>618.05</ele></trkpt>
<trkpt lat="43.3379283" lon="5.6911817"><ele>617.83</ele></trkpt>
<trkpt lat="43.3379167" lon="5.691136699999999"><ele>617.91</ele></trkpt>
<trkpt lat="43.3378917" lon="5.6911183"><ele>617.18</ele></trkpt>
<trkpt lat="43.337865" lon="5.691085"><ele>616.68</ele></trkpt>
<trkpt lat="43.337835" lon="5.6910617"><ele>616.28</ele></trkpt>
<trkpt lat="43.3378033" lon="5.691046699999999"><ele>615.93</ele></trkpt>
<trkpt lat="43.3377817" lon="5.691021700000001"><ele>616.34</ele></trkpt>
<trkpt lat="43.3377717" lon="5.690985"><ele>616.58</ele></trkpt>
<trkpt lat="43.337765" lon="5.6909383"><ele>616.95</ele></trkpt>
<trkpt lat="43.3377633" lon="5.6908983"><ele>617.28</ele></trkpt>
<trkpt lat="43.3377583" lon="5.6908567"><ele>617.23</ele></trkpt>
<trkpt lat="43.3377467" lon="5.690816700000001"><ele>617.15</ele></trkpt>
<trkpt lat="43.337725" lon="5.6907783"><ele>616.96</ele></trkpt>
<trkpt lat="43.3377133" lon="5.69073"><ele>616.4</ele></trkpt>
<trkpt lat="43.337695" lon="5.69069"><ele>615.87</ele></trkpt>
<trkpt lat="43.3376767" lon="5.690648300000001"><ele>615.37</ele></trkpt>
<trkpt lat="43.33766" lon="5.690614999999999"><ele>615.41</ele></trkpt>
<trkpt lat="43.3376567" lon="5.690575"><ele>615.36</ele></trkpt>
<trkpt lat="43.3376617" lon="5.6905283"><ele>615.22</ele></trkpt>
<trkpt lat="43.33766" lon="5.690486700000001"><ele>615.03</ele></trkpt>
<trkpt lat="43.33764" lon="5.6904583"><ele>615.3</ele></trkpt>
<trkpt lat="43.3376233" lon="5.6904167"><ele>615.33</ele></trkpt>
<trkpt lat="43.33761" lon="5.69038"><ele>615.46</ele></trkpt>
<trkpt lat="43.337595" lon="5.6903467"><ele>615.89</ele></trkpt>
<trkpt lat="43.3375717" lon="5.6902933"><ele>616.82</ele></trkpt>
<trkpt lat="43.3375633" lon="5.690255"><ele>617.11</ele></trkpt>
<trkpt lat="43.337555" lon="5.690216699999999"><ele>617.12</ele></trkpt>
<trkpt lat="43.33754" lon="5.690170000000001"><ele>617.36</ele></trkpt>
<trkpt lat="43.3375317" lon="5.690128299999999"><ele>617.71</ele></trkpt>
<trkpt lat="43.337525" lon="5.690079999999999"><ele>617.99</ele></trkpt>
<trkpt lat="43.33751" lon="5.6900467"><ele>618.02</ele></trkpt>
<trkpt lat="43.3374883" lon="5.690021700000001"><ele>618.29</ele></trkpt>
<trkpt lat="43.3374767" lon="5.6899867"><ele>618.68</ele></trkpt>
<trkpt lat="43.3374517" lon="5.68996"><ele>618.76</ele></trkpt>
<trkpt lat="43.3374433" lon="5.689920000000001"><ele>618.37</ele></trkpt>
<trkpt lat="43.33742" lon="5.6898917"><ele>617.65</ele></trkpt>
<trkpt lat="43.3373933" lon="5.6898817"><ele>617.36</ele></trkpt>
<trkpt lat="43.33737" lon="5.689861700000001"><ele>616.28</ele></trkpt>
<trkpt lat="43.3373467" lon="5.689830000000001"><ele>615.96</ele></trkpt>
<trkpt lat="43.3373483" lon="5.689783300000001"><ele>614.9</ele></trkpt>
<trkpt lat="43.3373567" lon="5.6897417"><ele>614.66</ele></trkpt>
<trkpt lat="43.3373683" lon="5.6897033"><ele>613.97</ele></trkpt>
<trkpt lat="43.3373667" lon="5.689665"><ele>612.57</ele></trkpt>
<trkpt lat="43.3373367" lon="5.689675"><ele>611.48</ele></trkpt>
<trkpt lat="43.3373233" lon="5.689635000000001"><ele>610.57</ele></trkpt>
<trkpt lat="43.337305" lon="5.6895967"><ele>608.8</ele></trkpt>
<trkpt lat="43.33728" lon="5.6895817"><ele>607.39</ele></trkpt>
<trkpt lat="43.3372567" lon="5.68961"><ele>607.23</ele></trkpt>
<trkpt lat="43.3372283" lon="5.6896233"><ele>606.77</ele></trkpt>
<trkpt lat="43.3371983" lon="5.68961"><ele>606.36</ele></trkpt>
<trkpt lat="43.3371717" lon="5.6895917"><ele>604.04</ele></trkpt>
<trkpt lat="43.3371633" lon="5.6895533"><ele>602.85</ele></trkpt>
<trkpt lat="43.33716" lon="5.689511699999999"><ele>602.01</ele></trkpt>
<trkpt lat="43.33716" lon="5.68947"><ele>601.31</ele></trkpt>
<trkpt lat="43.3371817" lon="5.6894467"><ele>599.93</ele></trkpt>
<trkpt lat="43.3371967" lon="5.689316699999999"><ele>596.12</ele></trkpt>
<trkpt lat="43.3371867" lon="5.68928"><ele>595.26</ele></trkpt>
<trkpt lat="43.3371783" lon="5.6892417"><ele>594.08</ele></trkpt>
<trkpt lat="43.337155" lon="5.689148299999999"><ele>592.93</ele></trkpt>
<trkpt lat="43.337105" lon="5.689166700000001"><ele>591.33</ele></trkpt>
<trkpt lat="43.33708" lon="5.6891333"><ele>589.98</ele></trkpt>
<trkpt lat="43.3370583" lon="5.689110000000001"><ele>589.38</ele></trkpt>
<trkpt lat="43.33704" lon="5.689076699999999"><ele>588.29</ele></trkpt>
<trkpt lat="43.3370367" lon="5.6890367"><ele>587.04</ele></trkpt>
<trkpt lat="43.3370117" lon="5.6889817"><ele>582.6</ele></trkpt>
<trkpt lat="43.336985" lon="5.68896"><ele>581.57</ele></trkpt>
<trkpt lat="43.3369617" lon="5.6889383"><ele>581</ele></trkpt>
<trkpt lat="43.3369333" lon="5.6889333"><ele>578.86</ele></trkpt>
<trkpt lat="43.3369033" lon="5.688916700000001"><ele>575.23</ele></trkpt>
<trkpt lat="43.3368717" lon="5.688871700000001"><ele>575.35</ele></trkpt>
<trkpt lat="43.3368583" lon="5.6889083"><ele>574.47</ele></trkpt>
<trkpt lat="43.33682" lon="5.68883"><ele>572.29</ele></trkpt>
<trkpt lat="43.33679" lon="5.68885"><ele>571.42</ele></trkpt>
<trkpt lat="43.336785" lon="5.6888117"><ele>570.69</ele></trkpt>
<trkpt lat="43.3367567" lon="5.688828300000001"><ele>568.68</ele></trkpt>
<trkpt lat="43.33673" lon="5.6888133"><ele>567.86</ele></trkpt>
<trkpt lat="43.3367183" lon="5.6887767"><ele>566.97</ele></trkpt>
<trkpt lat="43.3367083" lon="5.688736699999999"><ele>565.68</ele></trkpt>
<trkpt lat="43.3367067" lon="5.6886633"><ele>563.48</ele></trkpt>
<trkpt lat="43.3366917" lon="5.688631700000001"><ele>562.19</ele></trkpt>
<trkpt lat="43.3366" lon="5.6886633"><ele>557.84</ele></trkpt>
<trkpt lat="43.3365733" lon="5.6885467"><ele>552.46</ele></trkpt>
<trkpt lat="43.3365283" lon="5.688445"><ele>549.57</ele></trkpt>
<trkpt lat="43.336495" lon="5.688455"><ele>548.23</ele></trkpt>
<trkpt lat="43.3364683" lon="5.6884383"><ele>547.3</ele></trkpt>
<trkpt lat="43.33641" lon="5.688385"><ele>543.71</ele></trkpt>
<trkpt lat="43.33639" lon="5.6883517"><ele>541.88</ele></trkpt>
<trkpt lat="43.3363683" lon="5.688326699999999"><ele>541.1</ele></trkpt>
<trkpt lat="43.3363567" lon="5.68828"><ele>540.73</ele></trkpt>
<trkpt lat="43.33634" lon="5.688246700000001"><ele>540.71</ele></trkpt>
<trkpt lat="43.3363117" lon="5.688228299999999"><ele>541.11</ele></trkpt>
<trkpt lat="43.3362817" lon="5.6882017"><ele>541.26</ele></trkpt>
<trkpt lat="43.3362517" lon="5.6881967"><ele>541.16</ele></trkpt>
<trkpt lat="43.336225" lon="5.68819"><ele>541.22</ele></trkpt>
<trkpt lat="43.336205" lon="5.6881517"><ele>541.38</ele></trkpt>
<trkpt lat="43.3361833" lon="5.688121699999999"><ele>541.9</ele></trkpt>
<trkpt lat="43.336155" lon="5.6881183"><ele>542.11</ele></trkpt>
<trkpt lat="43.3361233" lon="5.6881067"><ele>542.39</ele></trkpt>
<trkpt lat="43.33612" lon="5.688061700000001"><ele>542.99</ele></trkpt>
<trkpt lat="43.3361117" lon="5.6880233"><ele>543.19</ele></trkpt>
<trkpt lat="43.3360967" lon="5.6879917"><ele>542.64</ele></trkpt>
<trkpt lat="43.3360817" lon="5.6879583"><ele>542.71</ele></trkpt>
<trkpt lat="43.3360567" lon="5.687918300000001"><ele>542.82</ele></trkpt>
<trkpt lat="43.3360333" lon="5.68789"><ele>543.02</ele></trkpt>
<trkpt lat="43.336005" lon="5.68788"><ele>543.02</ele></trkpt>
<trkpt lat="43.3359933" lon="5.687845"><ele>543.09</ele></trkpt>
<trkpt lat="43.3359783" lon="5.6878033"><ele>542.95</ele></trkpt>
<trkpt lat="43.3359567" lon="5.687780000000001"><ele>542.83</ele></trkpt>
<trkpt lat="43.3359317" lon="5.687759999999999"><ele>542.96</ele></trkpt>
<trkpt lat="43.3359083" lon="5.6877333"><ele>543.01</ele></trkpt>
<trkpt lat="43.3358967" lon="5.6876967"><ele>543.09</ele></trkpt>
<trkpt lat="43.3358833" lon="5.687656699999999"><ele>543.03</ele></trkpt>
<trkpt lat="43.33588" lon="5.6876067"><ele>543.12</ele></trkpt>
<trkpt lat="43.3358617" lon="5.68757"><ele>543.31</ele></trkpt>
<trkpt lat="43.335845" lon="5.687535"><ele>542.96</ele></trkpt>
<trkpt lat="43.3358233" lon="5.687506699999999"><ele>542.85</ele></trkpt>
<trkpt lat="43.3358233" lon="5.687465"><ele>542.56</ele></trkpt>
<trkpt lat="43.335805" lon="5.687436700000001"><ele>542.03</ele></trkpt>
<trkpt lat="43.3357817" lon="5.6874133"><ele>541.65</ele></trkpt>
<trkpt lat="43.3357533" lon="5.687393300000001"><ele>541.08</ele></trkpt>
<trkpt lat="43.3357417" lon="5.687355"><ele>540.82</ele></trkpt>
<trkpt lat="43.3357283" lon="5.68731"><ele>540.46</ele></trkpt>
<trkpt lat="43.3357" lon="5.687290000000001"><ele>540.14</ele></trkpt>
<trkpt lat="43.3356967" lon="5.68725"><ele>539.47</ele></trkpt>
<trkpt lat="43.3356917" lon="5.6872033"><ele>538.97</ele></trkpt>
<trkpt lat="43.335685" lon="5.687165000000001"><ele>538.57</ele></trkpt>
<trkpt lat="43.3356733" lon="5.687123299999999"><ele>538.4</ele></trkpt>
<trkpt lat="43.33567" lon="5.68708"><ele>537.51</ele></trkpt>
<trkpt lat="43.3356667" lon="5.687035"><ele>536.59</ele></trkpt>
<trkpt lat="43.3356467" lon="5.687"><ele>536.03</ele></trkpt>
<trkpt lat="43.3356267" lon="5.6869567"><ele>536.08</ele></trkpt>
<trkpt lat="43.33564" lon="5.6869117"><ele>536.57</ele></trkpt>
<trkpt lat="43.3356367" lon="5.6868683"><ele>536.72</ele></trkpt>
<trkpt lat="43.33562" lon="5.686825000000001"><ele>536.7</ele></trkpt>
<trkpt lat="43.3356017" lon="5.6867967"><ele>536.65</ele></trkpt>
<trkpt lat="43.335615" lon="5.68675"><ele>536.13</ele></trkpt>
<trkpt lat="43.3356017" lon="5.686705"><ele>535.56</ele></trkpt>
<trkpt lat="43.3356167" lon="5.686665"><ele>535.35</ele></trkpt>
<trkpt lat="43.3356167" lon="5.6866183"><ele>534.74</ele></trkpt>
<trkpt lat="43.3356367" lon="5.6865767"><ele>534.43</ele></trkpt>
<trkpt lat="43.3356383" lon="5.6865283"><ele>533.79</ele></trkpt>
<trkpt lat="43.335645" lon="5.686485"><ele>533.53</ele></trkpt>
<trkpt lat="43.3356583" lon="5.686450000000001"><ele>533.61</ele></trkpt>
<trkpt lat="43.3356667" lon="5.6864083"><ele>533.71</ele></trkpt>
<trkpt lat="43.3356717" lon="5.686371699999999"><ele>533.55</ele></trkpt>
<trkpt lat="43.3356767" lon="5.6863233"><ele>533.43</ele></trkpt>
<trkpt lat="43.33566" lon="5.6862833"><ele>533.46</ele></trkpt>
<trkpt lat="43.33564" lon="5.6862533"><ele>533.71</ele></trkpt>
<trkpt lat="43.3356267" lon="5.686215"><ele>533.89</ele></trkpt>
<trkpt lat="43.3356117" lon="5.6861833"><ele>533.99</ele></trkpt>
<trkpt lat="43.3355867" lon="5.686165000000001"><ele>534.24</ele></trkpt>
<trkpt lat="43.3355617" lon="5.686135"><ele>533.79</ele></trkpt>
<trkpt lat="43.3355633" lon="5.686095"><ele>534.91</ele></trkpt>
<trkpt lat="43.3355667" lon="5.6860567"><ele>534.62</ele></trkpt>
<trkpt lat="43.33559" lon="5.686026699999999"><ele>535.13</ele></trkpt>
<trkpt lat="43.3356" lon="5.68599"><ele>535.35</ele></trkpt>
<trkpt lat="43.3355867" lon="5.6859517"><ele>535.16</ele></trkpt>
<trkpt lat="43.335565" lon="5.6859233"><ele>534.95</ele></trkpt>
<trkpt lat="43.3355433" lon="5.6858883"><ele>534.73</ele></trkpt>
<trkpt lat="43.335525" lon="5.6858567"><ele>534.64</ele></trkpt>
<trkpt lat="43.3355067" lon="5.685825"><ele>534.88</ele></trkpt>
<trkpt lat="43.3354933" lon="5.685785"><ele>534.63</ele></trkpt>
<trkpt lat="43.3354867" lon="5.68574"><ele>534.33</ele></trkpt>
<trkpt lat="43.3354767" lon="5.6857017"><ele>534.15</ele></trkpt>
<trkpt lat="43.3354633" lon="5.6856617"><ele>534.03</ele></trkpt>
<trkpt lat="43.3354433" lon="5.6856217"><ele>534.02</ele></trkpt>
<trkpt lat="43.3354417" lon="5.68558"><ele>533.85</ele></trkpt>
<trkpt lat="43.335425" lon="5.685545"><ele>533.82</ele></trkpt>
<trkpt lat="43.3354217" lon="5.6854967"><ele>533.89</ele></trkpt>
<trkpt lat="43.3354133" lon="5.68545"><ele>534.14</ele></trkpt>
<trkpt lat="43.335415" lon="5.6854083"><ele>534.04</ele></trkpt>
<trkpt lat="43.3354033" lon="5.685365"><ele>533.76</ele></trkpt>
<trkpt lat="43.3354" lon="5.6853183"><ele>533.89</ele></trkpt>
<trkpt lat="43.3354317" lon="5.685310000000001"><ele>533.97</ele></trkpt>
<trkpt lat="43.335455" lon="5.6852833"><ele>534.1</ele></trkpt>
<trkpt lat="43.33546" lon="5.6852433"><ele>533.93</ele></trkpt>
<trkpt lat="43.3354667" lon="5.6852033"><ele>533.99</ele></trkpt>
<trkpt lat="43.3354717" lon="5.6851467"><ele>534.66</ele></trkpt>
<trkpt lat="43.3354567" lon="5.6851133"><ele>534.69</ele></trkpt>
<trkpt lat="43.3354483" lon="5.685073300000001"><ele>534.28</ele></trkpt>
<trkpt lat="43.3353833" lon="5.685"><ele>534.15</ele></trkpt>
<trkpt lat="43.33538" lon="5.6849067"><ele>531.06</ele></trkpt>
<trkpt lat="43.3353883" lon="5.6848533"><ele>529.21</ele></trkpt>
<trkpt lat="43.33539" lon="5.684778300000001"><ele>523.31</ele></trkpt>
<trkpt lat="43.3354117" lon="5.6847533"><ele>520.35</ele></trkpt>
<trkpt lat="43.3354467" lon="5.6847367"><ele>520.23</ele></trkpt>
<trkpt lat="43.3354733" lon="5.6847117"><ele>519.89</ele></trkpt>
<trkpt lat="43.3354833" lon="5.6846767"><ele>519.56</ele></trkpt>
<trkpt lat="43.335495" lon="5.684640000000001"><ele>518.69</ele></trkpt>
<trkpt lat="43.3355517" lon="5.684604999999999"><ele>517.91</ele></trkpt>
<trkpt lat="43.3355817" lon="5.6845983"><ele>517.53</ele></trkpt>
<trkpt lat="43.3356117" lon="5.6845883"><ele>517.19</ele></trkpt>
<trkpt lat="43.3356367" lon="5.6845617"><ele>516.21</ele></trkpt>
<trkpt lat="43.335675" lon="5.684491700000001"><ele>513.47</ele></trkpt>
<trkpt lat="43.335705" lon="5.6844717"><ele>512.14</ele></trkpt>
<trkpt lat="43.3357233" lon="5.6844383"><ele>511.56</ele></trkpt>
<trkpt lat="43.335745" lon="5.684413299999999"><ele>510.87</ele></trkpt>
<trkpt lat="43.335765" lon="5.684386700000001"><ele>510.54</ele></trkpt>
<trkpt lat="43.3358067" lon="5.6843083"><ele>507.6299999999999</ele></trkpt>
<trkpt lat="43.335825" lon="5.684278299999999"><ele>506.53</ele></trkpt>
<trkpt lat="43.3358433" lon="5.684245"><ele>505.9</ele></trkpt>
<trkpt lat="43.3358533" lon="5.68421"><ele>504.7099999999999</ele></trkpt>
<trkpt lat="43.3358683" lon="5.6841133"><ele>502.8</ele></trkpt>
<trkpt lat="43.3358767" lon="5.684070000000001"><ele>502.21</ele></trkpt>
<trkpt lat="43.3358783" lon="5.68403"><ele>501.38</ele></trkpt>
<trkpt lat="43.3358583" lon="5.684003300000001"><ele>500.85</ele></trkpt>
<trkpt lat="43.3358433" lon="5.68397"><ele>500.3999999999999</ele></trkpt>
<trkpt lat="43.3358417" lon="5.6839317"><ele>499.77</ele></trkpt>
<trkpt lat="43.3358383" lon="5.6838883"><ele>499.49</ele></trkpt>
<trkpt lat="43.3358233" lon="5.6838517"><ele>498.68</ele></trkpt>
<trkpt lat="43.335805" lon="5.6838133"><ele>498.27</ele></trkpt>
<trkpt lat="43.33579" lon="5.683775000000001"><ele>497.61</ele></trkpt>
<trkpt lat="43.3357717" lon="5.683739999999999"><ele>496.6999999999999</ele></trkpt>
<trkpt lat="43.3357467" lon="5.6837117"><ele>496.1</ele></trkpt>
<trkpt lat="43.3357283" lon="5.683671700000001"><ele>495.74</ele></trkpt>
<trkpt lat="43.335715" lon="5.6836317"><ele>495.44</ele></trkpt>
<trkpt lat="43.3357083" lon="5.683595"><ele>495.23</ele></trkpt>
<trkpt lat="43.3356967" lon="5.6835583"><ele>494.56</ele></trkpt>
<trkpt lat="43.3356817" lon="5.683525"><ele>494.1</ele></trkpt>
<trkpt lat="43.3356717" lon="5.683485"><ele>493.95</ele></trkpt>
<trkpt lat="43.3356633" lon="5.68344"><ele>492.85</ele></trkpt>
<trkpt lat="43.3356517" lon="5.6834017"><ele>492.0799999999999</ele></trkpt>
<trkpt lat="43.3356367" lon="5.683366699999999"><ele>491.8</ele></trkpt>
<trkpt lat="43.3356383" lon="5.683325"><ele>492.11</ele></trkpt>
<trkpt lat="43.3356233" lon="5.6832917"><ele>491.59</ele></trkpt>
<trkpt lat="43.3356233" lon="5.6832483"><ele>491.99</ele></trkpt>
<trkpt lat="43.3356267" lon="5.68321"><ele>492.12</ele></trkpt>
<trkpt lat="43.3356167" lon="5.683173299999999"><ele>492.11</ele></trkpt>
<trkpt lat="43.3356" lon="5.6831367"><ele>492.1399999999999</ele></trkpt>
<trkpt lat="43.3355783" lon="5.6831083"><ele>492.24</ele></trkpt>
<trkpt lat="43.3355483" lon="5.683083299999999"><ele>492.3399999999999</ele></trkpt>
<trkpt lat="43.3355283" lon="5.6830517"><ele>492.42</ele></trkpt>
<trkpt lat="43.335535" lon="5.6830083"><ele>492.9499999999999</ele></trkpt>
<trkpt lat="43.335545" lon="5.682966700000001"><ele>493.18</ele></trkpt>
<trkpt lat="43.3355417" lon="5.682923300000001"><ele>493.99</ele></trkpt>
<trkpt lat="43.33554" lon="5.6828833"><ele>494.97</ele></trkpt>
<trkpt lat="43.335535" lon="5.682841699999999"><ele>494.9499999999999</ele></trkpt>
<trkpt lat="43.3355267" lon="5.6828033"><ele>494.9</ele></trkpt>
<trkpt lat="43.3355333" lon="5.6827667"><ele>495.4</ele></trkpt>
<trkpt lat="43.3355433" lon="5.6827317"><ele>496.64</ele></trkpt>
<trkpt lat="43.3355617" lon="5.682693300000001"><ele>496.32</ele></trkpt>
<trkpt lat="43.335565" lon="5.6826533"><ele>496.51</ele></trkpt>
<trkpt lat="43.3355583" lon="5.6826133"><ele>496.52</ele></trkpt>
<trkpt lat="43.33557" lon="5.6825683"><ele>496.3399999999999</ele></trkpt>
<trkpt lat="43.33559" lon="5.682531700000001"><ele>496.1</ele></trkpt>
<trkpt lat="43.3355967" lon="5.682485"><ele>495.89</ele></trkpt>
<trkpt lat="43.3355933" lon="5.682445"><ele>496.04</ele></trkpt>
<trkpt lat="43.3356" lon="5.6824067"><ele>495.99</ele></trkpt>
<trkpt lat="43.3356017" lon="5.6823483"><ele>495.76</ele></trkpt>
<trkpt lat="43.3356033" lon="5.682306699999999"><ele>495.17</ele></trkpt>
<trkpt lat="43.3355883" lon="5.6822683"><ele>495.02</ele></trkpt>
<trkpt lat="43.3355783" lon="5.6822317"><ele>494.48</ele></trkpt>
<trkpt lat="43.335555" lon="5.6822117"><ele>493.48</ele></trkpt>
<trkpt lat="43.3355467" lon="5.6821683"><ele>492.85</ele></trkpt>
<trkpt lat="43.335525" lon="5.6821417"><ele>492.49</ele></trkpt>
<trkpt lat="43.3355017" lon="5.6821083"><ele>491.8699999999999</ele></trkpt>
<trkpt lat="43.335475" lon="5.6820783"><ele>491.66</ele></trkpt>
<trkpt lat="43.3354467" lon="5.682055000000001"><ele>491.3000000000001</ele></trkpt>
<trkpt lat="43.3354233" lon="5.6820317"><ele>490.99</ele></trkpt>
<trkpt lat="43.3354033" lon="5.681996700000001"><ele>490.56</ele></trkpt>
<trkpt lat="43.3353933" lon="5.6819567"><ele>489.8299999999999</ele></trkpt>
<trkpt lat="43.3353683" lon="5.6819233"><ele>489.09</ele></trkpt>
<trkpt lat="43.335345" lon="5.681898299999999"><ele>488.57</ele></trkpt>
<trkpt lat="43.3353183" lon="5.6818833"><ele>488.42</ele></trkpt>
<trkpt lat="43.3352917" lon="5.6818567"><ele>488</ele></trkpt>
<trkpt lat="43.3352683" lon="5.681826700000001"><ele>487.18</ele></trkpt>
<trkpt lat="43.33525" lon="5.681798299999999"><ele>486.47</ele></trkpt>
<trkpt lat="43.3352267" lon="5.681765"><ele>485.7</ele></trkpt>
<trkpt lat="43.3352017" lon="5.6817333"><ele>485.07</ele></trkpt>
<trkpt lat="43.3351833" lon="5.6817"><ele>485.49</ele></trkpt>
<trkpt lat="43.335185" lon="5.6816583"><ele>485.65</ele></trkpt>
<trkpt lat="43.3351683" lon="5.6816267"><ele>484.97</ele></trkpt>
<trkpt lat="43.3351433" lon="5.681611699999999"><ele>484.6399999999999</ele></trkpt>
<trkpt lat="43.335135" lon="5.68157"><ele>484.24</ele></trkpt>
<trkpt lat="43.33513" lon="5.681533300000001"><ele>483.8600000000001</ele></trkpt>
<trkpt lat="43.3351183" lon="5.6814917"><ele>483.37</ele></trkpt>
<trkpt lat="43.335095" lon="5.68146"><ele>482.9999999999999</ele></trkpt>
<trkpt lat="43.335075" lon="5.6814283"><ele>482.54</ele></trkpt>
<trkpt lat="43.3350483" lon="5.6814033"><ele>482.25</ele></trkpt>
<trkpt lat="43.3350283" lon="5.6813667"><ele>480.6399999999999</ele></trkpt>
<trkpt lat="43.33501" lon="5.681336700000001"><ele>479.16</ele></trkpt>
<trkpt lat="43.33499" lon="5.6813017"><ele>476.8999999999999</ele></trkpt>
<trkpt lat="43.334975" lon="5.6812617"><ele>476.4299999999999</ele></trkpt>
<trkpt lat="43.3349533" lon="5.68123"><ele>476</ele></trkpt>
<trkpt lat="43.334935" lon="5.6811917"><ele>475.5699999999999</ele></trkpt>
<trkpt lat="43.334925" lon="5.68115"><ele>475.2</ele></trkpt>
<trkpt lat="43.3349117" lon="5.681113300000001"><ele>474.86</ele></trkpt>
<trkpt lat="43.3349017" lon="5.6810733"><ele>474.45</ele></trkpt>
<trkpt lat="43.3349017" lon="5.681034999999999"><ele>474.66</ele></trkpt>
<trkpt lat="43.3348817" lon="5.6810017"><ele>476.29</ele></trkpt>
<trkpt lat="43.33488" lon="5.6809583"><ele>476.62</ele></trkpt>
<trkpt lat="43.3348767" lon="5.680916700000001"><ele>476.62</ele></trkpt>
<trkpt lat="43.33485" lon="5.6808917"><ele>476.42</ele></trkpt>
<trkpt lat="43.33484" lon="5.6808567"><ele>476.06</ele></trkpt>
<trkpt lat="43.3348367" lon="5.6808167"><ele>475.49</ele></trkpt>
<trkpt lat="43.334825" lon="5.68076"><ele>474.04</ele></trkpt>
<trkpt lat="43.3348267" lon="5.6807183"><ele>473.44</ele></trkpt>
<trkpt lat="43.33482" lon="5.6806733"><ele>472.87</ele></trkpt>
<trkpt lat="43.3347917" lon="5.6806533"><ele>471.8699999999999</ele></trkpt>
<trkpt lat="43.334765" lon="5.680625"><ele>470.61</ele></trkpt>
<trkpt lat="43.3347533" lon="5.680586700000001"><ele>469.44</ele></trkpt>
<trkpt lat="43.3347583" lon="5.680545"><ele>468.3399999999999</ele></trkpt>
<trkpt lat="43.334765" lon="5.6805033"><ele>466.63</ele></trkpt>
<trkpt lat="43.334755" lon="5.6804633"><ele>465.5500000000001</ele></trkpt>
<trkpt lat="43.3347433" lon="5.6804283"><ele>464.89</ele></trkpt>
<trkpt lat="43.33475" lon="5.6803883"><ele>464.01</ele></trkpt>
<trkpt lat="43.334745" lon="5.680338300000001"><ele>463.1</ele></trkpt>
<trkpt lat="43.3347467" lon="5.680293300000001"><ele>462.77</ele></trkpt>
<trkpt lat="43.33474" lon="5.6802517"><ele>462.01</ele></trkpt>
<trkpt lat="43.33475" lon="5.680205"><ele>461.39</ele></trkpt>
<trkpt lat="43.33475" lon="5.6801583"><ele>461.32</ele></trkpt>
<trkpt lat="43.33475" lon="5.68012"><ele>461.5599999999999</ele></trkpt>
<trkpt lat="43.3347583" lon="5.6800833"><ele>461.8099999999999</ele></trkpt>
<trkpt lat="43.334755" lon="5.6800367"><ele>461.92</ele></trkpt>
<trkpt lat="43.33475" lon="5.6799917"><ele>462.02</ele></trkpt>
<trkpt lat="43.3347467" lon="5.67995"><ele>462.1199999999999</ele></trkpt>
<trkpt lat="43.3347483" lon="5.67991"><ele>462.19</ele></trkpt>
<trkpt lat="43.3347433" lon="5.6798617"><ele>461.73</ele></trkpt>
<trkpt lat="43.3347333" lon="5.6798233"><ele>461.34</ele></trkpt>
<trkpt lat="43.3347383" lon="5.6797867"><ele>460.87</ele></trkpt>
<trkpt lat="43.3347317" lon="5.679746699999999"><ele>460.93</ele></trkpt>
<trkpt lat="43.334765" lon="5.67972"><ele>462.0299999999999</ele></trkpt>
<trkpt lat="43.334785" lon="5.679588300000001"><ele>458.7</ele></trkpt>
<trkpt lat="43.334785" lon="5.67955"><ele>458.66</ele></trkpt>
<trkpt lat="43.334785" lon="5.6795033"><ele>458.53</ele></trkpt>
<trkpt lat="43.3347967" lon="5.6794667"><ele>458.35</ele></trkpt>
<trkpt lat="43.3348117" lon="5.6794267"><ele>457.96</ele></trkpt>
<trkpt lat="43.3348183" lon="5.6793833"><ele>457.55</ele></trkpt>
<trkpt lat="43.3348283" lon="5.67934"><ele>457.19</ele></trkpt>
<trkpt lat="43.33482" lon="5.6792933"><ele>456.88</ele></trkpt>
<trkpt lat="43.3348267" lon="5.6792517"><ele>456.66</ele></trkpt>
<trkpt lat="43.33484" lon="5.6792183"><ele>456.0799999999999</ele></trkpt>
<trkpt lat="43.3348467" lon="5.679178299999999"><ele>455.16</ele></trkpt>
<trkpt lat="43.3348417" lon="5.67914"><ele>454.25</ele></trkpt>
<trkpt lat="43.3348417" lon="5.679096700000001"><ele>453.8199999999999</ele></trkpt>
<trkpt lat="43.33486" lon="5.6790567"><ele>453.47</ele></trkpt>
<trkpt lat="43.33488" lon="5.67901"><ele>452.8899999999999</ele></trkpt>
<trkpt lat="43.334885" lon="5.67897"><ele>452.4</ele></trkpt>
<trkpt lat="43.3348733" lon="5.67892"><ele>451.99</ele></trkpt>
<trkpt lat="43.3348717" lon="5.6788767"><ele>451.41</ele></trkpt>
<trkpt lat="43.33488" lon="5.678838299999999"><ele>451.23</ele></trkpt>
<trkpt lat="43.3348717" lon="5.678791699999999"><ele>451.67</ele></trkpt>
<trkpt lat="43.3348767" lon="5.678744999999999"><ele>451.83</ele></trkpt>
<trkpt lat="43.3348883" lon="5.6786967"><ele>451.73</ele></trkpt>
<trkpt lat="43.3349" lon="5.67866"><ele>452.6499999999999</ele></trkpt>
<trkpt lat="43.3349133" lon="5.6786267"><ele>453.13</ele></trkpt>
<trkpt lat="43.3349167" lon="5.6785817"><ele>454.1100000000001</ele></trkpt>
<trkpt lat="43.33494" lon="5.678551699999999"><ele>454.3399999999999</ele></trkpt>
<trkpt lat="43.3349667" lon="5.67852"><ele>455.2400000000001</ele></trkpt>
<trkpt lat="43.3349867" lon="5.67849"><ele>455.93</ele></trkpt>
<trkpt lat="43.3350083" lon="5.6784567"><ele>456.46</ele></trkpt>
<trkpt lat="43.335025" lon="5.6784267"><ele>456.3899999999999</ele></trkpt>
<trkpt lat="43.3350517" lon="5.6784167"><ele>456.0299999999999</ele></trkpt>
<trkpt lat="43.3350817" lon="5.678391700000001"><ele>456.2</ele></trkpt>
<trkpt lat="43.3351083" lon="5.6783667"><ele>456.17</ele></trkpt>
<trkpt lat="43.3351067" lon="5.6783233"><ele>457.47</ele></trkpt>
<trkpt lat="43.33511" lon="5.6782833"><ele>457.76</ele></trkpt>
<trkpt lat="43.335095" lon="5.67825"><ele>458.27</ele></trkpt>
<trkpt lat="43.3351033" lon="5.6782067"><ele>458.88</ele></trkpt>
<trkpt lat="43.3351067" lon="5.6781683"><ele>459.74</ele></trkpt>
<trkpt lat="43.3351083" lon="5.6781283"><ele>460.27</ele></trkpt>
<trkpt lat="43.33511" lon="5.67809"><ele>461.13</ele></trkpt>
<trkpt lat="43.335125" lon="5.678055"><ele>461.99</ele></trkpt>
<trkpt lat="43.3351367" lon="5.67802"><ele>462.56</ele></trkpt>
<trkpt lat="43.33514" lon="5.677975"><ele>463.16</ele></trkpt>
<trkpt lat="43.3351467" lon="5.677928299999999"><ele>463.86</ele></trkpt>
<trkpt lat="43.335155" lon="5.67789"><ele>464.25</ele></trkpt>
<trkpt lat="43.3351667" lon="5.677855000000001"><ele>464.88</ele></trkpt>
<trkpt lat="43.3351833" lon="5.677815"><ele>466</ele></trkpt>
<trkpt lat="43.3351983" lon="5.6777733"><ele>466.48</ele></trkpt>
<trkpt lat="43.3352" lon="5.6777267"><ele>467.15</ele></trkpt>
<trkpt lat="43.3352133" lon="5.677686699999999"><ele>467.2900000000001</ele></trkpt>
<trkpt lat="43.3352283" lon="5.677655"><ele>467.49</ele></trkpt>
<trkpt lat="43.3352433" lon="5.6776217"><ele>467.95</ele></trkpt>
<trkpt lat="43.3352517" lon="5.67758"><ele>468.16</ele></trkpt>
<trkpt lat="43.33525" lon="5.677539999999999"><ele>467.76</ele></trkpt>
<trkpt lat="43.3352417" lon="5.6775"><ele>467.8</ele></trkpt>
<trkpt lat="43.33524" lon="5.6774533"><ele>468.15</ele></trkpt>
<trkpt lat="43.3352533" lon="5.67742"><ele>468.86</ele></trkpt>
<trkpt lat="43.3352617" lon="5.6773833"><ele>469.49</ele></trkpt>
<trkpt lat="43.3352733" lon="5.677343300000001"><ele>470.06</ele></trkpt>
<trkpt lat="43.3352817" lon="5.677298300000001"><ele>470.67</ele></trkpt>
<trkpt lat="43.3352933" lon="5.6772617"><ele>471.27</ele></trkpt>
<trkpt lat="43.33531" lon="5.677225"><ele>471.68</ele></trkpt>
<trkpt lat="43.33532" lon="5.677185"><ele>471.99</ele></trkpt>
<trkpt lat="43.3353317" lon="5.6771483"><ele>472.26</ele></trkpt>
<trkpt lat="43.335335" lon="5.6771083"><ele>472.9499999999999</ele></trkpt>
<trkpt lat="43.33534" lon="5.6770617"><ele>473.7799999999999</ele></trkpt>
<trkpt lat="43.3353367" lon="5.6770167"><ele>474.41</ele></trkpt>
<trkpt lat="43.33533" lon="5.676968300000001"><ele>475.17</ele></trkpt>
<trkpt lat="43.3353283" lon="5.6769267"><ele>475.67</ele></trkpt>
<trkpt lat="43.335335" lon="5.6768817"><ele>475.8</ele></trkpt>
<trkpt lat="43.3353383" lon="5.6768433"><ele>475.8199999999999</ele></trkpt>
<trkpt lat="43.33534" lon="5.6768"><ele>475.8299999999999</ele></trkpt>
<trkpt lat="43.3353467" lon="5.6767583"><ele>475.73</ele></trkpt>
<trkpt lat="43.3353567" lon="5.676715"><ele>475.8</ele></trkpt>
<trkpt lat="43.3353567" lon="5.676673300000001"><ele>475.8199999999999</ele></trkpt>
<trkpt lat="43.3353533" lon="5.676635"><ele>476.45</ele></trkpt>
<trkpt lat="43.33535" lon="5.67659"><ele>476.81</ele></trkpt>
<trkpt lat="43.3353533" lon="5.67654"><ele>477.12</ele></trkpt>
<trkpt lat="43.335355" lon="5.676490000000001"><ele>477.3</ele></trkpt>
<trkpt lat="43.3353433" lon="5.676445000000001"><ele>477.5199999999999</ele></trkpt>
<trkpt lat="43.3353483" lon="5.6764067"><ele>477.6199999999999</ele></trkpt>
<trkpt lat="43.3353483" lon="5.6763583"><ele>477.73</ele></trkpt>
<trkpt lat="43.335345" lon="5.6763133"><ele>478.0799999999999</ele></trkpt>
<trkpt lat="43.3353467" lon="5.6762733"><ele>478.21</ele></trkpt>
<trkpt lat="43.3353467" lon="5.6762333"><ele>478.57</ele></trkpt>
<trkpt lat="43.3353533" lon="5.6761967"><ele>479.04</ele></trkpt>
<trkpt lat="43.3353517" lon="5.6761517"><ele>480.0799999999999</ele></trkpt>
<trkpt lat="43.335335" lon="5.6761217"><ele>481.36</ele></trkpt>
<trkpt lat="43.335335" lon="5.6760783"><ele>481.8199999999999</ele></trkpt>
<trkpt lat="43.3353283" lon="5.6760417"><ele>482.9900000000001</ele></trkpt>
<trkpt lat="43.3353367" lon="5.6760017"><ele>483.72</ele></trkpt>
<trkpt lat="43.3353433" lon="5.6759617"><ele>484.17</ele></trkpt>
<trkpt lat="43.3353233" lon="5.675934999999999"><ele>485.61</ele></trkpt>
<trkpt lat="43.3353417" lon="5.6758883"><ele>485.5</ele></trkpt>
<trkpt lat="43.335365" lon="5.675855"><ele>485.39</ele></trkpt>
<trkpt lat="43.335365" lon="5.67581"><ele>485.19</ele></trkpt>
<trkpt lat="43.3353833" lon="5.6757667"><ele>485.24</ele></trkpt>
<trkpt lat="43.3353917" lon="5.675718300000001"><ele>484.97</ele></trkpt>
<trkpt lat="43.3353983" lon="5.6756783"><ele>484.74</ele></trkpt>
<trkpt lat="43.33541" lon="5.675639999999999"><ele>484.21</ele></trkpt>
<trkpt lat="43.3354217" lon="5.6756017"><ele>484.06</ele></trkpt>
<trkpt lat="43.3354367" lon="5.675565"><ele>483.9299999999999</ele></trkpt>
<trkpt lat="43.3354467" lon="5.6755283"><ele>484.07</ele></trkpt>
<trkpt lat="43.3354583" lon="5.675486700000001"><ele>484.36</ele></trkpt>
<trkpt lat="43.3354683" lon="5.675444999999999"><ele>484.52</ele></trkpt>
<trkpt lat="43.3354917" lon="5.675415"><ele>484.51</ele></trkpt>
<trkpt lat="43.3355267" lon="5.675396699999999"><ele>484.56</ele></trkpt>
<trkpt lat="43.33556" lon="5.6753917"><ele>483.73</ele></trkpt>
<trkpt lat="43.3355883" lon="5.67539"><ele>481.85</ele></trkpt>
<trkpt lat="43.3356217" lon="5.6753717"><ele>481.42</ele></trkpt>
<trkpt lat="43.3356467" lon="5.675351699999999"><ele>481.14</ele></trkpt>
<trkpt lat="43.33567" lon="5.6753317"><ele>480.87</ele></trkpt>
<trkpt lat="43.33569" lon="5.675306699999999"><ele>480.6399999999999</ele></trkpt>
<trkpt lat="43.3357033" lon="5.6752683"><ele>480.4399999999999</ele></trkpt>
<trkpt lat="43.33572" lon="5.675236700000001"><ele>480.53</ele></trkpt>
<trkpt lat="43.3357283" lon="5.67519"><ele>480.72</ele></trkpt>
<trkpt lat="43.3357433" lon="5.675155"><ele>480.63</ele></trkpt>
<trkpt lat="43.335755" lon="5.675101700000001"><ele>480.6</ele></trkpt>
<trkpt lat="43.3357567" lon="5.675058300000001"><ele>480.74</ele></trkpt>
<trkpt lat="43.335765" lon="5.675021699999999"><ele>480.63</ele></trkpt>
<trkpt lat="43.335765" lon="5.674979999999999"><ele>480.46</ele></trkpt>
<trkpt lat="43.33575" lon="5.67494"><ele>480.1</ele></trkpt>
<trkpt lat="43.33574" lon="5.6748917"><ele>479.68</ele></trkpt>
<trkpt lat="43.33574" lon="5.674853300000001"><ele>479.61</ele></trkpt>
<trkpt lat="43.3357433" lon="5.67481"><ele>479.37</ele></trkpt>
<trkpt lat="43.3357567" lon="5.6747683"><ele>478.8999999999999</ele></trkpt>
<trkpt lat="43.33577" lon="5.67473"><ele>478.19</ele></trkpt>
<trkpt lat="43.3357717" lon="5.6746867"><ele>477.7799999999999</ele></trkpt>
<trkpt lat="43.335795" lon="5.674655"><ele>476.49</ele></trkpt>
<trkpt lat="43.3358133" lon="5.674615"><ele>475.17</ele></trkpt>
<trkpt lat="43.335825" lon="5.674575"><ele>474.26</ele></trkpt>
<trkpt lat="43.33584" lon="5.6745383"><ele>473.2599999999999</ele></trkpt>
<trkpt lat="43.3358583" lon="5.674503299999999"><ele>472.52</ele></trkpt>
<trkpt lat="43.33587" lon="5.674465"><ele>471.92</ele></trkpt>
<trkpt lat="43.3359017" lon="5.67444"><ele>470.36</ele></trkpt>
<trkpt lat="43.335925" lon="5.67442"><ele>469.5199999999999</ele></trkpt>
<trkpt lat="43.3359533" lon="5.6743867"><ele>468.82</ele></trkpt>
<trkpt lat="43.3359783" lon="5.674353299999999"><ele>467.43</ele></trkpt>
<trkpt lat="43.3359983" lon="5.674326700000001"><ele>466.55</ele></trkpt>
<trkpt lat="43.3360183" lon="5.6742983"><ele>465.59</ele></trkpt>
<trkpt lat="43.3360333" lon="5.674259999999999"><ele>464.26</ele></trkpt>
<trkpt lat="43.3360417" lon="5.6742133"><ele>462.84</ele></trkpt>
<trkpt lat="43.3360517" lon="5.674169999999999"><ele>462.0299999999999</ele></trkpt>
<trkpt lat="43.3360733" lon="5.674145000000001"><ele>461.2499999999999</ele></trkpt>
<trkpt lat="43.3360917" lon="5.67411"><ele>460.3899999999999</ele></trkpt>
<trkpt lat="43.3361083" lon="5.6740767"><ele>459.5000000000001</ele></trkpt>
<trkpt lat="43.3361283" lon="5.674041700000001"><ele>458.6300000000001</ele></trkpt>
<trkpt lat="43.33614" lon="5.6740067"><ele>457.93</ele></trkpt>
<trkpt lat="43.3361617" lon="5.673975"><ele>457.09</ele></trkpt>
<trkpt lat="43.33618" lon="5.673943299999999"><ele>456.6799999999999</ele></trkpt>
<trkpt lat="43.3362017" lon="5.673918300000001"><ele>456.31</ele></trkpt>
<trkpt lat="43.33622" lon="5.6738833"><ele>455.72</ele></trkpt>
<trkpt lat="43.3362417" lon="5.673860000000001"><ele>455.2599999999999</ele></trkpt>
<trkpt lat="43.3362633" lon="5.6738317"><ele>454.9999999999999</ele></trkpt>
<trkpt lat="43.3362917" lon="5.6738067"><ele>454.41</ele></trkpt>
<trkpt lat="43.3363183" lon="5.6737883"><ele>454.15</ele></trkpt>
<trkpt lat="43.33635" lon="5.673775"><ele>453.94</ele></trkpt>
<trkpt lat="43.3363783" lon="5.673765"><ele>453.58</ele></trkpt>
<trkpt lat="43.33641" lon="5.6737583"><ele>453.44</ele></trkpt>
<trkpt lat="43.3364417" lon="5.6737633"><ele>453.36</ele></trkpt>
<trkpt lat="43.33647" lon="5.673781699999999"><ele>453.5199999999999</ele></trkpt>
<trkpt lat="43.3365017" lon="5.6737767"><ele>453.4599999999999</ele></trkpt>
<trkpt lat="43.3365217" lon="5.6737417"><ele>453.61</ele></trkpt>
<trkpt lat="43.3365467" lon="5.6737233"><ele>454.15</ele></trkpt>
<trkpt lat="43.3365617" lon="5.6736883"><ele>456</ele></trkpt>
<trkpt lat="43.33658" lon="5.6736517"><ele>457.66</ele></trkpt>
<trkpt lat="43.3365983" lon="5.673621700000001"><ele>456.55</ele></trkpt>
<trkpt lat="43.3366083" lon="5.6735817"><ele>455.7799999999999</ele></trkpt>
<trkpt lat="43.3366067" lon="5.673541699999999"><ele>454.98</ele></trkpt>
<trkpt lat="43.3366017" lon="5.673498299999999"><ele>453.89</ele></trkpt>
<trkpt lat="43.33661" lon="5.6734617"><ele>453.04</ele></trkpt>
<trkpt lat="43.3366417" lon="5.673441699999999"><ele>452.04</ele></trkpt>
<trkpt lat="43.3366433" lon="5.6734017"><ele>450.51</ele></trkpt>
<trkpt lat="43.336705" lon="5.6733067"><ele>448.54</ele></trkpt>
<trkpt lat="43.3367183" lon="5.6732717"><ele>446.99</ele></trkpt>
<trkpt lat="43.3367467" lon="5.67328"><ele>446.3799999999999</ele></trkpt>
<trkpt lat="43.336765" lon="5.67331"><ele>446.17</ele></trkpt>
<trkpt lat="43.33678" lon="5.6733467"><ele>446.04</ele></trkpt>
<trkpt lat="43.33679" lon="5.6733867"><ele>445.8699999999999</ele></trkpt>
<trkpt lat="43.336805" lon="5.67342"><ele>445.47</ele></trkpt>
<trkpt lat="43.336815" lon="5.6734583"><ele>444.88</ele></trkpt>
<trkpt lat="43.33683" lon="5.6734917"><ele>443.88</ele></trkpt>
<trkpt lat="43.3368517" lon="5.6735217"><ele>443.49</ele></trkpt>
<trkpt lat="43.3368717" lon="5.6735483"><ele>442.79</ele></trkpt>
<trkpt lat="43.3368683" lon="5.6735883"><ele>441.92</ele></trkpt>
<trkpt lat="43.3368883" lon="5.6736183"><ele>440.75</ele></trkpt>
<trkpt lat="43.336905" lon="5.67365"><ele>437.98</ele></trkpt>
<trkpt lat="43.3369083" lon="5.67369"><ele>437.27</ele></trkpt>
<trkpt lat="43.3368817" lon="5.6736767"><ele>436.16</ele></trkpt>
<trkpt lat="43.3368633" lon="5.673646699999999"><ele>436.13</ele></trkpt>
<trkpt lat="43.3368583" lon="5.673605"><ele>436.4299999999999</ele></trkpt>
<trkpt lat="43.336875" lon="5.6735683"><ele>436.24</ele></trkpt>
<trkpt lat="43.336885" lon="5.6735267"><ele>436.14</ele></trkpt>
<trkpt lat="43.3368867" lon="5.6734833"><ele>435.67</ele></trkpt>
<trkpt lat="43.336905" lon="5.673454999999999"><ele>435.5400000000001</ele></trkpt>
<trkpt lat="43.33692" lon="5.6734183"><ele>435.44</ele></trkpt>
<trkpt lat="43.3369333" lon="5.673381700000001"><ele>434.96</ele></trkpt>
<trkpt lat="43.336955" lon="5.6733517"><ele>434.56</ele></trkpt>
<trkpt lat="43.3369667" lon="5.6733083"><ele>433.69</ele></trkpt>
<trkpt lat="43.3369767" lon="5.6732717"><ele>433</ele></trkpt>
<trkpt lat="43.336985" lon="5.6732333"><ele>431.75</ele></trkpt>
<trkpt lat="43.336995" lon="5.6731933"><ele>430.5899999999999</ele></trkpt>
<trkpt lat="43.33701" lon="5.6731617"><ele>429.92</ele></trkpt>
<trkpt lat="43.337025" lon="5.673124999999999"><ele>428.82</ele></trkpt>
<trkpt lat="43.3370433" lon="5.673096700000001"><ele>427.7500000000001</ele></trkpt>
<trkpt lat="43.33705" lon="5.6730583"><ele>425.62</ele></trkpt>
<trkpt lat="43.337065" lon="5.673025"><ele>424.8800000000001</ele></trkpt>
<trkpt lat="43.3370933" lon="5.673045"><ele>424.22</ele></trkpt>
<trkpt lat="43.33712" lon="5.673068299999999"><ele>423.69</ele></trkpt>
<trkpt lat="43.3371183" lon="5.6730267"><ele>420.09</ele></trkpt>
<trkpt lat="43.3371717" lon="5.6729733"><ele>418.8800000000001</ele></trkpt>
<trkpt lat="43.3372" lon="5.6729583"><ele>417.13</ele></trkpt>
<trkpt lat="43.3372183" lon="5.672925"><ele>415.42</ele></trkpt>
<trkpt lat="43.3371983" lon="5.6728833"><ele>414.3100000000001</ele></trkpt>
<trkpt lat="43.3371983" lon="5.6728417"><ele>413.22</ele></trkpt>
<trkpt lat="43.3371983" lon="5.6727967"><ele>411.82</ele></trkpt>
<trkpt lat="43.3371967" lon="5.67275"><ele>410.72</ele></trkpt>
<trkpt lat="43.3372" lon="5.6727083"><ele>409.62</ele></trkpt>
<trkpt lat="43.3372" lon="5.672668300000001"><ele>408.49</ele></trkpt>
<trkpt lat="43.3372017" lon="5.672625"><ele>407.68</ele></trkpt>
<trkpt lat="43.3371967" lon="5.672586699999999"><ele>406.99</ele></trkpt>
<trkpt lat="43.33723" lon="5.6725817"><ele>406.26</ele></trkpt>
<trkpt lat="43.3372583" lon="5.6725933"><ele>405.95</ele></trkpt>
<trkpt lat="43.3372883" lon="5.672603299999999"><ele>405.74</ele></trkpt>
<trkpt lat="43.3372683" lon="5.67257"><ele>403.03</ele></trkpt>
<trkpt lat="43.3372633" lon="5.6725333"><ele>402.29</ele></trkpt>
<trkpt lat="43.33727" lon="5.6724917"><ele>401.22</ele></trkpt>
<trkpt lat="43.3372683" lon="5.672451699999999"><ele>400.19</ele></trkpt>
<trkpt lat="43.33728" lon="5.672355"><ele>398.1</ele></trkpt>
<trkpt lat="43.3373" lon="5.672303300000001"><ele>395.51</ele></trkpt>
<trkpt lat="43.3372917" lon="5.6722217"><ele>392.8700000000001</ele></trkpt>
<trkpt lat="43.3373017" lon="5.672186700000001"><ele>391.12</ele></trkpt>
<trkpt lat="43.33732" lon="5.6721533"><ele>389.63</ele></trkpt>
<trkpt lat="43.3373217" lon="5.6721083"><ele>387.83</ele></trkpt>
<trkpt lat="43.3373133" lon="5.67207"><ele>386.82</ele></trkpt>
<trkpt lat="43.337315" lon="5.6720283"><ele>385.59</ele></trkpt>
<trkpt lat="43.337345" lon="5.6719583"><ele>384.35</ele></trkpt>
<trkpt lat="43.3373633" lon="5.671929999999999"><ele>383.41</ele></trkpt>
<trkpt lat="43.337355" lon="5.6718883"><ele>382.86</ele></trkpt>
<trkpt lat="43.3373917" lon="5.6718517"><ele>381.08</ele></trkpt>
<trkpt lat="43.3374217" lon="5.67184"><ele>379.72</ele></trkpt>
<trkpt lat="43.3374483" lon="5.671828299999999"><ele>378.99</ele></trkpt>
<trkpt lat="43.3374717" lon="5.6718067"><ele>378.18</ele></trkpt>
<trkpt lat="43.3374983" lon="5.6717983"><ele>377.15</ele></trkpt>
<trkpt lat="43.3375233" lon="5.6717783"><ele>375.52</ele></trkpt>
<trkpt lat="43.3375567" lon="5.671705"><ele>373.59</ele></trkpt>
<trkpt lat="43.3375783" lon="5.6716717"><ele>372.77</ele></trkpt>
<trkpt lat="43.3376017" lon="5.6716467"><ele>372.36</ele></trkpt>
<trkpt lat="43.3376633" lon="5.6715383"><ele>369.63</ele></trkpt>
<trkpt lat="43.3376967" lon="5.67152"><ele>367.08</ele></trkpt>
<trkpt lat="43.3377283" lon="5.671508299999999"><ele>366.1899999999999</ele></trkpt>
<trkpt lat="43.3377533" lon="5.6714933"><ele>365.41</ele></trkpt>
<trkpt lat="43.3377717" lon="5.671463299999999"><ele>364.49</ele></trkpt>
<trkpt lat="43.3377917" lon="5.6714333"><ele>363.49</ele></trkpt>
<trkpt lat="43.3378217" lon="5.671415"><ele>363.05</ele></trkpt>
<trkpt lat="43.337925" lon="5.6713833"><ele>361.14</ele></trkpt>
<trkpt lat="43.3379533" lon="5.6713783"><ele>359.99</ele></trkpt>
<trkpt lat="43.3379783" lon="5.671355"><ele>359.48</ele></trkpt>
<trkpt lat="43.338015" lon="5.6713517"><ele>359.28</ele></trkpt>
<trkpt lat="43.3380617" lon="5.6713317"><ele>358.04</ele></trkpt>
<trkpt lat="43.3380667" lon="5.671276700000001"><ele>356.27</ele></trkpt>
<trkpt lat="43.33805" lon="5.6712383"><ele>355.4</ele></trkpt>
<trkpt lat="43.3380467" lon="5.6712933"><ele>355.34</ele></trkpt>
<trkpt lat="43.3380117" lon="5.6712033"><ele>353.9</ele></trkpt>
<trkpt lat="43.3380533" lon="5.6712617"><ele>354.11</ele></trkpt>
<trkpt lat="43.338095" lon="5.671290000000001"><ele>355.38</ele></trkpt>
<trkpt lat="43.3381217" lon="5.67128"><ele>355.9</ele></trkpt>
<trkpt lat="43.3381467" lon="5.6712483"><ele>356.07</ele></trkpt>
<trkpt lat="43.3381717" lon="5.671233300000001"><ele>356.1399999999999</ele></trkpt>
<trkpt lat="43.3382017" lon="5.67123"><ele>356.05</ele></trkpt>
<trkpt lat="43.338225" lon="5.671205"><ele>355.85</ele></trkpt>
<trkpt lat="43.3382567" lon="5.671195"><ele>355.64</ele></trkpt>
<trkpt lat="43.33829" lon="5.671175"><ele>355.47</ele></trkpt>
<trkpt lat="43.33832" lon="5.671186700000001"><ele>355.41</ele></trkpt>
<trkpt lat="43.3383483" lon="5.671195"><ele>355.8</ele></trkpt>
<trkpt lat="43.3383817" lon="5.671205"><ele>355.56</ele></trkpt>
<trkpt lat="43.3384083" lon="5.6712167"><ele>355.51</ele></trkpt>
<trkpt lat="43.3384367" lon="5.671233300000001"><ele>355.82</ele></trkpt>
<trkpt lat="43.3384633" lon="5.6712517"><ele>356.11</ele></trkpt>
<trkpt lat="43.33848" lon="5.6712833"><ele>356.31</ele></trkpt>
<trkpt lat="43.3384967" lon="5.671325"><ele>356.05</ele></trkpt>
<trkpt lat="43.33852" lon="5.6713533"><ele>355.88</ele></trkpt>
<trkpt lat="43.3385483" lon="5.671375"><ele>355.7</ele></trkpt>
<trkpt lat="43.3385733" lon="5.6714033"><ele>355.22</ele></trkpt>
<trkpt lat="43.3385967" lon="5.671436700000001"><ele>354.31</ele></trkpt>
<trkpt lat="43.3386167" lon="5.67148"><ele>353.63</ele></trkpt>
<trkpt lat="43.3386367" lon="5.671515"><ele>353.03</ele></trkpt>
<trkpt lat="43.3386517" lon="5.671551699999999"><ele>352.59</ele></trkpt>
<trkpt lat="43.3386733" lon="5.6715767"><ele>351.89</ele></trkpt>
<trkpt lat="43.3386967" lon="5.671599999999999"><ele>351.85</ele></trkpt>
<trkpt lat="43.33872" lon="5.671631699999999"><ele>351.77</ele></trkpt>
<trkpt lat="43.3387367" lon="5.6716633"><ele>351.7499999999999</ele></trkpt>
<trkpt lat="43.338765" lon="5.67168"><ele>352</ele></trkpt>
<trkpt lat="43.338795" lon="5.6717017"><ele>352.13</ele></trkpt>
<trkpt lat="43.3388217" lon="5.671723300000001"><ele>352.04</ele></trkpt>
<trkpt lat="43.3388467" lon="5.6717417"><ele>351.65</ele></trkpt>
<trkpt lat="43.3388717" lon="5.6717583"><ele>351.9</ele></trkpt>
<trkpt lat="43.3389067" lon="5.67176"><ele>351.91</ele></trkpt>
<trkpt lat="43.3389367" lon="5.67176"><ele>351.76</ele></trkpt>
<trkpt lat="43.3389683" lon="5.6717617"><ele>351.45</ele></trkpt>
<trkpt lat="43.3389967" lon="5.6717467"><ele>351.27</ele></trkpt>
<trkpt lat="43.339025" lon="5.671725"><ele>350.64</ele></trkpt>
<trkpt lat="43.3390517" lon="5.6717167"><ele>349.94</ele></trkpt>
<trkpt lat="43.3390767" lon="5.6716933"><ele>349.13</ele></trkpt>
<trkpt lat="43.3391017" lon="5.6716683"><ele>348.59</ele></trkpt>
<trkpt lat="43.3391283" lon="5.6716583"><ele>348.09</ele></trkpt>
<trkpt lat="43.3391583" lon="5.671641699999999"><ele>347.39</ele></trkpt>
<trkpt lat="43.3391917" lon="5.671625"><ele>346.72</ele></trkpt>
<trkpt lat="43.3392183" lon="5.6716083"><ele>346.23</ele></trkpt>
<trkpt lat="43.33925" lon="5.67159"><ele>345.13</ele></trkpt>
<trkpt lat="43.339275" lon="5.671573300000001"><ele>344.65</ele></trkpt>
<trkpt lat="43.339305" lon="5.671543299999999"><ele>344.03</ele></trkpt>
<trkpt lat="43.3393283" lon="5.6715233"><ele>343.18</ele></trkpt>
<trkpt lat="43.33935" lon="5.671498299999999"><ele>342.53</ele></trkpt>
<trkpt lat="43.33937" lon="5.671465"><ele>341.66</ele></trkpt>
<trkpt lat="43.3393917" lon="5.671436700000001"><ele>340.76</ele></trkpt>
<trkpt lat="43.339415" lon="5.6714067"><ele>339.64</ele></trkpt>
<trkpt lat="43.3394433" lon="5.6713833"><ele>338.82</ele></trkpt>
<trkpt lat="43.3394717" lon="5.6713633"><ele>338.23</ele></trkpt>
<trkpt lat="43.3394967" lon="5.6713333"><ele>337.49</ele></trkpt>
<trkpt lat="43.3395167" lon="5.6713"><ele>337.12</ele></trkpt>
<trkpt lat="43.339535" lon="5.671266699999999"><ele>336.53</ele></trkpt>
<trkpt lat="43.3395533" lon="5.671231700000001"><ele>336.26</ele></trkpt>
<trkpt lat="43.3395667" lon="5.6711933"><ele>335.91</ele></trkpt>
<trkpt lat="43.339575" lon="5.6711567"><ele>335.66</ele></trkpt>
<trkpt lat="43.33959" lon="5.671119999999999"><ele>335.48</ele></trkpt>
<trkpt lat="43.3395983" lon="5.6710817"><ele>335.19</ele></trkpt>
<trkpt lat="43.3396217" lon="5.671055"><ele>334.86</ele></trkpt>
<trkpt lat="43.33964" lon="5.6710233"><ele>334.69</ele></trkpt>
<trkpt lat="43.3396583" lon="5.6709817"><ele>334.58</ele></trkpt>
<trkpt lat="43.3396583" lon="5.6709417"><ele>334.64</ele></trkpt>
<trkpt lat="43.3396733" lon="5.6709067"><ele>334.38</ele></trkpt>
<trkpt lat="43.33968" lon="5.6708617"><ele>333.88</ele></trkpt>
<trkpt lat="43.3396933" lon="5.670824999999999"><ele>333.1</ele></trkpt>
<trkpt lat="43.3396967" lon="5.670778300000001"><ele>332.59</ele></trkpt>
<trkpt lat="43.3397" lon="5.670734999999999"><ele>332.22</ele></trkpt>
<trkpt lat="43.3396983" lon="5.670688299999999"><ele>331.4</ele></trkpt>
<trkpt lat="43.3397017" lon="5.670645"><ele>330.73</ele></trkpt>
<trkpt lat="43.3397083" lon="5.6706083"><ele>329.63</ele></trkpt>
<trkpt lat="43.3397233" lon="5.670571700000001"><ele>328.98</ele></trkpt>
<trkpt lat="43.3397417" lon="5.6705317"><ele>328.4</ele></trkpt>
<trkpt lat="43.3397617" lon="5.6705"><ele>328.16</ele></trkpt>
<trkpt lat="43.3397817" lon="5.670470000000001"><ele>328.05</ele></trkpt>
<trkpt lat="43.3398033" lon="5.67044"><ele>327.5</ele></trkpt>
<trkpt lat="43.339825" lon="5.6704067"><ele>326.79</ele></trkpt>
<trkpt lat="43.3398383" lon="5.6703733"><ele>326.49</ele></trkpt>
<trkpt lat="43.3398667" lon="5.670346699999999"><ele>326.09</ele></trkpt>
<trkpt lat="43.3398867" lon="5.6703167"><ele>325.76</ele></trkpt>
<trkpt lat="43.3399117" lon="5.670295"><ele>324.75</ele></trkpt>
<trkpt lat="43.3399333" lon="5.670268299999999"><ele>324.17</ele></trkpt>
<trkpt lat="43.3399633" lon="5.6702483"><ele>323.89</ele></trkpt>
<trkpt lat="43.3400033" lon="5.670241700000001"><ele>323.33</ele></trkpt>
<trkpt lat="43.3400317" lon="5.67022"><ele>322.87</ele></trkpt>
<trkpt lat="43.340055" lon="5.670198300000001"><ele>322.5</ele></trkpt>
<trkpt lat="43.3400733" lon="5.67017"><ele>322.29</ele></trkpt>
<trkpt lat="43.340105" lon="5.670155"><ele>322</ele></trkpt>
<trkpt lat="43.3401333" lon="5.67016"><ele>321.76</ele></trkpt>
<trkpt lat="43.3401617" lon="5.6701667"><ele>321.29</ele></trkpt>
<trkpt lat="43.3401917" lon="5.67017"><ele>320.69</ele></trkpt>
<trkpt lat="43.3402133" lon="5.670145"><ele>320.46</ele></trkpt>
<trkpt lat="43.34024" lon="5.6701367"><ele>320.06</ele></trkpt>
<trkpt lat="43.3402617" lon="5.6701133"><ele>319.59</ele></trkpt>
<trkpt lat="43.3402867" lon="5.67009"><ele>318.98</ele></trkpt>
<trkpt lat="43.3403083" lon="5.6700583"><ele>318.75</ele></trkpt>
<trkpt lat="43.34032" lon="5.6700233"><ele>318.68</ele></trkpt>
<trkpt lat="43.340345" lon="5.6700083"><ele>318.21</ele></trkpt>
<trkpt lat="43.3403767" lon="5.670003300000001"><ele>318.05</ele></trkpt>
<trkpt lat="43.340405" lon="5.670005000000001"><ele>318.08</ele></trkpt>
<trkpt lat="43.34043" lon="5.6699867"><ele>317.92</ele></trkpt>
<trkpt lat="43.3404617" lon="5.6699783"><ele>317.66</ele></trkpt>
<trkpt lat="43.34049" lon="5.6699617"><ele>317.05</ele></trkpt>
<trkpt lat="43.3405233" lon="5.669965"><ele>316.53</ele></trkpt>
<trkpt lat="43.3405517" lon="5.66998"><ele>316.13</ele></trkpt>
<trkpt lat="43.3405817" lon="5.669983299999999"><ele>315.72</ele></trkpt>
<trkpt lat="43.3406133" lon="5.669981699999999"><ele>315.66</ele></trkpt>
<trkpt lat="43.3406383" lon="5.6699667"><ele>315.65</ele></trkpt>
<trkpt lat="43.34067" lon="5.669969999999999"><ele>315.33</ele></trkpt>
<trkpt lat="43.3406983" lon="5.669985"><ele>314.99</ele></trkpt>
<trkpt lat="43.3407267" lon="5.669995"><ele>314.85</ele></trkpt>
<trkpt lat="43.3407567" lon="5.670003300000001"><ele>314.27</ele></trkpt>
<trkpt lat="43.3407817" lon="5.669985"><ele>314.3399999999999</ele></trkpt>
<trkpt lat="43.34081" lon="5.6699633"><ele>314.25</ele></trkpt>
<trkpt lat="43.3408333" lon="5.6699433"><ele>314.25</ele></trkpt>
<trkpt lat="43.3408633" lon="5.6699217"><ele>313.82</ele></trkpt>
<trkpt lat="43.34089" lon="5.669913300000001"><ele>313.3</ele></trkpt>
<trkpt lat="43.3409133" lon="5.6698883"><ele>312.71</ele></trkpt>
<trkpt lat="43.3409417" lon="5.669875"><ele>312.46</ele></trkpt>
<trkpt lat="43.3409733" lon="5.669855000000001"><ele>312.09</ele></trkpt>
<trkpt lat="43.3409967" lon="5.6698333"><ele>311.86</ele></trkpt>
<trkpt lat="43.3410167" lon="5.6698083"><ele>311.68</ele></trkpt>
<trkpt lat="43.3410367" lon="5.6697833"><ele>311.46</ele></trkpt>
<trkpt lat="43.341065" lon="5.669751700000001"><ele>311.31</ele></trkpt>
<trkpt lat="43.3410883" lon="5.6697283"><ele>311.16</ele></trkpt>
<trkpt lat="43.3411133" lon="5.6697117"><ele>311.26</ele></trkpt>
<trkpt lat="43.34114" lon="5.669698299999999"><ele>311.08</ele></trkpt>
<trkpt lat="43.3411717" lon="5.6696767"><ele>311.41</ele></trkpt>
<trkpt lat="43.3411983" lon="5.6696517"><ele>311.71</ele></trkpt>
<trkpt lat="43.3412283" lon="5.669628300000001"><ele>312.04</ele></trkpt>
<trkpt lat="43.3412567" lon="5.669625"><ele>312.05</ele></trkpt>
<trkpt lat="43.341285" lon="5.669615000000001"><ele>311.86</ele></trkpt>
<trkpt lat="43.341315" lon="5.6695883"><ele>311.4</ele></trkpt>
<trkpt lat="43.341345" lon="5.669575"><ele>311.03</ele></trkpt>
<trkpt lat="43.341375" lon="5.669570000000001"><ele>310.76</ele></trkpt>
<trkpt lat="43.341405" lon="5.6695617"><ele>310.58</ele></trkpt>
<trkpt lat="43.3414367" lon="5.6695567"><ele>310.06</ele></trkpt>
<trkpt lat="43.34147" lon="5.669553299999999"><ele>309.42</ele></trkpt>
<trkpt lat="43.3414983" lon="5.6695483"><ele>308.86</ele></trkpt>
<trkpt lat="43.3415317" lon="5.6695317"><ele>308.75</ele></trkpt>
<trkpt lat="43.3415667" lon="5.66953"><ele>308.4</ele></trkpt>
<trkpt lat="43.341595" lon="5.669539999999999"><ele>308.29</ele></trkpt>
<trkpt lat="43.34162" lon="5.6695567"><ele>308.09</ele></trkpt>
<trkpt lat="43.341645" lon="5.669575"><ele>307.89</ele></trkpt>
<trkpt lat="43.3416767" lon="5.6696017"><ele>307.96</ele></trkpt>
<trkpt lat="43.3417083" lon="5.669629999999999"><ele>308.1</ele></trkpt>
<trkpt lat="43.3417383" lon="5.669645"><ele>308.67</ele></trkpt>
<trkpt lat="43.3417683" lon="5.66965"><ele>309.1</ele></trkpt>
<trkpt lat="43.3418067" lon="5.669661700000001"><ele>309.66</ele></trkpt>
<trkpt lat="43.3418433" lon="5.66967"><ele>309.62</ele></trkpt>
<trkpt lat="43.3418767" lon="5.66967"><ele>309.84</ele></trkpt>
<trkpt lat="43.3419083" lon="5.6696667"><ele>309.94</ele></trkpt>
<trkpt lat="43.341935" lon="5.66966"><ele>309.85</ele></trkpt>
<trkpt lat="43.3419617" lon="5.6696667"><ele>309.92</ele></trkpt>
<trkpt lat="43.3419933" lon="5.6696783"><ele>309.92</ele></trkpt>
<trkpt lat="43.342025" lon="5.6696917"><ele>309.98</ele></trkpt>
<trkpt lat="43.3420517" lon="5.6697017"><ele>310.05</ele></trkpt>
<trkpt lat="43.3420817" lon="5.669715"><ele>309.98</ele></trkpt>
<trkpt lat="43.3421217" lon="5.6697217"><ele>309.58</ele></trkpt>
<trkpt lat="43.3421533" lon="5.6697283"><ele>309.29</ele></trkpt>
<trkpt lat="43.342185" lon="5.669731699999999"><ele>308.99</ele></trkpt>
<trkpt lat="43.3422167" lon="5.669741699999999"><ele>308.59</ele></trkpt>
<trkpt lat="43.3422433" lon="5.66975"><ele>308.39</ele></trkpt>
<trkpt lat="43.342275" lon="5.6697617"><ele>308</ele></trkpt>
<trkpt lat="43.342305" lon="5.6697683"><ele>307.63</ele></trkpt>
<trkpt lat="43.3423333" lon="5.669785"><ele>307</ele></trkpt>
<trkpt lat="43.3423633" lon="5.669796700000001"><ele>306.39</ele></trkpt>
<trkpt lat="43.34239" lon="5.669805"><ele>306.16</ele></trkpt>
<trkpt lat="43.34242" lon="5.669825"><ele>306.13</ele></trkpt>
<trkpt lat="43.3424433" lon="5.6697983"><ele>305.74</ele></trkpt>
<trkpt lat="43.3424433" lon="5.6697483"><ele>305.49</ele></trkpt>
<trkpt lat="43.342425" lon="5.669706700000001"><ele>305.15</ele></trkpt>
<trkpt lat="43.3423917" lon="5.6696917"><ele>304.4</ele></trkpt>
<trkpt lat="43.342365" lon="5.669706700000001"><ele>303.3</ele></trkpt>
<trkpt lat="43.3423733" lon="5.669645"><ele>299.53</ele></trkpt>
<trkpt lat="43.3424033" lon="5.669629999999999"><ele>297.82</ele></trkpt>
<trkpt lat="43.3424317" lon="5.669625"><ele>297.5</ele></trkpt>
<trkpt lat="43.3424667" lon="5.6696117"><ele>297.01</ele></trkpt>
<trkpt lat="43.3425017" lon="5.6696017"><ele>296.48</ele></trkpt>
<trkpt lat="43.342535" lon="5.669594999999999"><ele>296.19</ele></trkpt>
<trkpt lat="43.3425617" lon="5.6695867"><ele>296.06</ele></trkpt>
<trkpt lat="43.3425983" lon="5.6695867"><ele>295.96</ele></trkpt>
<trkpt lat="43.342625" lon="5.669575"><ele>295.86</ele></trkpt>
<trkpt lat="43.3426533" lon="5.669555"><ele>295.85</ele></trkpt>
<trkpt lat="43.34268" lon="5.669539999999999"><ele>295.89</ele></trkpt>
<trkpt lat="43.3427133" lon="5.6695217"><ele>295.59</ele></trkpt>
<trkpt lat="43.3427383" lon="5.6694967"><ele>295.39</ele></trkpt>
<trkpt lat="43.3427533" lon="5.669459999999999"><ele>295.29</ele></trkpt>
<trkpt lat="43.3427767" lon="5.6694233"><ele>295.07</ele></trkpt>
<trkpt lat="43.342805" lon="5.6693967"><ele>295.05</ele></trkpt>
<trkpt lat="43.3428383" lon="5.669376700000001"><ele>295.22</ele></trkpt>
<trkpt lat="43.3428567" lon="5.6693467"><ele>295.55</ele></trkpt>
<trkpt lat="43.3428783" lon="5.669296699999999"><ele>296.08</ele></trkpt>
<trkpt lat="43.342895" lon="5.669264999999999"><ele>296.47</ele></trkpt>
<trkpt lat="43.3429167" lon="5.6692383"><ele>296.97</ele></trkpt>
<trkpt lat="43.342945" lon="5.669219999999999"><ele>296.6</ele></trkpt>
<trkpt lat="43.3429533" lon="5.669181700000001"><ele>296.3</ele></trkpt>
<trkpt lat="43.3429733" lon="5.6691433"><ele>296.1</ele></trkpt>
<trkpt lat="43.343" lon="5.66911"><ele>295.78</ele></trkpt>
<trkpt lat="43.343035" lon="5.6690867"><ele>295.47</ele></trkpt>
<trkpt lat="43.34305" lon="5.669055"><ele>295.48</ele></trkpt>
<trkpt lat="43.343055" lon="5.6690133"><ele>294.94</ele></trkpt>
<trkpt lat="43.3430767" lon="5.6689867"><ele>294.76</ele></trkpt>
<trkpt lat="43.34309" lon="5.668945000000001"><ele>294.6</ele></trkpt>
<trkpt lat="43.343095" lon="5.668900000000001"><ele>294.46</ele></trkpt>
<trkpt lat="43.3431133" lon="5.6688717"><ele>294.48</ele></trkpt>
<trkpt lat="43.34313" lon="5.668833299999999"><ele>294.03</ele></trkpt>
<trkpt lat="43.3431467" lon="5.6688017"><ele>293.77</ele></trkpt>
<trkpt lat="43.3431617" lon="5.668765"><ele>293.53</ele></trkpt>
<trkpt lat="43.3431867" lon="5.668745"><ele>293.65</ele></trkpt>
<trkpt lat="43.3432233" lon="5.6687333"><ele>294.18</ele></trkpt>
<trkpt lat="43.3432517" lon="5.668718300000001"><ele>294.68</ele></trkpt>
<trkpt lat="43.34328" lon="5.6687117"><ele>295.06</ele></trkpt>
<trkpt lat="43.3433167" lon="5.6687083"><ele>295.39</ele></trkpt>
<trkpt lat="43.3433567" lon="5.668718300000001"><ele>295.53</ele></trkpt>
<trkpt lat="43.3433867" lon="5.66872"><ele>295.65</ele></trkpt>
<trkpt lat="43.3434083" lon="5.6686917"><ele>294.99</ele></trkpt>
<trkpt lat="43.343435" lon="5.6686783"><ele>295.06</ele></trkpt>
<trkpt lat="43.34346" lon="5.668653299999999"><ele>294.99</ele></trkpt>
<trkpt lat="43.343475" lon="5.6686183"><ele>294.96</ele></trkpt>
<trkpt lat="43.3434933" lon="5.6685883"><ele>295.13</ele></trkpt>
<trkpt lat="43.3435167" lon="5.66856"><ele>295.36</ele></trkpt>
<trkpt lat="43.3435433" lon="5.6685417"><ele>295.45</ele></trkpt>
<trkpt lat="43.3435667" lon="5.668511700000001"><ele>295.46</ele></trkpt>
<trkpt lat="43.34359" lon="5.6684883"><ele>295.85</ele></trkpt>
<trkpt lat="43.3436" lon="5.668446699999999"><ele>296.8</ele></trkpt>
<trkpt lat="43.3436233" lon="5.66841"><ele>297.13</ele></trkpt>
<trkpt lat="43.3436483" lon="5.668388300000001"><ele>297.33</ele></trkpt>
<trkpt lat="43.3436617" lon="5.668354999999999"><ele>297.26</ele></trkpt>
<trkpt lat="43.3436667" lon="5.6683117"><ele>297.26</ele></trkpt>
<trkpt lat="43.3436883" lon="5.6682767"><ele>297.26</ele></trkpt>
<trkpt lat="43.3437083" lon="5.6682417"><ele>297.26</ele></trkpt>
<trkpt lat="43.343735" lon="5.66823"><ele>297.07</ele></trkpt>
<trkpt lat="43.34376" lon="5.66821"><ele>296.99</ele></trkpt>
<trkpt lat="43.3437783" lon="5.668175"><ele>296.77</ele></trkpt>
<trkpt lat="43.34378" lon="5.668136700000001"><ele>296.28</ele></trkpt>
<trkpt lat="43.3438" lon="5.668104999999999"><ele>296.13</ele></trkpt>
<trkpt lat="43.3438717" lon="5.667990000000001"><ele>295.2</ele></trkpt>
<trkpt lat="43.3438633" lon="5.6679517"><ele>294.69</ele></trkpt>
<trkpt lat="43.3439067" lon="5.6679083"><ele>293.08</ele></trkpt>
<trkpt lat="43.3439217" lon="5.6678733"><ele>291.94</ele></trkpt>
<trkpt lat="43.3439483" lon="5.66785"><ele>290.59</ele></trkpt>
<trkpt lat="43.3439733" lon="5.667831699999999"><ele>289.81</ele></trkpt>
<trkpt lat="43.3440033" lon="5.667805000000001"><ele>288.95</ele></trkpt>
<trkpt lat="43.34403" lon="5.667788299999999"><ele>287.84</ele></trkpt>
<trkpt lat="43.3440583" lon="5.667795"><ele>287.65</ele></trkpt>
<trkpt lat="43.3440817" lon="5.667773300000001"><ele>286.58</ele></trkpt>
<trkpt lat="43.3441033" lon="5.667745"><ele>286.76</ele></trkpt>
<trkpt lat="43.3442033" lon="5.6676983"><ele>285.68</ele></trkpt>
<trkpt lat="43.344235" lon="5.6677"><ele>285.14</ele></trkpt>
<trkpt lat="43.3442583" lon="5.6677583"><ele>283.54</ele></trkpt>
<trkpt lat="43.3442217" lon="5.667773300000001"><ele>283.02</ele></trkpt>
<trkpt lat="43.3441917" lon="5.667788299999999"><ele>282.54</ele></trkpt>
<trkpt lat="43.3441883" lon="5.667835"><ele>281.92</ele></trkpt>
<trkpt lat="43.3441933" lon="5.667876699999999"><ele>281.76</ele></trkpt>
<trkpt lat="43.34418" lon="5.6679133"><ele>281.49</ele></trkpt>
<trkpt lat="43.344165" lon="5.6679533"><ele>281.39</ele></trkpt>
<trkpt lat="43.3441433" lon="5.6679867"><ele>281.27</ele></trkpt>
<trkpt lat="43.3441133" lon="5.668000000000001"><ele>281.26</ele></trkpt>
<trkpt lat="43.344085" lon="5.66802"><ele>281.1</ele></trkpt>
<trkpt lat="43.3440783" lon="5.668059999999999"><ele>281.16</ele></trkpt>
<trkpt lat="43.3440717" lon="5.668103300000001"><ele>281.16</ele></trkpt>
<trkpt lat="43.3440633" lon="5.6681417"><ele>281.25</ele></trkpt>
<trkpt lat="43.3440617" lon="5.668181700000001"><ele>281.36</ele></trkpt>
<trkpt lat="43.3440483" lon="5.668218299999999"><ele>281.29</ele></trkpt>
<trkpt lat="43.344055" lon="5.6682583"><ele>281.12</ele></trkpt>
<trkpt lat="43.343985" lon="5.668295"><ele>279.82</ele></trkpt>
<trkpt lat="43.3439733" lon="5.668335"><ele>279.29</ele></trkpt>
<trkpt lat="43.3439767" lon="5.6683817"><ele>279.04</ele></trkpt>
<trkpt lat="43.3439817" lon="5.668448299999999"><ele>279.44</ele></trkpt>
<trkpt lat="43.3439783" lon="5.6684867"><ele>279.01</ele></trkpt>
<trkpt lat="43.3439983" lon="5.6685167"><ele>278.43</ele></trkpt>
<trkpt lat="43.3440033" lon="5.668555"><ele>278.26</ele></trkpt>
<trkpt lat="43.34403" lon="5.6685683"><ele>277.7</ele></trkpt>
<trkpt lat="43.344055" lon="5.668538299999999"><ele>277.1</ele></trkpt>
<trkpt lat="43.3440667" lon="5.668493299999999"><ele>276.89</ele></trkpt>
<trkpt lat="43.3440767" lon="5.66845"><ele>276.6</ele></trkpt>
<trkpt lat="43.34407" lon="5.66841"><ele>276.2</ele></trkpt>
<trkpt lat="43.344065" lon="5.6683733"><ele>275.18</ele></trkpt>
<trkpt lat="43.3440883" lon="5.6683367"><ele>274.76</ele></trkpt>
<trkpt lat="43.344095" lon="5.6682817"><ele>274.35</ele></trkpt>
<trkpt lat="43.344095" lon="5.668240000000001"><ele>274.19</ele></trkpt>
<trkpt lat="43.3441567" lon="5.668285000000001"><ele>273.04</ele></trkpt>
<trkpt lat="43.344165" lon="5.6682483"><ele>272.64</ele></trkpt>
<trkpt lat="43.344195" lon="5.668226700000001"><ele>272.82</ele></trkpt>
<trkpt lat="43.344215" lon="5.668195000000001"><ele>273.21</ele></trkpt>
<trkpt lat="43.34421" lon="5.6681517"><ele>274.99</ele></trkpt>
<trkpt lat="43.3441867" lon="5.66813"><ele>275.09</ele></trkpt>
<trkpt lat="43.344245" lon="5.6680233"><ele>274.53</ele></trkpt>
<trkpt lat="43.345495" lon="5.6664517"><ele>273.83</ele></trkpt>
<trkpt lat="43.3455167" lon="5.6664833"><ele>275.45</ele></trkpt>
<trkpt lat="43.345545" lon="5.6664917"><ele>276.98</ele></trkpt>
<trkpt lat="43.345565" lon="5.666454999999999"><ele>277.96</ele></trkpt>
<trkpt lat="43.3455767" lon="5.6664183"><ele>277.16</ele></trkpt>
<trkpt lat="43.3455967" lon="5.66639"><ele>275.83</ele></trkpt>
<trkpt lat="43.3456133" lon="5.66636"><ele>271.12</ele></trkpt>
<trkpt lat="43.345645" lon="5.6663417"><ele>269.03</ele></trkpt>
<trkpt lat="43.3456733" lon="5.666328300000001"><ele>266.73</ele></trkpt>
<trkpt lat="43.345705" lon="5.666315"><ele>265.01</ele></trkpt>
<trkpt lat="43.3457333" lon="5.666294999999999"><ele>264.35</ele></trkpt>
<trkpt lat="43.3457533" lon="5.66627"><ele>263.47</ele></trkpt>
<trkpt lat="43.34578" lon="5.6662883"><ele>263.75</ele></trkpt>
<trkpt lat="43.3458033" lon="5.6662683"><ele>263.93</ele></trkpt>
<trkpt lat="43.3458083" lon="5.666214999999999"><ele>263.51</ele></trkpt>
<trkpt lat="43.3458167" lon="5.6661617"><ele>263.36</ele></trkpt>
<trkpt lat="43.3458267" lon="5.6661233"><ele>263.3</ele></trkpt>
<trkpt lat="43.34586" lon="5.6660933"><ele>262.96</ele></trkpt>
<trkpt lat="43.34589" lon="5.666086700000001"><ele>263.11</ele></trkpt>
<trkpt lat="43.3459267" lon="5.6660817"><ele>263.51</ele></trkpt>
<trkpt lat="43.3459617" lon="5.6660817"><ele>262.95</ele></trkpt>
<trkpt lat="43.3459917" lon="5.666075"><ele>262.7</ele></trkpt>
<trkpt lat="43.3460167" lon="5.6660483"><ele>262.5</ele></trkpt>
<trkpt lat="43.3460417" lon="5.6660183"><ele>262.53</ele></trkpt>
<trkpt lat="43.34607" lon="5.665995"><ele>262.68</ele></trkpt>
<trkpt lat="43.346105" lon="5.665998300000001"><ele>263.17</ele></trkpt>
<trkpt lat="43.3461317" lon="5.6659817"><ele>263.68</ele></trkpt>
<trkpt lat="43.3461633" lon="5.66597"><ele>264.72</ele></trkpt>
<trkpt lat="43.3461883" lon="5.665955"><ele>265.6</ele></trkpt>
<trkpt lat="43.3462167" lon="5.665933299999999"><ele>266.27</ele></trkpt>
<trkpt lat="43.3462483" lon="5.665915"><ele>266.62</ele></trkpt>
<trkpt lat="43.34628" lon="5.6659017"><ele>266.81</ele></trkpt>
<trkpt lat="43.3463133" lon="5.665891700000001"><ele>267.21</ele></trkpt>
<trkpt lat="43.3463483" lon="5.6659033"><ele>267.72</ele></trkpt>
<trkpt lat="43.3463767" lon="5.6659117"><ele>268.02</ele></trkpt>
<trkpt lat="43.34641" lon="5.665925"><ele>268.14</ele></trkpt>
<trkpt lat="43.3464433" lon="5.6659417"><ele>268.07</ele></trkpt>
<trkpt lat="43.3464767" lon="5.665953300000001"><ele>268.13</ele></trkpt>
<trkpt lat="43.346505" lon="5.6659367"><ele>268.49</ele></trkpt>
<trkpt lat="43.346535" lon="5.665955"><ele>266.15</ele></trkpt>
<trkpt lat="43.3465517" lon="5.6659867"><ele>264.73</ele></trkpt>
<trkpt lat="43.3465783" lon="5.6660167"><ele>264.98</ele></trkpt>
<trkpt lat="43.3465717" lon="5.6658817"><ele>263.69</ele></trkpt>
<trkpt lat="43.3465917" lon="5.6658517"><ele>263.3</ele></trkpt>
<trkpt lat="43.3466033" lon="5.665815000000001"><ele>263.36</ele></trkpt>
<trkpt lat="43.3466217" lon="5.6657767"><ele>263.21</ele></trkpt>
<trkpt lat="43.34664" lon="5.6657483"><ele>262.96</ele></trkpt>
<trkpt lat="43.3466683" lon="5.66572"><ele>263.2</ele></trkpt>
<trkpt lat="43.3466883" lon="5.66569"><ele>263.87</ele></trkpt>
<trkpt lat="43.346705" lon="5.665655000000001"><ele>264.42</ele></trkpt>
<trkpt lat="43.3467217" lon="5.6656133"><ele>264.25</ele></trkpt>
<trkpt lat="43.3467467" lon="5.665585"><ele>264.79</ele></trkpt>
<trkpt lat="43.3467817" lon="5.66558"><ele>265.56</ele></trkpt>
<trkpt lat="43.3468083" lon="5.6655617"><ele>266.21</ele></trkpt>
<trkpt lat="43.3468383" lon="5.66554"><ele>266.79</ele></trkpt>
<trkpt lat="43.346865" lon="5.665530000000001"><ele>266.77</ele></trkpt>
<trkpt lat="43.3468917" lon="5.6655083"><ele>266.8</ele></trkpt>
<trkpt lat="43.3469217" lon="5.66548"><ele>266.86</ele></trkpt>
<trkpt lat="43.3469467" lon="5.665461700000001"><ele>266.87</ele></trkpt>
<trkpt lat="43.3469733" lon="5.665435"><ele>267.01</ele></trkpt>
<trkpt lat="43.3470017" lon="5.66541"><ele>266.74</ele></trkpt>
<trkpt lat="43.347025" lon="5.665383300000001"><ele>266.87</ele></trkpt>
<trkpt lat="43.34704" lon="5.665345"><ele>267.03</ele></trkpt>
<trkpt lat="43.3470667" lon="5.6653267"><ele>266.63</ele></trkpt>
<trkpt lat="43.3470967" lon="5.6653017"><ele>266.64</ele></trkpt>
<trkpt lat="43.3471267" lon="5.665293300000001"><ele>266.77</ele></trkpt>
<trkpt lat="43.3471567" lon="5.66529"><ele>266.67</ele></trkpt>
<trkpt lat="43.34718" lon="5.6652667"><ele>266.15</ele></trkpt>
<trkpt lat="43.347195" lon="5.665225"><ele>266.06</ele></trkpt>
<trkpt lat="43.3472283" lon="5.6652217"><ele>265.99</ele></trkpt>
<trkpt lat="43.3472567" lon="5.665195"><ele>265.78</ele></trkpt>
<trkpt lat="43.3472833" lon="5.66516"><ele>266.03</ele></trkpt>
<trkpt lat="43.347315" lon="5.665135"><ele>266.26</ele></trkpt>
<trkpt lat="43.3473467" lon="5.6651183"><ele>266.65</ele></trkpt>
<trkpt lat="43.3473817" lon="5.665109999999999"><ele>266.71</ele></trkpt>
<trkpt lat="43.3474183" lon="5.6650933"><ele>267.57</ele></trkpt>
<trkpt lat="43.3474483" lon="5.66508"><ele>267.86</ele></trkpt>
<trkpt lat="43.3474867" lon="5.6650733"><ele>267.9</ele></trkpt>
<trkpt lat="43.3475183" lon="5.66506"><ele>267.32</ele></trkpt>
<trkpt lat="43.34755" lon="5.6650467"><ele>266.9</ele></trkpt>
<trkpt lat="43.34758" lon="5.665035"><ele>266.88</ele></trkpt>
<trkpt lat="43.34761" lon="5.6650317"><ele>266.52</ele></trkpt>
<trkpt lat="43.3476417" lon="5.6650267"><ele>266.25</ele></trkpt>
<trkpt lat="43.3476767" lon="5.665025"><ele>266.69</ele></trkpt>
<trkpt lat="43.3477083" lon="5.665015"><ele>266.96</ele></trkpt>
<trkpt lat="43.3477383" lon="5.664995000000001"><ele>267.13</ele></trkpt>
<trkpt lat="43.3477633" lon="5.6649767"><ele>267.08</ele></trkpt>
<trkpt lat="43.3477917" lon="5.6649567"><ele>267.23</ele></trkpt>
<trkpt lat="43.3478183" lon="5.6649283"><ele>266.86</ele></trkpt>
<trkpt lat="43.3478433" lon="5.6648933"><ele>266.87</ele></trkpt>
<trkpt lat="43.34787" lon="5.6648667"><ele>266.66</ele></trkpt>
<trkpt lat="43.3479033" lon="5.664845"><ele>266.06</ele></trkpt>
<trkpt lat="43.3479333" lon="5.66482"><ele>265.87</ele></trkpt>
<trkpt lat="43.3479683" lon="5.664801700000001"><ele>265.28</ele></trkpt>
<trkpt lat="43.3480017" lon="5.6647717"><ele>265.11</ele></trkpt>
<trkpt lat="43.3480283" lon="5.66474"><ele>264.42</ele></trkpt>
<trkpt lat="43.3480483" lon="5.6647033"><ele>263.6</ele></trkpt>
<trkpt lat="43.3480617" lon="5.6646617"><ele>262.86</ele></trkpt>
<trkpt lat="43.3480817" lon="5.664620000000001"><ele>262.26</ele></trkpt>
<trkpt lat="43.3480983" lon="5.664586699999999"><ele>261.77</ele></trkpt>
<trkpt lat="43.3481117" lon="5.664543299999999"><ele>260.99</ele></trkpt>
<trkpt lat="43.3481283" lon="5.6645033"><ele>260.4</ele></trkpt>
<trkpt lat="43.34815" lon="5.6644667"><ele>260.19</ele></trkpt>
<trkpt lat="43.34817" lon="5.664428300000001"><ele>260.38</ele></trkpt>
<trkpt lat="43.348185" lon="5.6643967"><ele>260.56</ele></trkpt>
<trkpt lat="43.3482083" lon="5.6643567"><ele>260.57</ele></trkpt>
<trkpt lat="43.34823" lon="5.6643183"><ele>260.93</ele></trkpt>
<trkpt lat="43.3482517" lon="5.664275"><ele>261.16</ele></trkpt>
<trkpt lat="43.3482717" lon="5.664231700000001"><ele>261.41</ele></trkpt>
<trkpt lat="43.3482917" lon="5.664188300000001"><ele>261.56</ele></trkpt>
<trkpt lat="43.3483067" lon="5.6641517"><ele>261.58</ele></trkpt>
<trkpt lat="43.3483267" lon="5.6641133"><ele>261.58</ele></trkpt>
<trkpt lat="43.3483367" lon="5.6640717"><ele>261.65</ele></trkpt>
<trkpt lat="43.3483517" lon="5.6640217"><ele>261.97</ele></trkpt>
<trkpt lat="43.3483633" lon="5.66398"><ele>262.78</ele></trkpt>
<trkpt lat="43.3483767" lon="5.6639433"><ele>263.06</ele></trkpt>
<trkpt lat="43.3483883" lon="5.663901700000001"><ele>263.17</ele></trkpt>
<trkpt lat="43.3483983" lon="5.6638517"><ele>263.34</ele></trkpt>
<trkpt lat="43.348405" lon="5.6638017"><ele>263.56</ele></trkpt>
<trkpt lat="43.3484217" lon="5.6637533"><ele>264.02</ele></trkpt>
<trkpt lat="43.348435" lon="5.6637167"><ele>264.05</ele></trkpt>
<trkpt lat="43.3484517" lon="5.6636717"><ele>264.08</ele></trkpt>
<trkpt lat="43.348475" lon="5.6636467"><ele>264.5</ele></trkpt>
<trkpt lat="43.3485017" lon="5.663616700000001"><ele>265.1</ele></trkpt>
<trkpt lat="43.34853" lon="5.663596699999999"><ele>265.36</ele></trkpt>
<trkpt lat="43.3485533" lon="5.663575000000001"><ele>265.28</ele></trkpt>
<trkpt lat="43.34858" lon="5.6635583"><ele>264.86</ele></trkpt>
<trkpt lat="43.34861" lon="5.663543299999999"><ele>264.5</ele></trkpt>
<trkpt lat="43.3486333" lon="5.6635133"><ele>264.24</ele></trkpt>
<trkpt lat="43.348655" lon="5.663484999999999"><ele>263.79</ele></trkpt>
<trkpt lat="43.3486783" lon="5.663449999999999"><ele>263.29</ele></trkpt>
<trkpt lat="43.3487067" lon="5.6634317"><ele>263.02</ele></trkpt>
<trkpt lat="43.3487333" lon="5.663404999999999"><ele>263.08</ele></trkpt>
<trkpt lat="43.3487617" lon="5.6633867"><ele>263.14</ele></trkpt>
<trkpt lat="43.348795" lon="5.663359999999999"><ele>262.69</ele></trkpt>
<trkpt lat="43.34882" lon="5.66333"><ele>262.15</ele></trkpt>
<trkpt lat="43.3488383" lon="5.663290000000001"><ele>261.49</ele></trkpt>
<trkpt lat="43.3488617" lon="5.6632667"><ele>260.79</ele></trkpt>
<trkpt lat="43.34889" lon="5.6632367"><ele>260.07</ele></trkpt>
<trkpt lat="43.3489167" lon="5.663205"><ele>259.68</ele></trkpt>
<trkpt lat="43.3489467" lon="5.6631817"><ele>259.56</ele></trkpt>
<trkpt lat="43.348985" lon="5.6631717"><ele>260.26</ele></trkpt>
<trkpt lat="43.349015" lon="5.663140000000001"><ele>261.42</ele></trkpt>
<trkpt lat="43.3490467" lon="5.6631133"><ele>261.86</ele></trkpt>
<trkpt lat="43.3490767" lon="5.6630917"><ele>262.16</ele></trkpt>
<trkpt lat="43.3491117" lon="5.6630717"><ele>262.18</ele></trkpt>
<trkpt lat="43.3491417" lon="5.66306"><ele>261.77</ele></trkpt>
<trkpt lat="43.3491683" lon="5.663051699999999"><ele>261.92</ele></trkpt>
<trkpt lat="43.349205" lon="5.663040000000001"><ele>262.49</ele></trkpt>
<trkpt lat="43.3492417" lon="5.663036700000001"><ele>262.67</ele></trkpt>
<trkpt lat="43.3492683" lon="5.66303"><ele>262.77</ele></trkpt>
<trkpt lat="43.3492983" lon="5.6630217"><ele>262.84</ele></trkpt>
<trkpt lat="43.3493267" lon="5.6630117"><ele>263.07</ele></trkpt>
<trkpt lat="43.349355" lon="5.663005000000001"><ele>263.24</ele></trkpt>
<trkpt lat="43.3493833" lon="5.662993300000001"><ele>263.11</ele></trkpt>
<trkpt lat="43.349415" lon="5.662985"><ele>263.27</ele></trkpt>
<trkpt lat="43.34945" lon="5.662993300000001"><ele>263.34</ele></trkpt>
<trkpt lat="43.3494833" lon="5.6629883"><ele>263.47</ele></trkpt>
<trkpt lat="43.3495117" lon="5.662985"><ele>263.93</ele></trkpt>
<trkpt lat="43.3495417" lon="5.6629817"><ele>264.17</ele></trkpt>
<trkpt lat="43.3495733" lon="5.662975"><ele>264.17</ele></trkpt>
<trkpt lat="43.3496017" lon="5.6629667"><ele>262.14</ele></trkpt>
<trkpt lat="43.3496267" lon="5.662946700000001"><ele>259.67</ele></trkpt>
<trkpt lat="43.349655" lon="5.66295"><ele>257.73</ele></trkpt>
<trkpt lat="43.3496833" lon="5.662948300000001"><ele>256.06</ele></trkpt>
<trkpt lat="43.3496883" lon="5.6629"><ele>255.51</ele></trkpt>
<trkpt lat="43.3497033" lon="5.6628633"><ele>254.75</ele></trkpt>
<trkpt lat="43.3497133" lon="5.6628267"><ele>253.55</ele></trkpt>
<trkpt lat="43.34973" lon="5.662795"><ele>252.37</ele></trkpt>
<trkpt lat="43.3497467" lon="5.6627483"><ele>250.82</ele></trkpt>
<trkpt lat="43.349755" lon="5.6627017"><ele>249.77</ele></trkpt>
<trkpt lat="43.3497717" lon="5.662661700000001"><ele>249.66</ele></trkpt>
<trkpt lat="43.34978" lon="5.662618300000001"><ele>249.82</ele></trkpt>
<trkpt lat="43.3497867" lon="5.6625767"><ele>249.91</ele></trkpt>
<trkpt lat="43.3497883" lon="5.662526699999999"><ele>249.69</ele></trkpt>
<trkpt lat="43.3497917" lon="5.6624867"><ele>249.61</ele></trkpt>
<trkpt lat="43.3497933" lon="5.66244"><ele>249.56</ele></trkpt>
<trkpt lat="43.3497933" lon="5.6623883"><ele>249.49</ele></trkpt>
<trkpt lat="43.3498033" lon="5.66235"><ele>249.57</ele></trkpt>
<trkpt lat="43.3498067" lon="5.662305"><ele>249.22</ele></trkpt>
<trkpt lat="43.3497967" lon="5.6622567"><ele>249.09</ele></trkpt>
<trkpt lat="43.3497867" lon="5.6622167"><ele>248.59</ele></trkpt>
<trkpt lat="43.3497767" lon="5.6621817"><ele>248.44</ele></trkpt>
<trkpt lat="43.3497717" lon="5.662145"><ele>248.03</ele></trkpt>
<trkpt lat="43.34977" lon="5.6621033"><ele>247.28</ele></trkpt>
<trkpt lat="43.3497683" lon="5.662063299999999"><ele>246.14</ele></trkpt>
<trkpt lat="43.349765" lon="5.6620233"><ele>245.13</ele></trkpt>
<trkpt lat="43.3497583" lon="5.66198"><ele>244.75</ele></trkpt>
<trkpt lat="43.3497533" lon="5.6619367"><ele>244.49</ele></trkpt>
<trkpt lat="43.3497483" lon="5.661900000000001"><ele>244.22</ele></trkpt>
<trkpt lat="43.3497433" lon="5.6618583"><ele>244.02</ele></trkpt>
<trkpt lat="43.3497367" lon="5.6618133"><ele>243.09</ele></trkpt>
<trkpt lat="43.34973" lon="5.6617733"><ele>241.89</ele></trkpt>
<trkpt lat="43.3497133" lon="5.6617367"><ele>241.67</ele></trkpt>
<trkpt lat="43.3497317" lon="5.6616967"><ele>242.12</ele></trkpt>
<trkpt lat="43.34975" lon="5.6616567"><ele>242.57</ele></trkpt>
<trkpt lat="43.34976" lon="5.66162"><ele>242.96</ele></trkpt>
<trkpt lat="43.3497433" lon="5.6615867"><ele>243.77</ele></trkpt>
<trkpt lat="43.34973" lon="5.6615433"><ele>243.4</ele></trkpt>
<trkpt lat="43.3497183" lon="5.661491699999999"><ele>243.31</ele></trkpt>
<trkpt lat="43.3497133" lon="5.6614433"><ele>243.02</ele></trkpt>
<trkpt lat="43.3497133" lon="5.661405"><ele>242.96</ele></trkpt>
<trkpt lat="43.3497067" lon="5.6613633"><ele>243.07</ele></trkpt>
<trkpt lat="43.3497033" lon="5.661315"><ele>243.25</ele></trkpt>
<trkpt lat="43.3496983" lon="5.6612683"><ele>243.44</ele></trkpt>
<trkpt lat="43.3496917" lon="5.661216700000001"><ele>243.58</ele></trkpt>
<trkpt lat="43.3496867" lon="5.6611667"><ele>243.81</ele></trkpt>
<trkpt lat="43.3496767" lon="5.6611233"><ele>244.31</ele></trkpt>
<trkpt lat="43.34967" lon="5.6610783"><ele>244.67</ele></trkpt>
<trkpt lat="43.3496633" lon="5.6610383"><ele>244.78</ele></trkpt>
<trkpt lat="43.349655" lon="5.6609983"><ele>244.9</ele></trkpt>
<trkpt lat="43.3496417" lon="5.660958300000001"><ele>245.07</ele></trkpt>
<trkpt lat="43.3496233" lon="5.660913299999999"><ele>244.99</ele></trkpt>
<trkpt lat="43.3496067" lon="5.660876699999999"><ele>244.82</ele></trkpt>
<trkpt lat="43.349595" lon="5.6608383"><ele>244.62</ele></trkpt>
<trkpt lat="43.3495833" lon="5.660798300000001"><ele>244.39</ele></trkpt>
<trkpt lat="43.3495733" lon="5.660753300000001"><ele>243.46</ele></trkpt>
<trkpt lat="43.3495633" lon="5.6607133"><ele>242.92</ele></trkpt>
<trkpt lat="43.3495617" lon="5.660665"><ele>242.88</ele></trkpt>
<trkpt lat="43.3495767" lon="5.660626699999999"><ele>242.89</ele></trkpt>
<trkpt lat="43.3495833" lon="5.660585"><ele>243.16</ele></trkpt>
<trkpt lat="43.3496133" lon="5.660565"><ele>242.32</ele></trkpt>
<trkpt lat="43.3496433" lon="5.660555"><ele>241.55</ele></trkpt>
<trkpt lat="43.349665" lon="5.660525000000001"><ele>241.48</ele></trkpt>
<trkpt lat="43.3496867" lon="5.660491699999999"><ele>241.45</ele></trkpt>
<trkpt lat="43.3497117" lon="5.660465000000001"><ele>241.03</ele></trkpt>
<trkpt lat="43.3497333" lon="5.660433300000001"><ele>241.16</ele></trkpt>
<trkpt lat="43.3497417" lon="5.660395"><ele>241.27</ele></trkpt>
<trkpt lat="43.349765" lon="5.66035"><ele>241.24</ele></trkpt>
<trkpt lat="43.3497967" lon="5.6603217"><ele>240.68</ele></trkpt>
<trkpt lat="43.349825" lon="5.6603033"><ele>240.51</ele></trkpt>
<trkpt lat="43.3498517" lon="5.6602867"><ele>240.69</ele></trkpt>
<trkpt lat="43.3498833" lon="5.6602683"><ele>240.76</ele></trkpt>
<trkpt lat="43.3499117" lon="5.66026"><ele>240.94</ele></trkpt>
<trkpt lat="43.3499433" lon="5.660251699999999"><ele>241.55</ele></trkpt>
<trkpt lat="43.349975" lon="5.66025"><ele>241.96</ele></trkpt>
<trkpt lat="43.3500033" lon="5.66025"><ele>241.84</ele></trkpt>
<trkpt lat="43.350035" lon="5.6602483"><ele>241.63</ele></trkpt>
<trkpt lat="43.35007" lon="5.66025"><ele>241.93</ele></trkpt>
<trkpt lat="43.3501" lon="5.660251699999999"><ele>241.96</ele></trkpt>
<trkpt lat="43.35013" lon="5.66025"><ele>242.32</ele></trkpt>
<trkpt lat="43.3501567" lon="5.6602433"><ele>242.47</ele></trkpt>
<trkpt lat="43.3501867" lon="5.6602367"><ele>242.87</ele></trkpt>
<trkpt lat="43.3502167" lon="5.6602333"><ele>243.52</ele></trkpt>
<trkpt lat="43.3502517" lon="5.660226700000001"><ele>243.78</ele></trkpt>
<trkpt lat="43.35029" lon="5.6602167"><ele>244.16</ele></trkpt>
<trkpt lat="43.3503233" lon="5.660208299999999"><ele>244.65</ele></trkpt>
<trkpt lat="43.3503583" lon="5.660194999999999"><ele>245.3</ele></trkpt>
<trkpt lat="43.3503917" lon="5.6601883"><ele>245.74</ele></trkpt>
<trkpt lat="43.350425" lon="5.660183300000001"><ele>246.28</ele></trkpt>
<trkpt lat="43.3504583" lon="5.6601867"><ele>246.75</ele></trkpt>
<trkpt lat="43.35049" lon="5.6602017"><ele>246.53</ele></trkpt>
<trkpt lat="43.35052" lon="5.6602133"><ele>245.9</ele></trkpt>
<trkpt lat="43.3505517" lon="5.6602133"><ele>244.94</ele></trkpt>
<trkpt lat="43.350585" lon="5.6602133"><ele>243.98</ele></trkpt>
<trkpt lat="43.3506133" lon="5.6602117"><ele>245.43</ele></trkpt>
</trkseg></trk>
</gpx>